{"totCnt":"95385","source":"영화진흥위원회","movieList":[{"movieCd":"20211041","movieNm":"변화의 어느 곳에서 (오지필름 10주년 특별전)","movieNmEn":"","prdtYear":"2021","openDt":"","typeNm":"옴니버스","prdtStatNm":"기타","nationAlt":"한국","genreAlt":"다큐멘터리","repNationNm":"한국","repGenreNm":"다큐멘터리","directors":[],"companys":[]},{"movieCd":"20211000","movieNm":"스크린댄스특별전: 풀다, 바람","movieNmEn":"","prdtYear":"2021","openDt":"","typeNm":"옴니버스","prdtStatNm":"기타","nationAlt":"한국","genreAlt":"기타","repNationNm":"한국","repGenreNm":"기타","directors":[],"companys":[]},{"movieCd":"20211025","movieNm":"얼굴의 땅","movieNmEn":"Land of the Face","prdtYear":"2021","openDt":"","typeNm":"단편","prdtStatNm":"기타","nationAlt":"한국","genreAlt":"다큐멘터리","repNationNm":"한국","repGenreNm":"다큐멘터리","directors":[{"peopleNm":"박배일"}],"companys":[]},{"movieCd":"20211024","movieNm":"침묵보다 변화를","movieNmEn":"Break the Silence","prdtYear":"2021","openDt":"","typeNm":"단편","prdtStatNm":"기타","nationAlt":"한국","genreAlt":"다큐멘터리","repNationNm":"한국","repGenreNm":"다큐멘터리","directors":[{"peopleNm":"문창현"}],"companys":[]},{"movieCd":"20110350","movieNm":"비엔호아","movieNmEn":"Byeon Hwa","prdtYear":"2011","openDt":"","typeNm":"단편","prdtStatNm":"기타","nationAlt":"한국","genreAlt":"다큐멘터리","repNationNm":"한국","repGenreNm":"다큐멘터리","directors":[{"peopleNm":"박배일"}],"companys":[]},{"movieCd":"20211023","movieNm":"바람","movieNmEn":"Desire","prdtYear":"2021","openDt":"","typeNm":"단편","prdtStatNm":"기타","nationAlt":"한국","genreAlt":"기타","repNationNm":"한국","repGenreNm":"기타","directors":[{"peopleNm":"권호영"}],"companys":[]},{"movieCd":"20210999","movieNm":"풀다","movieNmEn":"Resolve","prdtYear":"2021","openDt":"","typeNm":"단편","prdtStatNm":"기타","nationAlt":"한국","genreAlt":"기타","repNationNm":"한국","repGenreNm":"기타","directors":[{"peopleNm":"권호영"}],"companys":[]},{"movieCd":"20210966","movieNm":"옆집 사는 가슴 큰 전업주부 무삭제","movieNmEn":"","prdtYear":"2021","openDt":"","typeNm":"장편","prdtStatNm":"기타","nationAlt":"한국","genreAlt":"멜로/로맨스","repNationNm":"한국","repGenreNm":"멜로/로맨스","directors":[{"peopleNm":"김호"}],"companys":[{"companyCd":"20204081","companyNm":"(주)디어프로덕션"}]},{"movieCd":"20210964","movieNm":"아이돌 승하의 19금 AV를 찍자 무삭제","movieNmEn":"","prdtYear":"2021","openDt":"","typeNm":"장편","prdtStatNm":"기타","nationAlt":"한국","genreAlt":"멜로/로맨스","repNationNm":"한국","repGenreNm":"멜로/로맨스","directors":[{"peopleNm":"김호"}],"companys":[{"companyCd":"20204081","companyNm":"(주)디어프로덕션"}]},{"movieCd":"20210807","movieNm":"옆집 돌싱맘의 맛","movieNmEn":"","prdtYear":"2020","openDt":"20211008","typeNm":"장편","prdtStatNm":"개봉","nationAlt":"일본","genreAlt":"멜로/로맨스,드라마","repNationNm":"일본","repGenreNm":"멜로/로맨스","directors":[{"peopleNm":"디렉터 O"}],"companys":[]}]}