{"totCnt":"95385","source":"영화진흥위원회","movieList":[{"movieCd":"20223844","movieNm":"생일 축하합니다","movieNmEn":"Happy Birthday","prdtYear":"2019","openDt":"","typeNm":"단편","prdtStatNm":"기타","nationAlt":"한국","genreAlt":"기타","repNationNm":"한국","repGenreNm":"기타","directors":[{"peopleNm":"나바루"}],"companys":[]},{"movieCd":"20223843","movieNm":"하루","movieNmEn":"A Day","prdtYear":"2020","openDt":"","typeNm":"단편","prdtStatNm":"기타","nationAlt":"한국","genreAlt":"애니메이션","repNationNm":"한국","repGenreNm":"애니메이션","directors":[],"companys":[]},{"movieCd":"20223842","movieNm":"디어 미","movieNmEn":"Dear Me","prdtYear":"2021","openDt":"","typeNm":"단편","prdtStatNm":"기타","nationAlt":"한국","genreAlt":"다큐멘터리","repNationNm":"한국","repGenreNm":"다큐멘터리","directors":[],"companys":[]},{"movieCd":"20223841","movieNm":"이유있는 변신","movieNmEn":"Reasonable Transformation","prdtYear":"2021","openDt":"","typeNm":"단편","prdtStatNm":"기타","nationAlt":"한국","genreAlt":"기타","repNationNm":"한국","repGenreNm":"기타","directors":[],"companys":[]},{"movieCd":"20223840","movieNm":"어느 하루, 산책길: 작은 한강 부군당에서","movieNmEn":"One Day, On the Promenade (At Small Hangang River Government Office Shrine)","prdtYear":"2021","openDt":"","typeNm":"단편","prdtStatNm":"기타","nationAlt":"한국","genreAlt":"기타","repNationNm":"한국","repGenreNm":"기타","directors":[],"companys":[]},{"movieCd":"20223856","movieNm":"프라이즈 인카운터","movieNmEn":"Fries Encounter","prdtYear":"2021","openDt":"","typeNm":"단편","prdtStatNm":"기타","nationAlt":"한국","genreAlt":"기타","repNationNm":"한국","repGenreNm":"기타","directors":[],"companys":[]},{"movieCd":"20201965","movieNm":"해적: 도깨비 깃발","movieNmEn":"The Pirates : The Last Royal Treasure","prdtYear":"2020","openDt":"20220126","typeNm":"장편","prdtStatNm":"개봉","nationAlt":"한국","genreAlt":"어드벤처,액션,코미디","repNationNm":"한국","repGenreNm":"어드벤처","directors":[{"peopleNm":"김정훈"}],"companys":[{"companyCd":"20169190","companyNm":"(주)어뉴"},{"companyCd":"20205861","companyNm":"오스카10스튜디오"}]},{"movieCd":"20223089","movieNm":"삼국지 관운장: 청룡언월도","movieNmEn":"Knights of Valour","prdtYear":"2021","openDt":"20220210","typeNm":"장편","prdtStatNm":"개봉","nationAlt":"중국","genreAlt":"액션,전쟁","repNationNm":"중국","repGenreNm":"액션","directors":[{"peopleNm":"대예림"}],"companys":[]},{"movieCd":"20211289","movieNm":"더 마더","movieNmEn":"Baby","prdtYear":"2020","openDt":"20220210","typeNm":"장편","prdtStatNm":"개봉","nationAlt":"스페인","genreAlt":"스릴러","repNationNm":"스페인","repGenreNm":"스릴러","directors":[],"companys":[]},{"movieCd":"20211949","movieNm":"일대천하 곽원갑","movieNmEn":"Martial Arts","prdtYear":"2019","openDt":"","typeNm":"장편","prdtStatNm":"기타","nationAlt":"중국","genreAlt":"액션","repNationNm":"중국","repGenreNm":"액션","directors":[],"companys":[]}]}