{"totCnt":"95385","source":"영화진흥위원회","movieList":[{"movieCd":"20224287","movieNm":"맛 좋은 새아빠","movieNmEn":"","prdtYear":"2020","openDt":"20220324","typeNm":"장편","prdtStatNm":"개봉","nationAlt":"일본","genreAlt":"성인물(에로),드라마,멜로/로맨스","repNationNm":"일본","repGenreNm":"성인물(에로)","directors":[{"peopleNm":"버드맨 텟페이"}],"companys":[]},{"movieCd":"20224286","movieNm":"내 아내의 거친 플레이","movieNmEn":"","prdtYear":"2021","openDt":"20220324","typeNm":"장편","prdtStatNm":"개봉","nationAlt":"일본","genreAlt":"성인물(에로),드라마,멜로/로맨스","repNationNm":"일본","repGenreNm":"성인물(에로)","directors":[{"peopleNm":"토미죠 타로"}],"companys":[]},{"movieCd":"20224263","movieNm":"남편 몰래 질척이는 새엄마","movieNmEn":"","prdtYear":"2020","openDt":"20220324","typeNm":"장편","prdtStatNm":"개봉","nationAlt":"일본","genreAlt":"성인물(에로),드라마,멜로/로맨스","repNationNm":"일본","repGenreNm":"성인물(에로)","directors":[{"peopleNm":"사르지"}],"companys":[]},{"movieCd":"20223926","movieNm":"그녀의 속살을 훔친 도둑","movieNmEn":"","prdtYear":"2022","openDt":"20220324","typeNm":"장편","prdtStatNm":"개봉","nationAlt":"한국","genreAlt":"성인물(에로)","repNationNm":"한국","repGenreNm":"성인물(에로)","directors":[{"peopleNm":"강현성"}],"companys":[{"companyCd":"20217881","companyNm":"(주)샤이커뮤니케이션즈"}]},{"movieCd":"20127187","movieNm":"도서관에서는 실내정숙","movieNmEn":"Keep Quiet","prdtYear":"2011","openDt":"","typeNm":"단편","prdtStatNm":"기타","nationAlt":"한국","genreAlt":"스릴러,드라마,범죄","repNationNm":"한국","repGenreNm":"스릴러","directors":[{"peopleNm":"홍석재"}],"companys":[{"companyCd":"20100572","companyNm":"한국영화아카데미"}]},{"movieCd":"20224375","movieNm":"내 아내가 살이 쪘다","movieNmEn":"My Wife has Gained Weight","prdtYear":"2020","openDt":"","typeNm":"단편","prdtStatNm":"기타","nationAlt":"한국","genreAlt":"드라마","repNationNm":"한국","repGenreNm":"드라마","directors":[{"peopleNm":"류덕환"}],"companys":[]},{"movieCd":"20212508","movieNm":"나이트 크루징","movieNmEn":"Night Cruising","prdtYear":"2021","openDt":"","typeNm":"단편","prdtStatNm":"기타","nationAlt":"한국","genreAlt":"드라마","repNationNm":"한국","repGenreNm":"드라마","directors":[{"peopleNm":"김정인"}],"companys":[]},{"movieCd":"20127199","movieNm":"과월 사랑세 납부고지서","movieNmEn":"Lovefee for Last Month","prdtYear":"2011","openDt":"","typeNm":"단편","prdtStatNm":"기타","nationAlt":"한국","genreAlt":"멜로/로맨스","repNationNm":"한국","repGenreNm":"멜로/로맨스","directors":[{"peopleNm":"홍석재"}],"companys":[{"companyCd":"20100572","companyNm":"한국영화아카데미"}]},{"movieCd":"20224373","movieNm":"내 어머니의 모든 것","movieNmEn":"ALL ABOUT MY MOTHER","prdtYear":"2020","openDt":"","typeNm":"장편","prdtStatNm":"기타","nationAlt":"중국","genreAlt":"드라마","repNationNm":"중국","repGenreNm":"드라마","directors":[{"peopleNm":"조천우"}],"companys":[]},{"movieCd":"20224372","movieNm":"써니시스터즈","movieNmEn":"SUNNY SISTERS","prdtYear":"2020","openDt":"","typeNm":"장편","prdtStatNm":"기타","nationAlt":"중국","genreAlt":"드라마,코미디","repNationNm":"중국","repGenreNm":"드라마","directors":[{"peopleNm":"포패이"}],"companys":[]}]}