{"totCnt":"95385","source":"영화진흥위원회","movieList":[{"movieCd":"20210266","movieNm":"낮의 신이 그에게로 왔다","movieNmEn":"The God of Day Had Gone Down Upon Him","prdtYear":"2000","openDt":"","typeNm":"장편","prdtStatNm":"기타","nationAlt":"미국","genreAlt":"기타","repNationNm":"미국","repGenreNm":"기타","directors":[{"peopleNm":"스탠 브래키지"}],"companys":[]},{"movieCd":"20210265","movieNm":"빅토리아의 포유류","movieNmEn":"The Mammals of Victoria","prdtYear":"1994","openDt":"","typeNm":"단편","prdtStatNm":"기타","nationAlt":"미국","genreAlt":"기타","repNationNm":"미국","repGenreNm":"기타","directors":[{"peopleNm":"스탠 브래키지"}],"companys":[]},{"movieCd":"20210264","movieNm":"어린이의 정원과 위험한 바다","movieNmEn":"A Child's Garden and the Serious Sea","prdtYear":"1991","openDt":"","typeNm":"장편","prdtStatNm":"기타","nationAlt":"미국","genreAlt":"기타","repNationNm":"미국","repGenreNm":"기타","directors":[{"peopleNm":"스탠 브래키지"}],"companys":[]},{"movieCd":"20139083","movieNm":"언어의 정원","movieNmEn":"The Garden of Words","prdtYear":"2013","openDt":"20130814","typeNm":"장편","prdtStatNm":"개봉","nationAlt":"일본","genreAlt":"애니메이션","repNationNm":"일본","repGenreNm":"애니메이션","directors":[{"peopleNm":"신카이 마코토"}],"companys":[]},{"movieCd":"20028864","movieNm":"별의 목소리","movieNmEn":"The Voice of a Distant Star","prdtYear":"2002","openDt":"","typeNm":"단편","prdtStatNm":"기타","nationAlt":"일본","genreAlt":"애니메이션,전쟁,멜로/로맨스,SF","repNationNm":"일본","repGenreNm":"애니메이션","directors":[{"peopleNm":"신카이 마코토"}],"companys":[]},{"movieCd":"20070202","movieNm":"초속5센티미터","movieNmEn":"5Cm Per Seconds","prdtYear":"2007","openDt":"20070621","typeNm":"장편","prdtStatNm":"개봉","nationAlt":"일본","genreAlt":"애니메이션,드라마,멜로/로맨스","repNationNm":"일본","repGenreNm":"애니메이션","directors":[{"peopleNm":"신카이 마코토"}],"companys":[]},{"movieCd":"20111116","movieNm":"별을 쫓는 아이","movieNmEn":"Children who Chase Lost Voices from Deep Bel","prdtYear":"2011","openDt":"20110825","typeNm":"장편","prdtStatNm":"개봉","nationAlt":"일본","genreAlt":"애니메이션","repNationNm":"일본","repGenreNm":"애니메이션","directors":[{"peopleNm":"신카이 마코토"}],"companys":[]},{"movieCd":"20101218","movieNm":"구름의 저편, 약속의 장소","movieNmEn":"The place Promised in Our Early Days","prdtYear":"2004","openDt":"20170228","typeNm":"장편","prdtStatNm":"개봉","nationAlt":"일본","genreAlt":"애니메이션,드라마","repNationNm":"일본","repGenreNm":"애니메이션","directors":[{"peopleNm":"신카이 마코토"}],"companys":[]},{"movieCd":"20210238","movieNm":"베토벤","movieNmEn":"Louis van Beethoven","prdtYear":"2020","openDt":"","typeNm":"장편","prdtStatNm":"기타","nationAlt":"독일","genreAlt":"드라마","repNationNm":"독일","repGenreNm":"드라마","directors":[],"companys":[]},{"movieCd":"20219075","movieNm":"지포스: 스페이스 배틀","movieNmEn":"G-Loc","prdtYear":"2020","openDt":"","typeNm":"장편","prdtStatNm":"기타","nationAlt":"영국","genreAlt":"SF,액션","repNationNm":"영국","repGenreNm":"SF","directors":[{"peopleNm":"톰 페이튼"}],"companys":[]}]}