{"totCnt":"95385","source":"영화진흥위원회","movieList":[{"movieCd":"20212153","movieNm":"부산 패키지 프로젝트 상영회","movieNmEn":"","prdtYear":"2021","openDt":"","typeNm":"옴니버스","prdtStatNm":"기타","nationAlt":"한국","genreAlt":"기타","repNationNm":"한국","repGenreNm":"기타","directors":[],"companys":[]},{"movieCd":"20216884","movieNm":"동창회에 가는 목적 무삭제","movieNmEn":"","prdtYear":"2021","openDt":"20211127","typeNm":"장편","prdtStatNm":"개봉","nationAlt":"한국","genreAlt":"멜로/로맨스,드라마","repNationNm":"한국","repGenreNm":"멜로/로맨스","directors":[{"peopleNm":"조태호"}],"companys":[{"companyCd":"20161021","companyNm":"(주)영화사가을"}]},{"movieCd":"20212165","movieNm":"아날로그 다이어리","movieNmEn":"Analogue Diary","prdtYear":"2021","openDt":"","typeNm":"장편","prdtStatNm":"기타","nationAlt":"한국","genreAlt":"기타","repNationNm":"한국","repGenreNm":"기타","directors":[{"peopleNm":"신나리"}],"companys":[]},{"movieCd":"20212152","movieNm":"마을영화프로젝트 깡깡이","movieNmEn":"Film project Kangkangee","prdtYear":"2021","openDt":"","typeNm":"단편","prdtStatNm":"기타","nationAlt":"한국","genreAlt":"기타","repNationNm":"한국","repGenreNm":"기타","directors":[{"peopleNm":"신나리"}],"companys":[]},{"movieCd":"20212151","movieNm":"명자할매","movieNmEn":"Granny Myeongja","prdtYear":"2021","openDt":"","typeNm":"단편","prdtStatNm":"기타","nationAlt":"한국","genreAlt":"기타","repNationNm":"한국","repGenreNm":"기타","directors":[],"companys":[]},{"movieCd":"20211467","movieNm":"쾌락 통제 불능: 음수가 된 마누라","movieNmEn":"","prdtYear":"2021","openDt":"20211126","typeNm":"장편","prdtStatNm":"개봉","nationAlt":"일본","genreAlt":"드라마","repNationNm":"일본","repGenreNm":"드라마","directors":[],"companys":[]},{"movieCd":"20211973","movieNm":"아바타의 후예1 : 쾌락의 행성","movieNmEn":"This Ain't Avatar XXX","prdtYear":"2020","openDt":"20211126","typeNm":"장편","prdtStatNm":"개봉","nationAlt":"네덜란드","genreAlt":"멜로/로맨스","repNationNm":"네덜란드","repGenreNm":"멜로/로맨스","directors":[{"peopleNm":"악셀 브라운"}],"companys":[]},{"movieCd":"20212047","movieNm":"나라의 섹시한 유혹","movieNmEn":"","prdtYear":"2021","openDt":"20211126","typeNm":"장편","prdtStatNm":"개봉","nationAlt":"한국","genreAlt":"드라마","repNationNm":"한국","repGenreNm":"드라마","directors":[{"peopleNm":"이로운"}],"companys":[{"companyCd":"20136715","companyNm":"(주)영화사히트"}]},{"movieCd":"20212148","movieNm":"숨","movieNmEn":"Breath","prdtYear":"2021","openDt":"","typeNm":"단편","prdtStatNm":"기타","nationAlt":"한국","genreAlt":"드라마,가족","repNationNm":"한국","repGenreNm":"드라마","directors":[],"companys":[]},{"movieCd":"20212144","movieNm":"대마랜드","movieNmEn":"Canadian Strain","prdtYear":"2019","openDt":"","typeNm":"장편","prdtStatNm":"기타","nationAlt":"캐나다","genreAlt":"코미디","repNationNm":"캐나다","repGenreNm":"코미디","directors":[{"peopleNm":"조르디 사바흐"}],"companys":[]}]}