{"totCnt":"95385","source":"영화진흥위원회","movieList":[{"movieCd":"20112820","movieNm":"축제일","movieNmEn":"The Big Day","prdtYear":"1949","openDt":"","typeNm":"장편","prdtStatNm":"기타","nationAlt":"프랑스","genreAlt":"코미디","repNationNm":"프랑스","repGenreNm":"코미디","directors":[{"peopleNm":"자크 타티"}],"companys":[]},{"movieCd":"20230925","movieNm":"부부 교환 무삭제판","movieNmEn":"","prdtYear":"2022","openDt":"","typeNm":"장편","prdtStatNm":"기타","nationAlt":"한국","genreAlt":"성인물(에로),멜로/로맨스","repNationNm":"한국","repGenreNm":"성인물(에로)","directors":[{"peopleNm":"장권"}],"companys":[{"companyCd":"20191101","companyNm":"(주)메이크아트"}]},{"movieCd":"20230949","movieNm":"엄마 교환 무삭제","movieNmEn":"","prdtYear":"2022","openDt":"","typeNm":"장편","prdtStatNm":"기타","nationAlt":"한국","genreAlt":"성인물(에로),멜로/로맨스","repNationNm":"한국","repGenreNm":"성인물(에로)","directors":[{"peopleNm":"성이성"}],"companys":[{"companyCd":"20123227","companyNm":"(주)나우콘텐츠"}]},{"movieCd":"20230924","movieNm":"아내들의 모든 것 무삭제","movieNmEn":"","prdtYear":"2022","openDt":"","typeNm":"장편","prdtStatNm":"기타","nationAlt":"한국","genreAlt":"성인물(에로),멜로/로맨스","repNationNm":"한국","repGenreNm":"성인물(에로)","directors":[{"peopleNm":"윤치수"}],"companys":[{"companyCd":"20123227","companyNm":"(주)나우콘텐츠"}]},{"movieCd":"20230948","movieNm":"막장 가족 무삭제","movieNmEn":"","prdtYear":"2022","openDt":"","typeNm":"장편","prdtStatNm":"기타","nationAlt":"한국","genreAlt":"성인물(에로),멜로/로맨스","repNationNm":"한국","repGenreNm":"성인물(에로)","directors":[{"peopleNm":"리윤"}],"companys":[{"companyCd":"20123227","companyNm":"(주)나우콘텐츠"}]},{"movieCd":"20151261","movieNm":"타부 : 금지된 사랑","movieNmEn":"Taboo : forbidden love","prdtYear":"2015","openDt":"20150903","typeNm":"장편","prdtStatNm":"개봉","nationAlt":"한국","genreAlt":"멜로/로맨스","repNationNm":"한국","repGenreNm":"멜로/로맨스","directors":[{"peopleNm":"고구마"}],"companys":[{"companyCd":"20142148","companyNm":"(주)대양미디어"}]},{"movieCd":"20172941","movieNm":"옆집여자","movieNmEn":"","prdtYear":"2017","openDt":"20170620","typeNm":"장편","prdtStatNm":"개봉","nationAlt":"한국","genreAlt":"멜로/로맨스","repNationNm":"한국","repGenreNm":"멜로/로맨스","directors":[{"peopleNm":"마의성"},{"peopleNm":"정태성"}],"companys":[{"companyCd":"20174941","companyNm":"배드픽쳐스"}]},{"movieCd":"20230923","movieNm":"임신하고 싶다는 며느리 무삭제","movieNmEn":"","prdtYear":"2022","openDt":"","typeNm":"장편","prdtStatNm":"기타","nationAlt":"한국","genreAlt":"성인물(에로),멜로/로맨스","repNationNm":"한국","repGenreNm":"성인물(에로)","directors":[{"peopleNm":"김정호"}],"companys":[{"companyCd":"20123227","companyNm":"(주)나우콘텐츠"}]},{"movieCd":"20230947","movieNm":"야한 이모 무삭제","movieNmEn":"","prdtYear":"2022","openDt":"","typeNm":"장편","prdtStatNm":"기타","nationAlt":"한국","genreAlt":"성인물(에로),멜로/로맨스","repNationNm":"한국","repGenreNm":"성인물(에로)","directors":[{"peopleNm":"KH"}],"companys":[{"companyCd":"20123227","companyNm":"(주)나우콘텐츠"}]},{"movieCd":"20230946","movieNm":"나는 아빠의 여자 무삭제","movieNmEn":"","prdtYear":"2022","openDt":"","typeNm":"장편","prdtStatNm":"기타","nationAlt":"한국","genreAlt":"성인물(에로),멜로/로맨스","repNationNm":"한국","repGenreNm":"성인물(에로)","directors":[{"peopleNm":"성이성"}],"companys":[{"companyCd":"20123227","companyNm":"(주)나우콘텐츠"}]}]}