{"totCnt":"95385","source":"영화진흥위원회","movieList":[{"movieCd":"20219945","movieNm":"WTC 러브 스토리","movieNmEn":"WTC a Love Story","prdtYear":"2020","openDt":"","typeNm":"장편","prdtStatNm":"기타","nationAlt":"네덜란드,벨기에","genreAlt":"다큐멘터리","repNationNm":"네덜란드","repGenreNm":"다큐멘터리","directors":[],"companys":[]},{"movieCd":"20219944","movieNm":"하바나 위에서의 삶","movieNmEn":"Havana, from on High","prdtYear":"2019","openDt":"","typeNm":"장편","prdtStatNm":"기타","nationAlt":"캐나다,쿠바","genreAlt":"다큐멘터리","repNationNm":"캐나다","repGenreNm":"다큐멘터리","directors":[],"companys":[]},{"movieCd":"20219938","movieNm":"도쿄 라이드","movieNmEn":"Tokyo Ride","prdtYear":"2020","openDt":"","typeNm":"장편","prdtStatNm":"기타","nationAlt":"프랑스,일본","genreAlt":"다큐멘터리","repNationNm":"프랑스","repGenreNm":"다큐멘터리","directors":[],"companys":[]},{"movieCd":"20219937","movieNm":"앨리스 스트리트","movieNmEn":"Alice Street","prdtYear":"2020","openDt":"","typeNm":"장편","prdtStatNm":"기타","nationAlt":"미국","genreAlt":"다큐멘터리","repNationNm":"미국","repGenreNm":"다큐멘터리","directors":[],"companys":[]},{"movieCd":"20219903","movieNm":"인사이드 프로라","movieNmEn":"Inside Prora","prdtYear":"2020","openDt":"","typeNm":"장편","prdtStatNm":"기타","nationAlt":"독일","genreAlt":"다큐멘터리","repNationNm":"독일","repGenreNm":"다큐멘터리","directors":[],"companys":[]},{"movieCd":"20219899","movieNm":"빔스의 아이들","movieNmEn":"Kids of the Bims","prdtYear":"2021","openDt":"","typeNm":"단편","prdtStatNm":"기타","nationAlt":"네덜란드","genreAlt":"다큐멘터리","repNationNm":"네덜란드","repGenreNm":"다큐멘터리","directors":[],"companys":[]},{"movieCd":"20219902","movieNm":"보디빌딩 + E14","movieNmEn":"","prdtYear":"2021","openDt":"","typeNm":"옴니버스","prdtStatNm":"기타","nationAlt":"기타","genreAlt":"기타","repNationNm":"기타","repGenreNm":"기타","directors":[],"companys":[]},{"movieCd":"20219935","movieNm":"빔스의 아이들 + 슈뢰딩거의 냥이들","movieNmEn":"","prdtYear":"2021","openDt":"","typeNm":"옴니버스","prdtStatNm":"기타","nationAlt":"기타","genreAlt":"기타","repNationNm":"기타","repGenreNm":"기타","directors":[],"companys":[]},{"movieCd":"20219900","movieNm":"E14","movieNmEn":"E14","prdtYear":"2020","openDt":"","typeNm":"단편","prdtStatNm":"기타","nationAlt":"영국","genreAlt":"다큐멘터리","repNationNm":"영국","repGenreNm":"다큐멘터리","directors":[],"companys":[]},{"movieCd":"20219933","movieNm":"보디빌딩","movieNmEn":"Body-Buildings","prdtYear":"2021","openDt":"","typeNm":"장편","prdtStatNm":"기타","nationAlt":"포르투갈","genreAlt":"드라마","repNationNm":"포르투갈","repGenreNm":"드라마","directors":[],"companys":[]}]}