{"totCnt":"95385","source":"영화진흥위원회","movieList":[{"movieCd":"20193695","movieNm":"옥상의 킬러","movieNmEn":"The Top Killer","prdtYear":"2019","openDt":"","typeNm":"단편","prdtStatNm":"기타","nationAlt":"한국","genreAlt":"드라마","repNationNm":"한국","repGenreNm":"드라마","directors":[{"peopleNm":"형슬우"}],"companys":[]},{"movieCd":"20224379","movieNm":"브레이브 솔져스","movieNmEn":"The Breath","prdtYear":"2009","openDt":"","typeNm":"장편","prdtStatNm":"기타","nationAlt":"터키","genreAlt":"액션,드라마,전쟁,스릴러","repNationNm":"터키","repGenreNm":"액션","directors":[],"companys":[]},{"movieCd":"20223184","movieNm":"여고부 2위 한정민","movieNmEn":"Second Place","prdtYear":"2021","openDt":"","typeNm":"단편","prdtStatNm":"기타","nationAlt":"한국","genreAlt":"기타","repNationNm":"한국","repGenreNm":"기타","directors":[],"companys":[]},{"movieCd":"20224378","movieNm":"스토리업쇼츠 섹션2. Min Kyu dong's choice : 이&변을 일으켜!","movieNmEn":"","prdtYear":"2022","openDt":"","typeNm":"옴니버스","prdtStatNm":"기타","nationAlt":"한국","genreAlt":"기타","repNationNm":"한국","repGenreNm":"기타","directors":[],"companys":[]},{"movieCd":"20224377","movieNm":"스토리업쇼츠 섹션1. 어디에 있더라도","movieNmEn":"","prdtYear":"2022","openDt":"","typeNm":"옴니버스","prdtStatNm":"기타","nationAlt":"한국","genreAlt":"기타","repNationNm":"한국","repGenreNm":"기타","directors":[],"companys":[]},{"movieCd":"20224376","movieNm":"Butch Up !","movieNmEn":"Butch Up !","prdtYear":"2021","openDt":"","typeNm":"단편","prdtStatNm":"기타","nationAlt":"한국","genreAlt":"드라마,뮤지컬","repNationNm":"한국","repGenreNm":"드라마","directors":[{"peopleNm":"이유진"}],"companys":[]},{"movieCd":"20224291","movieNm":"환생한 섹스 9단","movieNmEn":"","prdtYear":"2021","openDt":"20220324","typeNm":"장편","prdtStatNm":"개봉","nationAlt":"한국","genreAlt":"성인물(에로),드라마","repNationNm":"한국","repGenreNm":"성인물(에로)","directors":[{"peopleNm":"전성기"}],"companys":[{"companyCd":"20217321","companyNm":"주식회사 바나나픽쳐스"}]},{"movieCd":"20224262","movieNm":"젊은유부녀 대물이 좋아","movieNmEn":"","prdtYear":"2020","openDt":"20220324","typeNm":"장편","prdtStatNm":"개봉","nationAlt":"일본","genreAlt":"성인물(에로),드라마,멜로/로맨스","repNationNm":"일본","repGenreNm":"성인물(에로)","directors":[{"peopleNm":"빈센트 갸루"}],"companys":[]},{"movieCd":"20224292","movieNm":"엄마 몰래 집에서 섹스하는 10가지 방법","movieNmEn":"","prdtYear":"2021","openDt":"20220324","typeNm":"장편","prdtStatNm":"개봉","nationAlt":"한국","genreAlt":"성인물(에로),드라마","repNationNm":"한국","repGenreNm":"성인물(에로)","directors":[{"peopleNm":"성운아"}],"companys":[{"companyCd":"20217321","companyNm":"주식회사 바나나픽쳐스"}]},{"movieCd":"20223927","movieNm":"사랑해서 삽입하는 겁니다","movieNmEn":"","prdtYear":"2022","openDt":"20220324","typeNm":"장편","prdtStatNm":"개봉","nationAlt":"한국","genreAlt":"성인물(에로)","repNationNm":"한국","repGenreNm":"성인물(에로)","directors":[{"peopleNm":"강현성"}],"companys":[{"companyCd":"20217881","companyNm":"(주)샤이커뮤니케이션즈"}]}]}