{"totCnt":"95385","source":"영화진흥위원회","movieList":[{"movieCd":"20211304","movieNm":"기문환생2: 강호혈투","movieNmEn":"My Lord 2","prdtYear":"2017","openDt":"20211228","typeNm":"장편","prdtStatNm":"개봉","nationAlt":"홍콩","genreAlt":"멜로/로맨스","repNationNm":"홍콩","repGenreNm":"멜로/로맨스","directors":[],"companys":[]},{"movieCd":"20212215","movieNm":"리틀 뱀파이어","movieNmEn":"Little Vampire","prdtYear":"2020","openDt":"20211229","typeNm":"장편","prdtStatNm":"개봉","nationAlt":"프랑스","genreAlt":"애니메이션","repNationNm":"프랑스","repGenreNm":"애니메이션","directors":[{"peopleNm":"조안 스파"}],"companys":[]},{"movieCd":"20218390","movieNm":"램","movieNmEn":"Lamb","prdtYear":"2020","openDt":"20211229","typeNm":"장편","prdtStatNm":"개봉","nationAlt":"기타","genreAlt":"공포(호러)","repNationNm":"기타","repGenreNm":"공포(호러)","directors":[{"peopleNm":"발디마르 요한손"}],"companys":[]},{"movieCd":"20212162","movieNm":"음란한 상상","movieNmEn":"","prdtYear":"2021","openDt":"20211228","typeNm":"장편","prdtStatNm":"개봉","nationAlt":"한국","genreAlt":"성인물(에로)","repNationNm":"한국","repGenreNm":"성인물(에로)","directors":[{"peopleNm":"강현성"}],"companys":[{"companyCd":"20217881","companyNm":"(주)샤이커뮤니케이션즈"}]},{"movieCd":"20212163","movieNm":"외로운 그녀의 사정","movieNmEn":"","prdtYear":"2021","openDt":"20211228","typeNm":"장편","prdtStatNm":"개봉","nationAlt":"한국","genreAlt":"성인물(에로)","repNationNm":"한국","repGenreNm":"성인물(에로)","directors":[{"peopleNm":"강현성"}],"companys":[{"companyCd":"20217881","companyNm":"(주)샤이커뮤니케이션즈"}]},{"movieCd":"20212502","movieNm":"와이파이 비번은 육구칠사","movieNmEn":"","prdtYear":"2021","openDt":"20211228","typeNm":"장편","prdtStatNm":"개봉","nationAlt":"한국","genreAlt":"성인물(에로)","repNationNm":"한국","repGenreNm":"성인물(에로)","directors":[{"peopleNm":"미니미니"}],"companys":[{"companyCd":"20141911","companyNm":"(주)뮤직엔닷컴"}]},{"movieCd":"20212503","movieNm":"쉬운 일본녀 내 탱탱한 가슴 만져줘!","movieNmEn":"","prdtYear":"2021","openDt":"","typeNm":"장편","prdtStatNm":"기타","nationAlt":"일본","genreAlt":"성인물(에로)","repNationNm":"일본","repGenreNm":"성인물(에로)","directors":[],"companys":[]},{"movieCd":"20211204","movieNm":"여비서의 빨간 보고서 무삭제판","movieNmEn":"","prdtYear":"2021","openDt":"20211227","typeNm":"장편","prdtStatNm":"개봉","nationAlt":"한국","genreAlt":"멜로/로맨스","repNationNm":"한국","repGenreNm":"멜로/로맨스","directors":[{"peopleNm":"윤수현"}],"companys":[{"companyCd":"20189621","companyNm":"(주)라온컴퍼니플러스"}]},{"movieCd":"20210938","movieNm":"여비서의 빨간 보고서","movieNmEn":"","prdtYear":"2021","openDt":"20211227","typeNm":"장편","prdtStatNm":"개봉","nationAlt":"한국","genreAlt":"멜로/로맨스","repNationNm":"한국","repGenreNm":"멜로/로맨스","directors":[{"peopleNm":"윤수현"}],"companys":[{"companyCd":"20189621","companyNm":"(주)라온컴퍼니플러스"}]},{"movieCd":"20210809","movieNm":"신조무림","movieNmEn":"Fox Legend","prdtYear":"2017","openDt":"20211227","typeNm":"장편","prdtStatNm":"개봉","nationAlt":"홍콩","genreAlt":"판타지,액션,드라마","repNationNm":"홍콩","repGenreNm":"판타지","directors":[],"companys":[]}]}