{"totCnt":"95385","source":"영화진흥위원회","movieList":[{"movieCd":"20224152","movieNm":"발정난 사모님:이러시면 안되요","movieNmEn":"","prdtYear":"2020","openDt":"20220314","typeNm":"장편","prdtStatNm":"개봉","nationAlt":"일본","genreAlt":"성인물(에로),드라마,멜로/로맨스","repNationNm":"일본","repGenreNm":"성인물(에로)","directors":[{"peopleNm":"사쿠라비토"}],"companys":[]},{"movieCd":"20224186","movieNm":"라인의 감시","movieNmEn":"Watch On The Rhine","prdtYear":"1943","openDt":"","typeNm":"장편","prdtStatNm":"기타","nationAlt":"미국","genreAlt":"드라마","repNationNm":"미국","repGenreNm":"드라마","directors":[],"companys":[]},{"movieCd":"20158158","movieNm":"\"있음과 없음\" 전시 영상","movieNmEn":"\"Being and Not Being\" exhibition","prdtYear":"2015","openDt":"","typeNm":"단편","prdtStatNm":"기타","nationAlt":"한국","genreAlt":"애니메이션","repNationNm":"한국","repGenreNm":"애니메이션","directors":[{"peopleNm":"김영준"}],"companys":[]},{"movieCd":"20224238","movieNm":"친구가 죽고나서","movieNmEn":"","prdtYear":"2021","openDt":"","typeNm":"단편","prdtStatNm":"기타","nationAlt":"한국","genreAlt":"드라마","repNationNm":"한국","repGenreNm":"드라마","directors":[],"companys":[]},{"movieCd":"20223124","movieNm":"리프레쉬","movieNmEn":"Re:fresh","prdtYear":"2021","openDt":"20220216","typeNm":"장편","prdtStatNm":"개봉","nationAlt":"한국","genreAlt":"드라마,코미디","repNationNm":"한국","repGenreNm":"드라마","directors":[{"peopleNm":"김길영"}],"companys":[{"companyCd":"20228851","companyNm":"㈜케이엠글로벌미디어"}]},{"movieCd":"20216082","movieNm":"늦봄2020","movieNmEn":"Blooming over the Line ","prdtYear":"2021","openDt":"20220210","typeNm":"장편","prdtStatNm":"개봉","nationAlt":"한국","genreAlt":"다큐멘터리","repNationNm":"한국","repGenreNm":"다큐멘터리","directors":[{"peopleNm":"박규현"}],"companys":[{"companyCd":"20141209","companyNm":"(주)전주엠비씨 프로덕션"}]},{"movieCd":"20223894","movieNm":"형수에게 참지 못한 사정 무삭제판","movieNmEn":"","prdtYear":"2020","openDt":"","typeNm":"장편","prdtStatNm":"기타","nationAlt":"일본","genreAlt":"성인물(에로),드라마","repNationNm":"일본","repGenreNm":"성인물(에로)","directors":[],"companys":[]},{"movieCd":"20224014","movieNm":"친구 남편과 애욕에 찌든 날 무삭제판","movieNmEn":"","prdtYear":"2020","openDt":"","typeNm":"장편","prdtStatNm":"기타","nationAlt":"일본","genreAlt":"성인물(에로),드라마","repNationNm":"일본","repGenreNm":"성인물(에로)","directors":[{"peopleNm":"카즈마"}],"companys":[]},{"movieCd":"20224015","movieNm":"유부녀가 된 간호사 제자 무삭제판","movieNmEn":"","prdtYear":"2020","openDt":"","typeNm":"장편","prdtStatNm":"기타","nationAlt":"일본","genreAlt":"성인물(에로),드라마","repNationNm":"일본","repGenreNm":"성인물(에로)","directors":[],"companys":[]},{"movieCd":"20224122","movieNm":"오츠키 히비키의 섹스라이프","movieNmEn":"","prdtYear":"2020","openDt":"20220311","typeNm":"장편","prdtStatNm":"개봉","nationAlt":"일본","genreAlt":"성인물(에로),드라마,멜로/로맨스","repNationNm":"일본","repGenreNm":"성인물(에로)","directors":[{"peopleNm":"코메이"}],"companys":[]}]}