{"totCnt":"95385","source":"영화진흥위원회","movieList":[{"movieCd":"20224698","movieNm":"능숙한 새엄마 마키","movieNmEn":"","prdtYear":"2020","openDt":"20220428","typeNm":"장편","prdtStatNm":"개봉","nationAlt":"일본","genreAlt":"성인물(에로),드라마,멜로/로맨스","repNationNm":"일본","repGenreNm":"성인물(에로)","directors":[{"peopleNm":"나카노 야요이"}],"companys":[]},{"movieCd":"20224586","movieNm":"남의 섹스 보며 젖어버린 여자","movieNmEn":"","prdtYear":"2022","openDt":"20220428","typeNm":"장편","prdtStatNm":"개봉","nationAlt":"한국","genreAlt":"성인물(에로)","repNationNm":"한국","repGenreNm":"성인물(에로)","directors":[{"peopleNm":"강현성"}],"companys":[{"companyCd":"20217881","companyNm":"(주)샤이커뮤니케이션즈"}]},{"movieCd":"20224684","movieNm":"거유 새엄마들:불타는 밤","movieNmEn":"","prdtYear":"2020","openDt":"20220428","typeNm":"장편","prdtStatNm":"개봉","nationAlt":"일본","genreAlt":"성인물(에로),드라마,멜로/로맨스","repNationNm":"일본","repGenreNm":"성인물(에로)","directors":[{"peopleNm":"빈센트 갸루"}],"companys":[]},{"movieCd":"20224841","movieNm":"터치 마이 바디","movieNmEn":"Touch","prdtYear":"2020","openDt":"","typeNm":"장편","prdtStatNm":"기타","nationAlt":"미국","genreAlt":"멜로/로맨스,드라마","repNationNm":"미국","repGenreNm":"멜로/로맨스","directors":[{"peopleNm":"알렉산드라 슈체파노브스카"}],"companys":[]},{"movieCd":"20224827","movieNm":"사운드 오브 길티","movieNmEn":"Kin Dread","prdtYear":"2021","openDt":"","typeNm":"장편","prdtStatNm":"기타","nationAlt":"미국","genreAlt":"스릴러","repNationNm":"미국","repGenreNm":"스릴러","directors":[{"peopleNm":"에이드리언 레옹"}],"companys":[]},{"movieCd":"20112344","movieNm":"안녕하세요","movieNmEn":"Good Morning","prdtYear":"1959","openDt":"","typeNm":"장편","prdtStatNm":"기타","nationAlt":"일본","genreAlt":"기타","repNationNm":"일본","repGenreNm":"기타","directors":[{"peopleNm":"오즈 야스지로"}],"companys":[]},{"movieCd":"19538011","movieNm":"동경 이야기","movieNmEn":"Tokyo Story","prdtYear":"1953","openDt":"20140816","typeNm":"장편","prdtStatNm":"개봉","nationAlt":"일본","genreAlt":"드라마","repNationNm":"일본","repGenreNm":"드라마","directors":[{"peopleNm":"오즈 야스지로"}],"companys":[]},{"movieCd":"20112339","movieNm":"오차즈케의 맛","movieNmEn":"Flavor of Green Tea over Rice","prdtYear":"1952","openDt":"","typeNm":"장편","prdtStatNm":"기타","nationAlt":"일본","genreAlt":"드라마","repNationNm":"일본","repGenreNm":"드라마","directors":[{"peopleNm":"오즈 야스지로"}],"companys":[]},{"movieCd":"20112335","movieNm":"만춘","movieNmEn":"Late Spring","prdtYear":"1949","openDt":"","typeNm":"장편","prdtStatNm":"기타","nationAlt":"일본","genreAlt":"기타","repNationNm":"일본","repGenreNm":"기타","directors":[{"peopleNm":"오즈 야스지로"}],"companys":[]},{"movieCd":"20224824","movieNm":"컷","movieNmEn":"Cut","prdtYear":"2021","openDt":"","typeNm":"단편","prdtStatNm":"기타","nationAlt":"한국","genreAlt":"기타","repNationNm":"한국","repGenreNm":"기타","directors":[{"peopleNm":"손민준"}],"companys":[]}]}