{"totCnt":"95385","source":"영화진흥위원회","movieList":[{"movieCd":"20212168","movieNm":"왼팔의복서 닉","movieNmEn":"Notorious Nick","prdtYear":"2021","openDt":"20211209","typeNm":"장편","prdtStatNm":"개봉","nationAlt":"미국","genreAlt":"드라마","repNationNm":"미국","repGenreNm":"드라마","directors":[],"companys":[]},{"movieCd":"20194528","movieNm":"커밍 홈 어게인","movieNmEn":"Coming Home Again","prdtYear":"2019","openDt":"","typeNm":"장편","prdtStatNm":"기타","nationAlt":"미국","genreAlt":"드라마","repNationNm":"미국","repGenreNm":"드라마","directors":[{"peopleNm":"웨인 왕"}],"companys":[]},{"movieCd":"20223099","movieNm":"천녀유혼4","movieNmEn":"Hunting Monster","prdtYear":"2021","openDt":"","typeNm":"장편","prdtStatNm":"기타","nationAlt":"중국","genreAlt":"액션","repNationNm":"중국","repGenreNm":"액션","directors":[],"companys":[]},{"movieCd":"20223224","movieNm":"오버런 : 100만 달러의 사나이","movieNmEn":"Overrun","prdtYear":"2021","openDt":"","typeNm":"장편","prdtStatNm":"기타","nationAlt":"미국","genreAlt":"액션","repNationNm":"미국","repGenreNm":"액션","directors":[],"companys":[]},{"movieCd":"20223343","movieNm":"그 집에 술이 있다","movieNmEn":"The House of the Rising Wine","prdtYear":"2018","openDt":"","typeNm":"단편","prdtStatNm":"기타","nationAlt":"한국","genreAlt":"기타","repNationNm":"한국","repGenreNm":"기타","directors":[],"companys":[]},{"movieCd":"20223342","movieNm":"뼈;스핀오프","movieNmEn":"The bone;spinoff","prdtYear":"2013","openDt":"","typeNm":"단편","prdtStatNm":"기타","nationAlt":"한국","genreAlt":"드라마","repNationNm":"한국","repGenreNm":"드라마","directors":[{"peopleNm":"김한솔"}],"companys":[]},{"movieCd":"20217680","movieNm":"너무 깊이 생각하지마","movieNmEn":"Let It Be","prdtYear":"2018","openDt":"","typeNm":"단편","prdtStatNm":"기타","nationAlt":"한국","genreAlt":"드라마","repNationNm":"한국","repGenreNm":"드라마","directors":[{"peopleNm":"김한범"}],"companys":[]},{"movieCd":"20212856","movieNm":"킬링 데이트","movieNmEn":"First Date","prdtYear":"2021","openDt":"","typeNm":"장편","prdtStatNm":"기타","nationAlt":"미국","genreAlt":"코미디,범죄,액션","repNationNm":"미국","repGenreNm":"코미디","directors":[],"companys":[]},{"movieCd":"20223341","movieNm":"사슬","movieNmEn":"","prdtYear":"2014","openDt":"","typeNm":"장편","prdtStatNm":"기타","nationAlt":"한국","genreAlt":"드라마,스릴러","repNationNm":"한국","repGenreNm":"드라마","directors":[{"peopleNm":"김산"}],"companys":[]},{"movieCd":"20223340","movieNm":"정해","movieNmEn":"","prdtYear":"2021","openDt":"","typeNm":"단편","prdtStatNm":"기타","nationAlt":"한국","genreAlt":"드라마","repNationNm":"한국","repGenreNm":"드라마","directors":[{"peopleNm":"기역"}],"companys":[]}]}