{"totCnt":"95385","source":"영화진흥위원회","movieList":[{"movieCd":"20224080","movieNm":"키미","movieNmEn":"Kimi","prdtYear":"2022","openDt":"","typeNm":"장편","prdtStatNm":"기타","nationAlt":"미국","genreAlt":"스릴러,범죄,드라마","repNationNm":"미국","repGenreNm":"스릴러","directors":[{"peopleNm":"스티븐 소더버그"}],"companys":[]},{"movieCd":"20224097","movieNm":"텔레마케터의 죽음","movieNmEn":"Death of a Telemarketer","prdtYear":"2021","openDt":"","typeNm":"장편","prdtStatNm":"기타","nationAlt":"미국","genreAlt":"코미디,드라마,스릴러","repNationNm":"미국","repGenreNm":"코미디","directors":[{"peopleNm":"할레드 리지웨이"}],"companys":[]},{"movieCd":"20202689","movieNm":"우리가 사랑이라고 믿는 것","movieNmEn":"Hope Gap","prdtYear":"2019","openDt":"20220224","typeNm":"장편","prdtStatNm":"개봉","nationAlt":"영국","genreAlt":"드라마,멜로/로맨스","repNationNm":"영국","repGenreNm":"드라마","directors":[{"peopleNm":"윌리엄 니콜슨"}],"companys":[]},{"movieCd":"20223207","movieNm":"미시간 살인사건","movieNmEn":"Nowhere, Michigan","prdtYear":"2017","openDt":"20220221","typeNm":"장편","prdtStatNm":"개봉","nationAlt":"미국","genreAlt":"범죄,스릴러","repNationNm":"미국","repGenreNm":"범죄","directors":[],"companys":[]},{"movieCd":"20224079","movieNm":"뉴욕 섹스, 파리 러브","movieNmEn":"Trust","prdtYear":"2021","openDt":"","typeNm":"장편","prdtStatNm":"기타","nationAlt":"미국","genreAlt":"드라마","repNationNm":"미국","repGenreNm":"드라마","directors":[{"peopleNm":"브라이언 드큐벨리스"}],"companys":[]},{"movieCd":"20223758","movieNm":"블랙폭스 - 폭렬닌자시대","movieNmEn":"Black Fox: Age of the Ninja","prdtYear":"2019","openDt":"","typeNm":"장편","prdtStatNm":"기타","nationAlt":"일본","genreAlt":"액션,드라마,어드벤처","repNationNm":"일본","repGenreNm":"액션","directors":[{"peopleNm":"사카모토 코이치"}],"companys":[]},{"movieCd":"20208266","movieNm":"라이즈 오브 더 풋솔져: 라스트 미션","movieNmEn":"Rise of the Footsoldier: Marbella","prdtYear":"2019","openDt":"","typeNm":"장편","prdtStatNm":"기타","nationAlt":"영국","genreAlt":"액션","repNationNm":"영국","repGenreNm":"액션","directors":[],"companys":[]},{"movieCd":"20223288","movieNm":"셰터드","movieNmEn":"Shattered","prdtYear":"2022","openDt":"20220224","typeNm":"장편","prdtStatNm":"개봉","nationAlt":"미국","genreAlt":"스릴러,범죄","repNationNm":"미국","repGenreNm":"스릴러","directors":[{"peopleNm":"루이스 프리에토"}],"companys":[]},{"movieCd":"20224095","movieNm":"남편보다 더 맛봐주세요","movieNmEn":"","prdtYear":"2022","openDt":"","typeNm":"장편","prdtStatNm":"기타","nationAlt":"일본","genreAlt":"성인물(에로),드라마","repNationNm":"일본","repGenreNm":"성인물(에로)","directors":[{"peopleNm":"키토루네 가와구치"}],"companys":[]},{"movieCd":"20224004","movieNm":"에우리디체","movieNmEn":"Eurydice","prdtYear":"2022","openDt":"20220301","typeNm":"장편","prdtStatNm":"개봉","nationAlt":"미국","genreAlt":"공연","repNationNm":"미국","repGenreNm":"공연","directors":[],"companys":[]}]}