{"totCnt":"95385","source":"영화진흥위원회","movieList":[{"movieCd":"19908116","movieNm":"밀루의 어떤 5월","movieNmEn":"May Fools","prdtYear":"1990","openDt":"","typeNm":"장편","prdtStatNm":"기타","nationAlt":"프랑스,이탈리아","genreAlt":"코미디,멜로/로맨스","repNationNm":"프랑스","repGenreNm":"코미디","directors":[{"peopleNm":"루이 말"}],"companys":[]},{"movieCd":"20090730","movieNm":"나쁜 피","movieNmEn":"Bad Blood","prdtYear":"1986","openDt":"19941210","typeNm":"장편","prdtStatNm":"개봉","nationAlt":"프랑스","genreAlt":"드라마,멜로/로맨스","repNationNm":"프랑스","repGenreNm":"드라마","directors":[{"peopleNm":"레오스 카락스"}],"companys":[]},{"movieCd":"19698103","movieNm":"즐거운 인생","movieNmEn":"The Things of Life","prdtYear":"1969","openDt":"","typeNm":"장편","prdtStatNm":"기타","nationAlt":"프랑스,이탈리아,스위스","genreAlt":"드라마","repNationNm":"프랑스","repGenreNm":"드라마","directors":[{"peopleNm":"끌로드 쏘레"}],"companys":[]},{"movieCd":"20212348","movieNm":"오츠키 히비키의 흑형 체험","movieNmEn":"","prdtYear":"2020","openDt":"20211212","typeNm":"장편","prdtStatNm":"개봉","nationAlt":"일본","genreAlt":"멜로/로맨스,드라마","repNationNm":"일본","repGenreNm":"멜로/로맨스","directors":[{"peopleNm":"야마구치 다이"}],"companys":[]},{"movieCd":"20212332","movieNm":"야한 이모들:제모 했어요","movieNmEn":"","prdtYear":"2020","openDt":"20211212","typeNm":"장편","prdtStatNm":"개봉","nationAlt":"일본","genreAlt":"멜로/로맨스,드라마","repNationNm":"일본","repGenreNm":"멜로/로맨스","directors":[{"peopleNm":"나베"}],"companys":[]},{"movieCd":"20212333","movieNm":"대물 부장:내 아내를 탐하다","movieNmEn":"","prdtYear":"2020","openDt":"20211212","typeNm":"장편","prdtStatNm":"개봉","nationAlt":"일본","genreAlt":"멜로/로맨스,드라마","repNationNm":"일본","repGenreNm":"멜로/로맨스","directors":[{"peopleNm":"토미죠 타로"}],"companys":[]},{"movieCd":"20212329","movieNm":"화끈한 새엄마:뜨거운 여행","movieNmEn":"","prdtYear":"2020","openDt":"20211211","typeNm":"장편","prdtStatNm":"개봉","nationAlt":"일본","genreAlt":"멜로/로맨스,드라마","repNationNm":"일본","repGenreNm":"멜로/로맨스","directors":[{"peopleNm":"히로아키"}],"companys":[]},{"movieCd":"20212331","movieNm":"육체도우미:깨끗이 닦아드릴게요","movieNmEn":"","prdtYear":"2020","openDt":"20211211","typeNm":"장편","prdtStatNm":"개봉","nationAlt":"일본","genreAlt":"멜로/로맨스,드라마","repNationNm":"일본","repGenreNm":"멜로/로맨스","directors":[{"peopleNm":"나베"}],"companys":[]},{"movieCd":"20212328","movieNm":"엄마의 신음소리","movieNmEn":"","prdtYear":"2020","openDt":"20211211","typeNm":"장편","prdtStatNm":"개봉","nationAlt":"일본","genreAlt":"멜로/로맨스,드라마","repNationNm":"일본","repGenreNm":"멜로/로맨스","directors":[{"peopleNm":"토미죠 타로"}],"companys":[]},{"movieCd":"20211345","movieNm":"스파르타쿠스","movieNmEn":"SPARTACUS","prdtYear":"2021","openDt":"","typeNm":"장편","prdtStatNm":"기타","nationAlt":"러시아","genreAlt":"공연","repNationNm":"러시아","repGenreNm":"공연","directors":[],"companys":[]}]}