{"totCnt":"95385","source":"영화진흥위원회","movieList":[{"movieCd":"20218239","movieNm":"새것 누구나 처음은 있었다 무삭제","movieNmEn":"","prdtYear":"2020","openDt":"20211115","typeNm":"장편","prdtStatNm":"개봉","nationAlt":"한국","genreAlt":"멜로/로맨스","repNationNm":"한국","repGenreNm":"멜로/로맨스","directors":[{"peopleNm":"윤경식"}],"companys":[{"companyCd":"20174841","companyNm":"(주)가온콘텐츠"}]},{"movieCd":"20218225","movieNm":"사내 섹스 보고서 무삭제","movieNmEn":"","prdtYear":"2020","openDt":"20211115","typeNm":"장편","prdtStatNm":"개봉","nationAlt":"한국","genreAlt":"멜로/로맨스","repNationNm":"한국","repGenreNm":"멜로/로맨스","directors":[{"peopleNm":"윤경식"}],"companys":[{"companyCd":"20174841","companyNm":"(주)가온콘텐츠"}]},{"movieCd":"20218236","movieNm":"맞고사는 남편 무삭제","movieNmEn":"","prdtYear":"2020","openDt":"20211115","typeNm":"장편","prdtStatNm":"개봉","nationAlt":"한국","genreAlt":"멜로/로맨스","repNationNm":"한국","repGenreNm":"멜로/로맨스","directors":[{"peopleNm":"윤경식"}],"companys":[{"companyCd":"20174841","companyNm":"(주)가온콘텐츠"}]},{"movieCd":"20218230","movieNm":"마지막 처녀 무삭제","movieNmEn":"","prdtYear":"2020","openDt":"20211115","typeNm":"장편","prdtStatNm":"개봉","nationAlt":"한국","genreAlt":"멜로/로맨스","repNationNm":"한국","repGenreNm":"멜로/로맨스","directors":[{"peopleNm":"윤경식"}],"companys":[{"companyCd":"20174841","companyNm":"(주)가온콘텐츠"}]},{"movieCd":"20211268","movieNm":"열혈강호","movieNmEn":"","prdtYear":"2019","openDt":"","typeNm":"장편","prdtStatNm":"기타","nationAlt":"중국","genreAlt":"액션","repNationNm":"중국","repGenreNm":"액션","directors":[],"companys":[]},{"movieCd":"20218226","movieNm":"다른 맛 : 너무 다른 쌍둥이 형제 무삭제","movieNmEn":"","prdtYear":"2020","openDt":"20211115","typeNm":"장편","prdtStatNm":"개봉","nationAlt":"한국","genreAlt":"멜로/로맨스","repNationNm":"한국","repGenreNm":"멜로/로맨스","directors":[{"peopleNm":"윤경식"}],"companys":[{"companyCd":"20174841","companyNm":"(주)가온콘텐츠"}]},{"movieCd":"20211430","movieNm":"넣어준 관리인 무삭제판","movieNmEn":"","prdtYear":"2021","openDt":"20211115","typeNm":"장편","prdtStatNm":"개봉","nationAlt":"일본","genreAlt":"멜로/로맨스","repNationNm":"일본","repGenreNm":"멜로/로맨스","directors":[{"peopleNm":"나기라 겐조"}],"companys":[]},{"movieCd":"20218227","movieNm":"교회 여동생 무삭제","movieNmEn":"","prdtYear":"2020","openDt":"20211115","typeNm":"장편","prdtStatNm":"개봉","nationAlt":"한국","genreAlt":"멜로/로맨스","repNationNm":"한국","repGenreNm":"멜로/로맨스","directors":[{"peopleNm":"윤경식"}],"companys":[{"companyCd":"20174841","companyNm":"(주)가온콘텐츠"}]},{"movieCd":"20215542","movieNm":"형수님의 하얀 속살 무삭제","movieNmEn":"","prdtYear":"2020","openDt":"20211114","typeNm":"장편","prdtStatNm":"개봉","nationAlt":"한국","genreAlt":"멜로/로맨스,드라마","repNationNm":"한국","repGenreNm":"멜로/로맨스","directors":[{"peopleNm":"김환"}],"companys":[{"companyCd":"20161021","companyNm":"(주)영화사가을"}]},{"movieCd":"20210883","movieNm":"파워 오브 도그","movieNmEn":"The Power of the Dog","prdtYear":"2021","openDt":"20211117","typeNm":"장편","prdtStatNm":"개봉","nationAlt":"미국","genreAlt":"드라마,멜로/로맨스","repNationNm":"미국","repGenreNm":"드라마","directors":[{"peopleNm":"제인 캠피온"}],"companys":[]}]}