{"totCnt":"95385","source":"영화진흥위원회","movieList":[{"movieCd":"20210510","movieNm":"STAFF2021 섹션 2: 대만과 권력","movieNmEn":"","prdtYear":"2021","openDt":"","typeNm":"옴니버스","prdtStatNm":"기타","nationAlt":"기타","genreAlt":"기타","repNationNm":"기타","repGenreNm":"기타","directors":[],"companys":[]},{"movieCd":"20210509","movieNm":"STAFF2021 섹션 1: 대만과 학교","movieNmEn":"","prdtYear":"2021","openDt":"","typeNm":"옴니버스","prdtStatNm":"기타","nationAlt":"기타","genreAlt":"기타","repNationNm":"기타","repGenreNm":"기타","directors":[],"companys":[]},{"movieCd":"20210508","movieNm":"얼룩 없이 깨끗이","movieNmEn":"Stainless","prdtYear":"2019","openDt":"","typeNm":"단편","prdtStatNm":"기타","nationAlt":"터키","genreAlt":"기타","repNationNm":"터키","repGenreNm":"기타","directors":[],"companys":[]},{"movieCd":"20166365","movieNm":"아베 마리아","movieNmEn":"Ave Maria","prdtYear":"2015","openDt":"","typeNm":"단편","prdtStatNm":"기타","nationAlt":"팔레스타인,독일,프랑스","genreAlt":"드라마","repNationNm":"팔레스타인","repGenreNm":"드라마","directors":[{"peopleNm":"배질 카릴"}],"companys":[]},{"movieCd":"20210507","movieNm":"소년 아야오","movieNmEn":"Growing Pains","prdtYear":"2020","openDt":"","typeNm":"단편","prdtStatNm":"기타","nationAlt":"대만","genreAlt":"기타","repNationNm":"대만","repGenreNm":"기타","directors":[],"companys":[]},{"movieCd":"20210484","movieNm":"갈 곳 없는 아이","movieNmEn":"The Child of Nowhere","prdtYear":"2019","openDt":"","typeNm":"단편","prdtStatNm":"기타","nationAlt":"대만","genreAlt":"기타","repNationNm":"대만","repGenreNm":"기타","directors":[],"companys":[]},{"movieCd":"20210506","movieNm":"아빠 해수욕장","movieNmEn":"Father Son and the Beach","prdtYear":"2020","openDt":"","typeNm":"단편","prdtStatNm":"기타","nationAlt":"대만","genreAlt":"기타","repNationNm":"대만","repGenreNm":"기타","directors":[],"companys":[]},{"movieCd":"20210504","movieNm":"심판","movieNmEn":"The Day to Choose","prdtYear":"2016","openDt":"","typeNm":"단편","prdtStatNm":"기타","nationAlt":"대만","genreAlt":"기타","repNationNm":"대만","repGenreNm":"기타","directors":[],"companys":[]},{"movieCd":"20208047","movieNm":"틸라피아","movieNmEn":"Tilapia","prdtYear":"2019","openDt":"","typeNm":"단편","prdtStatNm":"기타","nationAlt":"대만","genreAlt":"기타","repNationNm":"대만","repGenreNm":"기타","directors":[],"companys":[]},{"movieCd":"20210503","movieNm":"미미 고양이","movieNmEn":"A Cat May Look at a King","prdtYear":"2020","openDt":"","typeNm":"단편","prdtStatNm":"기타","nationAlt":"대만","genreAlt":"기타","repNationNm":"대만","repGenreNm":"기타","directors":[],"companys":[]}]}