{"totCnt":"95385","source":"영화진흥위원회","movieList":[{"movieCd":"20218625","movieNm":"날 젖혀버린 새아들","movieNmEn":"Inaka-no Kinshinsoukan Kitagawa Reiko","prdtYear":"2021","openDt":"20210820","typeNm":"장편","prdtStatNm":"개봉","nationAlt":"일본","genreAlt":"멜로/로맨스","repNationNm":"일본","repGenreNm":"멜로/로맨스","directors":[],"companys":[]},{"movieCd":"20210123","movieNm":"산 23-1, X","movieNmEn":"Nowhere to Go","prdtYear":"2021","openDt":"","typeNm":"단편","prdtStatNm":"기타","nationAlt":"한국","genreAlt":"다큐멘터리,기타","repNationNm":"한국","repGenreNm":"다큐멘터리","directors":[],"companys":[]},{"movieCd":"20210107","movieNm":"벨라","movieNmEn":"Bella","prdtYear":"2020","openDt":"","typeNm":"단편","prdtStatNm":"기타","nationAlt":"그리스","genreAlt":"기타","repNationNm":"그리스","repGenreNm":"기타","directors":[],"companys":[]},{"movieCd":"20210106","movieNm":"족장 알-싯","movieNmEn":"Al-Sit","prdtYear":"2020","openDt":"","typeNm":"단편","prdtStatNm":"기타","nationAlt":"기타,카타르","genreAlt":"드라마","repNationNm":"기타","repGenreNm":"드라마","directors":[],"companys":[]},{"movieCd":"20217005","movieNm":"영면","movieNmEn":"","prdtYear":"2021","openDt":"20210701","typeNm":"장편","prdtStatNm":"개봉","nationAlt":"한국","genreAlt":"드라마","repNationNm":"한국","repGenreNm":"드라마","directors":[{"peopleNm":"이승호"},{"peopleNm":"서오름"},{"peopleNm":"방성훈"},{"peopleNm":"이세영"}],"companys":[{"companyCd":"20154728","companyNm":"주식회사 씨엠닉스"}]},{"movieCd":"20215002","movieNm":"해변의 에트랑제","movieNmEn":"L’ETRANGER DU PLAGE","prdtYear":"2020","openDt":"20210218","typeNm":"장편","prdtStatNm":"개봉","nationAlt":"일본","genreAlt":"애니메이션,멜로/로맨스","repNationNm":"일본","repGenreNm":"애니메이션","directors":[{"peopleNm":"오오하시 아키요"}],"companys":[]},{"movieCd":"20219866","movieNm":"야쿠자 어쌔신","movieNmEn":"A Janitor","prdtYear":"2021","openDt":"","typeNm":"장편","prdtStatNm":"기타","nationAlt":"일본","genreAlt":"액션","repNationNm":"일본","repGenreNm":"액션","directors":[{"peopleNm":"사카모토 유고"}],"companys":[]},{"movieCd":"20194242","movieNm":"왕대륙의 기묘기사","movieNmEn":"Ghost Blows Out The Light","prdtYear":"2016","openDt":"20200430","typeNm":"장편","prdtStatNm":"개봉","nationAlt":"중국","genreAlt":"기타","repNationNm":"중국","repGenreNm":"기타","directors":[{"peopleNm":"조소구"}],"companys":[]},{"movieCd":"20219381","movieNm":"퍼피 구조대 더 무비","movieNmEn":"PAW Patrol: The Movie","prdtYear":"2021","openDt":"20210818","typeNm":"장편","prdtStatNm":"개봉","nationAlt":"미국","genreAlt":"애니메이션","repNationNm":"미국","repGenreNm":"애니메이션","directors":[{"peopleNm":"캘런 브런커"}],"companys":[]},{"movieCd":"20217824","movieNm":"코스프레","movieNmEn":"Costume Play","prdtYear":"2020","openDt":"","typeNm":"단편","prdtStatNm":"기타","nationAlt":"한국","genreAlt":"드라마","repNationNm":"한국","repGenreNm":"드라마","directors":[{"peopleNm":"이린"},{"peopleNm":"김하영"}],"companys":[]}]}