{"totCnt":"95385","source":"영화진흥위원회","movieList":[{"movieCd":"20223599","movieNm":"날아가는 기분 전부 다해줄게","movieNmEn":"","prdtYear":"2020","openDt":"","typeNm":"장편","prdtStatNm":"기타","nationAlt":"일본","genreAlt":"성인물(에로)","repNationNm":"일본","repGenreNm":"성인물(에로)","directors":[{"peopleNm":"후루사와 다케시"}],"companys":[]},{"movieCd":"20223598","movieNm":"금발의 노브라 바이크걸","movieNmEn":"","prdtYear":"2020","openDt":"","typeNm":"장편","prdtStatNm":"기타","nationAlt":"일본","genreAlt":"성인물(에로)","repNationNm":"일본","repGenreNm":"성인물(에로)","directors":[],"companys":[]},{"movieCd":"20223589","movieNm":"풍속도감 - 아직도 동정인 녀석들","movieNmEn":"","prdtYear":"2020","openDt":"","typeNm":"장편","prdtStatNm":"기타","nationAlt":"일본","genreAlt":"성인물(에로)","repNationNm":"일본","repGenreNm":"성인물(에로)","directors":[{"peopleNm":"타케호라 테츠야"}],"companys":[]},{"movieCd":"20223421","movieNm":"미인어2","movieNmEn":"The Mermaid","prdtYear":"2021","openDt":"","typeNm":"장편","prdtStatNm":"기타","nationAlt":"중국","genreAlt":"판타지,멜로/로맨스,코미디","repNationNm":"중국","repGenreNm":"판타지","directors":[],"companys":[]},{"movieCd":"20223122","movieNm":"무지개 나라의 유산","movieNmEn":"Words of Wisdom from the Rainbow State","prdtYear":"2021","openDt":"","typeNm":"옴니버스","prdtStatNm":"기타","nationAlt":"미국,한국","genreAlt":"다큐멘터리","repNationNm":"미국","repGenreNm":"다큐멘터리","directors":[{"peopleNm":"이진영"}],"companys":[]},{"movieCd":"20189076","movieNm":"꽃손","movieNmEn":"Flower Hands","prdtYear":"2018","openDt":"20211202","typeNm":"장편","prdtStatNm":"개봉","nationAlt":"한국","genreAlt":"드라마","repNationNm":"한국","repGenreNm":"드라마","directors":[{"peopleNm":"권순중"}],"companys":[{"companyCd":"20175044","companyNm":"씨엠지초록별"}]},{"movieCd":"20223219","movieNm":"부부","movieNmEn":"Husband and Wife","prdtYear":"2012","openDt":"","typeNm":"단편","prdtStatNm":"기타","nationAlt":"한국","genreAlt":"드라마","repNationNm":"한국","repGenreNm":"드라마","directors":[{"peopleNm":"윤심경"}],"companys":[]},{"movieCd":"20199782","movieNm":"모두의 영화","movieNmEn":"","prdtYear":"2019","openDt":"","typeNm":"옴니버스","prdtStatNm":"기타","nationAlt":"한국","genreAlt":"기타","repNationNm":"한국","repGenreNm":"기타","directors":[{"peopleNm":"최은"},{"peopleNm":"유은정"},{"peopleNm":"서은선"}],"companys":[{"companyCd":"20218001","companyNm":"창작집단3355 (A.3355)"}]},{"movieCd":"20223568","movieNm":"아주 이상한 학교","movieNmEn":"The Most Unordinary School","prdtYear":"2021","openDt":"","typeNm":"장편","prdtStatNm":"기타","nationAlt":"한국","genreAlt":"다큐멘터리","repNationNm":"한국","repGenreNm":"다큐멘터리","directors":[{"peopleNm":"라파엘"}],"companys":[]},{"movieCd":"20223332","movieNm":"꽃과 뱀 1974","movieNmEn":"Flower and Snake","prdtYear":"1974","openDt":"","typeNm":"장편","prdtStatNm":"기타","nationAlt":"일본","genreAlt":"범죄,스릴러,멜로/로맨스","repNationNm":"일본","repGenreNm":"범죄","directors":[],"companys":[]}]}