{"totCnt":"95385","source":"영화진흥위원회","movieList":[{"movieCd":"20212484","movieNm":"엔드게임: 나는 킬러다","movieNmEn":"Endgame","prdtYear":"2021","openDt":"20220120","typeNm":"장편","prdtStatNm":"개봉","nationAlt":"홍콩","genreAlt":"액션,코미디,범죄","repNationNm":"홍콩","repGenreNm":"액션","directors":[],"companys":[]},{"movieCd":"20223573","movieNm":"굿 보스","movieNmEn":"The Good Boss","prdtYear":"2021","openDt":"20220210","typeNm":"장편","prdtStatNm":"개봉","nationAlt":"스페인","genreAlt":"드라마,코미디","repNationNm":"스페인","repGenreNm":"드라마","directors":[{"peopleNm":"페르난도 레온 데 아라노아"}],"companys":[]},{"movieCd":"20212554","movieNm":"사일런트 나이트","movieNmEn":"Silent Night","prdtYear":"2021","openDt":"","typeNm":"장편","prdtStatNm":"기타","nationAlt":"영국","genreAlt":"드라마,코미디","repNationNm":"영국","repGenreNm":"드라마","directors":[],"companys":[]},{"movieCd":"19800052","movieNm":"멋대로 해라","movieNmEn":"Do As You Want","prdtYear":"1980","openDt":"19800920","typeNm":"장편","prdtStatNm":"개봉","nationAlt":"한국","genreAlt":"드라마","repNationNm":"한국","repGenreNm":"드라마","directors":[{"peopleNm":"김정현"}],"companys":[{"companyCd":"20060167","companyNm":"남아진흥(주)"}]},{"movieCd":"19730041","movieNm":"애인교실","movieNmEn":"Love Class","prdtYear":"1973","openDt":"19730413","typeNm":"장편","prdtStatNm":"개봉","nationAlt":"한국","genreAlt":"멜로/로맨스","repNationNm":"한국","repGenreNm":"멜로/로맨스","directors":[{"peopleNm":"고영남"}],"companys":[{"companyCd":"20114665","companyNm":"남화"}]},{"movieCd":"19840062","movieNm":"사랑의 찬가","movieNmEn":"Love Song","prdtYear":"1984","openDt":"19841110","typeNm":"장편","prdtStatNm":"개봉","nationAlt":"한국","genreAlt":"드라마,멜로/로맨스","repNationNm":"한국","repGenreNm":"드라마","directors":[{"peopleNm":"심재석"}],"companys":[{"companyCd":"20060167","companyNm":"남아진흥(주)"}]},{"movieCd":"19830051","movieNm":"비련","movieNmEn":"Tragic Love","prdtYear":"1983","openDt":"19830423","typeNm":"장편","prdtStatNm":"개봉","nationAlt":"한국","genreAlt":"드라마,멜로/로맨스","repNationNm":"한국","repGenreNm":"드라마","directors":[{"peopleNm":"심재석"}],"companys":[{"companyCd":"20060167","companyNm":"남아진흥(주)"}]},{"movieCd":"19790065","movieNm":"동백꽃 신사","movieNmEn":"The Camellia Man","prdtYear":"1979","openDt":"19791124","typeNm":"장편","prdtStatNm":"개봉","nationAlt":"한국","genreAlt":"액션","repNationNm":"한국","repGenreNm":"액션","directors":[{"peopleNm":"이혁수"}],"companys":[{"companyCd":"20060167","companyNm":"남아진흥(주)"}]},{"movieCd":"20223278","movieNm":"극장판 주술회전 0","movieNmEn":"Jujutsu Kaisen: Zero","prdtYear":"2021","openDt":"20220217","typeNm":"장편","prdtStatNm":"개봉","nationAlt":"일본","genreAlt":"애니메이션","repNationNm":"일본","repGenreNm":"애니메이션","directors":[{"peopleNm":"박성후"}],"companys":[]},{"movieCd":"19799096","movieNm":"중원의 백일홍","movieNmEn":"Zinnia In Plain","prdtYear":"1979","openDt":"19790611","typeNm":"장편","prdtStatNm":"기타","nationAlt":"한국","genreAlt":"액션","repNationNm":"한국","repGenreNm":"액션","directors":[{"peopleNm":"김시현"}],"companys":[{"companyCd":"20100976","companyNm":"남아진흥"}]}]}