{"totCnt":"95385","source":"영화진흥위원회","movieList":[{"movieCd":"20210579","movieNm":"더 플랜","movieNmEn":"The Plan","prdtYear":"2020","openDt":"","typeNm":"장편","prdtStatNm":"기타","nationAlt":"스페인","genreAlt":"코미디,드라마","repNationNm":"스페인","repGenreNm":"코미디","directors":[],"companys":[]},{"movieCd":"20218813","movieNm":"서유기: 재세요왕","movieNmEn":"Monkey King Reborn","prdtYear":"2020","openDt":"20210930","typeNm":"장편","prdtStatNm":"개봉","nationAlt":"중국","genreAlt":"애니메이션","repNationNm":"중국","repGenreNm":"애니메이션","directors":[{"peopleNm":"왕운비"}],"companys":[]},{"movieCd":"20219527","movieNm":"나의 흑역사 로맨티카","movieNmEn":"Out of My League","prdtYear":"2020","openDt":"20210922","typeNm":"장편","prdtStatNm":"개봉","nationAlt":"이탈리아","genreAlt":"멜로/로맨스,코미디","repNationNm":"이탈리아","repGenreNm":"멜로/로맨스","directors":[],"companys":[]},{"movieCd":"20196749","movieNm":"언더그라운드","movieNmEn":"Underground","prdtYear":"2019","openDt":"20210819","typeNm":"장편","prdtStatNm":"개봉","nationAlt":"한국","genreAlt":"다큐멘터리","repNationNm":"한국","repGenreNm":"다큐멘터리","directors":[{"peopleNm":"김정근"}],"companys":[{"companyCd":"20154870","companyNm":"수요일"}]},{"movieCd":"20219882","movieNm":"아버지의 길","movieNmEn":"Father","prdtYear":"2020","openDt":"20210930","typeNm":"장편","prdtStatNm":"개봉","nationAlt":"기타","genreAlt":"드라마","repNationNm":"기타","repGenreNm":"드라마","directors":[{"peopleNm":"스르단 고루보비치"}],"companys":[]},{"movieCd":"20179142","movieNm":"커피 느와르: 블랙 브라운","movieNmEn":"Coffee Noir: Black Brown","prdtYear":"2017","openDt":"","typeNm":"장편","prdtStatNm":"기타","nationAlt":"한국","genreAlt":"액션,코미디","repNationNm":"한국","repGenreNm":"액션","directors":[{"peopleNm":"장현상"}],"companys":[{"companyCd":"20130004","companyNm":"피도 안마른 녀석들"}]},{"movieCd":"20210903","movieNm":"The CMR2021: 큐레이션8-허정","movieNmEn":"","prdtYear":"2021","openDt":"","typeNm":"옴니버스","prdtStatNm":"기타","nationAlt":"한국","genreAlt":"기타","repNationNm":"한국","repGenreNm":"기타","directors":[],"companys":[]},{"movieCd":"20210902","movieNm":"The CMR2021: 큐레이션7-한준희","movieNmEn":"","prdtYear":"2021","openDt":"","typeNm":"옴니버스","prdtStatNm":"기타","nationAlt":"한국","genreAlt":"기타","repNationNm":"한국","repGenreNm":"기타","directors":[],"companys":[]},{"movieCd":"20210901","movieNm":"The CMR2021: 큐레이션6-임선애","movieNmEn":"","prdtYear":"2021","openDt":"","typeNm":"옴니버스","prdtStatNm":"기타","nationAlt":"한국","genreAlt":"기타","repNationNm":"한국","repGenreNm":"기타","directors":[],"companys":[]},{"movieCd":"20210860","movieNm":"The CMR2021: 큐레이션5-윤성호","movieNmEn":"","prdtYear":"2021","openDt":"","typeNm":"옴니버스","prdtStatNm":"기타","nationAlt":"한국","genreAlt":"기타","repNationNm":"한국","repGenreNm":"기타","directors":[],"companys":[]}]}