{"totCnt":"95385","source":"영화진흥위원회","movieList":[{"movieCd":"20212975","movieNm":"남친보다 부장님이 좋아요","movieNmEn":"Best mistress","prdtYear":"2021","openDt":"","typeNm":"장편","prdtStatNm":"기타","nationAlt":"일본","genreAlt":"성인물(에로),드라마","repNationNm":"일본","repGenreNm":"성인물(에로)","directors":[{"peopleNm":"킨피카하누케마루"}],"companys":[]},{"movieCd":"20212974","movieNm":"어느 하루","movieNmEn":"One Fine Day","prdtYear":"2021","openDt":"20210502","typeNm":"단편","prdtStatNm":"기타","nationAlt":"한국","genreAlt":"판타지,드라마,가족","repNationNm":"한국","repGenreNm":"판타지","directors":[{"peopleNm":"박혜연"}],"companys":[]},{"movieCd":"20211994","movieNm":"더 리벤져","movieNmEn":"The Dare","prdtYear":"2019","openDt":"","typeNm":"장편","prdtStatNm":"기타","nationAlt":"불가리아","genreAlt":"스릴러,공포(호러)","repNationNm":"불가리아","repGenreNm":"스릴러","directors":[{"peopleNm":"자일스 앨더슨"}],"companys":[]},{"movieCd":"20212146","movieNm":"스캔들: 숨겨진 비밀들","movieNmEn":"Scandalous","prdtYear":"2019","openDt":"","typeNm":"장편","prdtStatNm":"기타","nationAlt":"미국","genreAlt":"다큐멘터리","repNationNm":"미국","repGenreNm":"다큐멘터리","directors":[{"peopleNm":"마크 랜스만"}],"companys":[]},{"movieCd":"20205288","movieNm":"커플교환 : 여자친구가 원해서 무삭제","movieNmEn":"","prdtYear":"2020","openDt":"20211228","typeNm":"장편","prdtStatNm":"개봉","nationAlt":"한국","genreAlt":"멜로/로맨스","repNationNm":"한국","repGenreNm":"멜로/로맨스","directors":[{"peopleNm":"한대위"}],"companys":[{"companyCd":"20161021","companyNm":"(주)영화사가을"}]},{"movieCd":"20212027","movieNm":"아듀","movieNmEn":"Bye Bye Morons","prdtYear":"2020","openDt":"","typeNm":"장편","prdtStatNm":"기타","nationAlt":"프랑스","genreAlt":"코미디,드라마","repNationNm":"프랑스","repGenreNm":"코미디","directors":[{"peopleNm":"알베르 뒤퐁텔"}],"companys":[]},{"movieCd":"20211811","movieNm":"적인걸: 기문둔갑","movieNmEn":"Detective Dee's Ghosts","prdtYear":"2020","openDt":"","typeNm":"장편","prdtStatNm":"기타","nationAlt":"홍콩","genreAlt":"액션,사극","repNationNm":"홍콩","repGenreNm":"액션","directors":[],"companys":[]},{"movieCd":"20210757","movieNm":"크라임 보스","movieNmEn":"Arkansas","prdtYear":"2020","openDt":"","typeNm":"장편","prdtStatNm":"기타","nationAlt":"미국","genreAlt":"범죄,액션,스릴러","repNationNm":"미국","repGenreNm":"범죄","directors":[{"peopleNm":"클락 듀크"}],"companys":[]},{"movieCd":"20211771","movieNm":"킥복서 리벤져","movieNmEn":"Sangkar","prdtYear":"2019","openDt":"","typeNm":"장편","prdtStatNm":"기타","nationAlt":"말레이시아","genreAlt":"액션,드라마","repNationNm":"말레이시아","repGenreNm":"액션","directors":[{"peopleNm":"카비르 바티아"}],"companys":[]},{"movieCd":"20211879","movieNm":"톰소여의 모험","movieNmEn":"The Adventures of Thomasina Sawyer","prdtYear":"2020","openDt":"","typeNm":"장편","prdtStatNm":"기타","nationAlt":"미국","genreAlt":"어드벤처,가족","repNationNm":"미국","repGenreNm":"어드벤처","directors":[],"companys":[]}]}