{"totCnt":"95385","source":"영화진흥위원회","movieList":[{"movieCd":"20218759","movieNm":"스티브 맥퀸: 더 맨 앤 르망","movieNmEn":"Steve McQueen: The Man & Le Mans","prdtYear":"2015","openDt":"20211028","typeNm":"장편","prdtStatNm":"개봉","nationAlt":"미국","genreAlt":"다큐멘터리","repNationNm":"미국","repGenreNm":"다큐멘터리","directors":[],"companys":[]},{"movieCd":"20210892","movieNm":"비하인드 유","movieNmEn":"Behind You","prdtYear":"2020","openDt":"20211028","typeNm":"장편","prdtStatNm":"개봉","nationAlt":"미국","genreAlt":"공포(호러)","repNationNm":"미국","repGenreNm":"공포(호러)","directors":[],"companys":[]},{"movieCd":"20211223","movieNm":"버드나무숲 양림","movieNmEn":"","prdtYear":"2020","openDt":"","typeNm":"장편","prdtStatNm":"기타","nationAlt":"한국","genreAlt":"드라마","repNationNm":"한국","repGenreNm":"드라마","directors":[{"peopleNm":"정성현"}],"companys":[]},{"movieCd":"20211282","movieNm":"구원받은 도둑","movieNmEn":"The Penitent Thief","prdtYear":"2020","openDt":"20211028","typeNm":"장편","prdtStatNm":"개봉","nationAlt":"미국","genreAlt":"드라마","repNationNm":"미국","repGenreNm":"드라마","directors":[],"companys":[]},{"movieCd":"20211240","movieNm":"최면섹스:옆집여자","movieNmEn":"","prdtYear":"2020","openDt":"20211027","typeNm":"장편","prdtStatNm":"개봉","nationAlt":"일본","genreAlt":"멜로/로맨스,드라마","repNationNm":"일본","repGenreNm":"멜로/로맨스","directors":[{"peopleNm":"쿠도 타이요"}],"companys":[]},{"movieCd":"20211301","movieNm":"처제의 봉사","movieNmEn":"","prdtYear":"2020","openDt":"20211027","typeNm":"장편","prdtStatNm":"개봉","nationAlt":"일본","genreAlt":"멜로/로맨스,드라마","repNationNm":"일본","repGenreNm":"멜로/로맨스","directors":[{"peopleNm":"나가에 타카미"}],"companys":[]},{"movieCd":"20211283","movieNm":"젖은 면접:질펀한 거래","movieNmEn":"","prdtYear":"2020","openDt":"20211027","typeNm":"장편","prdtStatNm":"개봉","nationAlt":"일본","genreAlt":"멜로/로맨스,드라마","repNationNm":"일본","repGenreNm":"멜로/로맨스","directors":[{"peopleNm":"K-타로"}],"companys":[]},{"movieCd":"20211284","movieNm":"만취한 옆집여자의 서비스","movieNmEn":"","prdtYear":"2020","openDt":"20211027","typeNm":"장편","prdtStatNm":"개봉","nationAlt":"일본","genreAlt":"멜로/로맨스,드라마","repNationNm":"일본","repGenreNm":"멜로/로맨스","directors":[{"peopleNm":"디렉터 O"}],"companys":[]},{"movieCd":"20211390","movieNm":"대하","movieNmEn":"The Great River","prdtYear":"2009","openDt":"","typeNm":"장편","prdtStatNm":"기타","nationAlt":"중국","genreAlt":"드라마","repNationNm":"중국","repGenreNm":"드라마","directors":[{"peopleNm":"고봉"}],"companys":[]},{"movieCd":"20211389","movieNm":"베이징 오페라","movieNmEn":"Angel Vera","prdtYear":"2005","openDt":"","typeNm":"장편","prdtStatNm":"기타","nationAlt":"중국","genreAlt":"드라마","repNationNm":"중국","repGenreNm":"드라마","directors":[],"companys":[]}]}