{"totCnt":"95385","source":"영화진흥위원회","movieList":[{"movieCd":"20211926","movieNm":"제1회 부산여성청소년영화제 단편선","movieNmEn":"","prdtYear":"2021","openDt":"","typeNm":"옴니버스","prdtStatNm":"기타","nationAlt":"한국","genreAlt":"기타","repNationNm":"한국","repGenreNm":"기타","directors":[],"companys":[]},{"movieCd":"20218463","movieNm":"먼데이의 위대한 여정","movieNmEn":"Moon Rock for Monday","prdtYear":"2020","openDt":"","typeNm":"장편","prdtStatNm":"기타","nationAlt":"호주","genreAlt":"드라마","repNationNm":"호주","repGenreNm":"드라마","directors":[{"peopleNm":"커트 마틴"}],"companys":[]},{"movieCd":"20192205","movieNm":"신에게 보내는 편지","movieNmEn":"Dear God","prdtYear":"2019","openDt":"","typeNm":"단편","prdtStatNm":"기타","nationAlt":"한국","genreAlt":"공포(호러)","repNationNm":"한국","repGenreNm":"공포(호러)","directors":[{"peopleNm":"강다연"}],"companys":[]},{"movieCd":"20211922","movieNm":"사내정사2 욕망의 탕비실 무삭제","movieNmEn":"","prdtYear":"2021","openDt":"","typeNm":"장편","prdtStatNm":"기타","nationAlt":"한국","genreAlt":"성인물(에로)","repNationNm":"한국","repGenreNm":"성인물(에로)","directors":[{"peopleNm":"성운아"}],"companys":[{"companyCd":"20217484","companyNm":"(주)더비에스엔터테인먼트"}]},{"movieCd":"20211921","movieNm":"투명한 그녀 무삭제","movieNmEn":"","prdtYear":"2021","openDt":"","typeNm":"장편","prdtStatNm":"기타","nationAlt":"한국","genreAlt":"성인물(에로)","repNationNm":"한국","repGenreNm":"성인물(에로)","directors":[{"peopleNm":"성운아"}],"companys":[{"companyCd":"20217484","companyNm":"(주)더비에스엔터테인먼트"}]},{"movieCd":"20211308","movieNm":"THE창업가","movieNmEn":"The entrepreneur","prdtYear":"2021","openDt":"","typeNm":"단편","prdtStatNm":"기타","nationAlt":"한국","genreAlt":"다큐멘터리","repNationNm":"한국","repGenreNm":"다큐멘터리","directors":[{"peopleNm":"이덕재"}],"companys":[{"companyCd":"20218442","companyNm":"커팅엣지 주식회사"}]},{"movieCd":"20211906","movieNm":"아로파오계인","movieNmEn":"Pretty Ghost","prdtYear":"1991","openDt":"","typeNm":"장편","prdtStatNm":"기타","nationAlt":"홍콩","genreAlt":"멜로/로맨스,코미디","repNationNm":"홍콩","repGenreNm":"멜로/로맨스","directors":[{"peopleNm":"진덕삼"}],"companys":[]},{"movieCd":"20183422","movieNm":"그녀의 가족은 잘못이 없어","movieNmEn":"Her Family Has No Problem","prdtYear":"2018","openDt":"20211014","typeNm":"장편","prdtStatNm":"개봉","nationAlt":"한국","genreAlt":"","repNationNm":"한국","repGenreNm":"","directors":[{"peopleNm":"김헌"}],"companys":[{"companyCd":"20110901","companyNm":"이상우필름"}]},{"movieCd":"20211904","movieNm":"내 첫경험은 옆집 아줌마 무삭제판","movieNmEn":"Incomplete combustion","prdtYear":"2019","openDt":"","typeNm":"장편","prdtStatNm":"기타","nationAlt":"일본","genreAlt":"성인물(에로),드라마","repNationNm":"일본","repGenreNm":"성인물(에로)","directors":[{"peopleNm":"잠파"}],"companys":[]},{"movieCd":"20010036","movieNm":"파이란","movieNmEn":"Failan","prdtYear":"2001","openDt":"20010428","typeNm":"장편","prdtStatNm":"개봉","nationAlt":"한국","genreAlt":"드라마","repNationNm":"한국","repGenreNm":"드라마","directors":[{"peopleNm":"송해성"}],"companys":[{"companyCd":"20100420","companyNm":"튜브픽쳐스(주)"}]}]}