{"totCnt":"95385","source":"영화진흥위원회","movieList":[{"movieCd":"20210600","movieNm":"프렌치 디스패치","movieNmEn":"The French Dispatch","prdtYear":"2021","openDt":"20211118","typeNm":"장편","prdtStatNm":"개봉","nationAlt":"미국","genreAlt":"코미디,드라마,멜로/로맨스","repNationNm":"미국","repGenreNm":"코미디","directors":[{"peopleNm":"웨스 앤더슨"}],"companys":[]},{"movieCd":"20165901","movieNm":"소년, 소녀를 만나다","movieNmEn":"Boy meets girl","prdtYear":"2015","openDt":"","typeNm":"장편","prdtStatNm":"기타","nationAlt":"한국","genreAlt":"드라마","repNationNm":"한국","repGenreNm":"드라마","directors":[{"peopleNm":"장은연"}],"companys":[]},{"movieCd":"20223904","movieNm":"미인","movieNmEn":"","prdtYear":"2021","openDt":"20220224","typeNm":"장편","prdtStatNm":"개봉","nationAlt":"한국","genreAlt":"다큐멘터리","repNationNm":"한국","repGenreNm":"다큐멘터리","directors":[{"peopleNm":"홍태선"}],"companys":[{"companyCd":"20186621","companyNm":"필름에이픽쳐스"},{"companyCd":"20186741","companyNm":"한국영상대학교"}]},{"movieCd":"20191590","movieNm":"존경하고 사랑하는 국민여러분","movieNmEn":"","prdtYear":"2021","openDt":"20220127","typeNm":"장편","prdtStatNm":"개봉","nationAlt":"한국","genreAlt":"다큐멘터리","repNationNm":"한국","repGenreNm":"다큐멘터리","directors":[{"peopleNm":"김진홍"}],"companys":[{"companyCd":"20061772","companyNm":"(주)영화사메이플러스"},{"companyCd":"20218503","companyNm":"광주MBC"}]},{"movieCd":"20224016","movieNm":"치욕의 관: 중년 아저씨의 조교 무삭제판","movieNmEn":"","prdtYear":"2020","openDt":"","typeNm":"장편","prdtStatNm":"기타","nationAlt":"일본","genreAlt":"성인물(에로),드라마","repNationNm":"일본","repGenreNm":"성인물(에로)","directors":[],"companys":[]},{"movieCd":"20223773","movieNm":"연애 빠진 섹스","movieNmEn":"","prdtYear":"2021","openDt":"20220318","typeNm":"장편","prdtStatNm":"개봉","nationAlt":"한국","genreAlt":"성인물(에로),드라마,멜로/로맨스","repNationNm":"한국","repGenreNm":"성인물(에로)","directors":[{"peopleNm":"윤준세"}],"companys":[{"companyCd":"20114899","companyNm":"(주)영진크리에이티브"}]},{"movieCd":"20224110","movieNm":"아내의 상사를 초대해버린 남편 무삭제판","movieNmEn":"","prdtYear":"2020","openDt":"","typeNm":"장편","prdtStatNm":"기타","nationAlt":"일본","genreAlt":"성인물(에로),드라마","repNationNm":"일본","repGenreNm":"성인물(에로)","directors":[],"companys":[]},{"movieCd":"20224108","movieNm":"그시절 누님과 금지된 정사 무삭제판","movieNmEn":"","prdtYear":"2020","openDt":"","typeNm":"장편","prdtStatNm":"기타","nationAlt":"일본","genreAlt":"성인물(에로),드라마","repNationNm":"일본","repGenreNm":"성인물(에로)","directors":[{"peopleNm":"마메자와 마메타로"}],"companys":[]},{"movieCd":"20224293","movieNm":"우크라이나 침공","movieNmEn":"Cyborgs","prdtYear":"2022","openDt":"","typeNm":"장편","prdtStatNm":"기타","nationAlt":"우크라이나","genreAlt":"전쟁,액션,드라마","repNationNm":"우크라이나","repGenreNm":"전쟁","directors":[{"peopleNm":"아카텐 세이타블라예프"}],"companys":[]},{"movieCd":"20224294","movieNm":"일장춘몽","movieNmEn":"LIFE IS BUT A DREAM","prdtYear":"2022","openDt":"","typeNm":"단편","prdtStatNm":"기타","nationAlt":"한국","genreAlt":"기타","repNationNm":"한국","repGenreNm":"기타","directors":[{"peopleNm":"박찬욱"}],"companys":[{"companyCd":"20100357","companyNm":"모호필름"}]}]}