{"totCnt":"95385","source":"영화진흥위원회","movieList":[{"movieCd":"20211215","movieNm":"어른이 된 여동생","movieNmEn":"Stepmother's daughter","prdtYear":"2021","openDt":"","typeNm":"장편","prdtStatNm":"기타","nationAlt":"일본","genreAlt":"성인물(에로),드라마","repNationNm":"일본","repGenreNm":"성인물(에로)","directors":[],"companys":[]},{"movieCd":"20211198","movieNm":"왕게임: 음란 스와핑","movieNmEn":"Snack sapphire","prdtYear":"2021","openDt":"","typeNm":"장편","prdtStatNm":"기타","nationAlt":"일본","genreAlt":"성인물(에로),드라마","repNationNm":"일본","repGenreNm":"성인물(에로)","directors":[],"companys":[]},{"movieCd":"20211214","movieNm":"가녀린 그녀와 덩치큰 선배","movieNmEn":"Lady of an electric shop","prdtYear":"2021","openDt":"","typeNm":"장편","prdtStatNm":"기타","nationAlt":"일본","genreAlt":"성인물(에로),드라마","repNationNm":"일본","repGenreNm":"성인물(에로)","directors":[{"peopleNm":"사토 이노스케"}],"companys":[]},{"movieCd":"20211197","movieNm":"아줌마를 거칠게 다루는 손님","movieNmEn":"Frustrated masseuse","prdtYear":"2021","openDt":"","typeNm":"장편","prdtStatNm":"기타","nationAlt":"일본","genreAlt":"성인물(에로),드라마","repNationNm":"일본","repGenreNm":"성인물(에로)","directors":[],"companys":[]},{"movieCd":"20211196","movieNm":"여자 배달부 스와핑","movieNmEn":"Delivery girl","prdtYear":"2021","openDt":"","typeNm":"장편","prdtStatNm":"기타","nationAlt":"일본","genreAlt":"성인물(에로),드라마","repNationNm":"일본","repGenreNm":"성인물(에로)","directors":[{"peopleNm":"히로아키"}],"companys":[]},{"movieCd":"20211212","movieNm":"사악한 쾌락 : 킬러들의 험담","movieNmEn":"Vicious Fun","prdtYear":"2020","openDt":"","typeNm":"장편","prdtStatNm":"기타","nationAlt":"캐나다","genreAlt":"액션","repNationNm":"캐나다","repGenreNm":"액션","directors":[{"peopleNm":"코디 칼라한"}],"companys":[]},{"movieCd":"20211209","movieNm":"유에스비","movieNmEn":"USB","prdtYear":"2020","openDt":"","typeNm":"단편","prdtStatNm":"기타","nationAlt":"한국","genreAlt":"기타","repNationNm":"한국","repGenreNm":"기타","directors":[{"peopleNm":"황동석"}],"companys":[{"companyCd":"20188442","companyNm":"A18픽쳐스"}]},{"movieCd":"20211207","movieNm":"힐링하우스 : 섹스의 왕국 무삭제판","movieNmEn":"","prdtYear":"2021","openDt":"","typeNm":"장편","prdtStatNm":"기타","nationAlt":"한국","genreAlt":"멜로/로맨스","repNationNm":"한국","repGenreNm":"멜로/로맨스","directors":[{"peopleNm":"윤수현"}],"companys":[{"companyCd":"20189621","companyNm":"(주)라온컴퍼니플러스"}]},{"movieCd":"20211190","movieNm":"직장 야유회의 목적 무삭제","movieNmEn":"","prdtYear":"2021","openDt":"","typeNm":"장편","prdtStatNm":"기타","nationAlt":"한국","genreAlt":"성인물(에로)","repNationNm":"한국","repGenreNm":"성인물(에로)","directors":[{"peopleNm":"김은덕"}],"companys":[{"companyCd":"20199962","companyNm":"(주)담화"}]},{"movieCd":"20211189","movieNm":"자매여도 괜찮아 무삭제","movieNmEn":"","prdtYear":"2021","openDt":"","typeNm":"장편","prdtStatNm":"기타","nationAlt":"한국","genreAlt":"성인물(에로)","repNationNm":"한국","repGenreNm":"성인물(에로)","directors":[{"peopleNm":"성이성"}],"companys":[{"companyCd":"20199962","companyNm":"(주)담화"}]}]}