{"totCnt":"95385","source":"영화진흥위원회","movieList":[{"movieCd":"20211738","movieNm":"상사의 아내","movieNmEn":"","prdtYear":"2021","openDt":"","typeNm":"장편","prdtStatNm":"기타","nationAlt":"일본","genreAlt":"성인물(에로)","repNationNm":"일본","repGenreNm":"성인물(에로)","directors":[{"peopleNm":"타케다 케이시"}],"companys":[]},{"movieCd":"20211737","movieNm":"나쁜 거래","movieNmEn":"","prdtYear":"2021","openDt":"","typeNm":"단편","prdtStatNm":"기타","nationAlt":"한국","genreAlt":"드라마","repNationNm":"한국","repGenreNm":"드라마","directors":[{"peopleNm":"배영한"}],"companys":[]},{"movieCd":"20211743","movieNm":"보속","movieNmEn":"Sinner","prdtYear":"2021","openDt":"","typeNm":"단편","prdtStatNm":"기타","nationAlt":"한국","genreAlt":"기타","repNationNm":"한국","repGenreNm":"기타","directors":[{"peopleNm":"양재준"}],"companys":[]},{"movieCd":"20098163","movieNm":"파우더 블루","movieNmEn":"Powder Blue","prdtYear":"2009","openDt":"","typeNm":"장편","prdtStatNm":"기타","nationAlt":"미국","genreAlt":"드라마","repNationNm":"미국","repGenreNm":"드라마","directors":[{"peopleNm":"티모시 린 뷔"}],"companys":[]},{"movieCd":"20211733","movieNm":"특종 기자","movieNmEn":"","prdtYear":"2020","openDt":"","typeNm":"장편","prdtStatNm":"기타","nationAlt":"한국","genreAlt":"기타","repNationNm":"한국","repGenreNm":"기타","directors":[{"peopleNm":"장유근"}],"companys":[{"companyCd":"20218382","companyNm":"(주)필름펀"}]},{"movieCd":"20211741","movieNm":"파라노말 리얼리티","movieNmEn":"Virtual Reality","prdtYear":"2021","openDt":"","typeNm":"장편","prdtStatNm":"기타","nationAlt":"아르헨티나","genreAlt":"액션,공포(호러)","repNationNm":"아르헨티나","repGenreNm":"액션","directors":[{"peopleNm":"에르난 핀들링"}],"companys":[]},{"movieCd":"20211731","movieNm":"사모님 길들이기 무삭제판","movieNmEn":"Affair culture","prdtYear":"2020","openDt":"","typeNm":"장편","prdtStatNm":"기타","nationAlt":"일본","genreAlt":"성인물(에로),드라마","repNationNm":"일본","repGenreNm":"성인물(에로)","directors":[{"peopleNm":"오자키 히로코우지"}],"companys":[]},{"movieCd":"20211726","movieNm":"운동화","movieNmEn":"","prdtYear":"2021","openDt":"","typeNm":"단편","prdtStatNm":"기타","nationAlt":"한국","genreAlt":"드라마","repNationNm":"한국","repGenreNm":"드라마","directors":[{"peopleNm":"전권하"}],"companys":[]},{"movieCd":"20182752","movieNm":"검은비: 악의연대기","movieNmEn":"","prdtYear":"2017","openDt":"20181026","typeNm":"장편","prdtStatNm":"개봉","nationAlt":"한국","genreAlt":"액션","repNationNm":"한국","repGenreNm":"액션","directors":[{"peopleNm":"장유근"}],"companys":[{"companyCd":"20140773","companyNm":"(주)에스와이미디어"}]},{"movieCd":"20204100","movieNm":"수상한 법정","movieNmEn":"Suspicious Court","prdtYear":"2019","openDt":"","typeNm":"장편","prdtStatNm":"기타","nationAlt":"한국","genreAlt":"가족,드라마","repNationNm":"한국","repGenreNm":"가족","directors":[{"peopleNm":"최종학"}],"companys":[{"companyCd":"20155509","companyNm":"(주)에이치에이케이프로덕션"}]}]}