{"totCnt":"95385","source":"영화진흥위원회","movieList":[{"movieCd":"20223443","movieNm":"히어루져","movieNmEn":"I am not hero","prdtYear":"2017","openDt":"","typeNm":"단편","prdtStatNm":"기타","nationAlt":"한국","genreAlt":"드라마,액션","repNationNm":"한국","repGenreNm":"드라마","directors":[],"companys":[]},{"movieCd":"20223425","movieNm":"이름에게","movieNmEn":"Dear Name","prdtYear":"2021","openDt":"","typeNm":"장편","prdtStatNm":"기타","nationAlt":"한국","genreAlt":"드라마","repNationNm":"한국","repGenreNm":"드라마","directors":[{"peopleNm":"황형근"}],"companys":[]},{"movieCd":"20223441","movieNm":"더 테이블 호러쇼","movieNmEn":"The Table Horrorshow","prdtYear":"2021","openDt":"","typeNm":"단편","prdtStatNm":"기타","nationAlt":"한국","genreAlt":"드라마,코미디","repNationNm":"한국","repGenreNm":"드라마","directors":[{"peopleNm":"김동은"}],"companys":[]},{"movieCd":"20223424","movieNm":"별을 그리는 방법","movieNmEn":"How to Draw the Star","prdtYear":"2017","openDt":"","typeNm":"단편","prdtStatNm":"기타","nationAlt":"미국","genreAlt":"드라마","repNationNm":"미국","repGenreNm":"드라마","directors":[{"peopleNm":"임은우"}],"companys":[]},{"movieCd":"20223422","movieNm":"봉지","movieNmEn":"The Bag","prdtYear":"2021","openDt":"","typeNm":"단편","prdtStatNm":"기타","nationAlt":"한국","genreAlt":"공포(호러),스릴러,미스터리","repNationNm":"한국","repGenreNm":"공포(호러)","directors":[{"peopleNm":"조형운"}],"companys":[]},{"movieCd":"20223400","movieNm":"생채기","movieNmEn":"","prdtYear":"1999","openDt":"","typeNm":"단편","prdtStatNm":"기타","nationAlt":"한국","genreAlt":"드라마","repNationNm":"한국","repGenreNm":"드라마","directors":[{"peopleNm":"정진미"}],"companys":[]},{"movieCd":"20223084","movieNm":"황실수사대","movieNmEn":"Exorcist Judge Bao","prdtYear":"2019","openDt":"","typeNm":"장편","prdtStatNm":"기타","nationAlt":"홍콩,중국","genreAlt":"액션,판타지","repNationNm":"홍콩","repGenreNm":"액션","directors":[],"companys":[]},{"movieCd":"20223104","movieNm":"백일몽","movieNmEn":"Daydream","prdtYear":"2018","openDt":"","typeNm":"단편","prdtStatNm":"기타","nationAlt":"한국","genreAlt":"드라마","repNationNm":"한국","repGenreNm":"드라마","directors":[{"peopleNm":"안서현"}],"companys":[]},{"movieCd":"20223305","movieNm":"선","movieNmEn":"Line","prdtYear":"2018","openDt":"","typeNm":"단편","prdtStatNm":"기타","nationAlt":"한국","genreAlt":"드라마","repNationNm":"한국","repGenreNm":"드라마","directors":[{"peopleNm":"조국형"}],"companys":[]},{"movieCd":"20223325","movieNm":"매너시험","movieNmEn":"Manner Test","prdtYear":"2019","openDt":"","typeNm":"단편","prdtStatNm":"기타","nationAlt":"한국","genreAlt":"코미디","repNationNm":"한국","repGenreNm":"코미디","directors":[{"peopleNm":"조국형"}],"companys":[]}]}