{"totCnt":"95385","source":"영화진흥위원회","movieList":[{"movieCd":"20223268","movieNm":"더 컨테이젼: 바이러스의 습격","movieNmEn":"The Leakers","prdtYear":"2018","openDt":"20220330","typeNm":"장편","prdtStatNm":"개봉","nationAlt":"중국","genreAlt":"드라마,미스터리","repNationNm":"중국","repGenreNm":"드라마","directors":[],"companys":[]},{"movieCd":"20224151","movieNm":"FBI 데스트랩","movieNmEn":"Midnight in the Switchgrass","prdtYear":"2021","openDt":"20220330","typeNm":"장편","prdtStatNm":"개봉","nationAlt":"미국","genreAlt":"스릴러","repNationNm":"미국","repGenreNm":"스릴러","directors":[],"companys":[]},{"movieCd":"20224418","movieNm":"작전명 아이리스","movieNmEn":"Iris","prdtYear":"2018","openDt":"","typeNm":"장편","prdtStatNm":"기타","nationAlt":"미국","genreAlt":"액션","repNationNm":"미국","repGenreNm":"액션","directors":[],"companys":[]},{"movieCd":"20224011","movieNm":"애인 : 스무살 차이","movieNmEn":"","prdtYear":"2021","openDt":"20220310","typeNm":"장편","prdtStatNm":"개봉","nationAlt":"일본","genreAlt":"성인물(에로),멜로/로맨스","repNationNm":"일본","repGenreNm":"성인물(에로)","directors":[],"companys":[]},{"movieCd":"20224078","movieNm":"소리 없는 부인: 남편까지 거리 1미터","movieNmEn":"","prdtYear":"2022","openDt":"20220310","typeNm":"장편","prdtStatNm":"개봉","nationAlt":"일본","genreAlt":"성인물(에로),드라마","repNationNm":"일본","repGenreNm":"성인물(에로)","directors":[],"companys":[]},{"movieCd":"20224093","movieNm":"담보 대출: 당신에게 사랑 받고 싶어서","movieNmEn":"","prdtYear":"2022","openDt":"20220310","typeNm":"장편","prdtStatNm":"개봉","nationAlt":"일본","genreAlt":"성인물(에로),드라마","repNationNm":"일본","repGenreNm":"성인물(에로)","directors":[{"peopleNm":"사다오카 사다오"}],"companys":[]},{"movieCd":"20224183","movieNm":"나는 에로배우다","movieNmEn":"","prdtYear":"2021","openDt":"20220310","typeNm":"장편","prdtStatNm":"개봉","nationAlt":"한국","genreAlt":"성인물(에로),멜로/로맨스","repNationNm":"한국","repGenreNm":"성인물(에로)","directors":[{"peopleNm":"알렉사 박"}],"companys":[{"companyCd":"20217521","companyNm":"타히티 필름"}]},{"movieCd":"20224119","movieNm":"초대받은 배달부 2","movieNmEn":"","prdtYear":"2022","openDt":"20220308","typeNm":"장편","prdtStatNm":"개봉","nationAlt":"한국","genreAlt":"성인물(에로)","repNationNm":"한국","repGenreNm":"성인물(에로)","directors":[{"peopleNm":"이상수"}],"companys":[{"companyCd":"20161342","companyNm":"선셋 시네마"}]},{"movieCd":"20224031","movieNm":"물 많은 여동생","movieNmEn":"","prdtYear":"2021","openDt":"20220308","typeNm":"장편","prdtStatNm":"개봉","nationAlt":"한국","genreAlt":"성인물(에로),멜로/로맨스","repNationNm":"한국","repGenreNm":"성인물(에로)","directors":[{"peopleNm":"김동해"}],"companys":[{"companyCd":"20217221","companyNm":"라이어 시네마"}]},{"movieCd":"20224182","movieNm":"과격한 섹스","movieNmEn":"","prdtYear":"2021","openDt":"20220308","typeNm":"장편","prdtStatNm":"개봉","nationAlt":"한국","genreAlt":"성인물(에로),멜로/로맨스","repNationNm":"한국","repGenreNm":"성인물(에로)","directors":[{"peopleNm":"알렉사 박"}],"companys":[{"companyCd":"20217521","companyNm":"타히티 필름"}]}]}