{"totCnt":"95385","source":"영화진흥위원회","movieList":[{"movieCd":"20224023","movieNm":"시아버지에게 느낀 며느리 무삭제판","movieNmEn":"Dangerous day","prdtYear":"2020","openDt":"","typeNm":"장편","prdtStatNm":"기타","nationAlt":"일본","genreAlt":"성인물(에로),드라마","repNationNm":"일본","repGenreNm":"성인물(에로)","directors":[{"peopleNm":"오자키 히로코우지"}],"companys":[]},{"movieCd":"20223793","movieNm":"서유기: 손오공 홍해아 대전","movieNmEn":"The Journey to the West: Red Boy","prdtYear":"2021","openDt":"","typeNm":"장편","prdtStatNm":"기타","nationAlt":"중국","genreAlt":"액션","repNationNm":"중국","repGenreNm":"액션","directors":[],"companys":[]},{"movieCd":"19768176","movieNm":"설중매","movieNmEn":"Seol Jung Mae","prdtYear":"1976","openDt":"","typeNm":"장편","prdtStatNm":"기타","nationAlt":"한국","genreAlt":"사극","repNationNm":"한국","repGenreNm":"사극","directors":[{"peopleNm":"김시현"}],"companys":[{"companyCd":"20060167","companyNm":"남아진흥(주)"}]},{"movieCd":"20211200","movieNm":"언차티드","movieNmEn":"Uncharted","prdtYear":"2022","openDt":"20220216","typeNm":"장편","prdtStatNm":"개봉","nationAlt":"미국","genreAlt":"액션,어드벤처","repNationNm":"미국","repGenreNm":"액션","directors":[{"peopleNm":"루벤 플레셔"}],"companys":[]},{"movieCd":"20175207","movieNm":"능력소녀","movieNmEn":"Superpower Girl","prdtYear":"2017","openDt":"","typeNm":"단편","prdtStatNm":"기타","nationAlt":"한국","genreAlt":"드라마","repNationNm":"한국","repGenreNm":"드라마","directors":[{"peopleNm":"김수영"}],"companys":[]},{"movieCd":"20150448","movieNm":"연희","movieNmEn":"Yeon hui","prdtYear":"2014","openDt":"","typeNm":"단편","prdtStatNm":"기타","nationAlt":"한국","genreAlt":"드라마","repNationNm":"한국","repGenreNm":"드라마","directors":[{"peopleNm":"백해선"}],"companys":[]},{"movieCd":"20223995","movieNm":"농담시간의 유령","movieNmEn":"","prdtYear":"2021","openDt":"","typeNm":"장편","prdtStatNm":"기타","nationAlt":"한국","genreAlt":"기타","repNationNm":"한국","repGenreNm":"기타","directors":[],"companys":[]},{"movieCd":"20211423","movieNm":"피그","movieNmEn":"Pig","prdtYear":"2021","openDt":"20220223","typeNm":"장편","prdtStatNm":"개봉","nationAlt":"미국","genreAlt":"드라마,스릴러","repNationNm":"미국","repGenreNm":"드라마","directors":[],"companys":[]},{"movieCd":"20223391","movieNm":"세라비: 다섯 번의 기적","movieNmEn":"Labor Day","prdtYear":"2020","openDt":"20220223","typeNm":"장편","prdtStatNm":"개봉","nationAlt":"프랑스","genreAlt":"코미디,드라마,멜로/로맨스","repNationNm":"프랑스","repGenreNm":"코미디","directors":[{"peopleNm":"줄리앙 람발디"}],"companys":[]},{"movieCd":"20223743","movieNm":"나이트메어 앨리","movieNmEn":"Nightmare Alley","prdtYear":"2020","openDt":"20220223","typeNm":"장편","prdtStatNm":"개봉","nationAlt":"미국","genreAlt":"범죄,드라마,스릴러","repNationNm":"미국","repGenreNm":"범죄","directors":[{"peopleNm":"기예르모 델 토로"}],"companys":[]}]}