{"totCnt":"95385","source":"영화진흥위원회","movieList":[{"movieCd":"20231635","movieNm":"연상의 맛 2","movieNmEn":"","prdtYear":"2023","openDt":"","typeNm":"장편","prdtStatNm":"기타","nationAlt":"한국","genreAlt":"성인물(에로)","repNationNm":"한국","repGenreNm":"성인물(에로)","directors":[{"peopleNm":"하은수"}],"companys":[{"companyCd":"20217184","companyNm":"영화사 레드카펫"}]},{"movieCd":"20231653","movieNm":"대물선배와 쓰리섬","movieNmEn":"","prdtYear":"2023","openDt":"","typeNm":"장편","prdtStatNm":"기타","nationAlt":"한국","genreAlt":"성인물(에로)","repNationNm":"한국","repGenreNm":"성인물(에로)","directors":[{"peopleNm":"김수영"}],"companys":[{"companyCd":"20217184","companyNm":"영화사 레드카펫"}]},{"movieCd":"20231538","movieNm":"송암동","movieNmEn":"","prdtYear":"2023","openDt":"","typeNm":"장편","prdtStatNm":"개봉준비","nationAlt":"한국","genreAlt":"기타","repNationNm":"한국","repGenreNm":"기타","directors":[],"companys":[{"companyCd":"20188041","companyNm":"(주)훈프로"}]},{"movieCd":"20231404","movieNm":"러브 달바","movieNmEn":"Love According to Dalva","prdtYear":"2022","openDt":"","typeNm":"장편","prdtStatNm":"기타","nationAlt":"프랑스","genreAlt":"드라마","repNationNm":"프랑스","repGenreNm":"드라마","directors":[],"companys":[]},{"movieCd":"20231634","movieNm":"테이스츠 오브 호러","movieNmEn":"Tastes of Horror","prdtYear":"2023","openDt":"","typeNm":"장편","prdtStatNm":"개봉준비","nationAlt":"한국","genreAlt":"공포(호러)","repNationNm":"한국","repGenreNm":"공포(호러)","directors":[{"peopleNm":"김용균"},{"peopleNm":"임대웅"},{"peopleNm":"안상훈"},{"peopleNm":"윤은경"},{"peopleNm":"채여준"}],"companys":[{"companyCd":"20141511","companyNm":"(주)투유드림"},{"companyCd":"20062859","companyNm":"(주)아이뉴컴퍼니"}]},{"movieCd":"2023C129","movieNm":"스토리 오브 머메이드","movieNmEn":"Nerisa","prdtYear":"2021","openDt":"","typeNm":"온라인전용","prdtStatNm":"기타","nationAlt":"필리핀","genreAlt":"기타","repNationNm":"필리핀","repGenreNm":"기타","directors":[{"peopleNm":"로렌스 파자르도"}],"companys":[]},{"movieCd":"20226582","movieNm":"꿈 공장","movieNmEn":"The Dream Factory","prdtYear":"2019","openDt":"","typeNm":"단편","prdtStatNm":"기타","nationAlt":"한국","genreAlt":"드라마","repNationNm":"한국","repGenreNm":"드라마","directors":[{"peopleNm":"이승재"}],"companys":[{"companyCd":"20229641","companyNm":"풋인라이트"}]},{"movieCd":"20231264","movieNm":"블랙 워터: 어비스","movieNmEn":"Black Water: Abyss","prdtYear":"2020","openDt":"20230614","typeNm":"장편","prdtStatNm":"개봉예정","nationAlt":"호주","genreAlt":"공포(호러),액션,스릴러","repNationNm":"호주","repGenreNm":"공포(호러)","directors":[{"peopleNm":"앤드류 트라우키"}],"companys":[]},{"movieCd":"20227863","movieNm":"라이스보이 슬립스","movieNmEn":"Riceboy Sleeps","prdtYear":"2022","openDt":"20230419","typeNm":"장편","prdtStatNm":"개봉","nationAlt":"캐나다","genreAlt":"가족,드라마","repNationNm":"캐나다","repGenreNm":"가족","directors":[{"peopleNm":"앤소니 심"}],"companys":[]},{"movieCd":"20230561","movieNm":"연악 나의 운명","movieNmEn":"","prdtYear":"2022","openDt":"","typeNm":"장편","prdtStatNm":"기타","nationAlt":"한국","genreAlt":"기타","repNationNm":"한국","repGenreNm":"기타","directors":[{"peopleNm":"박한열"}],"companys":[{"companyCd":"20230341","companyNm":"주식회사 도화원엔터테인먼트"}]}]}