{"totCnt":"95385","source":"영화진흥위원회","movieList":[{"movieCd":"20211206","movieNm":"쌔빨간 장모님 무삭제","movieNmEn":"","prdtYear":"2021","openDt":"","typeNm":"장편","prdtStatNm":"기타","nationAlt":"한국","genreAlt":"성인물(에로)","repNationNm":"한국","repGenreNm":"성인물(에로)","directors":[{"peopleNm":"맹진사"}],"companys":[{"companyCd":"20199962","companyNm":"(주)담화"}]},{"movieCd":"20211205","movieNm":"떡 편한 세상 무삭제","movieNmEn":"","prdtYear":"2021","openDt":"","typeNm":"장편","prdtStatNm":"기타","nationAlt":"한국","genreAlt":"성인물(에로)","repNationNm":"한국","repGenreNm":"성인물(에로)","directors":[{"peopleNm":"리윤"}],"companys":[{"companyCd":"20199962","companyNm":"(주)담화"}]},{"movieCd":"20210575","movieNm":"3대 테너: 영원한 목소리","movieNmEn":"Three Tenors: Voices for Eternity","prdtYear":"2020","openDt":"","typeNm":"장편","prdtStatNm":"기타","nationAlt":"독일","genreAlt":"다큐멘터리","repNationNm":"독일","repGenreNm":"다큐멘터리","directors":[{"peopleNm":"장 알렉산더 느티비하브와"}],"companys":[]},{"movieCd":"20211203","movieNm":"한 침대 두 커플 무삭제","movieNmEn":"","prdtYear":"2021","openDt":"","typeNm":"장편","prdtStatNm":"기타","nationAlt":"한국","genreAlt":"성인물(에로)","repNationNm":"한국","repGenreNm":"성인물(에로)","directors":[{"peopleNm":"맹진사"}],"companys":[{"companyCd":"20199962","companyNm":"(주)담화"}]},{"movieCd":"20211185","movieNm":"중독: 윗집 아가씨 무삭제","movieNmEn":"","prdtYear":"2021","openDt":"","typeNm":"장편","prdtStatNm":"기타","nationAlt":"한국","genreAlt":"성인물(에로)","repNationNm":"한국","repGenreNm":"성인물(에로)","directors":[{"peopleNm":"리윤"}],"companys":[{"companyCd":"20199962","companyNm":"(주)담화"}]},{"movieCd":"20211184","movieNm":"섹스라이팅 무삭제","movieNmEn":"","prdtYear":"2021","openDt":"","typeNm":"장편","prdtStatNm":"기타","nationAlt":"한국","genreAlt":"성인물(에로)","repNationNm":"한국","repGenreNm":"성인물(에로)","directors":[{"peopleNm":"성이성"}],"companys":[{"companyCd":"20199962","companyNm":"(주)담화"}]},{"movieCd":"20211202","movieNm":"교회누나랑 첫 여자 무삭제","movieNmEn":"","prdtYear":"2021","openDt":"","typeNm":"장편","prdtStatNm":"기타","nationAlt":"한국","genreAlt":"성인물(에로)","repNationNm":"한국","repGenreNm":"성인물(에로)","directors":[{"peopleNm":"김성현"}],"companys":[{"companyCd":"20199962","companyNm":"(주)담화"}]},{"movieCd":"20219348","movieNm":"피그말리온","movieNmEn":"Pygmalion","prdtYear":"2021","openDt":"","typeNm":"단편","prdtStatNm":"기타","nationAlt":"한국","genreAlt":"","repNationNm":"한국","repGenreNm":"","directors":[{"peopleNm":"김형종"},{"peopleNm":"김윤성"}],"companys":[]},{"movieCd":"20210967","movieNm":"시크릿 에이전트","movieNmEn":"A Call to Spy","prdtYear":"2019","openDt":"","typeNm":"장편","prdtStatNm":"기타","nationAlt":"미국","genreAlt":"드라마,스릴러,전쟁","repNationNm":"미국","repGenreNm":"드라마","directors":[],"companys":[]},{"movieCd":"20218052","movieNm":"베놈 2: 렛 데어 비 카니지","movieNmEn":"Venom: Let There Be Carnage","prdtYear":"2021","openDt":"20211013","typeNm":"장편","prdtStatNm":"개봉","nationAlt":"미국","genreAlt":"액션,SF,스릴러","repNationNm":"미국","repGenreNm":"액션","directors":[{"peopleNm":"앤디 서키스"}],"companys":[]}]}