{"totCnt":"95385","source":"영화진흥위원회","movieList":[{"movieCd":"20224707","movieNm":"좋아요. 댓글. 구독","movieNmEn":"","prdtYear":"2021","openDt":"","typeNm":"장편","prdtStatNm":"기타","nationAlt":"한국","genreAlt":"기타","repNationNm":"한국","repGenreNm":"기타","directors":[],"companys":[]},{"movieCd":"20224688","movieNm":"강원도","movieNmEn":"Gangwon-do","prdtYear":"2021","openDt":"","typeNm":"장편","prdtStatNm":"기타","nationAlt":"한국","genreAlt":"드라마","repNationNm":"한국","repGenreNm":"드라마","directors":[{"peopleNm":"박기용"}],"companys":[{"companyCd":"20063231","companyNm":"비필름"}]},{"movieCd":"20224687","movieNm":"흠뻑젖은 엉덩이로 유혹하는 숙모","movieNmEn":"","prdtYear":"2021","openDt":"","typeNm":"장편","prdtStatNm":"기타","nationAlt":"일본","genreAlt":"성인물(에로)","repNationNm":"일본","repGenreNm":"성인물(에로)","directors":[{"peopleNm":"코지마 유키오"}],"companys":[]},{"movieCd":"20224703","movieNm":"새엄마 타락시키기 아이카짱","movieNmEn":"","prdtYear":"2021","openDt":"","typeNm":"장편","prdtStatNm":"기타","nationAlt":"일본","genreAlt":"성인물(에로)","repNationNm":"일본","repGenreNm":"성인물(에로)","directors":[{"peopleNm":"코지마 유키오"}],"companys":[]},{"movieCd":"20224686","movieNm":"한곳만 공략당한 레이코","movieNmEn":"","prdtYear":"2021","openDt":"","typeNm":"장편","prdtStatNm":"기타","nationAlt":"일본","genreAlt":"성인물(에로)","repNationNm":"일본","repGenreNm":"성인물(에로)","directors":[{"peopleNm":"코지마 유키오"}],"companys":[]},{"movieCd":"20224702","movieNm":"결국 안아버린 풍만 장모님","movieNmEn":"","prdtYear":"2021","openDt":"","typeNm":"장편","prdtStatNm":"기타","nationAlt":"일본","genreAlt":"성인물(에로)","repNationNm":"일본","repGenreNm":"성인물(에로)","directors":[{"peopleNm":"코지마 유키오"}],"companys":[]},{"movieCd":"20224434","movieNm":"백골 요괴전","movieNmEn":"Hey! Little Bones","prdtYear":"2020","openDt":"","typeNm":"장편","prdtStatNm":"기타","nationAlt":"중국","genreAlt":"판타지,액션","repNationNm":"중국","repGenreNm":"판타지","directors":[],"companys":[]},{"movieCd":"20224399","movieNm":"열대왕사","movieNmEn":"Are You Lonesome Tonight?","prdtYear":"2021","openDt":"20220421","typeNm":"장편","prdtStatNm":"개봉","nationAlt":"중국","genreAlt":"범죄,스릴러","repNationNm":"중국","repGenreNm":"범죄","directors":[{"peopleNm":"샤이페이 웬"}],"companys":[]},{"movieCd":"20211267","movieNm":"팔마","movieNmEn":"Palma","prdtYear":"2021","openDt":"20220421","typeNm":"장편","prdtStatNm":"개봉","nationAlt":"러시아","genreAlt":"드라마","repNationNm":"러시아","repGenreNm":"드라마","directors":[{"peopleNm":"알렉산드리아 도모가로프에"}],"companys":[]},{"movieCd":"20212546","movieNm":"짝사랑","movieNmEn":"Lovelylove","prdtYear":"2021","openDt":"","typeNm":"단편","prdtStatNm":"기타","nationAlt":"한국","genreAlt":"기타","repNationNm":"한국","repGenreNm":"기타","directors":[{"peopleNm":"주영"}],"companys":[]}]}