{"totCnt":"95385","source":"영화진흥위원회","movieList":[{"movieCd":"20223367","movieNm":"헤이세이 풍속사 - 그때의 너는 섹시했어","movieNmEn":"","prdtYear":"2020","openDt":"","typeNm":"장편","prdtStatNm":"기타","nationAlt":"일본","genreAlt":"성인물(에로)","repNationNm":"일본","repGenreNm":"성인물(에로)","directors":[],"companys":[]},{"movieCd":"20223366","movieNm":"면접","movieNmEn":"Interview","prdtYear":"2021","openDt":"","typeNm":"단편","prdtStatNm":"기타","nationAlt":"한국","genreAlt":"드라마,스릴러","repNationNm":"한국","repGenreNm":"드라마","directors":[{"peopleNm":"고형주"}],"companys":[]},{"movieCd":"20223353","movieNm":"여자를 가르쳐준 새엄마-레나짱","movieNmEn":"","prdtYear":"2020","openDt":"","typeNm":"장편","prdtStatNm":"기타","nationAlt":"일본","genreAlt":"성인물(에로)","repNationNm":"일본","repGenreNm":"성인물(에로)","directors":[],"companys":[]},{"movieCd":"20223352","movieNm":"야릇하게 핥아준 새엄마","movieNmEn":"","prdtYear":"2020","openDt":"","typeNm":"장편","prdtStatNm":"기타","nationAlt":"일본","genreAlt":"성인물(에로)","repNationNm":"일본","repGenreNm":"성인물(에로)","directors":[],"companys":[]},{"movieCd":"20213001","movieNm":"로봇청소기 로망스 ","movieNmEn":"Robot vacuum cleaner, Romance","prdtYear":"2021","openDt":"","typeNm":"단편","prdtStatNm":"기타","nationAlt":"한국","genreAlt":"드라마","repNationNm":"한국","repGenreNm":"드라마","directors":[{"peopleNm":"유아인"}],"companys":[]},{"movieCd":"20212261","movieNm":"그런 일은 일어나지 않았지","movieNmEn":"","prdtYear":"2021","openDt":"","typeNm":"장편","prdtStatNm":"기타","nationAlt":"한국","genreAlt":"드라마,코미디","repNationNm":"한국","repGenreNm":"드라마","directors":[{"peopleNm":"김충길"}],"companys":[{"companyCd":"20153894","companyNm":"(주)콘텐츠윙"}]},{"movieCd":"19960040","movieNm":"하얀 노을","movieNmEn":"White Sunset","prdtYear":"1996","openDt":"19961026","typeNm":"장편","prdtStatNm":"개봉","nationAlt":"한국","genreAlt":"멜로/로맨스","repNationNm":"한국","repGenreNm":"멜로/로맨스","directors":[{"peopleNm":"이정권"}],"companys":[{"companyCd":"20100012","companyNm":"(주)신도필림"},{"companyCd":"20100778","companyNm":"정륭사"}]},{"movieCd":"20223361","movieNm":"노르망디 상륙작전","movieNmEn":"Operation Overlord","prdtYear":"2021","openDt":"","typeNm":"장편","prdtStatNm":"기타","nationAlt":"미국","genreAlt":"전쟁,액션","repNationNm":"미국","repGenreNm":"전쟁","directors":[{"peopleNm":"브렛 벤트먼"}],"companys":[]},{"movieCd":"20193924","movieNm":"비바 라 비다","movieNmEn":"Viva La Vida","prdtYear":"2020","openDt":"","typeNm":"장편","prdtStatNm":"기타","nationAlt":"한국","genreAlt":"다큐멘터리","repNationNm":"한국","repGenreNm":"다큐멘터리","directors":[{"peopleNm":"이상목"}],"companys":[]},{"movieCd":"20212281","movieNm":"긴 하루","movieNmEn":"","prdtYear":"2021","openDt":"20211230","typeNm":"장편","prdtStatNm":"개봉","nationAlt":"한국","genreAlt":"드라마","repNationNm":"한국","repGenreNm":"드라마","directors":[{"peopleNm":"조성규"}],"companys":[{"companyCd":"20206281","companyNm":"(주)와우"}]}]}