{"totCnt":"95385","source":"영화진흥위원회","movieList":[{"movieCd":"20212847","movieNm":"걸음마다 푸른 꿈","movieNmEn":"","prdtYear":"2021","openDt":"","typeNm":"단편","prdtStatNm":"기타","nationAlt":"한국","genreAlt":"다큐멘터리","repNationNm":"한국","repGenreNm":"다큐멘터리","directors":[],"companys":[]},{"movieCd":"20150324","movieNm":"박강아름의 가장무도회","movieNmEn":"Areum","prdtYear":"2016","openDt":"","typeNm":"장편","prdtStatNm":"기타","nationAlt":"한국","genreAlt":"다큐멘터리","repNationNm":"한국","repGenreNm":"다큐멘터리","directors":[{"peopleNm":"박강아름"}],"companys":[]},{"movieCd":"20212830","movieNm":"마침내 물들다","movieNmEn":"","prdtYear":"2020","openDt":"","typeNm":"장편","prdtStatNm":"기타","nationAlt":"한국","genreAlt":"드라마","repNationNm":"한국","repGenreNm":"드라마","directors":[],"companys":[]},{"movieCd":"20205694","movieNm":"흔한 이름","movieNmEn":"A Common Name ","prdtYear":"2019","openDt":"","typeNm":"단편","prdtStatNm":"기타","nationAlt":"한국","genreAlt":"기타","repNationNm":"한국","repGenreNm":"기타","directors":[{"peopleNm":"송원재"}],"companys":[]},{"movieCd":"20212846","movieNm":"오프스크린","movieNmEn":"Off Screen","prdtYear":"2009","openDt":"","typeNm":"장편","prdtStatNm":"기타","nationAlt":"한국","genreAlt":"기타","repNationNm":"한국","repGenreNm":"기타","directors":[],"companys":[]},{"movieCd":"20212845","movieNm":"-8.15","movieNmEn":"","prdtYear":"2017","openDt":"","typeNm":"단편","prdtStatNm":"기타","nationAlt":"한국","genreAlt":"드라마","repNationNm":"한국","repGenreNm":"드라마","directors":[],"companys":[]},{"movieCd":"20212826","movieNm":"이상호의 눈","movieNmEn":"","prdtYear":"2013","openDt":"","typeNm":"단편","prdtStatNm":"기타","nationAlt":"한국","genreAlt":"다큐멘터리","repNationNm":"한국","repGenreNm":"다큐멘터리","directors":[],"companys":[]},{"movieCd":"20212844","movieNm":"베리타스: 하버드, 그들만의 진실","movieNmEn":"","prdtYear":"2011","openDt":"","typeNm":"장편","prdtStatNm":"기타","nationAlt":"한국","genreAlt":"다큐멘터리","repNationNm":"한국","repGenreNm":"다큐멘터리","directors":[],"companys":[]},{"movieCd":"20212843","movieNm":"세상이 그대를 힘들게 할지라도","movieNmEn":"","prdtYear":"2020","openDt":"","typeNm":"단편","prdtStatNm":"기타","nationAlt":"한국","genreAlt":"코미디,드라마","repNationNm":"한국","repGenreNm":"코미디","directors":[{"peopleNm":"조영상"}],"companys":[]},{"movieCd":"20211942","movieNm":"한 번도 경험해보지 못한 나라","movieNmEn":"","prdtYear":"2021","openDt":"","typeNm":"장편","prdtStatNm":"기타","nationAlt":"한국","genreAlt":"다큐멘터리","repNationNm":"한국","repGenreNm":"다큐멘터리","directors":[],"companys":[{"companyCd":"20191802","companyNm":"영화사 무명"}]}]}