{"totCnt":"95385","source":"영화진흥위원회","movieList":[{"movieCd":"20223650","movieNm":"철수","movieNmEn":"Chul-soo","prdtYear":"2021","openDt":"","typeNm":"단편","prdtStatNm":"기타","nationAlt":"한국","genreAlt":"드라마","repNationNm":"한국","repGenreNm":"드라마","directors":[{"peopleNm":"정연우"}],"companys":[]},{"movieCd":"20223629","movieNm":"주빈","movieNmEn":"Ju-Bin","prdtYear":"2020","openDt":"","typeNm":"단편","prdtStatNm":"기타","nationAlt":"한국","genreAlt":"기타","repNationNm":"한국","repGenreNm":"기타","directors":[],"companys":[]},{"movieCd":"20223628","movieNm":"연기실습lll","movieNmEn":"THEA 103 – ACTING","prdtYear":"2021","openDt":"","typeNm":"단편","prdtStatNm":"기타","nationAlt":"한국","genreAlt":"드라마","repNationNm":"한국","repGenreNm":"드라마","directors":[{"peopleNm":"이승엽"}],"companys":[]},{"movieCd":"20223633","movieNm":"헬리콥터 맘","movieNmEn":"Helicopter Mom","prdtYear":"2021","openDt":"","typeNm":"단편","prdtStatNm":"기타","nationAlt":"한국","genreAlt":"애니메이션","repNationNm":"한국","repGenreNm":"애니메이션","directors":[],"companys":[]},{"movieCd":"20223627","movieNm":"피라미드","movieNmEn":"Pyramid","prdtYear":"2021","openDt":"","typeNm":"기타","prdtStatNm":"기타","nationAlt":"한국","genreAlt":"애니메이션","repNationNm":"한국","repGenreNm":"애니메이션","directors":[],"companys":[]},{"movieCd":"20210722","movieNm":"십장생","movieNmEn":"Sipjangsaeng","prdtYear":"2021","openDt":"","typeNm":"단편","prdtStatNm":"기타","nationAlt":"한국","genreAlt":"스릴러","repNationNm":"한국","repGenreNm":"스릴러","directors":[],"companys":[]},{"movieCd":"20223625","movieNm":"매니페디","movieNmEn":"Mani-Pedi","prdtYear":"2020","openDt":"","typeNm":"단편","prdtStatNm":"기타","nationAlt":"한국","genreAlt":"드라마","repNationNm":"한국","repGenreNm":"드라마","directors":[{"peopleNm":"김민주"}],"companys":[]},{"movieCd":"20223624","movieNm":"티시 태시","movieNmEn":"Tish Tash","prdtYear":"2020","openDt":"","typeNm":"단편","prdtStatNm":"기타","nationAlt":"한국","genreAlt":"애니메이션","repNationNm":"한국","repGenreNm":"애니메이션","directors":[{"peopleNm":"신창환"}],"companys":[]},{"movieCd":"20223632","movieNm":"너의 결혼식","movieNmEn":"Your Wedding","prdtYear":"2021","openDt":"","typeNm":"단편","prdtStatNm":"기타","nationAlt":"한국","genreAlt":"애니메이션","repNationNm":"한국","repGenreNm":"애니메이션","directors":[],"companys":[]},{"movieCd":"20223622","movieNm":"RAINBOW","movieNmEn":"RAINBOW","prdtYear":"2020","openDt":"","typeNm":"단편","prdtStatNm":"기타","nationAlt":"한국","genreAlt":"드라마","repNationNm":"한국","repGenreNm":"드라마","directors":[],"companys":[]}]}