{"totCnt":"95385","source":"영화진흥위원회","movieList":[{"movieCd":"20211172","movieNm":"편의점에서 고양이를 만났다","movieNmEn":"Cat Walks Into","prdtYear":"2021","openDt":"","typeNm":"단편","prdtStatNm":"기타","nationAlt":"한국","genreAlt":"드라마","repNationNm":"한국","repGenreNm":"드라마","directors":[],"companys":[]},{"movieCd":"20211149","movieNm":"라잉","movieNmEn":"Lying","prdtYear":"2021","openDt":"","typeNm":"단편","prdtStatNm":"기타","nationAlt":"한국","genreAlt":"드라마","repNationNm":"한국","repGenreNm":"드라마","directors":[],"companys":[]},{"movieCd":"20211166","movieNm":"와우보이","movieNmEn":"The Boy With Wonder Ears","prdtYear":"2021","openDt":"","typeNm":"단편","prdtStatNm":"기타","nationAlt":"한국","genreAlt":"드라마","repNationNm":"한국","repGenreNm":"드라마","directors":[{"peopleNm":"구상범"}],"companys":[]},{"movieCd":"20211145","movieNm":"SIPFF2021 시퀸의 이중생활(PS)","movieNmEn":"","prdtYear":"2021","openDt":"","typeNm":"옴니버스","prdtStatNm":"기타","nationAlt":"기타","genreAlt":"기타","repNationNm":"기타","repGenreNm":"기타","directors":[],"companys":[]},{"movieCd":"20211165","movieNm":"SIPFF2021 리딩 레이디스(PS)","movieNmEn":"","prdtYear":"2021","openDt":"","typeNm":"옴니버스","prdtStatNm":"기타","nationAlt":"기타","genreAlt":"기타","repNationNm":"기타","repGenreNm":"기타","directors":[],"companys":[]},{"movieCd":"20211144","movieNm":"SIPFF2021 경찰관 크리스티(PS)","movieNmEn":"","prdtYear":"2021","openDt":"","typeNm":"옴니버스","prdtStatNm":"기타","nationAlt":"기타","genreAlt":"기타","repNationNm":"기타","repGenreNm":"기타","directors":[],"companys":[]},{"movieCd":"20211143","movieNm":"SIPFF2021 태양을 덮다(PS)","movieNmEn":"","prdtYear":"2021","openDt":"","typeNm":"옴니버스","prdtStatNm":"기타","nationAlt":"기타","genreAlt":"기타","repNationNm":"기타","repGenreNm":"기타","directors":[],"companys":[]},{"movieCd":"20211164","movieNm":"SIPFF2021 비밀은 없다(PS)","movieNmEn":"","prdtYear":"2021","openDt":"","typeNm":"옴니버스","prdtStatNm":"기타","nationAlt":"기타","genreAlt":"기타","repNationNm":"기타","repGenreNm":"기타","directors":[],"companys":[]},{"movieCd":"20211163","movieNm":"SIPFF2021 체르노빌 1986(PS)","movieNmEn":"","prdtYear":"2021","openDt":"","typeNm":"옴니버스","prdtStatNm":"기타","nationAlt":"기타","genreAlt":"기타","repNationNm":"기타","repGenreNm":"기타","directors":[],"companys":[]},{"movieCd":"20211162","movieNm":"SIPFF2021 소년이 소년을 만나다(PS)","movieNmEn":"","prdtYear":"2021","openDt":"","typeNm":"옴니버스","prdtStatNm":"기타","nationAlt":"기타","genreAlt":"기타","repNationNm":"기타","repGenreNm":"기타","directors":[],"companys":[]}]}