{"totCnt":"95385","source":"영화진흥위원회","movieList":[{"movieCd":"20212208","movieNm":"정릉길","movieNmEn":"","prdtYear":"2021","openDt":"","typeNm":"단편","prdtStatNm":"기타","nationAlt":"한국","genreAlt":"다큐멘터리","repNationNm":"한국","repGenreNm":"다큐멘터리","directors":[{"peopleNm":"박경민"}],"companys":[]},{"movieCd":"20223529","movieNm":"심판기","movieNmEn":"The Judgment","prdtYear":"2020","openDt":"","typeNm":"단편","prdtStatNm":"기타","nationAlt":"한국","genreAlt":"스릴러","repNationNm":"한국","repGenreNm":"스릴러","directors":[{"peopleNm":"임정섭"}],"companys":[]},{"movieCd":"20113283","movieNm":"케 세라, 세라","movieNmEn":"QUE SERA, SERA","prdtYear":"2009","openDt":"","typeNm":"단편","prdtStatNm":"기타","nationAlt":"한국","genreAlt":"드라마","repNationNm":"한국","repGenreNm":"드라마","directors":[{"peopleNm":"간영훈"}],"companys":[]},{"movieCd":"20223593","movieNm":"제왕나비의 전설","movieNmEn":"Son of Monarchs","prdtYear":"2020","openDt":"","typeNm":"장편","prdtStatNm":"기타","nationAlt":"미국","genreAlt":"드라마","repNationNm":"미국","repGenreNm":"드라마","directors":[],"companys":[]},{"movieCd":"20223592","movieNm":"나를 위한 스코어","movieNmEn":"Score my score","prdtYear":"2021","openDt":"","typeNm":"단편","prdtStatNm":"기타","nationAlt":"한국","genreAlt":"코미디,뮤지컬","repNationNm":"한국","repGenreNm":"코미디","directors":[{"peopleNm":"강승표"}],"companys":[]},{"movieCd":"20223576","movieNm":"굿 애프터눈 스윗 드림","movieNmEn":"Goodafternoon Sweetdream","prdtYear":"2021","openDt":"","typeNm":"장편","prdtStatNm":"기타","nationAlt":"한국","genreAlt":"기타","repNationNm":"한국","repGenreNm":"기타","directors":[{"peopleNm":"방승현"}],"companys":[]},{"movieCd":"20223567","movieNm":"파도가 칠 때","movieNmEn":"When the waves rise","prdtYear":"2020","openDt":"","typeNm":"장편","prdtStatNm":"기타","nationAlt":"한국","genreAlt":"드라마","repNationNm":"한국","repGenreNm":"드라마","directors":[],"companys":[]},{"movieCd":"20210689","movieNm":"기우제","movieNmEn":"Ritual for Rain","prdtYear":"2021","openDt":"20211202","typeNm":"장편","prdtStatNm":"개봉","nationAlt":"한국","genreAlt":"드라마,멜로/로맨스","repNationNm":"한국","repGenreNm":"드라마","directors":[{"peopleNm":"권하"}],"companys":[{"companyCd":"20218541","companyNm":"묘명동화"}]},{"movieCd":"20223566","movieNm":"프레스 ","movieNmEn":"PRESS","prdtYear":"2021","openDt":"","typeNm":"단편","prdtStatNm":"기타","nationAlt":"한국","genreAlt":"코미디","repNationNm":"한국","repGenreNm":"코미디","directors":[],"companys":[]},{"movieCd":"20212175","movieNm":"기억의 시간","movieNmEn":"","prdtYear":"2021","openDt":"20211208","typeNm":"장편","prdtStatNm":"개봉","nationAlt":"한국","genreAlt":"멜로/로맨스","repNationNm":"한국","repGenreNm":"멜로/로맨스","directors":[{"peopleNm":"황경성"}],"companys":[{"companyCd":"20218566","companyNm":"(주)컨택트미디어"}]}]}