{"totCnt":"95385","source":"영화진흥위원회","movieList":[{"movieCd":"20217858","movieNm":"별의 목소리 X 초속5센티미터","movieNmEn":"The Voices of a Distant Star X 5 Centimeters per Second","prdtYear":"2007","openDt":"","typeNm":"옴니버스","prdtStatNm":"기타","nationAlt":"일본","genreAlt":"애니메이션","repNationNm":"일본","repGenreNm":"애니메이션","directors":[{"peopleNm":"신카이 마코토"}],"companys":[]},{"movieCd":"20219343","movieNm":"애욕의 사정공간","movieNmEn":"","prdtYear":"2021","openDt":"20210813","typeNm":"장편","prdtStatNm":"개봉","nationAlt":"일본","genreAlt":"멜로/로맨스","repNationNm":"일본","repGenreNm":"멜로/로맨스","directors":[{"peopleNm":"나기라 겐조"}],"companys":[]},{"movieCd":"20219046","movieNm":"사랑방 손님","movieNmEn":"","prdtYear":"2021","openDt":"20210813","typeNm":"장편","prdtStatNm":"개봉","nationAlt":"한국","genreAlt":"멜로/로맨스","repNationNm":"한국","repGenreNm":"멜로/로맨스","directors":[{"peopleNm":"최환"}],"companys":[{"companyCd":"20063099","companyNm":"(주)케이알씨지"}]},{"movieCd":"20219364","movieNm":"불쾌한 섹스","movieNmEn":"","prdtYear":"2021","openDt":"20210813","typeNm":"장편","prdtStatNm":"개봉","nationAlt":"일본","genreAlt":"멜로/로맨스","repNationNm":"일본","repGenreNm":"멜로/로맨스","directors":[{"peopleNm":"류타"}],"companys":[]},{"movieCd":"20219114","movieNm":"동거인의 아내","movieNmEn":"","prdtYear":"2021","openDt":"20210813","typeNm":"장편","prdtStatNm":"개봉","nationAlt":"한국","genreAlt":"성인물(에로),멜로/로맨스","repNationNm":"한국","repGenreNm":"성인물(에로)","directors":[{"peopleNm":"리차드 킴"}],"companys":[{"companyCd":"20122937","companyNm":"(주)룬컴퍼니"}]},{"movieCd":"20219365","movieNm":"넣어준 관리인","movieNmEn":"","prdtYear":"2021","openDt":"20210813","typeNm":"장편","prdtStatNm":"개봉","nationAlt":"일본","genreAlt":"멜로/로맨스","repNationNm":"일본","repGenreNm":"멜로/로맨스","directors":[{"peopleNm":"나기라 겐조"}],"companys":[]},{"movieCd":"20219349","movieNm":"사랑인가 바","movieNmEn":"","prdtYear":"2021","openDt":"20210811","typeNm":"장편","prdtStatNm":"개봉","nationAlt":"한국","genreAlt":"멜로/로맨스","repNationNm":"한국","repGenreNm":"멜로/로맨스","directors":[{"peopleNm":"민채연"}],"companys":[{"companyCd":"2019821","companyNm":"유한회사 영화사 반딧불"}]},{"movieCd":"20219528","movieNm":"은밀한 무릎과 무릎사이","movieNmEn":"","prdtYear":"2020","openDt":"20210810","typeNm":"장편","prdtStatNm":"개봉","nationAlt":"한국","genreAlt":"성인물(에로)","repNationNm":"한국","repGenreNm":"성인물(에로)","directors":[{"peopleNm":"정지승"}],"companys":[{"companyCd":"20176162","companyNm":"(주)코빈커뮤니케이션즈"}]},{"movieCd":"20219550","movieNm":"야한동생 몸으로 울다","movieNmEn":"","prdtYear":"2020","openDt":"20210810","typeNm":"장편","prdtStatNm":"개봉","nationAlt":"한국","genreAlt":"성인물(에로)","repNationNm":"한국","repGenreNm":"성인물(에로)","directors":[{"peopleNm":"정지승"}],"companys":[{"companyCd":"20176162","companyNm":"(주)코빈커뮤니케이션즈"}]},{"movieCd":"20216331","movieNm":"밀애 : 외로운 형수 무삭제","movieNmEn":"","prdtYear":"2021","openDt":"20210807","typeNm":"장편","prdtStatNm":"개봉","nationAlt":"한국","genreAlt":"멜로/로맨스,드라마","repNationNm":"한국","repGenreNm":"멜로/로맨스","directors":[{"peopleNm":"신우찬"}],"companys":[{"companyCd":"20161021","companyNm":"(주)영화사가을"}]}]}