{"totCnt":"95385","source":"영화진흥위원회","movieList":[{"movieCd":"20210365","movieNm":"질펀한 면접기:한 번 봅시다","movieNmEn":"","prdtYear":"2019","openDt":"20210913","typeNm":"장편","prdtStatNm":"개봉","nationAlt":"일본","genreAlt":"멜로/로맨스,드라마","repNationNm":"일본","repGenreNm":"멜로/로맨스","directors":[{"peopleNm":"타나카 스나오"}],"companys":[]},{"movieCd":"20210367","movieNm":"어린 새엄마:오늘밤 둘이서","movieNmEn":"","prdtYear":"2020","openDt":"20210913","typeNm":"장편","prdtStatNm":"개봉","nationAlt":"일본","genreAlt":"멜로/로맨스,드라마","repNationNm":"일본","repGenreNm":"멜로/로맨스","directors":[{"peopleNm":"히이라기 엔부"}],"companys":[]},{"movieCd":"20210167","movieNm":"순진한 새댁의 아랫도리","movieNmEn":"","prdtYear":"2021","openDt":"20210913","typeNm":"장편","prdtStatNm":"개봉","nationAlt":"한국","genreAlt":"성인물(에로)","repNationNm":"한국","repGenreNm":"성인물(에로)","directors":[{"peopleNm":"강현성"}],"companys":[{"companyCd":"20217881","companyNm":"(주)샤이커뮤니케이션즈"}]},{"movieCd":"20210368","movieNm":"대물 사위:너무 거대해","movieNmEn":"","prdtYear":"2020","openDt":"20210913","typeNm":"장편","prdtStatNm":"개봉","nationAlt":"일본","genreAlt":"멜로/로맨스,드라마","repNationNm":"일본","repGenreNm":"멜로/로맨스","directors":[{"peopleNm":"버드맨 텟페이"}],"companys":[]},{"movieCd":"20210572","movieNm":"특수부대 풍운","movieNmEn":"Siping Situation","prdtYear":"2019","openDt":"","typeNm":"장편","prdtStatNm":"기타","nationAlt":"중국","genreAlt":"액션","repNationNm":"중국","repGenreNm":"액션","directors":[],"companys":[]},{"movieCd":"20050265","movieNm":"부에나 비스타 소셜 클럽","movieNmEn":"Buena Vista Social Club","prdtYear":"1999","openDt":"20010301","typeNm":"장편","prdtStatNm":"개봉","nationAlt":"독일","genreAlt":"다큐멘터리","repNationNm":"독일","repGenreNm":"다큐멘터리","directors":[{"peopleNm":"빔 벤더스"}],"companys":[]},{"movieCd":"20210560","movieNm":"GISFF2021 개막작 + 2020 사전제작지원작 특별상영","movieNmEn":"","prdtYear":"2021","openDt":"","typeNm":"옴니버스","prdtStatNm":"기타","nationAlt":"기타","genreAlt":"기타","repNationNm":"기타","repGenreNm":"기타","directors":[],"companys":[]},{"movieCd":"20210559","movieNm":"GISFF2021 시네마 올드 앤 뉴: 국내 감독전 그룹2","movieNmEn":"","prdtYear":"2021","openDt":"","typeNm":"옴니버스","prdtStatNm":"기타","nationAlt":"한국","genreAlt":"기타","repNationNm":"한국","repGenreNm":"기타","directors":[],"companys":[]},{"movieCd":"20210568","movieNm":"GISFF2021 시네마 올드 앤 뉴: 국내 감독전 그룹1","movieNmEn":"","prdtYear":"2021","openDt":"","typeNm":"옴니버스","prdtStatNm":"기타","nationAlt":"한국","genreAlt":"기타","repNationNm":"한국","repGenreNm":"기타","directors":[],"companys":[]},{"movieCd":"20210567","movieNm":"GISFF2021 선댄스영화제 수상작 특별전: 미국 경쟁","movieNmEn":"","prdtYear":"2021","openDt":"","typeNm":"옴니버스","prdtStatNm":"기타","nationAlt":"미국","genreAlt":"기타","repNationNm":"미국","repGenreNm":"기타","directors":[],"companys":[]}]}