{"totCnt":"95385","source":"영화진흥위원회","movieList":[{"movieCd":"20223263","movieNm":"우리 아빠","movieNmEn":"","prdtYear":"2018","openDt":"","typeNm":"장편","prdtStatNm":"기타","nationAlt":"한국","genreAlt":"다큐멘터리","repNationNm":"한국","repGenreNm":"다큐멘터리","directors":[{"peopleNm":"전성호"}],"companys":[]},{"movieCd":"20223147","movieNm":"동그라미","movieNmEn":"","prdtYear":"2021","openDt":"","typeNm":"단편","prdtStatNm":"기타","nationAlt":"한국","genreAlt":"드라마,가족","repNationNm":"한국","repGenreNm":"드라마","directors":[{"peopleNm":"이건우"}],"companys":[]},{"movieCd":"20212921","movieNm":"화성왕 김무명","movieNmEn":"Mirage","prdtYear":"2021","openDt":"","typeNm":"단편","prdtStatNm":"기타","nationAlt":"한국","genreAlt":"드라마,코미디,판타지","repNationNm":"한국","repGenreNm":"드라마","directors":[{"peopleNm":"김나래"}],"companys":[]},{"movieCd":"20208324","movieNm":"공모","movieNmEn":"Plot","prdtYear":"2020","openDt":"","typeNm":"단편","prdtStatNm":"기타","nationAlt":"한국","genreAlt":"드라마","repNationNm":"한국","repGenreNm":"드라마","directors":[{"peopleNm":"전인환"}],"companys":[]},{"movieCd":"20213062","movieNm":"젖어버린 욕구불만 거유유부 무삭제판","movieNmEn":"","prdtYear":"2020","openDt":"","typeNm":"장편","prdtStatNm":"기타","nationAlt":"일본","genreAlt":"성인물(에로),드라마","repNationNm":"일본","repGenreNm":"성인물(에로)","directors":[{"peopleNm":"오자키 히로코우지"}],"companys":[]},{"movieCd":"20212734","movieNm":"욕정터진 문학 유부녀 무삭제판","movieNmEn":"","prdtYear":"2020","openDt":"","typeNm":"장편","prdtStatNm":"기타","nationAlt":"일본","genreAlt":"성인물(에로),드라마","repNationNm":"일본","repGenreNm":"성인물(에로)","directors":[{"peopleNm":"쇼텐 시로"}],"companys":[]},{"movieCd":"20212858","movieNm":"억눌린 색욕의 분출","movieNmEn":"","prdtYear":"2021","openDt":"20220106","typeNm":"장편","prdtStatNm":"개봉","nationAlt":"한국","genreAlt":"성인물(에로)","repNationNm":"한국","repGenreNm":"성인물(에로)","directors":[{"peopleNm":"강현성"}],"companys":[{"companyCd":"20217881","companyNm":"(주)샤이커뮤니케이션즈"}]},{"movieCd":"20223123","movieNm":"씨받이 그녀들의 전쟁","movieNmEn":"","prdtYear":"2021","openDt":"","typeNm":"장편","prdtStatNm":"기타","nationAlt":"한국","genreAlt":"멜로/로맨스","repNationNm":"한국","repGenreNm":"멜로/로맨스","directors":[{"peopleNm":"최환"}],"companys":[{"companyCd":"20063099","companyNm":"(주)케이알씨지"}]},{"movieCd":"20213061","movieNm":"승진을 위하여 무삭제판","movieNmEn":"","prdtYear":"2020","openDt":"","typeNm":"장편","prdtStatNm":"기타","nationAlt":"일본","genreAlt":"성인물(에로),드라마","repNationNm":"일본","repGenreNm":"성인물(에로)","directors":[],"companys":[]},{"movieCd":"20212837","movieNm":"섹스의 여신","movieNmEn":"","prdtYear":"2021","openDt":"20220106","typeNm":"장편","prdtStatNm":"개봉","nationAlt":"한국","genreAlt":"성인물(에로)","repNationNm":"한국","repGenreNm":"성인물(에로)","directors":[{"peopleNm":"강현성"}],"companys":[{"companyCd":"20217881","companyNm":"(주)샤이커뮤니케이션즈"}]}]}