{"totCnt":"95385","source":"영화진흥위원회","movieList":[{"movieCd":"20158358","movieNm":"파란입이 달린 얼굴","movieNmEn":"A Blue Mouthed Face","prdtYear":"2015","openDt":"20180118","typeNm":"장편","prdtStatNm":"개봉","nationAlt":"한국","genreAlt":"드라마","repNationNm":"한국","repGenreNm":"드라마","directors":[{"peopleNm":"김수정"}],"companys":[{"companyCd":"20123755","companyNm":"냉이영화"}]},{"movieCd":"20211540","movieNm":"듣보인간의 생존신고","movieNmEn":"Notes from the Unknown","prdtYear":"2021","openDt":"","typeNm":"장편","prdtStatNm":"기타","nationAlt":"한국","genreAlt":"다큐멘터리","repNationNm":"한국","repGenreNm":"다큐멘터리","directors":[],"companys":[]},{"movieCd":"20223125","movieNm":"세월","movieNmEn":"Life Goes On","prdtYear":"2021","openDt":"","typeNm":"장편","prdtStatNm":"기타","nationAlt":"한국","genreAlt":"다큐멘터리","repNationNm":"한국","repGenreNm":"다큐멘터리","directors":[{"peopleNm":"장민경"}],"companys":[]},{"movieCd":"20224496","movieNm":"악몽의 원리","movieNmEn":"Principle of Nightmare","prdtYear":"2021","openDt":"","typeNm":"단편","prdtStatNm":"기타","nationAlt":"한국","genreAlt":"드라마","repNationNm":"한국","repGenreNm":"드라마","directors":[{"peopleNm":"송원재"}],"companys":[]},{"movieCd":"20224477","movieNm":"생태교란종","movieNmEn":"The Runner","prdtYear":"2021","openDt":"","typeNm":"단편","prdtStatNm":"기타","nationAlt":"한국","genreAlt":"드라마","repNationNm":"한국","repGenreNm":"드라마","directors":[],"companys":[]},{"movieCd":"20162865","movieNm":"거미줄","movieNmEn":"Silent","prdtYear":"2015","openDt":"","typeNm":"단편","prdtStatNm":"기타","nationAlt":"한국","genreAlt":"드라마","repNationNm":"한국","repGenreNm":"드라마","directors":[{"peopleNm":"정시온"}],"companys":[]},{"movieCd":"20071054","movieNm":"중경삼림","movieNmEn":"Chungking Express","prdtYear":"1994","openDt":"19950902","typeNm":"장편","prdtStatNm":"개봉","nationAlt":"홍콩","genreAlt":"드라마","repNationNm":"홍콩","repGenreNm":"드라마","directors":[{"peopleNm":"왕가위 "}],"companys":[{"companyCd":"20103525","companyNm":"젯톤프로덕션"}]},{"movieCd":"20212724","movieNm":"앰뷸런스","movieNmEn":"Ambulance","prdtYear":"2022","openDt":"20220406","typeNm":"장편","prdtStatNm":"개봉","nationAlt":"미국","genreAlt":"액션,범죄","repNationNm":"미국","repGenreNm":"액션","directors":[{"peopleNm":"마이클 베이"}],"companys":[]},{"movieCd":"20224491","movieNm":"Smiling Jockey","movieNmEn":"Smiling Jockey","prdtYear":"2022","openDt":"","typeNm":"장편","prdtStatNm":"기타","nationAlt":"한국","genreAlt":"다큐멘터리","repNationNm":"한국","repGenreNm":"다큐멘터리","directors":[],"companys":[]},{"movieCd":"20191585","movieNm":"열정","movieNmEn":"Passion","prdtYear":"2008","openDt":"","typeNm":"장편","prdtStatNm":"기타","nationAlt":"일본","genreAlt":"드라마","repNationNm":"일본","repGenreNm":"드라마","directors":[{"peopleNm":"하마구치 류스케"}],"companys":[]}]}