{"totCnt":"95385","source":"영화진흥위원회","movieList":[{"movieCd":"20230781","movieNm":"전 남친한테 빼앗긴 성욕 터진 내 아내","movieNmEn":"","prdtYear":"2023","openDt":"","typeNm":"장편","prdtStatNm":"기타","nationAlt":"일본","genreAlt":"성인물(에로)","repNationNm":"일본","repGenreNm":"성인물(에로)","directors":[{"peopleNm":"제임스 오"}],"companys":[]},{"movieCd":"20217162","movieNm":"여인과 사자","movieNmEn":"Woman Who Killed a Lion","prdtYear":"2021","openDt":"","typeNm":"단편","prdtStatNm":"기타","nationAlt":"한국","genreAlt":"드라마","repNationNm":"한국","repGenreNm":"드라마","directors":[],"companys":[]},{"movieCd":"20230533","movieNm":"귀멸의 칼날: 상현집결, 그리고 도공 마을로","movieNmEn":"Demon Slayer: Kimetsu no Yaiba -To the Swordsmith Village-","prdtYear":"2023","openDt":"20230302","typeNm":"장편","prdtStatNm":"개봉","nationAlt":"일본","genreAlt":"애니메이션","repNationNm":"일본","repGenreNm":"애니메이션","directors":[{"peopleNm":"소토자키 하루오"}],"companys":[]},{"movieCd":"20230460","movieNm":"크리드 3","movieNmEn":"Creed 3","prdtYear":"2023","openDt":"20230301","typeNm":"장편","prdtStatNm":"개봉","nationAlt":"미국","genreAlt":"액션,드라마","repNationNm":"미국","repGenreNm":"액션","directors":[{"peopleNm":"마이클 B. 조던"}],"companys":[]},{"movieCd":"20230495","movieNm":"아임 히어로 더 파이널","movieNmEn":"IM HERO THE FINAL","prdtYear":"2023","openDt":"20230301","typeNm":"장편","prdtStatNm":"개봉","nationAlt":"한국","genreAlt":"공연,다큐멘터리","repNationNm":"한국","repGenreNm":"공연","directors":[{"peopleNm":"오윤동"}],"companys":[{"companyCd":"20203082","companyNm":"씨제이포디플렉스 주식회사"}]},{"movieCd":"20080269","movieNm":"해피 투게더","movieNmEn":"Happy Together","prdtYear":"1997","openDt":"19980822","typeNm":"장편","prdtStatNm":"개봉","nationAlt":"홍콩","genreAlt":"드라마,멜로/로맨스","repNationNm":"홍콩","repGenreNm":"드라마","directors":[{"peopleNm":"왕가위 "}],"companys":[]},{"movieCd":"2023C781","movieNm":"항룡대사: 용의 출현","movieNmEn":"Dragon Master: Dragon Spell","prdtYear":"2020","openDt":"","typeNm":"온라인전용","prdtStatNm":"기타","nationAlt":"중국","genreAlt":"액션,판타지","repNationNm":"중국","repGenreNm":"액션","directors":[],"companys":[]},{"movieCd":"20230508","movieNm":"교환부부의 세계2 그들만의 은밀한 테크닉","movieNmEn":"","prdtYear":"2022","openDt":"20230222","typeNm":"장편","prdtStatNm":"개봉","nationAlt":"한국","genreAlt":"성인물(에로)","repNationNm":"한국","repGenreNm":"성인물(에로)","directors":[{"peopleNm":"정수연"}],"companys":[{"companyCd":"20217184","companyNm":"영화사 레드카펫"}]},{"movieCd":"20229190","movieNm":"낯선 사랑","movieNmEn":"Love of a Brute","prdtYear":"2022","openDt":"","typeNm":"장편","prdtStatNm":"기타","nationAlt":"일본","genreAlt":"멜로/로맨스,드라마,미스터리","repNationNm":"일본","repGenreNm":"멜로/로맨스","directors":[{"peopleNm":"이노우에 히로키"}],"companys":[]},{"movieCd":"20230257","movieNm":"관찰일기(식물도감)","movieNmEn":"","prdtYear":"2022","openDt":"","typeNm":"단편","prdtStatNm":"기타","nationAlt":"한국","genreAlt":"드라마","repNationNm":"한국","repGenreNm":"드라마","directors":[{"peopleNm":"전승훈"}],"companys":[]}]}