{"totCnt":"95385","source":"영화진흥위원회","movieList":[{"movieCd":"20216983","movieNm":"러브 스파이: 바브 앤 스타","movieNmEn":"Barb and Star Go to Vista Del Mar","prdtYear":"2021","openDt":"20210901","typeNm":"장편","prdtStatNm":"개봉","nationAlt":"미국","genreAlt":"코미디","repNationNm":"미국","repGenreNm":"코미디","directors":[{"peopleNm":"조쉬 그린바움"}],"companys":[]},{"movieCd":"20210802","movieNm":"어린 유부녀의 접대","movieNmEn":"OMOTENASHI","prdtYear":"2021","openDt":"","typeNm":"장편","prdtStatNm":"기타","nationAlt":"일본","genreAlt":"성인물(에로),드라마","repNationNm":"일본","repGenreNm":"성인물(에로)","directors":[{"peopleNm":"카토 스케로쿠"}],"companys":[]},{"movieCd":"20210801","movieNm":"옆집 거유 아내","movieNmEn":"Big tits wife","prdtYear":"2021","openDt":"","typeNm":"장편","prdtStatNm":"기타","nationAlt":"일본","genreAlt":"성인물(에로),드라마","repNationNm":"일본","repGenreNm":"성인물(에로)","directors":[{"peopleNm":"오자키 히로코우지"}],"companys":[]},{"movieCd":"20210787","movieNm":"축축하게 젖은 어린 슬랜더","movieNmEn":"Recidivism","prdtYear":"2021","openDt":"","typeNm":"장편","prdtStatNm":"기타","nationAlt":"일본","genreAlt":"성인물(에로),드라마","repNationNm":"일본","repGenreNm":"성인물(에로)","directors":[{"peopleNm":"킨피카하누케마루"}],"companys":[]},{"movieCd":"20210784","movieNm":"음탕 사모님의 야릇한 교미","movieNmEn":"Awakened libido","prdtYear":"2021","openDt":"","typeNm":"장편","prdtStatNm":"기타","nationAlt":"일본","genreAlt":"성인물(에로),드라마","repNationNm":"일본","repGenreNm":"성인물(에로)","directors":[{"peopleNm":"킨피카하누케마루"}],"companys":[]},{"movieCd":"20210783","movieNm":"유부녀 거칠게 뒤로","movieNmEn":"Stalker","prdtYear":"2021","openDt":"","typeNm":"장편","prdtStatNm":"기타","nationAlt":"일본","genreAlt":"성인물(에로),드라마","repNationNm":"일본","repGenreNm":"성인물(에로)","directors":[{"peopleNm":"킨피카하누케마루"}],"companys":[]},{"movieCd":"20210782","movieNm":"KAFF2021 동물, 단편","movieNmEn":"","prdtYear":"2021","openDt":"","typeNm":"옴니버스","prdtStatNm":"기타","nationAlt":"한국","genreAlt":"기타","repNationNm":"한국","repGenreNm":"기타","directors":[],"companys":[]},{"movieCd":"20145141","movieNm":"위플래쉬","movieNmEn":"Whiplash","prdtYear":"2014","openDt":"20150312","typeNm":"장편","prdtStatNm":"개봉","nationAlt":"미국","genreAlt":"드라마","repNationNm":"미국","repGenreNm":"드라마","directors":[{"peopleNm":"데이미언 셔젤"}],"companys":[]},{"movieCd":"20210176","movieNm":"윤율의 사내불륜","movieNmEn":"","prdtYear":"2021","openDt":"20210923","typeNm":"장편","prdtStatNm":"개봉","nationAlt":"한국","genreAlt":"멜로/로맨스","repNationNm":"한국","repGenreNm":"멜로/로맨스","directors":[{"peopleNm":"Mr.나"}],"companys":[{"companyCd":"20157008","companyNm":"(주)픽쳐레스크"}]},{"movieCd":"20210143","movieNm":"풍운4","movieNmEn":"The Nine Talisman Tower","prdtYear":"2021","openDt":"","typeNm":"장편","prdtStatNm":"기타","nationAlt":"중국","genreAlt":"액션","repNationNm":"중국","repGenreNm":"액션","directors":[],"companys":[]}]}