{"totCnt":"95385","source":"영화진흥위원회","movieList":[{"movieCd":"20212742","movieNm":"윙크의 탄생","movieNmEn":"","prdtYear":"2021","openDt":"","typeNm":"단편","prdtStatNm":"기타","nationAlt":"한국","genreAlt":"멜로/로맨스","repNationNm":"한국","repGenreNm":"멜로/로맨스","directors":[{"peopleNm":"배꽃나래"}],"companys":[]},{"movieCd":"20218872","movieNm":"보조바퀴","movieNmEn":"Toddler Bike","prdtYear":"2021","openDt":"20211125","typeNm":"장편","prdtStatNm":"개봉","nationAlt":"한국","genreAlt":"드라마","repNationNm":"한국","repGenreNm":"드라마","directors":[{"peopleNm":"이주예"}],"companys":[{"companyCd":"20218261","companyNm":"주식회사 필름초이스"}]},{"movieCd":"20212266","movieNm":"내 코가 석재","movieNmEn":"The Noses on the Run","prdtYear":"2021","openDt":"","typeNm":"단편","prdtStatNm":"기타","nationAlt":"한국","genreAlt":"기타","repNationNm":"한국","repGenreNm":"기타","directors":[{"peopleNm":"김보람"}],"companys":[]},{"movieCd":"20212109","movieNm":"한여름밤의 정사 : 땀과 체액 그리고","movieNmEn":"","prdtYear":"2020","openDt":"","typeNm":"장편","prdtStatNm":"기타","nationAlt":"일본","genreAlt":"성인물(에로),드라마","repNationNm":"일본","repGenreNm":"성인물(에로)","directors":[],"companys":[]},{"movieCd":"20212129","movieNm":"사위 쌍방울 다 털어간 섹스 중독 장모님","movieNmEn":"","prdtYear":"2020","openDt":"","typeNm":"장편","prdtStatNm":"기타","nationAlt":"일본","genreAlt":"성인물(에로),드라마","repNationNm":"일본","repGenreNm":"성인물(에로)","directors":[],"companys":[]},{"movieCd":"20212728","movieNm":"구르는 돌처럼 + 빨래","movieNmEn":"","prdtYear":"2021","openDt":"","typeNm":"옴니버스","prdtStatNm":"기타","nationAlt":"한국","genreAlt":"다큐멘터리","repNationNm":"한국","repGenreNm":"다큐멘터리","directors":[],"companys":[]},{"movieCd":"20212727","movieNm":"빨래","movieNmEn":"Pallae: Womanhood Story","prdtYear":"2021","openDt":"","typeNm":"단편","prdtStatNm":"기타","nationAlt":"한국","genreAlt":"다큐멘터리","repNationNm":"한국","repGenreNm":"다큐멘터리","directors":[{"peopleNm":"박소현"}],"companys":[]},{"movieCd":"20209021","movieNm":"런 보이 런","movieNmEn":"RUN BOY RUN","prdtYear":"2020","openDt":"20200528","typeNm":"장편","prdtStatNm":"개봉","nationAlt":"한국","genreAlt":"드라마","repNationNm":"한국","repGenreNm":"드라마","directors":[{"peopleNm":"오원재"}],"companys":[{"companyCd":"20189621","companyNm":"(주)라온컴퍼니플러스"},{"companyCd":"20187263","companyNm":"(주)오아시스이엔티"}]},{"movieCd":"20196841","movieNm":"걸즈 앤 판처 최종장 제2화","movieNmEn":"GIRLS und PANZER das FINALE: Part II","prdtYear":"2019","openDt":"","typeNm":"장편","prdtStatNm":"기타","nationAlt":"일본","genreAlt":"애니메이션","repNationNm":"일본","repGenreNm":"애니메이션","directors":[{"peopleNm":"미즈시마 츠토무"}],"companys":[]},{"movieCd":"20196842","movieNm":"걸즈 앤 판처 최종장 제1화","movieNmEn":"GIRLS und PANZER das FINALE: Part I","prdtYear":"2017","openDt":"20200108","typeNm":"장편","prdtStatNm":"개봉","nationAlt":"일본","genreAlt":"애니메이션","repNationNm":"일본","repGenreNm":"애니메이션","directors":[{"peopleNm":"미즈시마 츠토무"}],"companys":[]}]}