{"totCnt":"95385","source":"영화진흥위원회","movieList":[{"movieCd":"20212550","movieNm":"황룡산","movieNmEn":"Gold Dragon Mountain","prdtYear":"2021","openDt":"","typeNm":"단편","prdtStatNm":"기타","nationAlt":"한국","genreAlt":"다큐멘터리","repNationNm":"한국","repGenreNm":"다큐멘터리","directors":[{"peopleNm":"김무영"}],"companys":[]},{"movieCd":"20223657","movieNm":"낙지 표류기","movieNmEn":"","prdtYear":"2021","openDt":"","typeNm":"단편","prdtStatNm":"기타","nationAlt":"한국","genreAlt":"드라마,가족","repNationNm":"한국","repGenreNm":"드라마","directors":[],"companys":[]},{"movieCd":"20223644","movieNm":"잡담","movieNmEn":"The Chat","prdtYear":"2020","openDt":"","typeNm":"단편","prdtStatNm":"기타","nationAlt":"한국","genreAlt":"기타","repNationNm":"한국","repGenreNm":"기타","directors":[{"peopleNm":"이건희"}],"companys":[]},{"movieCd":"20212526","movieNm":"균열","movieNmEn":"crack","prdtYear":"2021","openDt":"","typeNm":"단편","prdtStatNm":"기타","nationAlt":"한국","genreAlt":"기타","repNationNm":"한국","repGenreNm":"기타","directors":[{"peopleNm":"배기성"}],"companys":[]},{"movieCd":"20223643","movieNm":"배웅","movieNmEn":"Bon Voyage","prdtYear":"2021","openDt":"","typeNm":"단편","prdtStatNm":"기타","nationAlt":"한국","genreAlt":"기타","repNationNm":"한국","repGenreNm":"기타","directors":[{"peopleNm":"엄우섭"}],"companys":[]},{"movieCd":"20212538","movieNm":"Video Noire","movieNmEn":"Video Noire","prdtYear":"2021","openDt":"","typeNm":"단편","prdtStatNm":"기타","nationAlt":"한국","genreAlt":"애니메이션","repNationNm":"한국","repGenreNm":"애니메이션","directors":[{"peopleNm":"성하은"}],"companys":[]},{"movieCd":"20213010","movieNm":"Black Box","movieNmEn":"Black Box","prdtYear":"2021","openDt":"","typeNm":"단편","prdtStatNm":"기타","nationAlt":"한국","genreAlt":"기타","repNationNm":"한국","repGenreNm":"기타","directors":[{"peopleNm":"윤기남"}],"companys":[]},{"movieCd":"20223652","movieNm":"핑퐁","movieNmEn":"ping-pong","prdtYear":"2009","openDt":"","typeNm":"단편","prdtStatNm":"기타","nationAlt":"한국","genreAlt":"드라마,범죄,액션","repNationNm":"한국","repGenreNm":"드라마","directors":[],"companys":[]},{"movieCd":"20223641","movieNm":"그루밍","movieNmEn":"grooming","prdtYear":"2020","openDt":"","typeNm":"단편","prdtStatNm":"기타","nationAlt":"한국","genreAlt":"기타","repNationNm":"한국","repGenreNm":"기타","directors":[{"peopleNm":"주시현"}],"companys":[{"companyCd":"20175641","companyNm":"(주)디엔와이"}]},{"movieCd":"20217644","movieNm":"나의 사랑, 마이크로폰 맨","movieNmEn":"","prdtYear":"2021","openDt":"","typeNm":"단편","prdtStatNm":"기타","nationAlt":"한국","genreAlt":"멜로/로맨스","repNationNm":"한국","repGenreNm":"멜로/로맨스","directors":[{"peopleNm":"곽정"}],"companys":[{"companyCd":"20204944","companyNm":"케이제이랩"}]}]}