{"totCnt":"95385","source":"영화진흥위원회","movieList":[{"movieCd":"20218774","movieNm":"기니피그를 좋아하세요 ","movieNmEn":"The Sketch of Life","prdtYear":"2019","openDt":"","typeNm":"장편","prdtStatNm":"기타","nationAlt":"일본","genreAlt":"드라마","repNationNm":"일본","repGenreNm":"드라마","directors":[],"companys":[]},{"movieCd":"20211660","movieNm":"제17회 프라이드스크린 폐막작","movieNmEn":"","prdtYear":"2021","openDt":"","typeNm":"옴니버스","prdtStatNm":"기타","nationAlt":"한국","genreAlt":"기타","repNationNm":"한국","repGenreNm":"기타","directors":[],"companys":[]},{"movieCd":"20211659","movieNm":"제17회 프라이드스크린 섹션9. 위로","movieNmEn":"","prdtYear":"2021","openDt":"","typeNm":"옴니버스","prdtStatNm":"기타","nationAlt":"한국","genreAlt":"기타","repNationNm":"한국","repGenreNm":"기타","directors":[],"companys":[]},{"movieCd":"20211668","movieNm":"제17회 프라이드스크린 섹션8. 극복","movieNmEn":"","prdtYear":"2021","openDt":"","typeNm":"옴니버스","prdtStatNm":"기타","nationAlt":"기타","genreAlt":"기타","repNationNm":"기타","repGenreNm":"기타","directors":[],"companys":[]},{"movieCd":"20211667","movieNm":"제17회 프라이드스크린 섹션7. 괴리","movieNmEn":"","prdtYear":"2021","openDt":"","typeNm":"옴니버스","prdtStatNm":"기타","nationAlt":"기타","genreAlt":"기타","repNationNm":"기타","repGenreNm":"기타","directors":[],"companys":[]},{"movieCd":"20211657","movieNm":"제17회 프라이드스크린 섹션6. 상상","movieNmEn":"","prdtYear":"2021","openDt":"","typeNm":"옴니버스","prdtStatNm":"기타","nationAlt":"기타","genreAlt":"기타","repNationNm":"기타","repGenreNm":"기타","directors":[],"companys":[]},{"movieCd":"20211656","movieNm":"제17회 프라이드스크린 섹션5. 모험","movieNmEn":"","prdtYear":"2021","openDt":"","typeNm":"옴니버스","prdtStatNm":"기타","nationAlt":"기타","genreAlt":"기타","repNationNm":"기타","repGenreNm":"기타","directors":[],"companys":[]},{"movieCd":"20211655","movieNm":"제17회 프라이드스크린 섹션4. 인연","movieNmEn":"","prdtYear":"2021","openDt":"","typeNm":"옴니버스","prdtStatNm":"기타","nationAlt":"기타","genreAlt":"기타","repNationNm":"기타","repGenreNm":"기타","directors":[],"companys":[]},{"movieCd":"20211654","movieNm":"제17회 프라이드스크린 섹션3. 자아","movieNmEn":"","prdtYear":"2021","openDt":"","typeNm":"옴니버스","prdtStatNm":"기타","nationAlt":"기타","genreAlt":"기타","repNationNm":"기타","repGenreNm":"기타","directors":[],"companys":[]},{"movieCd":"20211666","movieNm":"제17회 프라이드스크린 섹션2. 전환","movieNmEn":"","prdtYear":"2021","openDt":"","typeNm":"옴니버스","prdtStatNm":"기타","nationAlt":"기타","genreAlt":"기타","repNationNm":"기타","repGenreNm":"기타","directors":[],"companys":[]}]}