{"totCnt":"95385","source":"영화진흥위원회","movieList":[{"movieCd":"20219793","movieNm":"추격자: 파이널 미닛","movieNmEn":"Final Minute","prdtYear":"2018","openDt":"","typeNm":"장편","prdtStatNm":"기타","nationAlt":"기타","genreAlt":"액션,스릴러,범죄,드라마","repNationNm":"기타","repGenreNm":"액션","directors":[],"companys":[]},{"movieCd":"20210148","movieNm":"형수:한 번 해봅시다","movieNmEn":"","prdtYear":"2020","openDt":"20210831","typeNm":"장편","prdtStatNm":"개봉","nationAlt":"일본","genreAlt":"멜로/로맨스,드라마","repNationNm":"일본","repGenreNm":"멜로/로맨스","directors":[{"peopleNm":"버드맨 텟페이"}],"companys":[]},{"movieCd":"20210133","movieNm":"유부녀:한번으론 부족해","movieNmEn":"","prdtYear":"2020","openDt":"20210831","typeNm":"장편","prdtStatNm":"개봉","nationAlt":"일본","genreAlt":"멜로/로맨스,드라마","repNationNm":"일본","repGenreNm":"멜로/로맨스","directors":[{"peopleNm":"아카바네 키쿠지로"}],"companys":[]},{"movieCd":"20210149","movieNm":"만취녀:참지 말고 먹어요","movieNmEn":"","prdtYear":"2020","openDt":"20210831","typeNm":"장편","prdtStatNm":"개봉","nationAlt":"일본","genreAlt":"멜로/로맨스,드라마","repNationNm":"일본","repGenreNm":"멜로/로맨스","directors":[{"peopleNm":"버드맨 텟페이"}],"companys":[]},{"movieCd":"20210083","movieNm":"카섹-직장인 버전","movieNmEn":"","prdtYear":"2020","openDt":"20210830","typeNm":"장편","prdtStatNm":"개봉","nationAlt":"일본","genreAlt":"멜로/로맨스","repNationNm":"일본","repGenreNm":"멜로/로맨스","directors":[{"peopleNm":"미시마 로쿠사부로"}],"companys":[]},{"movieCd":"20218811","movieNm":"첫사랑 무삭제","movieNmEn":"","prdtYear":"2021","openDt":"20210830","typeNm":"장편","prdtStatNm":"개봉","nationAlt":"한국","genreAlt":"성인물(에로),드라마","repNationNm":"한국","repGenreNm":"성인물(에로)","directors":[{"peopleNm":"이시영"}],"companys":[{"companyCd":"20122937","companyNm":"(주)룬컴퍼니"}]},{"movieCd":"20210101","movieNm":"은밀한 묘약 : 그녀의 치료법","movieNmEn":"Back in the Game","prdtYear":"2020","openDt":"20210830","typeNm":"장편","prdtStatNm":"개봉","nationAlt":"미국","genreAlt":"멜로/로맨스","repNationNm":"미국","repGenreNm":"멜로/로맨스","directors":[],"companys":[]},{"movieCd":"20219827","movieNm":"별장하녀들 무삭제","movieNmEn":"","prdtYear":"2021","openDt":"20210830","typeNm":"장편","prdtStatNm":"개봉","nationAlt":"한국","genreAlt":"성인물(에로),드라마,범죄","repNationNm":"한국","repGenreNm":"성인물(에로)","directors":[{"peopleNm":"패콘"}],"companys":[{"companyCd":"20206041","companyNm":"주식회사 패콘"}]},{"movieCd":"20210225","movieNm":"보이는 어둠","movieNmEn":"In the Skin","prdtYear":"2019","openDt":"","typeNm":"단편","prdtStatNm":"기타","nationAlt":"한국","genreAlt":"드라마","repNationNm":"한국","repGenreNm":"드라마","directors":[{"peopleNm":"채한영"}],"companys":[]},{"movieCd":"20210180","movieNm":"마르세유의 비밀","movieNmEn":"Shattered","prdtYear":"2019","openDt":"","typeNm":"장편","prdtStatNm":"기타","nationAlt":"프랑스","genreAlt":"스릴러,드라마","repNationNm":"프랑스","repGenreNm":"스릴러","directors":[{"peopleNm":"이자벨 크자이카"}],"companys":[]}]}