{"totCnt":"95385","source":"영화진흥위원회","movieList":[{"movieCd":"20209299","movieNm":"행복의 속도","movieNmEn":"Speed of Happiness","prdtYear":"2020","openDt":"20211118","typeNm":"장편","prdtStatNm":"개봉","nationAlt":"한국","genreAlt":"다큐멘터리","repNationNm":"한국","repGenreNm":"다큐멘터리","directors":[{"peopleNm":"박혁지"}],"companys":[{"companyCd":"20157248","companyNm":"(주)하이하버픽쳐스"}]},{"movieCd":"20205736","movieNm":"고양이에게 밥을 주지 마세요 ","movieNmEn":"Don't Feed the Stray Cats","prdtYear":"2020","openDt":"20211111","typeNm":"장편","prdtStatNm":"개봉","nationAlt":"한국","genreAlt":"다큐멘터리","repNationNm":"한국","repGenreNm":"다큐멘터리","directors":[{"peopleNm":"김희주"},{"peopleNm":"정주희"}],"companys":[]},{"movieCd":"20212666","movieNm":"살아짐이 사라짐","movieNmEn":"Consequential Stranger","prdtYear":"2021","openDt":"","typeNm":"단편","prdtStatNm":"기타","nationAlt":"한국","genreAlt":"기타","repNationNm":"한국","repGenreNm":"기타","directors":[{"peopleNm":"김종재"}],"companys":[]},{"movieCd":"20190312","movieNm":"끝달","movieNmEn":"Moonshine","prdtYear":"2019","openDt":"","typeNm":"단편","prdtStatNm":"기타","nationAlt":"한국","genreAlt":"드라마","repNationNm":"한국","repGenreNm":"드라마","directors":[{"peopleNm":"윤상준"}],"companys":[]},{"movieCd":"20212642","movieNm":"어느 갠 날 아침 갑자기","movieNmEn":"Crime on a Summer Morning","prdtYear":"1965","openDt":"","typeNm":"장편","prdtStatNm":"기타","nationAlt":"프랑스,스페인,이탈리아","genreAlt":"코미디,드라마","repNationNm":"프랑스","repGenreNm":"코미디","directors":[{"peopleNm":"자크 드레이"}],"companys":[]},{"movieCd":"20212661","movieNm":"겨울 동행","movieNmEn":"A Monkey in Winter","prdtYear":"1962","openDt":"","typeNm":"장편","prdtStatNm":"기타","nationAlt":"프랑스","genreAlt":"코미디,드라마","repNationNm":"프랑스","repGenreNm":"코미디","directors":[{"peopleNm":"앙리 베르누이"}],"companys":[]},{"movieCd":"20212620","movieNm":"내가 꿈꾸던 삶은 이런 게 아니었어","movieNmEn":"It's Not Totally the Life That I Dreamed","prdtYear":"2005","openDt":"","typeNm":"장편","prdtStatNm":"기타","nationAlt":"프랑스","genreAlt":"드라마","repNationNm":"프랑스","repGenreNm":"드라마","directors":[{"peopleNm":"미셸 피콜리"}],"companys":[]},{"movieCd":"20212619","movieNm":"검은 해변","movieNmEn":"The Black Beach","prdtYear":"2001","openDt":"","typeNm":"장편","prdtStatNm":"기타","nationAlt":"프랑스,포르투갈,스위스,폴란드","genreAlt":"드라마","repNationNm":"프랑스","repGenreNm":"드라마","directors":[{"peopleNm":"미셸 피콜리"}],"companys":[]},{"movieCd":"20212641","movieNm":"그래, 이거야!","movieNmEn":"So There","prdtYear":"1997","openDt":"","typeNm":"장편","prdtStatNm":"기타","nationAlt":"프랑스,독일","genreAlt":"코미디","repNationNm":"프랑스","repGenreNm":"코미디","directors":[{"peopleNm":"미셸 피콜리"}],"companys":[]},{"movieCd":"20120922","movieNm":"시몽 시네마의 101일 밤","movieNmEn":"The One Hundred and One Nights of Simon Cinema","prdtYear":"1995","openDt":"","typeNm":"장편","prdtStatNm":"기타","nationAlt":"프랑스,영국","genreAlt":"코미디","repNationNm":"프랑스","repGenreNm":"코미디","directors":[{"peopleNm":"아녜스 바르다"}],"companys":[]}]}