{"totCnt":"95385","source":"영화진흥위원회","movieList":[{"movieCd":"20211507","movieNm":"블러드써스티","movieNmEn":"Bloodthirsty","prdtYear":"2020","openDt":"20220127","typeNm":"장편","prdtStatNm":"개봉","nationAlt":"캐나다","genreAlt":"공포(호러),스릴러","repNationNm":"캐나다","repGenreNm":"공포(호러)","directors":[],"companys":[]},{"movieCd":"20223323","movieNm":"달콤한 S교육","movieNmEn":"","prdtYear":"2021","openDt":"20220114","typeNm":"장편","prdtStatNm":"개봉","nationAlt":"한국","genreAlt":"성인물(에로),멜로/로맨스","repNationNm":"한국","repGenreNm":"성인물(에로)","directors":[{"peopleNm":"이로운"}],"companys":[{"companyCd":"20136715","companyNm":"(주)영화사히트"}]},{"movieCd":"20223321","movieNm":"꼬여버린 섹파들","movieNmEn":"","prdtYear":"2021","openDt":"20220111","typeNm":"장편","prdtStatNm":"개봉","nationAlt":"한국","genreAlt":"성인물(에로),멜로/로맨스","repNationNm":"한국","repGenreNm":"성인물(에로)","directors":[{"peopleNm":"이로운"}],"companys":[{"companyCd":"20136715","companyNm":"(주)영화사히트"}]},{"movieCd":"20223345","movieNm":"건너집 왕가슴 유부녀 무삭제판","movieNmEn":"","prdtYear":"2020","openDt":"","typeNm":"장편","prdtStatNm":"기타","nationAlt":"일본","genreAlt":"성인물(에로),드라마","repNationNm":"일본","repGenreNm":"성인물(에로)","directors":[],"companys":[]},{"movieCd":"20223261","movieNm":"아내친구와의 1대1 PT 무삭제판","movieNmEn":"","prdtYear":"2020","openDt":"","typeNm":"장편","prdtStatNm":"기타","nationAlt":"일본","genreAlt":"성인물(에로),드라마","repNationNm":"일본","repGenreNm":"성인물(에로)","directors":[{"peopleNm":"마메자와 마메타로"}],"companys":[]},{"movieCd":"20223569","movieNm":"암수 부부의 정사 노트","movieNmEn":"","prdtYear":"2021","openDt":"20220128","typeNm":"장편","prdtStatNm":"개봉","nationAlt":"한국","genreAlt":"성인물(에로),드라마","repNationNm":"한국","repGenreNm":"성인물(에로)","directors":[{"peopleNm":"야신수"}],"companys":[{"companyCd":"20061917","companyNm":"(주)이십일세기미디어"}]},{"movieCd":"20223362","movieNm":"유부녀 아파트 경비원과 땀범벅 불륜정사","movieNmEn":"","prdtYear":"2020","openDt":"","typeNm":"장편","prdtStatNm":"기타","nationAlt":"일본","genreAlt":"성인물(에로),드라마","repNationNm":"일본","repGenreNm":"성인물(에로)","directors":[],"companys":[]},{"movieCd":"20223586","movieNm":"젖은섹남섹녀","movieNmEn":"","prdtYear":"2021","openDt":"","typeNm":"장편","prdtStatNm":"기타","nationAlt":"한국","genreAlt":"성인물(에로)","repNationNm":"한국","repGenreNm":"성인물(에로)","directors":[{"peopleNm":"이정석"}],"companys":[{"companyCd":"20130184","companyNm":"스마일컨텐츠"}]},{"movieCd":"20223587","movieNm":"연주의 섹스파트너","movieNmEn":"","prdtYear":"2020","openDt":"20220130","typeNm":"장편","prdtStatNm":"개봉","nationAlt":"한국","genreAlt":"성인물(에로),멜로/로맨스","repNationNm":"한국","repGenreNm":"성인물(에로)","directors":[{"peopleNm":"신승엽"}],"companys":[{"companyCd":"20203961","companyNm":"P&미디어"}]},{"movieCd":"20213026","movieNm":"귀신 신나라- 전설의 고향","movieNmEn":"","prdtYear":"2021","openDt":"","typeNm":"장편","prdtStatNm":"기타","nationAlt":"한국","genreAlt":"사극,멜로/로맨스","repNationNm":"한국","repGenreNm":"사극","directors":[],"companys":[{"companyCd":"20063099","companyNm":"(주)케이알씨지"}]}]}