{"totCnt":"95385","source":"영화진흥위원회","movieList":[{"movieCd":"20212965","movieNm":"벌지 탱크 대전투","movieNmEn":"Battle of the Bulge: Winter War","prdtYear":"2020","openDt":"20220216","typeNm":"장편","prdtStatNm":"개봉","nationAlt":"미국","genreAlt":"액션,전쟁","repNationNm":"미국","repGenreNm":"액션","directors":[{"peopleNm":"스티븐 루크"}],"companys":[]},{"movieCd":"20223919","movieNm":"남편보다 힘쎈 택배기사 무삭제","movieNmEn":"","prdtYear":"2021","openDt":"20220215","typeNm":"장편","prdtStatNm":"개봉","nationAlt":"한국","genreAlt":"성인물(에로),드라마,멜로/로맨스","repNationNm":"한국","repGenreNm":"성인물(에로)","directors":[{"peopleNm":"김환"}],"companys":[{"companyCd":"20161021","companyNm":"(주)영화사가을"}]},{"movieCd":"20223545","movieNm":"욕정 끝 쾌락시작","movieNmEn":"","prdtYear":"2021","openDt":"20220214","typeNm":"장편","prdtStatNm":"개봉","nationAlt":"일본","genreAlt":"성인물(에로),멜로/로맨스","repNationNm":"일본","repGenreNm":"성인물(에로)","directors":[],"companys":[]},{"movieCd":"20223557","movieNm":"잊혀질 남편의 맛","movieNmEn":"","prdtYear":"2021","openDt":"20220214","typeNm":"장편","prdtStatNm":"개봉","nationAlt":"일본","genreAlt":"성인물(에로),멜로/로맨스","repNationNm":"일본","repGenreNm":"성인물(에로)","directors":[],"companys":[]},{"movieCd":"20223559","movieNm":"중년 부인의 양기파티","movieNmEn":"","prdtYear":"2021","openDt":"20220214","typeNm":"장편","prdtStatNm":"개봉","nationAlt":"일본","genreAlt":"성인물(에로),멜로/로맨스","repNationNm":"일본","repGenreNm":"성인물(에로)","directors":[],"companys":[]},{"movieCd":"20223764","movieNm":"새엄마 발키리 무삭제판","movieNmEn":"","prdtYear":"2021","openDt":"20220214","typeNm":"장편","prdtStatNm":"개봉","nationAlt":"일본","genreAlt":"성인물(에로),멜로/로맨스","repNationNm":"일본","repGenreNm":"성인물(에로)","directors":[],"companys":[]},{"movieCd":"20223560","movieNm":"발정난 간호사","movieNmEn":"","prdtYear":"2021","openDt":"20220214","typeNm":"장편","prdtStatNm":"개봉","nationAlt":"일본","genreAlt":"성인물(에로),멜로/로맨스","repNationNm":"일본","repGenreNm":"성인물(에로)","directors":[],"companys":[]},{"movieCd":"20223867","movieNm":"몰래 보는 불륜섹스","movieNmEn":"","prdtYear":"2021","openDt":"20220214","typeNm":"장편","prdtStatNm":"개봉","nationAlt":"한국","genreAlt":"성인물(에로),멜로/로맨스","repNationNm":"한국","repGenreNm":"성인물(에로)","directors":[{"peopleNm":"김동해"}],"companys":[{"companyCd":"20217221","companyNm":"라이어 시네마"}]},{"movieCd":"20223381","movieNm":"넣으러 가는 길","movieNmEn":"AH 40DAI","prdtYear":"2021","openDt":"20220214","typeNm":"장편","prdtStatNm":"개봉","nationAlt":"일본","genreAlt":"성인물(에로),멜로/로맨스","repNationNm":"일본","repGenreNm":"성인물(에로)","directors":[],"companys":[]},{"movieCd":"20223347","movieNm":"외간남이 맛본 아내속","movieNmEn":"","prdtYear":"2021","openDt":"20220211","typeNm":"장편","prdtStatNm":"개봉","nationAlt":"일본","genreAlt":"성인물(에로),드라마","repNationNm":"일본","repGenreNm":"성인물(에로)","directors":[],"companys":[]}]}