{"totCnt":"95385","source":"영화진흥위원회","movieList":[{"movieCd":"20210448","movieNm":"2021 춘천SF영화제 [경쟁: 한국독립SF] 단편 5","movieNmEn":"CCFF2021 [Competition: KISF] Short 5","prdtYear":"2021","openDt":"","typeNm":"옴니버스","prdtStatNm":"기타","nationAlt":"한국","genreAlt":"기타","repNationNm":"한국","repGenreNm":"기타","directors":[],"companys":[]},{"movieCd":"20210447","movieNm":"2021 춘천SF영화제 [경쟁: 한국독립SF] 단편 4","movieNmEn":"CCFF2021 [Competition: KISF] Short 4","prdtYear":"2021","openDt":"","typeNm":"옴니버스","prdtStatNm":"기타","nationAlt":"한국","genreAlt":"기타","repNationNm":"한국","repGenreNm":"기타","directors":[],"companys":[]},{"movieCd":"20210413","movieNm":"2021 춘천SF영화제 [경쟁: 한국독립SF] 단편 3","movieNmEn":"CCFF2021 [Competition: KISF] Short 3","prdtYear":"2021","openDt":"","typeNm":"옴니버스","prdtStatNm":"기타","nationAlt":"한국","genreAlt":"기타","repNationNm":"한국","repGenreNm":"기타","directors":[],"companys":[]},{"movieCd":"20210446","movieNm":"2021 춘천SF영화제 [경쟁: 한국독립SF] 단편 2","movieNmEn":"CCFF2021 [Competition: KISF] Short 2","prdtYear":"2021","openDt":"","typeNm":"옴니버스","prdtStatNm":"기타","nationAlt":"한국","genreAlt":"SF","repNationNm":"한국","repGenreNm":"SF","directors":[{"peopleNm":"박장춘"}],"companys":[]},{"movieCd":"20210412","movieNm":"2021 춘천SF영화제 [경쟁: 한국독립SF] 단편 1","movieNmEn":"CCFF2021 [Competition: KISF] Short 1","prdtYear":"2021","openDt":"","typeNm":"옴니버스","prdtStatNm":"기타","nationAlt":"한국","genreAlt":"기타","repNationNm":"한국","repGenreNm":"기타","directors":[],"companys":[]},{"movieCd":"20210411","movieNm":"2021 춘천SF영화제 [경쟁: 국제어린이청소년] 단편 4","movieNmEn":"CCFF2021 [Competition: ICY] Short 4","prdtYear":"2021","openDt":"","typeNm":"옴니버스","prdtStatNm":"기타","nationAlt":"기타","genreAlt":"기타","repNationNm":"기타","repGenreNm":"기타","directors":[],"companys":[]},{"movieCd":"20210410","movieNm":"2021 춘천SF영화제 [경쟁: 국제어린이청소년] 단편 3","movieNmEn":"CCFF2021 [Competition: ICY] Short 3","prdtYear":"2021","openDt":"","typeNm":"옴니버스","prdtStatNm":"기타","nationAlt":"기타","genreAlt":"기타","repNationNm":"기타","repGenreNm":"기타","directors":[],"companys":[]},{"movieCd":"20210445","movieNm":"2021 춘천SF영화제 [경쟁: 국제어린이청소년] 단편 2","movieNmEn":"CCFF2021 [Competition: ICY] Short 2","prdtYear":"2021","openDt":"","typeNm":"옴니버스","prdtStatNm":"기타","nationAlt":"기타","genreAlt":"기타","repNationNm":"기타","repGenreNm":"기타","directors":[],"companys":[]},{"movieCd":"20210409","movieNm":"2021 춘천SF영화제 [경쟁: 국제어린이청소년] 단편 1","movieNmEn":"CCFF2021 [Competition: ICY] Short 1","prdtYear":"2021","openDt":"","typeNm":"옴니버스","prdtStatNm":"기타","nationAlt":"기타","genreAlt":"기타","repNationNm":"기타","repGenreNm":"기타","directors":[],"companys":[]},{"movieCd":"20210408","movieNm":"2021 춘천SF영화제 [경쟁: 국제독립SF] 단편 3","movieNmEn":"CCFF2021 [Competition: IISF] Short 3","prdtYear":"2021","openDt":"","typeNm":"옴니버스","prdtStatNm":"기타","nationAlt":"기타","genreAlt":"기타","repNationNm":"기타","repGenreNm":"기타","directors":[],"companys":[]}]}