{"totCnt":"95385","source":"영화진흥위원회","movieList":[{"movieCd":"20223395","movieNm":"CJ도너스캠프 청소년 문화동아리 SHOWCASE: 공연 부문","movieNmEn":"","prdtYear":"2022","openDt":"","typeNm":"옴니버스","prdtStatNm":"기타","nationAlt":"한국","genreAlt":"공연,뮤지컬","repNationNm":"한국","repGenreNm":"공연","directors":[],"companys":[]},{"movieCd":"20223412","movieNm":"CJ도너스캠프 청소년 문화동아리 SHOWCASE: 음악 부문","movieNmEn":"","prdtYear":"2022","openDt":"","typeNm":"옴니버스","prdtStatNm":"기타","nationAlt":"한국","genreAlt":"뮤지컬,기타","repNationNm":"한국","repGenreNm":"뮤지컬","directors":[],"companys":[]},{"movieCd":"20223411","movieNm":"CJ도너스캠프 청소년 문화동아리 SHOWCASE: 영화 부문","movieNmEn":"","prdtYear":"2022","openDt":"","typeNm":"옴니버스","prdtStatNm":"기타","nationAlt":"한국","genreAlt":"드라마","repNationNm":"한국","repGenreNm":"드라마","directors":[],"companys":[]},{"movieCd":"20223394","movieNm":"CJ도너스캠프 청소년 문화동아리 SHOWCASE: 방송 부문","movieNmEn":"","prdtYear":"2022","openDt":"","typeNm":"옴니버스","prdtStatNm":"기타","nationAlt":"한국","genreAlt":"기타","repNationNm":"한국","repGenreNm":"기타","directors":[],"companys":[]},{"movieCd":"20213008","movieNm":"소매각시","movieNmEn":"","prdtYear":"2021","openDt":"","typeNm":"장편","prdtStatNm":"기타","nationAlt":"한국","genreAlt":"드라마","repNationNm":"한국","repGenreNm":"드라마","directors":[{"peopleNm":"최우영"}],"companys":[{"companyCd":"20218661","companyNm":"(주)큰나무엔터테인먼트"}]},{"movieCd":"20212963","movieNm":"대한국인","movieNmEn":"ALL PEOPLE OF THE KOREA","prdtYear":"2021","openDt":"","typeNm":"단편","prdtStatNm":"기타","nationAlt":"한국","genreAlt":"드라마","repNationNm":"한국","repGenreNm":"드라마","directors":[{"peopleNm":"강현준"}],"companys":[]},{"movieCd":"20212964","movieNm":"삼형제 바위","movieNmEn":"3 Brothers","prdtYear":"2021","openDt":"","typeNm":"단편","prdtStatNm":"기타","nationAlt":"한국","genreAlt":"사극,드라마","repNationNm":"한국","repGenreNm":"사극","directors":[{"peopleNm":"강현준"}],"companys":[]},{"movieCd":"20213020","movieNm":"신방세옥: 사생결단","movieNmEn":"Fang Shai Yuk of Dangerous City","prdtYear":"2019","openDt":"","typeNm":"장편","prdtStatNm":"기타","nationAlt":"중국","genreAlt":"사극,액션","repNationNm":"중국","repGenreNm":"사극","directors":[],"companys":[]},{"movieCd":"19758144","movieNm":"새벽에 온 방문객","movieNmEn":"Visitor in Dawn","prdtYear":"1975","openDt":"19750719","typeNm":"장편","prdtStatNm":"개봉","nationAlt":"한국","genreAlt":"멜로/로맨스,드라마","repNationNm":"한국","repGenreNm":"멜로/로맨스","directors":[{"peopleNm":"노진섭"}],"companys":[{"companyCd":"20060167","companyNm":"남아진흥(주)"}]},{"movieCd":"20193082","movieNm":"웨스트 사이드 스토리","movieNmEn":"West Side Story","prdtYear":"2021","openDt":"20220112","typeNm":"장편","prdtStatNm":"개봉","nationAlt":"미국","genreAlt":"드라마,뮤지컬","repNationNm":"미국","repGenreNm":"드라마","directors":[{"peopleNm":"스티븐 스필버그"}],"companys":[]}]}