{"totCnt":"95385","source":"영화진흥위원회","movieList":[{"movieCd":"20210168","movieNm":"F20","movieNmEn":"F20","prdtYear":"2021","openDt":"20211006","typeNm":"장편","prdtStatNm":"개봉","nationAlt":"한국","genreAlt":"스릴러","repNationNm":"한국","repGenreNm":"스릴러","directors":[{"peopleNm":"홍은미"}],"companys":[{"companyCd":"20114875","companyNm":"KBS"},{"companyCd":"20218241","companyNm":"몬스터유니온"}]},{"movieCd":"20211195","movieNm":"숏버스 섬뜩행","movieNmEn":"Short Bus: Bad Dream","prdtYear":"2021","openDt":"20211028","typeNm":"옴니버스","prdtStatNm":"개봉","nationAlt":"한국","genreAlt":"드라마,공포(호러)","repNationNm":"한국","repGenreNm":"드라마","directors":[{"peopleNm":"강다연"},{"peopleNm":"전민혁"},{"peopleNm":"김상규"},{"peopleNm":"임의준"}],"companys":[{"companyCd":"20216721","companyNm":"(주)퍼니콘"}]},{"movieCd":"20211936","movieNm":"상어, 슬픈 포식자","movieNmEn":"","prdtYear":"2021","openDt":"","typeNm":"장편","prdtStatNm":"기타","nationAlt":"한국","genreAlt":"다큐멘터리","repNationNm":"한국","repGenreNm":"다큐멘터리","directors":[{"peopleNm":"이태헌"}],"companys":[{"companyCd":"20100410","companyNm":"오퍼스픽쳐스(유)"}]},{"movieCd":"20211952","movieNm":"더 로스트 레오나르도","movieNmEn":"The Lost Leonardo","prdtYear":"2021","openDt":"","typeNm":"장편","prdtStatNm":"기타","nationAlt":"덴마크,프랑스","genreAlt":"다큐멘터리","repNationNm":"덴마크","repGenreNm":"다큐멘터리","directors":[{"peopleNm":"안드레아스 쾨페트"}],"companys":[]},{"movieCd":"20211935","movieNm":"퇴마록","movieNmEn":"Zhongkui Kills Demon Legend","prdtYear":"2019","openDt":"","typeNm":"장편","prdtStatNm":"기타","nationAlt":"중국","genreAlt":"액션","repNationNm":"중국","repGenreNm":"액션","directors":[{"peopleNm":"이입명"}],"companys":[]},{"movieCd":"20211951","movieNm":"메인스트림","movieNmEn":"Mainstream","prdtYear":"2020","openDt":"","typeNm":"장편","prdtStatNm":"기타","nationAlt":"미국","genreAlt":"드라마","repNationNm":"미국","repGenreNm":"드라마","directors":[{"peopleNm":"지아 코폴라"}],"companys":[]},{"movieCd":"20211948","movieNm":"무당 장천사","movieNmEn":"Taoist Master: Kylin","prdtYear":"2020","openDt":"","typeNm":"장편","prdtStatNm":"기타","nationAlt":"중국","genreAlt":"액션","repNationNm":"중국","repGenreNm":"액션","directors":[],"companys":[]},{"movieCd":"20211943","movieNm":"국가보안법의 실행자들","movieNmEn":"","prdtYear":"2021","openDt":"","typeNm":"장편","prdtStatNm":"기타","nationAlt":"한국","genreAlt":"다큐멘터리","repNationNm":"한국","repGenreNm":"다큐멘터리","directors":[],"companys":[]},{"movieCd":"20211930","movieNm":"오마이키스","movieNmEn":"","prdtYear":"2021","openDt":"","typeNm":"장편","prdtStatNm":"기타","nationAlt":"한국","genreAlt":"드라마","repNationNm":"한국","repGenreNm":"드라마","directors":[{"peopleNm":"전바다"}],"companys":[{"companyCd":"2019821","companyNm":"유한회사 영화사 반딧불"}]},{"movieCd":"20211476","movieNm":"당신은 학생인가","movieNmEn":"Learning Revolution","prdtYear":"2020","openDt":"20211119","typeNm":"장편","prdtStatNm":"개봉","nationAlt":"한국","genreAlt":"다큐멘터리","repNationNm":"한국","repGenreNm":"다큐멘터리","directors":[{"peopleNm":"백진우"}],"companys":[{"companyCd":"20154728","companyNm":"주식회사 씨엠닉스"}]}]}