{"totCnt":"95385","source":"영화진흥위원회","movieList":[{"movieCd":"19980150","movieNm":"키카","movieNmEn":"Kika","prdtYear":"1993","openDt":"19980530","typeNm":"장편","prdtStatNm":"개봉","nationAlt":"스페인,프랑스","genreAlt":"드라마,코미디","repNationNm":"스페인","repGenreNm":"드라마","directors":[{"peopleNm":"페드로 알모도바르"}],"companys":[{"companyCd":"20102590","companyNm":"씨비 2000"}]},{"movieCd":"20183615","movieNm":"나쁜 버릇","movieNmEn":"Dark Habits","prdtYear":"1983","openDt":"","typeNm":"장편","prdtStatNm":"기타","nationAlt":"스페인","genreAlt":"코미디,드라마","repNationNm":"스페인","repGenreNm":"코미디","directors":[{"peopleNm":"페드로 알모도바르"}],"companys":[]},{"movieCd":"2009A139","movieNm":"내가 뭘 잘못했길래","movieNmEn":"What Have I Done to Deserve This?","prdtYear":"1984","openDt":"","typeNm":"장편","prdtStatNm":"기타","nationAlt":"스페인","genreAlt":"코미디,드라마","repNationNm":"스페인","repGenreNm":"코미디","directors":[{"peopleNm":"페드로 알모도바르"}],"companys":[]},{"movieCd":"20223820","movieNm":"진령사","movieNmEn":"The Demon Suppressors: West Barbarian Beast","prdtYear":"2021","openDt":"","typeNm":"장편","prdtStatNm":"기타","nationAlt":"중국","genreAlt":"액션","repNationNm":"중국","repGenreNm":"액션","directors":[],"companys":[]},{"movieCd":"20223807","movieNm":"오렌지필름 기획전 - 오렌지필름 7주년 (MIXTAPE_VOL.7)","movieNmEn":"","prdtYear":"2022","openDt":"","typeNm":"옴니버스","prdtStatNm":"기타","nationAlt":"한국","genreAlt":"드라마","repNationNm":"한국","repGenreNm":"드라마","directors":[],"companys":[]},{"movieCd":"20223818","movieNm":"간병 ","movieNmEn":"Care","prdtYear":"2021","openDt":"","typeNm":"단편","prdtStatNm":"기타","nationAlt":"한국","genreAlt":"미스터리","repNationNm":"한국","repGenreNm":"미스터리","directors":[{"peopleNm":"조규현"}],"companys":[]},{"movieCd":"20223806","movieNm":"박가영 배우전(인디스데이)","movieNmEn":"","prdtYear":"2022","openDt":"","typeNm":"옴니버스","prdtStatNm":"기타","nationAlt":"한국","genreAlt":"기타","repNationNm":"한국","repGenreNm":"기타","directors":[],"companys":[]},{"movieCd":"20193696","movieNm":"정오에서","movieNmEn":"At Noon","prdtYear":"2019","openDt":"","typeNm":"단편","prdtStatNm":"기타","nationAlt":"한국","genreAlt":"드라마","repNationNm":"한국","repGenreNm":"드라마","directors":[{"peopleNm":"채의석"}],"companys":[]},{"movieCd":"20205608","movieNm":"보글보글","movieNmEn":"Bubbles","prdtYear":"2020","openDt":"","typeNm":"단편","prdtStatNm":"기타","nationAlt":"한국","genreAlt":"기타","repNationNm":"한국","repGenreNm":"기타","directors":[{"peopleNm":"이이다"}],"companys":[]},{"movieCd":"20212647","movieNm":"남겨진 마음(인디스데이)","movieNmEn":"","prdtYear":"2021","openDt":"","typeNm":"옴니버스","prdtStatNm":"기타","nationAlt":"한국","genreAlt":"기타","repNationNm":"한국","repGenreNm":"기타","directors":[],"companys":[]}]}