{"totCnt":"95385","source":"영화진흥위원회","movieList":[{"movieCd":"20210222","movieNm":"야쿠자의 아내들 : 3대 누님","movieNmEn":"The Way of A Yakuza Lady","prdtYear":"1989","openDt":"","typeNm":"장편","prdtStatNm":"기타","nationAlt":"일본","genreAlt":"액션,멜로/로맨스,범죄","repNationNm":"일본","repGenreNm":"액션","directors":[{"peopleNm":"후루하타 야스오"}],"companys":[]},{"movieCd":"20210221","movieNm":"야쿠자의 아내들2","movieNmEn":"Yakuza's Ladies Pt.2","prdtYear":"1987","openDt":"","typeNm":"장편","prdtStatNm":"기타","nationAlt":"일본","genreAlt":"액션,멜로/로맨스,범죄","repNationNm":"일본","repGenreNm":"액션","directors":[],"companys":[]},{"movieCd":"20210208","movieNm":"야쿠자의 아내들","movieNmEn":"Yakuza's Ladies","prdtYear":"1986","openDt":"","typeNm":"장편","prdtStatNm":"기타","nationAlt":"일본","genreAlt":"액션,멜로/로맨스,범죄","repNationNm":"일본","repGenreNm":"액션","directors":[],"companys":[]},{"movieCd":"20210623","movieNm":"마누라는 이웃집 흑형 바디 프렌드","movieNmEn":"","prdtYear":"2021","openDt":"20211007","typeNm":"장편","prdtStatNm":"개봉","nationAlt":"일본","genreAlt":"드라마","repNationNm":"일본","repGenreNm":"드라마","directors":[],"companys":[]},{"movieCd":"20210945","movieNm":"음란전쟁","movieNmEn":"","prdtYear":"2020","openDt":"20211006","typeNm":"장편","prdtStatNm":"개봉","nationAlt":"한국","genreAlt":"멜로/로맨스","repNationNm":"한국","repGenreNm":"멜로/로맨스","directors":[{"peopleNm":"이동현"}],"companys":[{"companyCd":"20189421","companyNm":"(주)디에이치미디어"}]},{"movieCd":"20211428","movieNm":"킬링톡","movieNmEn":"Killing Talk","prdtYear":"2021","openDt":"","typeNm":"장편","prdtStatNm":"기타","nationAlt":"한국","genreAlt":"스릴러","repNationNm":"한국","repGenreNm":"스릴러","directors":[{"peopleNm":"류광현"}],"companys":[]},{"movieCd":"20211405","movieNm":"썸에어","movieNmEn":"","prdtYear":"2021","openDt":"","typeNm":"장편","prdtStatNm":"기타","nationAlt":"한국","genreAlt":"멜로/로맨스","repNationNm":"한국","repGenreNm":"멜로/로맨스","directors":[],"companys":[]},{"movieCd":"20210842","movieNm":"아들아, 이건 아니지!","movieNmEn":"","prdtYear":"2021","openDt":"20211005","typeNm":"장편","prdtStatNm":"개봉","nationAlt":"한국","genreAlt":"드라마","repNationNm":"한국","repGenreNm":"드라마","directors":[{"peopleNm":"한동호"}],"companys":[{"companyCd":"20176162","companyNm":"(주)코빈커뮤니케이션즈"}]},{"movieCd":"20164086","movieNm":"미용실","movieNmEn":"Hair Salon","prdtYear":"2016","openDt":"","typeNm":"단편","prdtStatNm":"기타","nationAlt":"한국","genreAlt":"드라마","repNationNm":"한국","repGenreNm":"드라마","directors":[{"peopleNm":"구지현"}],"companys":[{"companyCd":"20100574","companyNm":"한국예술종합학교 미디어콘텐츠센터"}]},{"movieCd":"20197891","movieNm":"노량대첩","movieNmEn":"Noryang Battle","prdtYear":"2019","openDt":"","typeNm":"단편","prdtStatNm":"기타","nationAlt":"한국","genreAlt":"드라마","repNationNm":"한국","repGenreNm":"드라마","directors":[{"peopleNm":"김소현"}],"companys":[]}]}