{"totCnt":"95385","source":"영화진흥위원회","movieList":[{"movieCd":"20223315","movieNm":"외골수","movieNmEn":"Single-minded","prdtYear":"2020","openDt":"","typeNm":"단편","prdtStatNm":"기타","nationAlt":"한국","genreAlt":"드라마,코미디","repNationNm":"한국","repGenreNm":"드라마","directors":[],"companys":[]},{"movieCd":"20223314","movieNm":"파도","movieNmEn":"The Wave","prdtYear":"2020","openDt":"","typeNm":"단편","prdtStatNm":"기타","nationAlt":"한국","genreAlt":"드라마","repNationNm":"한국","repGenreNm":"드라마","directors":[{"peopleNm":"박지환"}],"companys":[]},{"movieCd":"20223313","movieNm":"비식스","movieNmEn":"B6","prdtYear":"2021","openDt":"","typeNm":"단편","prdtStatNm":"기타","nationAlt":"한국","genreAlt":"공포(호러),액션,스릴러","repNationNm":"한국","repGenreNm":"공포(호러)","directors":[],"companys":[]},{"movieCd":"20223339","movieNm":"심문","movieNmEn":"Interrogation","prdtYear":"2004","openDt":"","typeNm":"장편","prdtStatNm":"기타","nationAlt":"미국,폴란드","genreAlt":"다큐멘터리","repNationNm":"미국","repGenreNm":"다큐멘터리","directors":[],"companys":[]},{"movieCd":"20223338","movieNm":"시장 가격","movieNmEn":"Market Price","prdtYear":"2009","openDt":"","typeNm":"단편","prdtStatNm":"기타","nationAlt":"미국","genreAlt":"드라마","repNationNm":"미국","repGenreNm":"드라마","directors":[],"companys":[]},{"movieCd":"20223337","movieNm":"봉제공장의 딸들","movieNmEn":"Daughters of the Cloth","prdtYear":"2000","openDt":"","typeNm":"장편","prdtStatNm":"기타","nationAlt":"미국","genreAlt":"다큐멘터리","repNationNm":"미국","repGenreNm":"다큐멘터리","directors":[{"peopleNm":"유지수"}],"companys":[]},{"movieCd":"20223312","movieNm":"아이짱의 에로만화 데뷔-백합","movieNmEn":"","prdtYear":"2020","openDt":"","typeNm":"장편","prdtStatNm":"기타","nationAlt":"일본","genreAlt":"성인물(에로)","repNationNm":"일본","repGenreNm":"성인물(에로)","directors":[],"companys":[]},{"movieCd":"20223336","movieNm":"필기체같은 배우 서유림","movieNmEn":"Actors such as handwriting Seo, Yoo-rim","prdtYear":"2015","openDt":"","typeNm":"단편","prdtStatNm":"기타","nationAlt":"한국","genreAlt":"드라마,코미디,다큐멘터리","repNationNm":"한국","repGenreNm":"드라마","directors":[{"peopleNm":"신태양"}],"companys":[]},{"movieCd":"20223335","movieNm":"저로 괜찮으시다면 얼마든지 시험해주세요","movieNmEn":"","prdtYear":"2020","openDt":"","typeNm":"장편","prdtStatNm":"기타","nationAlt":"일본","genreAlt":"성인물(에로)","repNationNm":"일본","repGenreNm":"성인물(에로)","directors":[{"peopleNm":"니시다 류지"}],"companys":[]},{"movieCd":"20223334","movieNm":"이렇게까지 해야하나-마네킹 유부녀","movieNmEn":"","prdtYear":"2020","openDt":"","typeNm":"장편","prdtStatNm":"기타","nationAlt":"일본","genreAlt":"성인물(에로)","repNationNm":"일본","repGenreNm":"성인물(에로)","directors":[],"companys":[]}]}