{"totCnt":"95385","source":"영화진흥위원회","movieList":[{"movieCd":"20212296","movieNm":"도담도담","movieNmEn":"","prdtYear":"2021","openDt":"","typeNm":"단편","prdtStatNm":"기타","nationAlt":"한국","genreAlt":"드라마","repNationNm":"한국","repGenreNm":"드라마","directors":[],"companys":[]},{"movieCd":"20211621","movieNm":"엘리스","movieNmEn":"Elyse","prdtYear":"2020","openDt":"","typeNm":"장편","prdtStatNm":"기타","nationAlt":"미국","genreAlt":"스릴러,드라마","repNationNm":"미국","repGenreNm":"스릴러","directors":[],"companys":[]},{"movieCd":"20212304","movieNm":"크레센도","movieNmEn":"Crescendo","prdtYear":"2021","openDt":"","typeNm":"단편","prdtStatNm":"기타","nationAlt":"한국","genreAlt":"멜로/로맨스","repNationNm":"한국","repGenreNm":"멜로/로맨스","directors":[{"peopleNm":"백다연"}],"companys":[]},{"movieCd":"20211982","movieNm":"백발마녀전3","movieNmEn":"The Mysterious Fox","prdtYear":"2021","openDt":"","typeNm":"장편","prdtStatNm":"기타","nationAlt":"중국","genreAlt":"판타지,액션","repNationNm":"중국","repGenreNm":"판타지","directors":[{"peopleNm":"황조권"}],"companys":[]},{"movieCd":"20212303","movieNm":"희건이 졸업영화","movieNmEn":"","prdtYear":"2021","openDt":"","typeNm":"장편","prdtStatNm":"기타","nationAlt":"한국","genreAlt":"코미디,스릴러,멜로/로맨스","repNationNm":"한국","repGenreNm":"코미디","directors":[],"companys":[]},{"movieCd":"20212302","movieNm":"옆집에 간첩이 산다","movieNmEn":"","prdtYear":"2021","openDt":"","typeNm":"단편","prdtStatNm":"기타","nationAlt":"한국","genreAlt":"코미디,액션","repNationNm":"한국","repGenreNm":"코미디","directors":[],"companys":[]},{"movieCd":"20212295","movieNm":"소운","movieNmEn":"","prdtYear":"2021","openDt":"","typeNm":"단편","prdtStatNm":"기타","nationAlt":"한국,중국","genreAlt":"다큐멘터리","repNationNm":"한국","repGenreNm":"다큐멘터리","directors":[],"companys":[]},{"movieCd":"20211742","movieNm":"워 빌로우","movieNmEn":"The War Below","prdtYear":"2021","openDt":"","typeNm":"장편","prdtStatNm":"기타","nationAlt":"영국","genreAlt":"전쟁,액션","repNationNm":"영국","repGenreNm":"전쟁","directors":[],"companys":[]},{"movieCd":"20212301","movieNm":"왈렌다","movieNmEn":"","prdtYear":"2021","openDt":"","typeNm":"단편","prdtStatNm":"기타","nationAlt":"한국,중국","genreAlt":"드라마","repNationNm":"한국","repGenreNm":"드라마","directors":[],"companys":[]},{"movieCd":"20212294","movieNm":"산 너머","movieNmEn":"","prdtYear":"2021","openDt":"","typeNm":"단편","prdtStatNm":"기타","nationAlt":"한국,중국","genreAlt":"드라마","repNationNm":"한국","repGenreNm":"드라마","directors":[],"companys":[]}]}