{"totCnt":"95385","source":"영화진흥위원회","movieList":[{"movieCd":"20219891","movieNm":"세컨드 샷","movieNmEn":"","prdtYear":"2021","openDt":"20211008","typeNm":"장편","prdtStatNm":"개봉","nationAlt":"한국","genreAlt":"멜로/로맨스,드라마","repNationNm":"한국","repGenreNm":"멜로/로맨스","directors":[{"peopleNm":"이희성"}],"companys":[{"companyCd":"20114899","companyNm":"(주)영진크리에이티브"}]},{"movieCd":"20210796","movieNm":"불타는 밤:한 번 해봅시다","movieNmEn":"","prdtYear":"2020","openDt":"20211008","typeNm":"장편","prdtStatNm":"개봉","nationAlt":"일본","genreAlt":"멜로/로맨스,드라마","repNationNm":"일본","repGenreNm":"멜로/로맨스","directors":[{"peopleNm":"K-타로"}],"companys":[]},{"movieCd":"20210318","movieNm":"불륜 직장","movieNmEn":"","prdtYear":"2020","openDt":"","typeNm":"장편","prdtStatNm":"기타","nationAlt":"일본","genreAlt":"멜로/로맨스","repNationNm":"일본","repGenreNm":"멜로/로맨스","directors":[{"peopleNm":"마메자와 마메타로"}],"companys":[]},{"movieCd":"20210805","movieNm":"내 아내가 다른 남자와 한다","movieNmEn":"","prdtYear":"2020","openDt":"20211008","typeNm":"장편","prdtStatNm":"개봉","nationAlt":"일본","genreAlt":"멜로/로맨스,드라마","repNationNm":"일본","repGenreNm":"멜로/로맨스","directors":[{"peopleNm":"사쿠라비토"}],"companys":[]},{"movieCd":"20210795","movieNm":"과부형수","movieNmEn":"","prdtYear":"2020","openDt":"20211008","typeNm":"장편","prdtStatNm":"개봉","nationAlt":"일본","genreAlt":"멜로/로맨스,드라마","repNationNm":"일본","repGenreNm":"멜로/로맨스","directors":[{"peopleNm":"쿠도 타이요"}],"companys":[]},{"movieCd":"20210570","movieNm":"마이 티쳐, 마이 러브","movieNmEn":"My Teacher, My Obsession","prdtYear":"2018","openDt":"","typeNm":"장편","prdtStatNm":"기타","nationAlt":"미국","genreAlt":"스릴러,드라마","repNationNm":"미국","repGenreNm":"스릴러","directors":[{"peopleNm":"데미언 로메이"}],"companys":[]},{"movieCd":"20210996","movieNm":"인생 2막의 우정","movieNmEn":"Here Today","prdtYear":"2021","openDt":"","typeNm":"장편","prdtStatNm":"기타","nationAlt":"미국","genreAlt":"코미디,드라마","repNationNm":"미국","repGenreNm":"코미디","directors":[{"peopleNm":"빌리 크리스탈"}],"companys":[]},{"movieCd":"20211009","movieNm":"SIPFF2021 프레쉬 플레어","movieNmEn":"Fresh Flare","prdtYear":"2021","openDt":"","typeNm":"옴니버스","prdtStatNm":"기타","nationAlt":"영국","genreAlt":"기타","repNationNm":"영국","repGenreNm":"기타","directors":[],"companys":[]},{"movieCd":"20211008","movieNm":"SIPFF2021 파이브 필름 포 프리덤","movieNmEn":"Five Films For Freedom","prdtYear":"2021","openDt":"","typeNm":"옴니버스","prdtStatNm":"기타","nationAlt":"기타","genreAlt":"기타","repNationNm":"기타","repGenreNm":"기타","directors":[],"companys":[]},{"movieCd":"20218552","movieNm":"아네싸의 방 + For a flash","movieNmEn":"Anessa's room + For a flash","prdtYear":"2021","openDt":"","typeNm":"옴니버스","prdtStatNm":"기타","nationAlt":"한국","genreAlt":"기타","repNationNm":"한국","repGenreNm":"기타","directors":[],"companys":[]}]}