{"totCnt":"95385","source":"영화진흥위원회","movieList":[{"movieCd":"20211127","movieNm":"가발","movieNmEn":"Wig","prdtYear":"2019","openDt":"","typeNm":"단편","prdtStatNm":"기타","nationAlt":"인도","genreAlt":"기타","repNationNm":"인도","repGenreNm":"기타","directors":[],"companys":[]},{"movieCd":"20211126","movieNm":"행복한 결혼식","movieNmEn":"Happy Marriage","prdtYear":"2021","openDt":"","typeNm":"단편","prdtStatNm":"기타","nationAlt":"기타","genreAlt":"기타","repNationNm":"기타","repGenreNm":"기타","directors":[],"companys":[]},{"movieCd":"20211117","movieNm":"법정","movieNmEn":"Tribunal","prdtYear":"2019","openDt":"","typeNm":"단편","prdtStatNm":"기타","nationAlt":"호주","genreAlt":"기타","repNationNm":"호주","repGenreNm":"기타","directors":[],"companys":[]},{"movieCd":"20211125","movieNm":"골든 게이트","movieNmEn":"The Golden Gate","prdtYear":"2020","openDt":"","typeNm":"단편","prdtStatNm":"기타","nationAlt":"미국","genreAlt":"기타","repNationNm":"미국","repGenreNm":"기타","directors":[],"companys":[]},{"movieCd":"20211124","movieNm":"폭발하기 전에","movieNmEn":"Before the Eruption","prdtYear":"2021","openDt":"","typeNm":"단편","prdtStatNm":"기타","nationAlt":"스페인","genreAlt":"기타","repNationNm":"스페인","repGenreNm":"기타","directors":[],"companys":[]},{"movieCd":"20211123","movieNm":"체이싱","movieNmEn":"Chasin'","prdtYear":"2021","openDt":"","typeNm":"단편","prdtStatNm":"기타","nationAlt":"호주","genreAlt":"기타","repNationNm":"호주","repGenreNm":"기타","directors":[],"companys":[]},{"movieCd":"20211116","movieNm":"팀 라이엇 파이브","movieNmEn":"RIOT5","prdtYear":"2021","openDt":"","typeNm":"단편","prdtStatNm":"기타","nationAlt":"덴마크","genreAlt":"애니메이션","repNationNm":"덴마크","repGenreNm":"애니메이션","directors":[],"companys":[]},{"movieCd":"20211122","movieNm":"죽여주는 남자","movieNmEn":"How to Die Young in Manila","prdtYear":"2020","openDt":"","typeNm":"단편","prdtStatNm":"기타","nationAlt":"필리핀","genreAlt":"기타","repNationNm":"필리핀","repGenreNm":"기타","directors":[],"companys":[]},{"movieCd":"20210995","movieNm":"SIPFF2021 해외단편 다큐","movieNmEn":"Int'l Documentary Shorts","prdtYear":"2021","openDt":"","typeNm":"옴니버스","prdtStatNm":"기타","nationAlt":"기타","genreAlt":"다큐멘터리","repNationNm":"기타","repGenreNm":"다큐멘터리","directors":[],"companys":[]},{"movieCd":"20190815","movieNm":"보이스","movieNmEn":"On the Line","prdtYear":"2021","openDt":"20210915","typeNm":"장편","prdtStatNm":"개봉","nationAlt":"한국","genreAlt":"범죄,액션","repNationNm":"한국","repGenreNm":"범죄","directors":[{"peopleNm":"김선"},{"peopleNm":"김곡"}],"companys":[{"companyCd":"20100340","companyNm":"(주)수필름"}]}]}