{"totCnt":"95385","source":"영화진흥위원회","movieList":[{"movieCd":"20219334","movieNm":"슈퍼딥","movieNmEn":"Superdeep","prdtYear":"2020","openDt":"20210805","typeNm":"장편","prdtStatNm":"개봉","nationAlt":"러시아","genreAlt":"공포(호러),스릴러","repNationNm":"러시아","repGenreNm":"공포(호러)","directors":[],"companys":[]},{"movieCd":"20210034","movieNm":"더 텐트","movieNmEn":"The Tent","prdtYear":"2020","openDt":"","typeNm":"장편","prdtStatNm":"기타","nationAlt":"미국","genreAlt":"스릴러,드라마","repNationNm":"미국","repGenreNm":"스릴러","directors":[],"companys":[]},{"movieCd":"20218476","movieNm":"나만 보이니","movieNmEn":"","prdtYear":"2021","openDt":"20210721","typeNm":"장편","prdtStatNm":"개봉","nationAlt":"한국","genreAlt":"공포(호러),코미디","repNationNm":"한국","repGenreNm":"공포(호러)","directors":[{"peopleNm":"임용재"}],"companys":[{"companyCd":"2019821","companyNm":"유한회사 영화사 반딧불"}]},{"movieCd":"20210041","movieNm":"손치리야: 마지막 구원","movieNmEn":"Sonchiriya","prdtYear":"2019","openDt":"","typeNm":"장편","prdtStatNm":"기타","nationAlt":"기타","genreAlt":"액션","repNationNm":"기타","repGenreNm":"액션","directors":[],"companys":[]},{"movieCd":"20219434","movieNm":"파일럿 온 보드","movieNmEn":"Pilot on Board","prdtYear":"2016","openDt":"","typeNm":"장편","prdtStatNm":"기타","nationAlt":"기타","genreAlt":"기타","repNationNm":"기타","repGenreNm":"기타","directors":[],"companys":[]},{"movieCd":"20210021","movieNm":"더 트랩","movieNmEn":"The Trap","prdtYear":"2018","openDt":"","typeNm":"장편","prdtStatNm":"기타","nationAlt":"미국","genreAlt":"드라마","repNationNm":"미국","repGenreNm":"드라마","directors":[],"companys":[]},{"movieCd":"20202477","movieNm":"플래시백","movieNmEn":"Flashback","prdtYear":"2020","openDt":"20210610","typeNm":"장편","prdtStatNm":"개봉","nationAlt":"캐나다","genreAlt":"드라마,스릴러","repNationNm":"캐나다","repGenreNm":"드라마","directors":[],"companys":[]},{"movieCd":"20201004","movieNm":"허리 고 라운드","movieNmEn":"Hurry Go Round","prdtYear":"2018","openDt":"20210714","typeNm":"장편","prdtStatNm":"개봉","nationAlt":"일본","genreAlt":"다큐멘터리","repNationNm":"일본","repGenreNm":"다큐멘터리","directors":[],"companys":[]},{"movieCd":"20215046","movieNm":"노매드랜드","movieNmEn":"Nomadland","prdtYear":"2020","openDt":"20210415","typeNm":"장편","prdtStatNm":"개봉","nationAlt":"미국","genreAlt":"드라마","repNationNm":"미국","repGenreNm":"드라마","directors":[{"peopleNm":"클로이 자오"}],"companys":[]},{"movieCd":"20219399","movieNm":"사보타지 1941","movieNmEn":"Zoya","prdtYear":"2021","openDt":"20210812","typeNm":"장편","prdtStatNm":"개봉","nationAlt":"러시아","genreAlt":"드라마,전쟁","repNationNm":"러시아","repGenreNm":"드라마","directors":[],"companys":[]}]}