{"totCnt":"95385","source":"영화진흥위원회","movieList":[{"movieCd":"20223955","movieNm":"며느라기의 망사 앞치마","movieNmEn":"","prdtYear":"2020","openDt":"20220223","typeNm":"장편","prdtStatNm":"개봉","nationAlt":"일본","genreAlt":"성인물(에로),드라마,멜로/로맨스","repNationNm":"일본","repGenreNm":"성인물(에로)","directors":[{"peopleNm":"사쿠라비토"}],"companys":[]},{"movieCd":"20223954","movieNm":"3인3섹:저마다의 섹스취향","movieNmEn":"KOUSIMETAHANASI","prdtYear":"2020","openDt":"20220223","typeNm":"장편","prdtStatNm":"개봉","nationAlt":"일본","genreAlt":"성인물(에로),드라마,멜로/로맨스","repNationNm":"일본","repGenreNm":"성인물(에로)","directors":[{"peopleNm":"코메이"}],"companys":[]},{"movieCd":"20223935","movieNm":"던전 드래곤","movieNmEn":"Dragon Fury","prdtYear":"2021","openDt":"","typeNm":"장편","prdtStatNm":"기타","nationAlt":"미국","genreAlt":"SF,액션","repNationNm":"미국","repGenreNm":"SF","directors":[{"peopleNm":"스콧 제프리"}],"companys":[]},{"movieCd":"20223401","movieNm":"마치 여배우처럼!","movieNmEn":"","prdtYear":"2019","openDt":"","typeNm":"장편","prdtStatNm":"기타","nationAlt":"한국","genreAlt":"기타","repNationNm":"한국","repGenreNm":"기타","directors":[],"companys":[{"companyCd":"20062211","companyNm":"맥스프로"}]},{"movieCd":"20224022","movieNm":"해필리:에버 애프터","movieNmEn":"Happily","prdtYear":"2021","openDt":"","typeNm":"장편","prdtStatNm":"기타","nationAlt":"프랑스","genreAlt":"멜로/로맨스,코미디,범죄","repNationNm":"프랑스","repGenreNm":"멜로/로맨스","directors":[{"peopleNm":"벤다비드 그래빈스키"}],"companys":[]},{"movieCd":"20224021","movieNm":"바이올런트 러브","movieNmEn":"The Violent Heart","prdtYear":"2020","openDt":"","typeNm":"장편","prdtStatNm":"기타","nationAlt":"미국","genreAlt":"드라마,멜로/로맨스","repNationNm":"미국","repGenreNm":"드라마","directors":[{"peopleNm":"케렘 산가"}],"companys":[]},{"movieCd":"20224025","movieNm":"자매의 첫경험 스와핑 무삭제판","movieNmEn":"Man of sisters","prdtYear":"2020","openDt":"","typeNm":"장편","prdtStatNm":"기타","nationAlt":"일본","genreAlt":"성인물(에로),드라마","repNationNm":"일본","repGenreNm":"성인물(에로)","directors":[{"peopleNm":"오자키 히로코우지"}],"companys":[]},{"movieCd":"20224008","movieNm":"음란한 시아버지와 며느리 무삭제판","movieNmEn":"Targeted bride","prdtYear":"2020","openDt":"","typeNm":"장편","prdtStatNm":"기타","nationAlt":"일본","genreAlt":"성인물(에로),드라마","repNationNm":"일본","repGenreNm":"성인물(에로)","directors":[{"peopleNm":"잠파"}],"companys":[]},{"movieCd":"20224007","movieNm":"채팅으로 만난 실제 유부녀 무삭제판","movieNmEn":"The Slut","prdtYear":"2021","openDt":"","typeNm":"장편","prdtStatNm":"기타","nationAlt":"일본","genreAlt":"성인물(에로),드라마","repNationNm":"일본","repGenreNm":"성인물(에로)","directors":[{"peopleNm":"잠파"}],"companys":[]},{"movieCd":"20224024","movieNm":"실제로 변태 집주인에 걸린 아내 무삭제판","movieNmEn":"Black high socks wife","prdtYear":"2021","openDt":"","typeNm":"장편","prdtStatNm":"기타","nationAlt":"일본","genreAlt":"성인물(에로),드라마","repNationNm":"일본","repGenreNm":"성인물(에로)","directors":[{"peopleNm":"잠파"}],"companys":[]}]}