{"totCnt":"95385","source":"영화진흥위원회","movieList":[{"movieCd":"20212735","movieNm":"밀접접촉 무삭제","movieNmEn":"","prdtYear":"2021","openDt":"","typeNm":"장편","prdtStatNm":"기타","nationAlt":"한국","genreAlt":"성인물(에로),범죄","repNationNm":"한국","repGenreNm":"성인물(에로)","directors":[{"peopleNm":"이시영"}],"companys":[{"companyCd":"20122937","companyNm":"(주)룬컴퍼니"}]},{"movieCd":"20224169","movieNm":"남편을 위해 준비한 속옷이지만","movieNmEn":"","prdtYear":"2020","openDt":"","typeNm":"장편","prdtStatNm":"기타","nationAlt":"일본","genreAlt":"성인물(에로),드라마","repNationNm":"일본","repGenreNm":"성인물(에로)","directors":[],"companys":[]},{"movieCd":"20224289","movieNm":"구멍친구:순종하는 유부녀","movieNmEn":"","prdtYear":"2020","openDt":"20220325","typeNm":"장편","prdtStatNm":"개봉","nationAlt":"일본","genreAlt":"성인물(에로),드라마,멜로/로맨스","repNationNm":"일본","repGenreNm":"성인물(에로)","directors":[{"peopleNm":"토미죠 타로"}],"companys":[]},{"movieCd":"20223190","movieNm":"길상(吉祥)","movieNmEn":"One of My Fortune","prdtYear":"2021","openDt":"","typeNm":"단편","prdtStatNm":"기타","nationAlt":"한국","genreAlt":"기타","repNationNm":"한국","repGenreNm":"기타","directors":[],"companys":[]},{"movieCd":"20219453","movieNm":"그들 각자의 바다, 우리 모두의 영화","movieNmEn":"","prdtYear":"2020","openDt":"","typeNm":"단편","prdtStatNm":"기타","nationAlt":"한국","genreAlt":"드라마","repNationNm":"한국","repGenreNm":"드라마","directors":[{"peopleNm":"김진태"}],"companys":[]},{"movieCd":"20224363","movieNm":"너무 급한 며느리","movieNmEn":"","prdtYear":"2020","openDt":"","typeNm":"장편","prdtStatNm":"기타","nationAlt":"일본","genreAlt":"성인물(에로),멜로/로맨스","repNationNm":"일본","repGenreNm":"성인물(에로)","directors":[{"peopleNm":"니쿠손"}],"companys":[]},{"movieCd":"20224361","movieNm":"쾌락 빠진 유부녀","movieNmEn":"","prdtYear":"2020","openDt":"","typeNm":"장편","prdtStatNm":"기타","nationAlt":"일본","genreAlt":"성인물(에로),멜로/로맨스","repNationNm":"일본","repGenreNm":"성인물(에로)","directors":[{"peopleNm":"아사기리 키요시"}],"companys":[]},{"movieCd":"20224380","movieNm":"(2022 작은영화영화제) 어느날의 XXX","movieNmEn":"","prdtYear":"2022","openDt":"","typeNm":"옴니버스","prdtStatNm":"기타","nationAlt":"한국","genreAlt":"기타","repNationNm":"한국","repGenreNm":"기타","directors":[],"companys":[]},{"movieCd":"20208188","movieNm":"이주선","movieNmEn":"The Migration-ship","prdtYear":"2020","openDt":"","typeNm":"단편","prdtStatNm":"기타","nationAlt":"한국","genreAlt":"SF,기타,가족","repNationNm":"한국","repGenreNm":"SF","directors":[{"peopleNm":"오유빈"}],"companys":[]},{"movieCd":"20212583","movieNm":"은영이의 XXX","movieNmEn":"Eunyoung's XXX","prdtYear":"2021","openDt":"","typeNm":"단편","prdtStatNm":"기타","nationAlt":"한국","genreAlt":"드라마,코미디","repNationNm":"한국","repGenreNm":"드라마","directors":[{"peopleNm":"서한솔"}],"companys":[]}]}