{"totCnt":"95385","source":"영화진흥위원회","movieList":[{"movieCd":"20211797","movieNm":"말괄량이 빈티와 오카피 클럽","movieNmEn":"Binti","prdtYear":"2019","openDt":"","typeNm":"장편","prdtStatNm":"기타","nationAlt":"벨기에,네덜란드","genreAlt":"드라마,가족","repNationNm":"벨기에","repGenreNm":"드라마","directors":[],"companys":[]},{"movieCd":"20211796","movieNm":"아수라장","movieNmEn":"","prdtYear":"2021","openDt":"","typeNm":"장편","prdtStatNm":"촬영진행","nationAlt":"한국","genreAlt":"액션","repNationNm":"한국","repGenreNm":"액션","directors":[{"peopleNm":"윤여창"}],"companys":[{"companyCd":"20061720","companyNm":"굿픽처스"},{"companyCd":"20142369","companyNm":"(유)조이앤시네마"}]},{"movieCd":"20211347","movieNm":"젖스타그램","movieNmEn":"","prdtYear":"2021","openDt":"20211111","typeNm":"장편","prdtStatNm":"개봉","nationAlt":"한국","genreAlt":"멜로/로맨스","repNationNm":"한국","repGenreNm":"멜로/로맨스","directors":[{"peopleNm":"김모리"}],"companys":[{"companyCd":"20217184","companyNm":"영화사 레드카펫"}]},{"movieCd":"20211809","movieNm":"특명! 제1수칙","movieNmEn":"The fIrst rule of prevention","prdtYear":"2021","openDt":"","typeNm":"단편","prdtStatNm":"기타","nationAlt":"한국","genreAlt":"드라마","repNationNm":"한국","repGenreNm":"드라마","directors":[{"peopleNm":"이재화"},{"peopleNm":"김예린"}],"companys":[]},{"movieCd":"20211783","movieNm":"오퍼레이션 파나마","movieNmEn":"Operation Just Cause","prdtYear":"2019","openDt":"","typeNm":"장편","prdtStatNm":"기타","nationAlt":"기타","genreAlt":"전쟁,드라마","repNationNm":"기타","repGenreNm":"전쟁","directors":[],"companys":[]},{"movieCd":"20210417","movieNm":"열쇠는 열쇠 구멍으로 무삭제","movieNmEn":"","prdtYear":"2021","openDt":"","typeNm":"장편","prdtStatNm":"기타","nationAlt":"한국","genreAlt":"성인물(에로),범죄","repNationNm":"한국","repGenreNm":"성인물(에로)","directors":[{"peopleNm":"선우용"}],"companys":[{"companyCd":"20122937","companyNm":"(주)룬컴퍼니"}]},{"movieCd":"20211471","movieNm":"땀으로 범벅된 제약 회사 영업맨 무삭제판","movieNmEn":"","prdtYear":"2020","openDt":"","typeNm":"장편","prdtStatNm":"기타","nationAlt":"일본","genreAlt":"성인물(에로),드라마","repNationNm":"일본","repGenreNm":"성인물(에로)","directors":[{"peopleNm":"오자키 히로코우지"}],"companys":[]},{"movieCd":"20211342","movieNm":"옆집 아줌마","movieNmEn":"","prdtYear":"2021","openDt":"20211112","typeNm":"장편","prdtStatNm":"개봉","nationAlt":"한국","genreAlt":"멜로/로맨스,드라마","repNationNm":"한국","repGenreNm":"멜로/로맨스","directors":[{"peopleNm":"이영인"}],"companys":[{"companyCd":"20114899","companyNm":"(주)영진크리에이티브"}]},{"movieCd":"20210418","movieNm":"덫 : 그녀의 구멍 무삭제","movieNmEn":"","prdtYear":"2021","openDt":"","typeNm":"장편","prdtStatNm":"기타","nationAlt":"한국","genreAlt":"성인물(에로),범죄","repNationNm":"한국","repGenreNm":"성인물(에로)","directors":[{"peopleNm":"선우용"}],"companys":[{"companyCd":"20122937","companyNm":"(주)룬컴퍼니"}]},{"movieCd":"20211519","movieNm":"섹시한지현의뽀얀속살","movieNmEn":"","prdtYear":"2021","openDt":"20211112","typeNm":"장편","prdtStatNm":"개봉","nationAlt":"한국","genreAlt":"멜로/로맨스","repNationNm":"한국","repGenreNm":"멜로/로맨스","directors":[{"peopleNm":"이희성"}],"companys":[{"companyCd":"20130184","companyNm":"스마일컨텐츠"}]}]}