{"totCnt":"95385","source":"영화진흥위원회","movieList":[{"movieCd":"20219647","movieNm":"더 드라이버","movieNmEn":"The Driver","prdtYear":"2019","openDt":"20210820","typeNm":"장편","prdtStatNm":"개봉","nationAlt":"미국","genreAlt":"공포(호러),액션","repNationNm":"미국","repGenreNm":"공포(호러)","directors":[{"peopleNm":"위치 카오새야난다"}],"companys":[]},{"movieCd":"20219865","movieNm":"치욕의 관: 중년 아저씨의 조교","movieNmEn":"","prdtYear":"2020","openDt":"","typeNm":"장편","prdtStatNm":"기타","nationAlt":"일본","genreAlt":"성인물(에로),드라마","repNationNm":"일본","repGenreNm":"성인물(에로)","directors":[],"companys":[]},{"movieCd":"20219846","movieNm":"유부녀가 된 간호사 제자","movieNmEn":"","prdtYear":"2020","openDt":"","typeNm":"장편","prdtStatNm":"기타","nationAlt":"일본","genreAlt":"성인물(에로),드라마","repNationNm":"일본","repGenreNm":"성인물(에로)","directors":[],"companys":[]},{"movieCd":"20219864","movieNm":"아내의 상사를 초대해버린 남편","movieNmEn":"","prdtYear":"2020","openDt":"","typeNm":"장편","prdtStatNm":"기타","nationAlt":"일본","genreAlt":"성인물(에로),드라마","repNationNm":"일본","repGenreNm":"성인물(에로)","directors":[],"companys":[]},{"movieCd":"20219943","movieNm":"브라질리아, 기계적 유토피아","movieNmEn":"A Machine to Live in","prdtYear":"2020","openDt":"","typeNm":"장편","prdtStatNm":"기타","nationAlt":"미국","genreAlt":"다큐멘터리,SF","repNationNm":"미국","repGenreNm":"다큐멘터리","directors":[],"companys":[]},{"movieCd":"20219942","movieNm":"아치: 시대의 건축","movieNmEn":"The Arch","prdtYear":"2020","openDt":"","typeNm":"장편","prdtStatNm":"기타","nationAlt":"이탈리아","genreAlt":"다큐멘터리","repNationNm":"이탈리아","repGenreNm":"다큐멘터리","directors":[],"companys":[]},{"movieCd":"20219941","movieNm":"유니티 템플","movieNmEn":"Unity Temple: Frank Lloyd Wright’s Modern Masterpiece","prdtYear":"2020","openDt":"","typeNm":"장편","prdtStatNm":"기타","nationAlt":"미국","genreAlt":"다큐멘터리","repNationNm":"미국","repGenreNm":"다큐멘터리","directors":[],"companys":[]},{"movieCd":"20219940","movieNm":"브랫, 집으로","movieNmEn":"BRATS: Our Journey Home","prdtYear":"2006","openDt":"","typeNm":"장편","prdtStatNm":"기타","nationAlt":"미국","genreAlt":"다큐멘터리","repNationNm":"미국","repGenreNm":"다큐멘터리","directors":[],"companys":[]},{"movieCd":"20219649","movieNm":"감성건축가, 알바 알토","movieNmEn":"Aalto","prdtYear":"2021","openDt":"","typeNm":"장편","prdtStatNm":"기타","nationAlt":"핀란드","genreAlt":"다큐멘터리","repNationNm":"핀란드","repGenreNm":"다큐멘터리","directors":[],"companys":[]},{"movieCd":"20219939","movieNm":"코펜힐 건축 교향곡","movieNmEn":"Making a Mountain","prdtYear":"2020","openDt":"","typeNm":"장편","prdtStatNm":"기타","nationAlt":"덴마크","genreAlt":"다큐멘터리","repNationNm":"덴마크","repGenreNm":"다큐멘터리","directors":[],"companys":[]}]}