{"totCnt":"95385","source":"영화진흥위원회","movieList":[{"movieCd":"20224205","movieNm":"섹스 스캔들","movieNmEn":"Girls To Buy","prdtYear":"2021","openDt":"","typeNm":"장편","prdtStatNm":"기타","nationAlt":"헝가리","genreAlt":"드라마,멜로/로맨스","repNationNm":"헝가리","repGenreNm":"드라마","directors":[],"companys":[]},{"movieCd":"20224167","movieNm":"엔드오브러브","movieNmEn":"The End of Love","prdtYear":"2019","openDt":"","typeNm":"장편","prdtStatNm":"기타","nationAlt":"프랑스","genreAlt":"멜로/로맨스,드라마","repNationNm":"프랑스","repGenreNm":"멜로/로맨스","directors":[],"companys":[]},{"movieCd":"20224249","movieNm":"어떤 손님","movieNmEn":"Guest of Honour","prdtYear":"2019","openDt":"","typeNm":"장편","prdtStatNm":"기타","nationAlt":"캐나다","genreAlt":"드라마","repNationNm":"캐나다","repGenreNm":"드라마","directors":[{"peopleNm":"아톰 에고이안"}],"companys":[]},{"movieCd":"20134122","movieNm":"한공주","movieNmEn":"HAN Gong-ju","prdtYear":"2013","openDt":"20140417","typeNm":"장편","prdtStatNm":"개봉","nationAlt":"한국","genreAlt":"드라마","repNationNm":"한국","repGenreNm":"드라마","directors":[{"peopleNm":"이수진"}],"companys":[{"companyCd":"20126436","companyNm":"리 공동체 영화사"}]},{"movieCd":"20111250","movieNm":"써니 감독판","movieNmEn":"Sunny - Director's Cut","prdtYear":"2011","openDt":"20110728","typeNm":"장편","prdtStatNm":"개봉","nationAlt":"한국","genreAlt":"드라마,코미디","repNationNm":"한국","repGenreNm":"드라마","directors":[{"peopleNm":"강형철"}],"companys":[{"companyCd":"20111044","companyNm":"(주)알로하픽쳐스"},{"companyCd":"20100190","companyNm":"(주)토일렛픽쳐스"}]},{"movieCd":"20175407","movieNm":"우상","movieNmEn":"Idol","prdtYear":"2018","openDt":"20190320","typeNm":"장편","prdtStatNm":"개봉","nationAlt":"한국","genreAlt":"스릴러","repNationNm":"한국","repGenreNm":"스릴러","directors":[{"peopleNm":"이수진"}],"companys":[{"companyCd":"20126436","companyNm":"리 공동체 영화사"},{"companyCd":"20101558","companyNm":"(주)바른손"}]},{"movieCd":"20184133","movieNm":"어제 일은 모두 괜찮아","movieNmEn":"The Fault Is Not Yours","prdtYear":"2019","openDt":"20191121","typeNm":"장편","prdtStatNm":"개봉","nationAlt":"한국","genreAlt":"드라마","repNationNm":"한국","repGenreNm":"드라마","directors":[{"peopleNm":"이성한"}],"companys":[{"companyCd":"20063258","companyNm":"(주)부영엔터테인먼트"}]},{"movieCd":"20181103","movieNm":"벌새","movieNmEn":"House of Hummingbird","prdtYear":"2018","openDt":"20190829","typeNm":"장편","prdtStatNm":"개봉","nationAlt":"한국","genreAlt":"드라마","repNationNm":"한국","repGenreNm":"드라마","directors":[{"peopleNm":"김보라"}],"companys":[{"companyCd":"20161161","companyNm":"에피파니(주)"}]},{"movieCd":"20224245","movieNm":"스와핑 : 두 여자 무삭제","movieNmEn":"","prdtYear":"2022","openDt":"","typeNm":"장편","prdtStatNm":"기타","nationAlt":"한국","genreAlt":"성인물(에로),드라마,멜로/로맨스","repNationNm":"한국","repGenreNm":"성인물(에로)","directors":[{"peopleNm":"왕지방"}],"companys":[{"companyCd":"20123227","companyNm":"(주)나우콘텐츠"}]},{"movieCd":"20224243","movieNm":"몽정 : 파는 여자 무삭제","movieNmEn":"","prdtYear":"2022","openDt":"","typeNm":"장편","prdtStatNm":"기타","nationAlt":"한국","genreAlt":"성인물(에로),드라마,멜로/로맨스","repNationNm":"한국","repGenreNm":"성인물(에로)","directors":[{"peopleNm":"왕지방"}],"companys":[{"companyCd":"20123227","companyNm":"(주)나우콘텐츠"}]}]}