{"totCnt":"95385","source":"영화진흥위원회","movieList":[{"movieCd":"20211103","movieNm":"맛 : 엄마친구","movieNmEn":"","prdtYear":"2021","openDt":"20211120","typeNm":"장편","prdtStatNm":"개봉","nationAlt":"한국","genreAlt":"멜로/로맨스,드라마","repNationNm":"한국","repGenreNm":"멜로/로맨스","directors":[{"peopleNm":"신승엽"}],"companys":[{"companyCd":"20161021","companyNm":"(주)영화사가을"}]},{"movieCd":"20211329","movieNm":"노브라 코브라 : 나나미 절정을 보았다","movieNmEn":"","prdtYear":"2021","openDt":"20211119","typeNm":"장편","prdtStatNm":"개봉","nationAlt":"일본","genreAlt":"드라마","repNationNm":"일본","repGenreNm":"드라마","directors":[{"peopleNm":"아사기리 키요시"}],"companys":[]},{"movieCd":"20211186","movieNm":"구멍관계","movieNmEn":"","prdtYear":"2021","openDt":"20211119","typeNm":"장편","prdtStatNm":"개봉","nationAlt":"한국","genreAlt":"성인물(에로),멜로/로맨스","repNationNm":"한국","repGenreNm":"성인물(에로)","directors":[{"peopleNm":"리차드 킴"}],"companys":[{"companyCd":"20122937","companyNm":"(주)룬컴퍼니"}]},{"movieCd":"20218795","movieNm":"글래디에이터: 레전드 워리어","movieNmEn":"Legionnaire's Trail","prdtYear":"2020","openDt":"20211118","typeNm":"장편","prdtStatNm":"개봉","nationAlt":"미국","genreAlt":"액션","repNationNm":"미국","repGenreNm":"액션","directors":[],"companys":[]},{"movieCd":"20210944","movieNm":"AS센터 대신맨","movieNmEn":"","prdtYear":"2021","openDt":"20211117","typeNm":"장편","prdtStatNm":"개봉","nationAlt":"한국","genreAlt":"멜로/로맨스","repNationNm":"한국","repGenreNm":"멜로/로맨스","directors":[{"peopleNm":"Mr.나"},{"peopleNm":"남욱재"}],"companys":[{"companyCd":"20157008","companyNm":"(주)픽쳐레스크"}]},{"movieCd":"20210864","movieNm":"엔칸토: 마법의 세계","movieNmEn":"Encanto","prdtYear":"2021","openDt":"20211124","typeNm":"장편","prdtStatNm":"개봉","nationAlt":"미국","genreAlt":"애니메이션","repNationNm":"미국","repGenreNm":"애니메이션","directors":[{"peopleNm":"바이론 하워드"},{"peopleNm":"자레드 부시"},{"peopleNm":"채리스 카스트로 스미스"}],"companys":[]},{"movieCd":"20211392","movieNm":"언포기버블","movieNmEn":"The Unforgivable","prdtYear":"2021","openDt":"20211124","typeNm":"장편","prdtStatNm":"개봉","nationAlt":"미국","genreAlt":"드라마","repNationNm":"미국","repGenreNm":"드라마","directors":[],"companys":[]},{"movieCd":"20211424","movieNm":"유부녀와 대물남","movieNmEn":"","prdtYear":"2021","openDt":"20211123","typeNm":"장편","prdtStatNm":"개봉","nationAlt":"한국","genreAlt":"성인물(에로)","repNationNm":"한국","repGenreNm":"성인물(에로)","directors":[{"peopleNm":"강현성"}],"companys":[{"companyCd":"20217881","companyNm":"(주)샤이커뮤니케이션즈"}]},{"movieCd":"20211426","movieNm":"세 여자의 유혹","movieNmEn":"","prdtYear":"2021","openDt":"20211123","typeNm":"장편","prdtStatNm":"개봉","nationAlt":"한국","genreAlt":"성인물(에로)","repNationNm":"한국","repGenreNm":"성인물(에로)","directors":[{"peopleNm":"강현성"}],"companys":[{"companyCd":"20217881","companyNm":"(주)샤이커뮤니케이션즈"}]},{"movieCd":"20210328","movieNm":"윤율의 VIP 미용실","movieNmEn":"","prdtYear":"2021","openDt":"20211116","typeNm":"장편","prdtStatNm":"개봉","nationAlt":"한국","genreAlt":"멜로/로맨스","repNationNm":"한국","repGenreNm":"멜로/로맨스","directors":[{"peopleNm":"남욱재"}],"companys":[{"companyCd":"20157008","companyNm":"(주)픽쳐레스크"}]}]}