{"totCnt":"95385","source":"영화진흥위원회","movieList":[{"movieCd":"20212273","movieNm":"FIWOM2021 피움초이스4","movieNmEn":"","prdtYear":"2021","openDt":"","typeNm":"옴니버스","prdtStatNm":"기타","nationAlt":"한국","genreAlt":"기타","repNationNm":"한국","repGenreNm":"기타","directors":[],"companys":[]},{"movieCd":"20212291","movieNm":"FIWOM2021 피움초이스3","movieNmEn":"","prdtYear":"2021","openDt":"","typeNm":"옴니버스","prdtStatNm":"기타","nationAlt":"기타","genreAlt":"기타","repNationNm":"기타","repGenreNm":"기타","directors":[],"companys":[]},{"movieCd":"20212290","movieNm":"FIWOM2021 피움초이스2","movieNmEn":"","prdtYear":"2021","openDt":"","typeNm":"옴니버스","prdtStatNm":"기타","nationAlt":"기타","genreAlt":"기타","repNationNm":"기타","repGenreNm":"기타","directors":[],"companys":[]},{"movieCd":"20212271","movieNm":"FIWOM2021 피움초이스1","movieNmEn":"","prdtYear":"2021","openDt":"","typeNm":"옴니버스","prdtStatNm":"기타","nationAlt":"한국","genreAlt":"기타","repNationNm":"한국","repGenreNm":"기타","directors":[],"companys":[]},{"movieCd":"20212289","movieNm":"FIWOM2021 폐막식","movieNmEn":"Closing Film-FIWOM","prdtYear":"2021","openDt":"","typeNm":"기타","prdtStatNm":"기타","nationAlt":"한국","genreAlt":"기타","repNationNm":"한국","repGenreNm":"기타","directors":[],"companys":[]},{"movieCd":"20212288","movieNm":"FIWOM2021 개막식","movieNmEn":"Opening Film-FIWOM","prdtYear":"2021","openDt":"","typeNm":"기타","prdtStatNm":"기타","nationAlt":"한국","genreAlt":"기타","repNationNm":"한국","repGenreNm":"기타","directors":[],"companys":[]},{"movieCd":"20191503","movieNm":"화이트데이: 부서진 결계","movieNmEn":"THE LABYRINT","prdtYear":"2021","openDt":"20211006","typeNm":"장편","prdtStatNm":"개봉","nationAlt":"한국","genreAlt":"공포(호러)","repNationNm":"한국","repGenreNm":"공포(호러)","directors":[{"peopleNm":"송운"}],"companys":[{"companyCd":"20205261","companyNm":"(주)슬기로운늑대"}]},{"movieCd":"20212286","movieNm":"로테 초라! 무장 조직을 만든 여성들","movieNmEn":"Women Form Gangs! Searching for Traces of Rote Zora's Theirstory","prdtYear":"2019","openDt":"","typeNm":"장편","prdtStatNm":"기타","nationAlt":"독일","genreAlt":"다큐멘터리","repNationNm":"독일","repGenreNm":"다큐멘터리","directors":[],"companys":[]},{"movieCd":"20212270","movieNm":"여성 병역 거부자","movieNmEn":"Objector","prdtYear":"2019","openDt":"","typeNm":"장편","prdtStatNm":"기타","nationAlt":"미국","genreAlt":"다큐멘터리","repNationNm":"미국","repGenreNm":"다큐멘터리","directors":[],"companys":[]},{"movieCd":"20212285","movieNm":"착한 여자에겐 일어나지 않는 일","movieNmEn":"Good Girls Don’t Get Beaten","prdtYear":"2019","openDt":"","typeNm":"장편","prdtStatNm":"기타","nationAlt":"기타","genreAlt":"다큐멘터리","repNationNm":"기타","repGenreNm":"다큐멘터리","directors":[],"companys":[]}]}