{"totCnt":"95385","source":"영화진흥위원회","movieList":[{"movieCd":"20072152","movieNm":"좋은 놈, 나쁜 놈, 이상한 놈 ","movieNmEn":"The Good, The Bad, The Weird","prdtYear":"2008","openDt":"20080717","typeNm":"장편","prdtStatNm":"개봉","nationAlt":"한국","genreAlt":"서부극(웨스턴),액션,어드벤처","repNationNm":"한국","repGenreNm":"서부극(웨스턴)","directors":[{"peopleNm":"김지운"}],"companys":[{"companyCd":"20101663","companyNm":"(주)다크서클픽쳐스"},{"companyCd":"20100558","companyNm":"(주)바른손이앤에이"}]},{"movieCd":"20209926","movieNm":"세자매","movieNmEn":"Three Sisters","prdtYear":"2020","openDt":"20210127","typeNm":"장편","prdtStatNm":"개봉","nationAlt":"한국","genreAlt":"드라마","repNationNm":"한국","repGenreNm":"드라마","directors":[{"peopleNm":"이승원"}],"companys":[{"companyCd":"20188541","companyNm":"(주)영화사 업"}]},{"movieCd":"20190582","movieNm":"내가 죽던 날","movieNmEn":"THE DAY I DIED : UNCLOSED CASE","prdtYear":"2020","openDt":"20201112","typeNm":"장편","prdtStatNm":"개봉","nationAlt":"한국","genreAlt":"드라마","repNationNm":"한국","repGenreNm":"드라마","directors":[{"peopleNm":"박지완"}],"companys":[{"companyCd":"20205861","companyNm":"오스카10스튜디오"},{"companyCd":"20218362","companyNm":"스토리퐁"}]},{"movieCd":"20192193","movieNm":"도굴","movieNmEn":"Collectors","prdtYear":"2020","openDt":"20201104","typeNm":"장편","prdtStatNm":"개봉","nationAlt":"한국","genreAlt":"범죄","repNationNm":"한국","repGenreNm":"범죄","directors":[{"peopleNm":"박정배"}],"companys":[{"companyCd":"20175685","companyNm":"(주)싸이런픽쳐스"}]},{"movieCd":"20223092","movieNm":"현관문이 닫히면 덤비는 아유미짱","movieNmEn":"","prdtYear":"2020","openDt":"","typeNm":"장편","prdtStatNm":"기타","nationAlt":"일본","genreAlt":"성인물(에로)","repNationNm":"일본","repGenreNm":"성인물(에로)","directors":[{"peopleNm":"코지마 유키오"}],"companys":[]},{"movieCd":"20215708","movieNm":"냉장고 안의 코끼리","movieNmEn":"The Elephant joke","prdtYear":"2020","openDt":"","typeNm":"단편","prdtStatNm":"기타","nationAlt":"한국","genreAlt":"미스터리","repNationNm":"한국","repGenreNm":"미스터리","directors":[{"peopleNm":"강림"}],"companys":[]},{"movieCd":"20215465","movieNm":"블루시티서울","movieNmEn":"BLUE CITY SEOUL","prdtYear":"2020","openDt":"","typeNm":"단편","prdtStatNm":"기타","nationAlt":"한국","genreAlt":"드라마","repNationNm":"한국","repGenreNm":"드라마","directors":[{"peopleNm":"정성준"}],"companys":[]},{"movieCd":"20223126","movieNm":"커플","movieNmEn":"Couple","prdtYear":"2020","openDt":"","typeNm":"단편","prdtStatNm":"기타","nationAlt":"한국","genreAlt":"","repNationNm":"한국","repGenreNm":"","directors":[],"companys":[]},{"movieCd":"20176102","movieNm":"그 후","movieNmEn":"The Day After","prdtYear":"2017","openDt":"20170706","typeNm":"장편","prdtStatNm":"개봉","nationAlt":"한국","genreAlt":"드라마","repNationNm":"한국","repGenreNm":"드라마","directors":[{"peopleNm":"홍상수"}],"companys":[{"companyCd":"20100332","companyNm":"(주)영화제작전원사 "}]},{"movieCd":"20148485","movieNm":"안녕들하십니까","movieNmEn":"How are you","prdtYear":"2014","openDt":"","typeNm":"단편","prdtStatNm":"기타","nationAlt":"한국","genreAlt":"다큐멘터리","repNationNm":"한국","repGenreNm":"다큐멘터리","directors":[{"peopleNm":"장민경"}],"companys":[]}]}