{"totCnt":"95385","source":"영화진흥위원회","movieList":[{"movieCd":"20210158","movieNm":"임모탈 서전트","movieNmEn":"Immortal Sergeant","prdtYear":"1943","openDt":"","typeNm":"장편","prdtStatNm":"기타","nationAlt":"미국","genreAlt":"드라마,멜로/로맨스,전쟁","repNationNm":"미국","repGenreNm":"드라마","directors":[{"peopleNm":"존 M. 스탈"}],"companys":[]},{"movieCd":"20210163","movieNm":"돌아온 프랭크 제임스","movieNmEn":"The Return of Frank James","prdtYear":"1940","openDt":"","typeNm":"장편","prdtStatNm":"기타","nationAlt":"미국","genreAlt":"어드벤처,범죄,드라마","repNationNm":"미국","repGenreNm":"어드벤처","directors":[{"peopleNm":"프리츠 랑"}],"companys":[]},{"movieCd":"20210157","movieNm":"무법자 제시 제임스","movieNmEn":"Jesse James","prdtYear":"1939","openDt":"","typeNm":"장편","prdtStatNm":"기타","nationAlt":"미국","genreAlt":"범죄,드라마","repNationNm":"미국","repGenreNm":"범죄","directors":[{"peopleNm":"헨리 킹"}],"companys":[]},{"movieCd":"20210156","movieNm":"정복의 길","movieNmEn":"Captain From Castile","prdtYear":"1947","openDt":"","typeNm":"장편","prdtStatNm":"기타","nationAlt":"미국","genreAlt":"어드벤처,드라마","repNationNm":"미국","repGenreNm":"어드벤처","directors":[{"peopleNm":"헨리 킹"}],"companys":[]},{"movieCd":"20210162","movieNm":"훠드부룩의 결투","movieNmEn":"These Thousand Hills","prdtYear":"1959","openDt":"","typeNm":"장편","prdtStatNm":"기타","nationAlt":"미국","genreAlt":"드라마,서부극(웨스턴)","repNationNm":"미국","repGenreNm":"드라마","directors":[{"peopleNm":"리차드 플레이셔"}],"companys":[]},{"movieCd":"20217857","movieNm":"더 씨엠알","movieNmEn":"The CMR","prdtYear":"2020","openDt":"","typeNm":"옴니버스","prdtStatNm":"기타","nationAlt":"한국","genreAlt":"기타","repNationNm":"한국","repGenreNm":"기타","directors":[{"peopleNm":"임선애"},{"peopleNm":"이서"},{"peopleNm":"이옥섭"},{"peopleNm":"진승현"},{"peopleNm":"정용주"},{"peopleNm":"신아가"},{"peopleNm":"봉만대"},{"peopleNm":"박진순"},{"peopleNm":"이종훈"},{"peopleNm":"심찬양"},{"peopleNm":"김영남"},{"peopleNm":"오점균"},{"peopleNm":"안상훈"},{"peopleNm":"황욱"},{"peopleNm":"권호영"}],"companys":[{"companyCd":"20156828","companyNm":"(사)한국영화감독조합"}]},{"movieCd":"20210161","movieNm":"다이노 월드: 배틀어택","movieNmEn":"Dinosaur World","prdtYear":"2020","openDt":"","typeNm":"장편","prdtStatNm":"기타","nationAlt":"중국","genreAlt":"액션,SF","repNationNm":"중국","repGenreNm":"액션","directors":[{"peopleNm":"라이언 벨가드"}],"companys":[]},{"movieCd":"20101233","movieNm":"평범한 날들","movieNmEn":"Ordinary Days","prdtYear":"2010","openDt":"20110929","typeNm":"옴니버스","prdtStatNm":"개봉","nationAlt":"한국","genreAlt":"드라마","repNationNm":"한국","repGenreNm":"드라마","directors":[{"peopleNm":"이난"}],"companys":[{"companyCd":"20111025","companyNm":"이난필름"}]},{"movieCd":"20132796","movieNm":"못","movieNmEn":"Mot","prdtYear":"2014","openDt":"20141120","typeNm":"장편","prdtStatNm":"개봉","nationAlt":"한국","genreAlt":"드라마","repNationNm":"한국","repGenreNm":"드라마","directors":[{"peopleNm":"서호빈"}],"companys":[{"companyCd":"20137917","companyNm":"영화사 새삶"}]},{"movieCd":"20193642","movieNm":"캐리tv 러브콘서트 더 무비","movieNmEn":"CarrieTV LOVE CONCERT : THE MOVIE ","prdtYear":"2019","openDt":"20190807","typeNm":"장편","prdtStatNm":"개봉","nationAlt":"한국","genreAlt":"공연","repNationNm":"한국","repGenreNm":"공연","directors":[{"peopleNm":"정귀호"},{"peopleNm":"이민환"},{"peopleNm":"석진욱"}],"companys":[{"companyCd":"20191381","companyNm":"(주)캐리소프트"}]}]}