{"totCnt":"95385","source":"영화진흥위원회","movieList":[{"movieCd":"20211132","movieNm":"SIPFF2021 아가씨(PS)","movieNmEn":"","prdtYear":"2021","openDt":"","typeNm":"옴니버스","prdtStatNm":"기타","nationAlt":"기타","genreAlt":"기타","repNationNm":"기타","repGenreNm":"기타","directors":[],"companys":[]},{"movieCd":"20211121","movieNm":"SIPFF2021 사랑해! 진영아(PS)","movieNmEn":"","prdtYear":"2021","openDt":"","typeNm":"옴니버스","prdtStatNm":"기타","nationAlt":"기타","genreAlt":"기타","repNationNm":"기타","repGenreNm":"기타","directors":[],"companys":[]},{"movieCd":"20211142","movieNm":"감튀 파라다이스","movieNmEn":"Pommes Paradies","prdtYear":"2020","openDt":"","typeNm":"단편","prdtStatNm":"기타","nationAlt":"독일","genreAlt":"기타","repNationNm":"독일","repGenreNm":"기타","directors":[],"companys":[]},{"movieCd":"20211131","movieNm":"내 머릿속에만 있어","movieNmEn":"It's Just in My Head","prdtYear":"2020","openDt":"","typeNm":"단편","prdtStatNm":"기타","nationAlt":"이탈리아","genreAlt":"기타","repNationNm":"이탈리아","repGenreNm":"기타","directors":[],"companys":[]},{"movieCd":"20211130","movieNm":"상담","movieNmEn":"A Coup","prdtYear":"2021","openDt":"","typeNm":"단편","prdtStatNm":"기타","nationAlt":"기타","genreAlt":"기타","repNationNm":"기타","repGenreNm":"기타","directors":[],"companys":[]},{"movieCd":"20211141","movieNm":"미성년","movieNmEn":"KOOSEH, A Man Who Can't Grow a Beard","prdtYear":"2020","openDt":"","typeNm":"단편","prdtStatNm":"기타","nationAlt":"이란","genreAlt":"기타","repNationNm":"이란","repGenreNm":"기타","directors":[],"companys":[]},{"movieCd":"20211129","movieNm":"사랑할 수 없어","movieNmEn":"No Beloved","prdtYear":"2021","openDt":"","typeNm":"단편","prdtStatNm":"기타","nationAlt":"기타","genreAlt":"기타","repNationNm":"기타","repGenreNm":"기타","directors":[],"companys":[]},{"movieCd":"20211120","movieNm":"455mL","movieNmEn":"Four Fifty Five mL","prdtYear":"2021","openDt":"","typeNm":"단편","prdtStatNm":"기타","nationAlt":"기타","genreAlt":"기타","repNationNm":"기타","repGenreNm":"기타","directors":[],"companys":[]},{"movieCd":"20211119","movieNm":"경칩","movieNmEn":"The Third Solar Term","prdtYear":"2021","openDt":"","typeNm":"단편","prdtStatNm":"기타","nationAlt":"중국,영국","genreAlt":"기타","repNationNm":"중국","repGenreNm":"기타","directors":[],"companys":[]},{"movieCd":"20211128","movieNm":"이멜다와 루이스","movieNmEn":"Imelda and Luis","prdtYear":"2020","openDt":"","typeNm":"단편","prdtStatNm":"기타","nationAlt":"멕시코","genreAlt":"기타","repNationNm":"멕시코","repGenreNm":"기타","directors":[],"companys":[]}]}