{"totCnt":"95385","source":"영화진흥위원회","movieList":[{"movieCd":"2023C983","movieNm":"본 길티","movieNmEn":"Born Guilty","prdtYear":"2016","openDt":"","typeNm":"온라인전용","prdtStatNm":"기타","nationAlt":"미국","genreAlt":"드라마,멜로/로맨스","repNationNm":"미국","repGenreNm":"드라마","directors":[],"companys":[]},{"movieCd":"2023C982","movieNm":"리치 키즈","movieNmEn":"Rich Kids","prdtYear":"2018","openDt":"","typeNm":"온라인전용","prdtStatNm":"기타","nationAlt":"미국","genreAlt":"드라마","repNationNm":"미국","repGenreNm":"드라마","directors":[],"companys":[]},{"movieCd":"2023C981","movieNm":"돛단배라 불린 아이","movieNmEn":"A Boy Called Sailboat","prdtYear":"2017","openDt":"","typeNm":"온라인전용","prdtStatNm":"기타","nationAlt":"미국","genreAlt":"코미디,드라마","repNationNm":"미국","repGenreNm":"코미디","directors":[],"companys":[]},{"movieCd":"20230199","movieNm":"플레인","movieNmEn":"Plane","prdtYear":"2023","openDt":"20230315","typeNm":"장편","prdtStatNm":"개봉","nationAlt":"미국","genreAlt":"액션,스릴러","repNationNm":"미국","repGenreNm":"액션","directors":[{"peopleNm":"장-프랑소와 리셰"}],"companys":[]},{"movieCd":"20225600","movieNm":"굿바이, 제인","movieNmEn":"Good-bye, Jane","prdtYear":"2021","openDt":"","typeNm":"단편","prdtStatNm":"기타","nationAlt":"한국","genreAlt":"기타","repNationNm":"한국","repGenreNm":"기타","directors":[{"peopleNm":"김용천"}],"companys":[]},{"movieCd":"20173226","movieNm":"패왕별희 디 오리지널","movieNmEn":"Farewell My Concubine","prdtYear":"1993","openDt":"20170330","typeNm":"장편","prdtStatNm":"개봉","nationAlt":"중국","genreAlt":"드라마,멜로/로맨스","repNationNm":"중국","repGenreNm":"드라마","directors":[{"peopleNm":"첸 카이거"}],"companys":[]},{"movieCd":"20227561","movieNm":"퍼즐","movieNmEn":"Puzzle","prdtYear":"2022","openDt":"","typeNm":"단편","prdtStatNm":"기타","nationAlt":"한국","genreAlt":"미스터리","repNationNm":"한국","repGenreNm":"미스터리","directors":[{"peopleNm":"이승민"}],"companys":[]},{"movieCd":"20229140","movieNm":"우리 집에 온 아이","movieNmEn":"","prdtYear":"2022","openDt":"","typeNm":"단편","prdtStatNm":"기타","nationAlt":"한국","genreAlt":"기타","repNationNm":"한국","repGenreNm":"기타","directors":[{"peopleNm":"윤심경"}],"companys":[]},{"movieCd":"20239770","movieNm":"알은 척 아는 척","movieNmEn":"Comme ci, comme ça","prdtYear":"2022","openDt":"","typeNm":"단편","prdtStatNm":"기타","nationAlt":"한국","genreAlt":"드라마","repNationNm":"한국","repGenreNm":"드라마","directors":[{"peopleNm":"이준우"}],"companys":[]},{"movieCd":"20227979","movieNm":"더 디너(가제)","movieNmEn":"","prdtYear":"2022","openDt":"","typeNm":"장편","prdtStatNm":"후반작업","nationAlt":"한국","genreAlt":"기타","repNationNm":"한국","repGenreNm":"기타","directors":[{"peopleNm":"허진호"}],"companys":[{"companyCd":"2016841","companyNm":"(주)하이브미디어코프"}]}]}