{"totCnt":"95385","source":"영화진흥위원회","movieList":[{"movieCd":"20223616","movieNm":"구속의 섬, 낙원의 섬","movieNmEn":"Island of Restriction, Island of Paradise","prdtYear":"2020","openDt":"","typeNm":"단편","prdtStatNm":"기타","nationAlt":"한국","genreAlt":"기타","repNationNm":"한국","repGenreNm":"기타","directors":[],"companys":[]},{"movieCd":"20223605","movieNm":"나는","movieNmEn":"I'm","prdtYear":"2021","openDt":"","typeNm":"단편","prdtStatNm":"기타","nationAlt":"한국","genreAlt":"다큐멘터리","repNationNm":"한국","repGenreNm":"다큐멘터리","directors":[],"companys":[]},{"movieCd":"20223604","movieNm":"죽재 서남동 목사","movieNmEn":"","prdtYear":"2018","openDt":"","typeNm":"단편","prdtStatNm":"기타","nationAlt":"한국","genreAlt":"다큐멘터리","repNationNm":"한국","repGenreNm":"다큐멘터리","directors":[],"companys":[]},{"movieCd":"20223603","movieNm":"마포구 임동희 불루스","movieNmEn":"","prdtYear":"2018","openDt":"","typeNm":"단편","prdtStatNm":"기타","nationAlt":"한국","genreAlt":"기타","repNationNm":"한국","repGenreNm":"기타","directors":[{"peopleNm":"일당백"}],"companys":[]},{"movieCd":"20223615","movieNm":"다시 쓰는 시나리오","movieNmEn":"rewrite scenario","prdtYear":"2017","openDt":"","typeNm":"단편","prdtStatNm":"기타","nationAlt":"한국","genreAlt":"스릴러,드라마,범죄","repNationNm":"한국","repGenreNm":"스릴러","directors":[],"companys":[]},{"movieCd":"20223602","movieNm":"마음이 바스락","movieNmEn":"","prdtYear":"2019","openDt":"","typeNm":"단편","prdtStatNm":"기타","nationAlt":"한국","genreAlt":"멜로/로맨스","repNationNm":"한국","repGenreNm":"멜로/로맨스","directors":[],"companys":[]},{"movieCd":"20210243","movieNm":"우리는 이별에 서툴러서","movieNmEn":"We're not good at parting","prdtYear":"2021","openDt":"20211211","typeNm":"장편","prdtStatNm":"개봉","nationAlt":"한국","genreAlt":"드라마,판타지","repNationNm":"한국","repGenreNm":"드라마","directors":[{"peopleNm":"이현지"},{"peopleNm":"이건욱"},{"peopleNm":"박동기"},{"peopleNm":"민병채"}],"companys":[{"companyCd":"20154728","companyNm":"주식회사 씨엠닉스"}]},{"movieCd":"20223601","movieNm":"인어전설: 전사의 귀환","movieNmEn":"The Legend of Mermaid","prdtYear":"2020","openDt":"","typeNm":"장편","prdtStatNm":"기타","nationAlt":"중국","genreAlt":"판타지,액션","repNationNm":"중국","repGenreNm":"판타지","directors":[{"peopleNm":"추이옌룽"}],"companys":[]},{"movieCd":"20223600","movieNm":"디펜스 이즈 폴른","movieNmEn":"Battle of Defense 2","prdtYear":"2020","openDt":"","typeNm":"장편","prdtStatNm":"기타","nationAlt":"중국","genreAlt":"액션","repNationNm":"중국","repGenreNm":"액션","directors":[{"peopleNm":"셰윈펑"}],"companys":[]},{"movieCd":"20223610","movieNm":"쾌락병동 - 치매는 거짓말","movieNmEn":"","prdtYear":"2020","openDt":"","typeNm":"장편","prdtStatNm":"기타","nationAlt":"일본","genreAlt":"성인물(에로)","repNationNm":"일본","repGenreNm":"성인물(에로)","directors":[{"peopleNm":"코지마 유키오"}],"companys":[]}]}