{"totCnt":"95385","source":"영화진흥위원회","movieList":[{"movieCd":"20223714","movieNm":"대한민국 대통령","movieNmEn":"President of Korea","prdtYear":"2021","openDt":"20220217","typeNm":"장편","prdtStatNm":"개봉","nationAlt":"한국","genreAlt":"다큐멘터리","repNationNm":"한국","repGenreNm":"다큐멘터리","directors":[{"peopleNm":"배상국"}],"companys":[{"companyCd":"20199982","companyNm":"(주)바보들"}]},{"movieCd":"20224126","movieNm":"오렌지필름 mixtape vol.7 -인디스페이스","movieNmEn":"","prdtYear":"2022","openDt":"","typeNm":"옴니버스","prdtStatNm":"기타","nationAlt":"한국","genreAlt":"기타","repNationNm":"한국","repGenreNm":"기타","directors":[],"companys":[]},{"movieCd":"20216634","movieNm":"김정임씨네 막내손녀","movieNmEn":"The Granddaughter","prdtYear":"2021","openDt":"","typeNm":"단편","prdtStatNm":"기타","nationAlt":"한국","genreAlt":"드라마","repNationNm":"한국","repGenreNm":"드라마","directors":[{"peopleNm":"서정미"}],"companys":[]},{"movieCd":"20224125","movieNm":"꼬마물고기 윌리엄의 대모험","movieNmEn":"Under the Sea","prdtYear":"2020","openDt":"","typeNm":"장편","prdtStatNm":"기타","nationAlt":"미국","genreAlt":"애니메이션","repNationNm":"미국","repGenreNm":"애니메이션","directors":[],"companys":[]},{"movieCd":"20224145","movieNm":"민주주의란 무엇인가","movieNmEn":"What Is Democracy?","prdtYear":"2018","openDt":"","typeNm":"장편","prdtStatNm":"기타","nationAlt":"캐나다","genreAlt":"다큐멘터리","repNationNm":"캐나다","repGenreNm":"다큐멘터리","directors":[],"companys":[]},{"movieCd":"20211395","movieNm":"킹덤스쿨-절대악-","movieNmEn":"","prdtYear":"2021","openDt":"","typeNm":"장편","prdtStatNm":"기타","nationAlt":"한국","genreAlt":"드라마","repNationNm":"한국","repGenreNm":"드라마","directors":[{"peopleNm":"장동현"}],"companys":[]},{"movieCd":"20223915","movieNm":"청초한 아내가 음란녀 걸레짝이 되어","movieNmEn":"","prdtYear":"2020","openDt":"","typeNm":"장편","prdtStatNm":"기타","nationAlt":"일본","genreAlt":"성인물(에로),드라마","repNationNm":"일본","repGenreNm":"성인물(에로)","directors":[],"companys":[]},{"movieCd":"20211907","movieNm":"아내의 예쁜동생 무삭제","movieNmEn":"","prdtYear":"2021","openDt":"","typeNm":"장편","prdtStatNm":"기타","nationAlt":"한국","genreAlt":"성인물(에로),드라마","repNationNm":"한국","repGenreNm":"성인물(에로)","directors":[{"peopleNm":"리차드 킴"}],"companys":[{"companyCd":"20122937","companyNm":"(주)룬컴퍼니"}]},{"movieCd":"20223895","movieNm":"신문 배달원에 거꾸로 매달린 연상녀 무삭제판","movieNmEn":"","prdtYear":"2020","openDt":"","typeNm":"장편","prdtStatNm":"기타","nationAlt":"일본","genreAlt":"성인물(에로),드라마","repNationNm":"일본","repGenreNm":"성인물(에로)","directors":[{"peopleNm":"나가에 타카미"}],"companys":[]},{"movieCd":"20211905","movieNm":"막내며느리 무삭제","movieNmEn":"","prdtYear":"2021","openDt":"","typeNm":"장편","prdtStatNm":"기타","nationAlt":"한국","genreAlt":"성인물(에로),드라마","repNationNm":"한국","repGenreNm":"성인물(에로)","directors":[{"peopleNm":"이시영"}],"companys":[{"companyCd":"20122937","companyNm":"(주)룬컴퍼니"}]}]}