{"totCnt":"95385","source":"영화진흥위원회","movieList":[{"movieCd":"20219718","movieNm":"스토리업 쇼츠 - 섹션1. 사랑을 말할 때","movieNmEn":"","prdtYear":"2021","openDt":"","typeNm":"옴니버스","prdtStatNm":"기타","nationAlt":"한국","genreAlt":"기타","repNationNm":"한국","repGenreNm":"기타","directors":[],"companys":[]},{"movieCd":"20219716","movieNm":"스토리업 쇼츠 - 섹션2. 멀고도 가까운","movieNmEn":"","prdtYear":"2021","openDt":"","typeNm":"옴니버스","prdtStatNm":"기타","nationAlt":"한국","genreAlt":"드라마","repNationNm":"한국","repGenreNm":"드라마","directors":[],"companys":[]},{"movieCd":"20219715","movieNm":"스토리업 쇼츠 - 섹션1. 이름들에게","movieNmEn":"","prdtYear":"2021","openDt":"","typeNm":"옴니버스","prdtStatNm":"기타","nationAlt":"한국","genreAlt":"드라마","repNationNm":"한국","repGenreNm":"드라마","directors":[],"companys":[]},{"movieCd":"20219306","movieNm":"어댑테이션","movieNmEn":"","prdtYear":"2020","openDt":"20210819","typeNm":"장편","prdtStatNm":"개봉","nationAlt":"한국","genreAlt":"기타","repNationNm":"한국","repGenreNm":"기타","directors":[{"peopleNm":"김정민"}],"companys":[{"companyCd":"20186981","companyNm":"주식회사 플릭스코"}]},{"movieCd":"20139221","movieNm":"그래비티","movieNmEn":"Gravity","prdtYear":"2013","openDt":"20131017","typeNm":"장편","prdtStatNm":"개봉","nationAlt":"미국","genreAlt":"SF,드라마","repNationNm":"미국","repGenreNm":"SF","directors":[{"peopleNm":"알폰소 쿠아론"}],"companys":[]},{"movieCd":"20210004","movieNm":"데드캠프:리부트","movieNmEn":"Wrong Turn: The Foundation","prdtYear":"2021","openDt":"","typeNm":"장편","prdtStatNm":"기타","nationAlt":"미국","genreAlt":"공포(호러)","repNationNm":"미국","repGenreNm":"공포(호러)","directors":[],"companys":[]},{"movieCd":"20217742","movieNm":"샹치와 텐 링즈의 전설","movieNmEn":"Shang-Chi and the Legend of the Ten Rings","prdtYear":"2021","openDt":"20210901","typeNm":"장편","prdtStatNm":"개봉","nationAlt":"미국","genreAlt":"액션,어드벤처,판타지","repNationNm":"미국","repGenreNm":"액션","directors":[{"peopleNm":"데스틴 다니엘 크리튼"}],"companys":[]},{"movieCd":"20219738","movieNm":"토베 얀손","movieNmEn":"Tove","prdtYear":"2020","openDt":"20210916","typeNm":"장편","prdtStatNm":"개봉","nationAlt":"기타","genreAlt":"드라마","repNationNm":"기타","repGenreNm":"드라마","directors":[],"companys":[]},{"movieCd":"20219402","movieNm":"어시스턴트","movieNmEn":"The Assistant","prdtYear":"2019","openDt":"20210916","typeNm":"장편","prdtStatNm":"개봉","nationAlt":"미국","genreAlt":"드라마","repNationNm":"미국","repGenreNm":"드라마","directors":[],"companys":[]},{"movieCd":"20210386","movieNm":"아내의젊은새엄마-무삭제","movieNmEn":"","prdtYear":"2020","openDt":"20210915","typeNm":"장편","prdtStatNm":"개봉","nationAlt":"한국","genreAlt":"멜로/로맨스","repNationNm":"한국","repGenreNm":"멜로/로맨스","directors":[{"peopleNm":"신민철"}],"companys":[{"companyCd":"20130184","companyNm":"스마일컨텐츠"}]}]}