{"totCnt":"95385","source":"영화진흥위원회","movieList":[{"movieCd":"20218246","movieNm":"데이팅 앰버","movieNmEn":"Dating Amber","prdtYear":"2020","openDt":"20210623","typeNm":"장편","prdtStatNm":"개봉","nationAlt":"기타","genreAlt":"코미디,드라마,멜로/로맨스","repNationNm":"기타","repGenreNm":"코미디","directors":[{"peopleNm":"데이빗 프레인"}],"companys":[]},{"movieCd":"20218259","movieNm":"돌려쓰기","movieNmEn":"","prdtYear":"2021","openDt":"20210805","typeNm":"장편","prdtStatNm":"개봉","nationAlt":"한국","genreAlt":"성인물(에로)","repNationNm":"한국","repGenreNm":"성인물(에로)","directors":[{"peopleNm":"이지훈"}],"companys":[{"companyCd":"20199962","companyNm":"(주)담화"}]},{"movieCd":"20218793","movieNm":"정사: 서로 다른 욕망","movieNmEn":"Wonderlus","prdtYear":"2017","openDt":"20210804","typeNm":"장편","prdtStatNm":"개봉","nationAlt":"기타","genreAlt":"코미디,드라마,멜로/로맨스","repNationNm":"기타","repGenreNm":"코미디","directors":[],"companys":[]},{"movieCd":"20210026","movieNm":"[광주독립영화관] 생각의 여름 배우 단편선","movieNmEn":"","prdtYear":"2021","openDt":"","typeNm":"옴니버스","prdtStatNm":"기타","nationAlt":"한국","genreAlt":"드라마","repNationNm":"한국","repGenreNm":"드라마","directors":[],"companys":[]},{"movieCd":"20218194","movieNm":"아이윌 송","movieNmEn":"","prdtYear":"2021","openDt":"20210701","typeNm":"장편","prdtStatNm":"개봉","nationAlt":"한국","genreAlt":"드라마","repNationNm":"한국","repGenreNm":"드라마","directors":[{"peopleNm":"이상훈"}],"companys":[{"companyCd":"20174081","companyNm":"(주)오예스"}]},{"movieCd":"20218333","movieNm":"꽃다발 같은 사랑을 했다","movieNmEn":"We Made a Beautiful Bouquet","prdtYear":"2021","openDt":"20210714","typeNm":"장편","prdtStatNm":"개봉","nationAlt":"일본","genreAlt":"멜로/로맨스","repNationNm":"일본","repGenreNm":"멜로/로맨스","directors":[{"peopleNm":"도이 노부히로"}],"companys":[]},{"movieCd":"19970316","movieNm":"내 남자친구의 결혼식","movieNmEn":"My Best Friend’s Wedding","prdtYear":"1997","openDt":"19971213","typeNm":"장편","prdtStatNm":"개봉","nationAlt":"미국","genreAlt":"멜로/로맨스,드라마,코미디","repNationNm":"미국","repGenreNm":"멜로/로맨스","directors":[{"peopleNm":"P.J. 호건"}],"companys":[{"companyCd":"20101356","companyNm":"트라이스타 픽쳐스"}]},{"movieCd":"19980086","movieNm":"이보다 더 좋을 순 없다 ","movieNmEn":"As Good As It Gets","prdtYear":"1997","openDt":"19980314","typeNm":"장편","prdtStatNm":"개봉","nationAlt":"미국","genreAlt":"코미디,드라마,멜로/로맨스","repNationNm":"미국","repGenreNm":"코미디","directors":[{"peopleNm":"제임스 L. 브룩스"}],"companys":[{"companyCd":"20101356","companyNm":"트라이스타 픽쳐스"}]},{"movieCd":"20120321","movieNm":"데미지","movieNmEn":"Damage","prdtYear":"1992","openDt":"19941217","typeNm":"장편","prdtStatNm":"개봉","nationAlt":"영국,프랑스","genreAlt":"드라마,멜로/로맨스","repNationNm":"영국","repGenreNm":"드라마","directors":[{"peopleNm":"루이 말"}],"companys":[]},{"movieCd":"20210003","movieNm":"전설의 책: 신비로운 숲","movieNmEn":"The book of legends: Mystical forest","prdtYear":"2012","openDt":"","typeNm":"장편","prdtStatNm":"기타","nationAlt":"카자흐스탄","genreAlt":"어드벤처,코미디,판타지","repNationNm":"카자흐스탄","repGenreNm":"어드벤처","directors":[],"companys":[]}]}