{"totCnt":"95385","source":"영화진흥위원회","movieList":[{"movieCd":"20224664","movieNm":"슈퍼모델급 유부녀 - 178센치 유노짱","movieNmEn":"","prdtYear":"2020","openDt":"","typeNm":"장편","prdtStatNm":"기타","nationAlt":"일본","genreAlt":"성인물(에로)","repNationNm":"일본","repGenreNm":"성인물(에로)","directors":[{"peopleNm":"니시다 류지"}],"companys":[]},{"movieCd":"20224335","movieNm":"너를 죽이고","movieNmEn":"The Aftermath of Murder","prdtYear":"2021","openDt":"","typeNm":"장편","prdtStatNm":"기타","nationAlt":"한국","genreAlt":"드라마,스릴러","repNationNm":"한국","repGenreNm":"드라마","directors":[{"peopleNm":"이윤호"},{"peopleNm":"허서형"}],"companys":[{"companyCd":"20168428","companyNm":"영화사 행성"}]},{"movieCd":"20197861","movieNm":"우리집","movieNmEn":"Our Home","prdtYear":"2019","openDt":"","typeNm":"단편","prdtStatNm":"기타","nationAlt":"한국","genreAlt":"드라마,가족","repNationNm":"한국","repGenreNm":"드라마","directors":[{"peopleNm":"부은주"}],"companys":[]},{"movieCd":"20224660","movieNm":"쓰나미, 그 이후","movieNmEn":"The Calm Beyond","prdtYear":"2020","openDt":"","typeNm":"장편","prdtStatNm":"기타","nationAlt":"홍콩","genreAlt":"SF,스릴러","repNationNm":"홍콩","repGenreNm":"SF","directors":[{"peopleNm":"조슈아 웡"}],"companys":[]},{"movieCd":"20196725","movieNm":"안부","movieNmEn":"Hello","prdtYear":"2019","openDt":"","typeNm":"단편","prdtStatNm":"기타","nationAlt":"한국","genreAlt":"드라마","repNationNm":"한국","repGenreNm":"드라마","directors":[{"peopleNm":"진성문"}],"companys":[{"companyCd":"20111051","companyNm":"센트럴파크"}]},{"movieCd":"20224645","movieNm":"공짜 : 공기타짜","movieNmEn":"","prdtYear":"2022","openDt":"","typeNm":"장편","prdtStatNm":"기타","nationAlt":"한국","genreAlt":"코미디,드라마","repNationNm":"한국","repGenreNm":"코미디","directors":[{"peopleNm":"김민형"}],"companys":[]},{"movieCd":"20224659","movieNm":"1대1 음악 교실 미인 여선생","movieNmEn":"Beautiful teacher in the music class","prdtYear":"2021","openDt":"","typeNm":"장편","prdtStatNm":"기타","nationAlt":"일본","genreAlt":"성인물(에로),멜로/로맨스","repNationNm":"일본","repGenreNm":"성인물(에로)","directors":[{"peopleNm":"몬도 카사"}],"companys":[]},{"movieCd":"20224658","movieNm":"꿀빠는 택배기사","movieNmEn":"G cup married woman","prdtYear":"2021","openDt":"","typeNm":"장편","prdtStatNm":"기타","nationAlt":"일본","genreAlt":"성인물(에로),멜로/로맨스","repNationNm":"일본","repGenreNm":"성인물(에로)","directors":[{"peopleNm":"사토 이노스케"}],"companys":[]},{"movieCd":"20224643","movieNm":"야릇하게 비벼오는 새엄마","movieNmEn":"Father woman","prdtYear":"2021","openDt":"","typeNm":"장편","prdtStatNm":"기타","nationAlt":"일본","genreAlt":"성인물(에로),멜로/로맨스","repNationNm":"일본","repGenreNm":"성인물(에로)","directors":[{"peopleNm":"몬도 카사"}],"companys":[]},{"movieCd":"20224657","movieNm":"사춘기 여동생의 음란한 하루","movieNmEn":"Sister-in-law","prdtYear":"2021","openDt":"","typeNm":"장편","prdtStatNm":"기타","nationAlt":"일본","genreAlt":"성인물(에로),멜로/로맨스","repNationNm":"일본","repGenreNm":"성인물(에로)","directors":[],"companys":[]}]}