{"totCnt":"95385","source":"영화진흥위원회","movieList":[{"movieCd":"20211966","movieNm":"아케미 미우의 노브라 트레이닝","movieNmEn":"","prdtYear":"2020","openDt":"20211124","typeNm":"장편","prdtStatNm":"개봉","nationAlt":"일본","genreAlt":"멜로/로맨스,드라마","repNationNm":"일본","repGenreNm":"멜로/로맨스","directors":[{"peopleNm":"하만"}],"companys":[]},{"movieCd":"20211964","movieNm":"섹스돌:리얼 정사","movieNmEn":"","prdtYear":"2020","openDt":"20211124","typeNm":"장편","prdtStatNm":"개봉","nationAlt":"일본","genreAlt":"멜로/로맨스,드라마","repNationNm":"일본","repGenreNm":"멜로/로맨스","directors":[{"peopleNm":"쿠도 타이요"}],"companys":[]},{"movieCd":"20211965","movieNm":"새엄마의 계곡물","movieNmEn":"","prdtYear":"2020","openDt":"20211124","typeNm":"장편","prdtStatNm":"개봉","nationAlt":"일본","genreAlt":"멜로/로맨스,드라마","repNationNm":"일본","repGenreNm":"멜로/로맨스","directors":[{"peopleNm":"히로아키"}],"companys":[]},{"movieCd":"20210084","movieNm":"사조영웅전: 구음백골조","movieNmEn":"The Legend of the Condor Heroes: The Cadaverous Claws","prdtYear":"2021","openDt":"","typeNm":"장편","prdtStatNm":"기타","nationAlt":"중국","genreAlt":"액션","repNationNm":"중국","repGenreNm":"액션","directors":[],"companys":[]},{"movieCd":"20212046","movieNm":"낡은 영화와 몇 푼짜리 다정","movieNmEn":"The video that we loved, The warmheart that we have to keep.","prdtYear":"2021","openDt":"","typeNm":"단편","prdtStatNm":"기타","nationAlt":"한국","genreAlt":"판타지,드라마","repNationNm":"한국","repGenreNm":"판타지","directors":[{"peopleNm":"문수호"}],"companys":[]},{"movieCd":"20211309","movieNm":"코스모볼","movieNmEn":"Cosmoball","prdtYear":"2020","openDt":"20211123","typeNm":"장편","prdtStatNm":"개봉","nationAlt":"러시아","genreAlt":"SF","repNationNm":"러시아","repGenreNm":"SF","directors":[{"peopleNm":"드자닉 파이지예브"}],"companys":[]},{"movieCd":"20210456","movieNm":"애프터 에브리씽","movieNmEn":"After Everything","prdtYear":"2018","openDt":"20211123","typeNm":"장편","prdtStatNm":"개봉","nationAlt":"미국","genreAlt":"멜로/로맨스,드라마","repNationNm":"미국","repGenreNm":"멜로/로맨스","directors":[],"companys":[]},{"movieCd":"20211322","movieNm":"대무림: 12문파","movieNmEn":"","prdtYear":"2019","openDt":"","typeNm":"장편","prdtStatNm":"기타","nationAlt":"중국","genreAlt":"액션","repNationNm":"중국","repGenreNm":"액션","directors":[],"companys":[]},{"movieCd":"20211723","movieNm":"매드맥스 : 사막의 무법자","movieNmEn":"Scavenger","prdtYear":"2019","openDt":"","typeNm":"장편","prdtStatNm":"기타","nationAlt":"아르헨티나","genreAlt":"액션,범죄","repNationNm":"아르헨티나","repGenreNm":"액션","directors":[],"companys":[]},{"movieCd":"20212065","movieNm":"가이아","movieNmEn":"Gaia","prdtYear":"2021","openDt":"","typeNm":"장편","prdtStatNm":"기타","nationAlt":"남아프리카공화국","genreAlt":"공포(호러),스릴러","repNationNm":"남아프리카공화국","repGenreNm":"공포(호러)","directors":[],"companys":[]}]}