{"totCnt":"95385","source":"영화진흥위원회","movieList":[{"movieCd":"20219172","movieNm":"하얀속옷의 숙모 요시카","movieNmEn":"","prdtYear":"2020","openDt":"","typeNm":"장편","prdtStatNm":"기타","nationAlt":"일본","genreAlt":"성인물(에로)","repNationNm":"일본","repGenreNm":"성인물(에로)","directors":[{"peopleNm":"가토 마사키"}],"companys":[]},{"movieCd":"20210499","movieNm":"풍속점의 새엄마와 엉망진창 놀이","movieNmEn":"","prdtYear":"2020","openDt":"","typeNm":"장편","prdtStatNm":"기타","nationAlt":"일본","genreAlt":"성인물(에로)","repNationNm":"일본","repGenreNm":"성인물(에로)","directors":[{"peopleNm":"코지마 유키오"}],"companys":[]},{"movieCd":"20210549","movieNm":"친구엄마 에리카와 딥키스","movieNmEn":"","prdtYear":"2020","openDt":"","typeNm":"장편","prdtStatNm":"기타","nationAlt":"일본","genreAlt":"성인물(에로)","repNationNm":"일본","repGenreNm":"성인물(에로)","directors":[{"peopleNm":"스즈키 켄이치로"}],"companys":[]},{"movieCd":"20210496","movieNm":"치한전철-무너진 아야코","movieNmEn":"","prdtYear":"2020","openDt":"","typeNm":"장편","prdtStatNm":"기타","nationAlt":"일본","genreAlt":"성인물(에로)","repNationNm":"일본","repGenreNm":"성인물(에로)","directors":[{"peopleNm":"코지마 유키오"}],"companys":[]},{"movieCd":"20210500","movieNm":"치에짱에게 쾌락을 남긴 상간남","movieNmEn":"","prdtYear":"2020","openDt":"","typeNm":"장편","prdtStatNm":"기타","nationAlt":"일본","genreAlt":"성인물(에로)","repNationNm":"일본","repGenreNm":"성인물(에로)","directors":[{"peopleNm":"스즈키 켄이치로"}],"companys":[]},{"movieCd":"20210737","movieNm":"천국마사지의 문을 열다","movieNmEn":"","prdtYear":"2020","openDt":"","typeNm":"장편","prdtStatNm":"기타","nationAlt":"일본","genreAlt":"성인물(에로)","repNationNm":"일본","repGenreNm":"성인물(에로)","directors":[{"peopleNm":"코지마 유키오"}],"companys":[]},{"movieCd":"20210498","movieNm":"젊은 양기를 듬뿍 받은 아유미","movieNmEn":"","prdtYear":"2020","openDt":"","typeNm":"장편","prdtStatNm":"기타","nationAlt":"일본","genreAlt":"성인물(에로)","repNationNm":"일본","repGenreNm":"성인물(에로)","directors":[{"peopleNm":"와타나베 준이치"}],"companys":[]},{"movieCd":"20210551","movieNm":"의동생과 이러면 안되는데 그리고 새엄마","movieNmEn":"","prdtYear":"2020","openDt":"","typeNm":"장편","prdtStatNm":"기타","nationAlt":"일본","genreAlt":"성인물(에로)","repNationNm":"일본","repGenreNm":"성인물(에로)","directors":[{"peopleNm":"코지마 유키오"}],"companys":[]},{"movieCd":"20210495","movieNm":"유우코의 최신영업법 - 업계최고","movieNmEn":"","prdtYear":"2020","openDt":"","typeNm":"장편","prdtStatNm":"기타","nationAlt":"일본","genreAlt":"성인물(에로)","repNationNm":"일본","repGenreNm":"성인물(에로)","directors":[{"peopleNm":"코지마 유키오"}],"companys":[]},{"movieCd":"20210550","movieNm":"여자가 변태인 경우","movieNmEn":"","prdtYear":"2020","openDt":"","typeNm":"장편","prdtStatNm":"기타","nationAlt":"일본","genreAlt":"성인물(에로)","repNationNm":"일본","repGenreNm":"성인물(에로)","directors":[{"peopleNm":"스즈키 켄이치로"}],"companys":[]}]}