{"totCnt":"95385","source":"영화진흥위원회","movieList":[{"movieCd":"20224402","movieNm":"옷 잘 벗는 가정부","movieNmEn":"","prdtYear":"2021","openDt":"20220414","typeNm":"장편","prdtStatNm":"개봉","nationAlt":"한국","genreAlt":"성인물(에로),멜로/로맨스","repNationNm":"한국","repGenreNm":"성인물(에로)","directors":[{"peopleNm":"김모리"}],"companys":[{"companyCd":"20217184","companyNm":"영화사 레드카펫"}]},{"movieCd":"20224257","movieNm":"동생 보며 젖어버린 누나","movieNmEn":"","prdtYear":"2022","openDt":"20220414","typeNm":"장편","prdtStatNm":"개봉","nationAlt":"한국","genreAlt":"성인물(에로)","repNationNm":"한국","repGenreNm":"성인물(에로)","directors":[{"peopleNm":"강현성"}],"companys":[{"companyCd":"20217881","companyNm":"(주)샤이커뮤니케이션즈"}]},{"movieCd":"20210818","movieNm":"너도 평범하지 않아","movieNmEn":"You're not normal, either!","prdtYear":"2021","openDt":"","typeNm":"장편","prdtStatNm":"기타","nationAlt":"일본","genreAlt":"코미디,멜로/로맨스","repNationNm":"일본","repGenreNm":"코미디","directors":[{"peopleNm":"마에다 코지"}],"companys":[]},{"movieCd":"20223792","movieNm":"나는 매일 그녀를 만나러 간다","movieNmEn":"On My Way to Meet Her","prdtYear":"2020","openDt":"","typeNm":"단편","prdtStatNm":"기타","nationAlt":"한국","genreAlt":"뮤지컬","repNationNm":"한국","repGenreNm":"뮤지컬","directors":[{"peopleNm":"이동진"}],"companys":[]},{"movieCd":"20224597","movieNm":"아가미","movieNmEn":"","prdtYear":"2022","openDt":"","typeNm":"장편","prdtStatNm":"촬영진행","nationAlt":"한국","genreAlt":"애니메이션","repNationNm":"한국","repGenreNm":"애니메이션","directors":[{"peopleNm":"안재훈"}],"companys":[{"companyCd":"20030116","companyNm":"(주)연필로명상하기"}]},{"movieCd":"20224556","movieNm":"스네이크헤드","movieNmEn":"Snakehead","prdtYear":"2021","openDt":"","typeNm":"장편","prdtStatNm":"기타","nationAlt":"미국","genreAlt":"액션,범죄,드라마","repNationNm":"미국","repGenreNm":"액션","directors":[{"peopleNm":"에반 렁"}],"companys":[]},{"movieCd":"20224398","movieNm":"1944: 비하인드 워","movieNmEn":"Hell Hath No Fury","prdtYear":"2021","openDt":"","typeNm":"장편","prdtStatNm":"기타","nationAlt":"영국","genreAlt":"액션,전쟁","repNationNm":"영국","repGenreNm":"액션","directors":[{"peopleNm":"제시 V. 존슨"}],"companys":[]},{"movieCd":"20224250","movieNm":"세종대왕의 눈물","movieNmEn":"","prdtYear":"2022","openDt":"","typeNm":"단편","prdtStatNm":"기타","nationAlt":"한국","genreAlt":"드라마","repNationNm":"한국","repGenreNm":"드라마","directors":[{"peopleNm":"김나윤"}],"companys":[{"companyCd":"20204543","companyNm":"희원극단"}]},{"movieCd":"20224594","movieNm":"헤이팅 게임","movieNmEn":"The Hating Game","prdtYear":"2021","openDt":"","typeNm":"장편","prdtStatNm":"기타","nationAlt":"미국","genreAlt":"멜로/로맨스,코미디","repNationNm":"미국","repGenreNm":"멜로/로맨스","directors":[{"peopleNm":"피터 허칭스"}],"companys":[]},{"movieCd":"20223923","movieNm":"하빗","movieNmEn":"Habit","prdtYear":"2020","openDt":"20220414","typeNm":"장편","prdtStatNm":"개봉","nationAlt":"미국","genreAlt":"기타","repNationNm":"미국","repGenreNm":"기타","directors":[],"companys":[]}]}