{"totCnt":"95385","source":"영화진흥위원회","movieList":[{"movieCd":"20224107","movieNm":"검스녀 젊은엄마","movieNmEn":"","prdtYear":"2021","openDt":"20220308","typeNm":"장편","prdtStatNm":"개봉","nationAlt":"한국","genreAlt":"성인물(에로),드라마,멜로/로맨스","repNationNm":"한국","repGenreNm":"성인물(에로)","directors":[{"peopleNm":"정민수"}],"companys":[{"companyCd":"20154968","companyNm":"(주)로드하우스"}]},{"movieCd":"20200302","movieNm":"십개월의 미래 ","movieNmEn":"TEN Months","prdtYear":"2020","openDt":"20211014","typeNm":"장편","prdtStatNm":"개봉","nationAlt":"한국","genreAlt":"드라마","repNationNm":"한국","repGenreNm":"드라마","directors":[{"peopleNm":"남궁선"}],"companys":[{"companyCd":"20199901","companyNm":"한국예술종합학교 산학협력단"}]},{"movieCd":"20224051","movieNm":"발정난가족들","movieNmEn":"","prdtYear":"2021","openDt":"20220307","typeNm":"장편","prdtStatNm":"개봉","nationAlt":"한국","genreAlt":"성인물(에로),멜로/로맨스","repNationNm":"한국","repGenreNm":"성인물(에로)","directors":[{"peopleNm":"천성준"}],"companys":[{"companyCd":"20173662","companyNm":"에이원 미디어"}]},{"movieCd":"20223769","movieNm":"둔덕 사돈처녀","movieNmEn":"","prdtYear":"2022","openDt":"20220304","typeNm":"장편","prdtStatNm":"개봉","nationAlt":"한국","genreAlt":"성인물(에로),드라마,멜로/로맨스","repNationNm":"한국","repGenreNm":"성인물(에로)","directors":[{"peopleNm":"이시영"}],"companys":[{"companyCd":"20122937","companyNm":"(주)룬컴퍼니"}]},{"movieCd":"20223379","movieNm":"웨이크 업","movieNmEn":"Dear Diary","prdtYear":"2020","openDt":"20220303","typeNm":"장편","prdtStatNm":"개봉","nationAlt":"미국","genreAlt":"스릴러,공포(호러)","repNationNm":"미국","repGenreNm":"스릴러","directors":[],"companys":[]},{"movieCd":"20223971","movieNm":"성욕 도우미 무삭제판","movieNmEn":"Kenshin","prdtYear":"2022","openDt":"20220303","typeNm":"장편","prdtStatNm":"개봉","nationAlt":"일본","genreAlt":"성인물(에로),멜로/로맨스","repNationNm":"일본","repGenreNm":"성인물(에로)","directors":[{"peopleNm":"류타"}],"companys":[]},{"movieCd":"20223989","movieNm":"범인에게 푹빠진 아내","movieNmEn":"","prdtYear":"2021","openDt":"20220303","typeNm":"장편","prdtStatNm":"개봉","nationAlt":"일본","genreAlt":"성인물(에로),멜로/로맨스","repNationNm":"일본","repGenreNm":"성인물(에로)","directors":[],"companys":[]},{"movieCd":"20223945","movieNm":"땀샘터진 형의아내 무삭제판","movieNmEn":"","prdtYear":"2022","openDt":"20220303","typeNm":"장편","prdtStatNm":"개봉","nationAlt":"일본","genreAlt":"성인물(에로),멜로/로맨스","repNationNm":"일본","repGenreNm":"성인물(에로)","directors":[{"peopleNm":"나기라 겐조"}],"companys":[]},{"movieCd":"20223944","movieNm":"땀샘터진 간병인 무삭제판","movieNmEn":"","prdtYear":"2022","openDt":"20220303","typeNm":"장편","prdtStatNm":"개봉","nationAlt":"일본","genreAlt":"성인물(에로),멜로/로맨스","repNationNm":"일본","repGenreNm":"성인물(에로)","directors":[{"peopleNm":"나기라 겐조"}],"companys":[]},{"movieCd":"20223996","movieNm":"누나 또래 새엄마","movieNmEn":"","prdtYear":"2021","openDt":"20220303","typeNm":"장편","prdtStatNm":"개봉","nationAlt":"일본","genreAlt":"성인물(에로),멜로/로맨스","repNationNm":"일본","repGenreNm":"성인물(에로)","directors":[],"companys":[]}]}