{"totCnt":"95385","source":"영화진흥위원회","movieList":[{"movieCd":"20191969","movieNm":"고통을 못 느끼는 남자","movieNmEn":"Mard Ko Dard Nahin Hota","prdtYear":"2018","openDt":"","typeNm":"장편","prdtStatNm":"기타","nationAlt":"인도","genreAlt":"액션,코미디","repNationNm":"인도","repGenreNm":"액션","directors":[{"peopleNm":"와산 발라"}],"companys":[]},{"movieCd":"20219077","movieNm":"소림천하: 제국의 부활","movieNmEn":"Rising Shaolin: The Protector","prdtYear":"2021","openDt":"","typeNm":"장편","prdtStatNm":"기타","nationAlt":"중국","genreAlt":"액션,드라마","repNationNm":"중국","repGenreNm":"액션","directors":[{"peopleNm":"당계례"}],"companys":[]},{"movieCd":"20218014","movieNm":"라이더스 오브 저스티스","movieNmEn":"Riders of Justice","prdtYear":"2020","openDt":"20210602","typeNm":"장편","prdtStatNm":"개봉","nationAlt":"기타","genreAlt":"액션,코미디,드라마","repNationNm":"기타","repGenreNm":"액션","directors":[{"peopleNm":"앤더스 토머스 옌센"}],"companys":[]},{"movieCd":"20207531","movieNm":"퍼스트 러브","movieNmEn":"First Love","prdtYear":"2019","openDt":"20201217","typeNm":"장편","prdtStatNm":"개봉","nationAlt":"일본","genreAlt":"범죄,멜로/로맨스,액션","repNationNm":"일본","repGenreNm":"범죄","directors":[{"peopleNm":"미이케 다카시"}],"companys":[]},{"movieCd":"20206021","movieNm":"건즈 아킴보","movieNmEn":"Guns Akimbo","prdtYear":"2020","openDt":"20200415","typeNm":"장편","prdtStatNm":"개봉","nationAlt":"영국","genreAlt":"액션","repNationNm":"영국","repGenreNm":"액션","directors":[{"peopleNm":"제이슨 레이 하우덴"}],"companys":[]},{"movieCd":"20178401","movieNm":"검객","movieNmEn":"The Swordsman","prdtYear":"2020","openDt":"20200923","typeNm":"장편","prdtStatNm":"개봉","nationAlt":"한국","genreAlt":"액션","repNationNm":"한국","repGenreNm":"액션","directors":[{"peopleNm":"최재훈"}],"companys":[{"companyCd":"20100410","companyNm":"오퍼스픽쳐스(유)"}]},{"movieCd":"20215127","movieNm":"추룡 2 : 패왕","movieNmEn":"Chasing the Dragon 2 : Wild Wild Bunch","prdtYear":"2019","openDt":"20210401","typeNm":"장편","prdtStatNm":"개봉","nationAlt":"중국","genreAlt":"액션,범죄,스릴러","repNationNm":"중국","repGenreNm":"액션","directors":[{"peopleNm":"왕정"}],"companys":[]},{"movieCd":"20218347","movieNm":"진삼국무쌍","movieNmEn":"Dynasty Warriors","prdtYear":"2021","openDt":"","typeNm":"장편","prdtStatNm":"기타","nationAlt":"홍콩,중국","genreAlt":"액션,전쟁","repNationNm":"홍콩","repGenreNm":"액션","directors":[{"peopleNm":"주현량"}],"companys":[]},{"movieCd":"20192194","movieNm":"인질","movieNmEn":"Hostage: Missing Celebrity","prdtYear":"2021","openDt":"20210818","typeNm":"장편","prdtStatNm":"개봉","nationAlt":"한국","genreAlt":"액션,스릴러","repNationNm":"한국","repGenreNm":"액션","directors":[{"peopleNm":"필감성"}],"companys":[{"companyCd":"20100374","companyNm":"(주)외유내강"},{"companyCd":"20218182","companyNm":"(주)샘컴퍼니"}]},{"movieCd":"20211228","movieNm":"소음과 고통으로 가득 차다","movieNmEn":"Full of noise and pain","prdtYear":"2020","openDt":"","typeNm":"장편","prdtStatNm":"기타","nationAlt":"아르헨티나","genreAlt":"서부극(웨스턴)","repNationNm":"아르헨티나","repGenreNm":"서부극(웨스턴)","directors":[],"companys":[]}]}