{"totCnt":"95385","source":"영화진흥위원회","movieList":[{"movieCd":"20224331","movieNm":"메리 위도우","movieNmEn":"The Merry Widow","prdtYear":"1925","openDt":"","typeNm":"장편","prdtStatNm":"기타","nationAlt":"미국","genreAlt":"드라마,멜로/로맨스","repNationNm":"미국","repGenreNm":"드라마","directors":[{"peopleNm":"에리히 폰 슈트로하임"}],"companys":[]},{"movieCd":"20224320","movieNm":"소림사: 더 파이널","movieNmEn":"Southern Shaolin and the Fierce Buddha Warriors","prdtYear":"2021","openDt":"","typeNm":"장편","prdtStatNm":"기타","nationAlt":"중국","genreAlt":"액션","repNationNm":"중국","repGenreNm":"액션","directors":[{"peopleNm":"둥웨이"}],"companys":[]},{"movieCd":"20224305","movieNm":"킹 오브 스네이크2","movieNmEn":"The Python","prdtYear":"2021","openDt":"","typeNm":"장편","prdtStatNm":"기타","nationAlt":"중국","genreAlt":"액션","repNationNm":"중국","repGenreNm":"액션","directors":[{"peopleNm":"대예림"}],"companys":[]},{"movieCd":"20224228","movieNm":"숙모 또 할래요?","movieNmEn":"My aunt","prdtYear":"2021","openDt":"","typeNm":"장편","prdtStatNm":"기타","nationAlt":"일본","genreAlt":"성인물(에로),드라마","repNationNm":"일본","repGenreNm":"성인물(에로)","directors":[],"companys":[]},{"movieCd":"20224227","movieNm":"니네 엄마 잘하더라","movieNmEn":"Friend of son","prdtYear":"2021","openDt":"","typeNm":"장편","prdtStatNm":"기타","nationAlt":"일본","genreAlt":"성인물(에로),드라마","repNationNm":"일본","repGenreNm":"성인물(에로)","directors":[{"peopleNm":"오자키 히로코우지"}],"companys":[]},{"movieCd":"20224241","movieNm":"시아버지 방에 들어간 며느리","movieNmEn":"Under one roof","prdtYear":"2021","openDt":"","typeNm":"장편","prdtStatNm":"기타","nationAlt":"일본","genreAlt":"성인물(에로),드라마","repNationNm":"일본","repGenreNm":"성인물(에로)","directors":[{"peopleNm":"잠파"}],"companys":[]},{"movieCd":"20224240","movieNm":"일본 홈스테이 경험한 금발녀","movieNmEn":"Devil training","prdtYear":"2021","openDt":"","typeNm":"장편","prdtStatNm":"기타","nationAlt":"일본","genreAlt":"성인물(에로),드라마","repNationNm":"일본","repGenreNm":"성인물(에로)","directors":[{"peopleNm":"잠파"}],"companys":[]},{"movieCd":"20224226","movieNm":"아내와 자버린 그놈","movieNmEn":"The classmate","prdtYear":"2021","openDt":"","typeNm":"장편","prdtStatNm":"기타","nationAlt":"일본","genreAlt":"성인물(에로),드라마","repNationNm":"일본","repGenreNm":"성인물(에로)","directors":[{"peopleNm":"잠파"}],"companys":[]},{"movieCd":"20211736","movieNm":"포스트카드 킬링","movieNmEn":"The Postcard Killings","prdtYear":"2020","openDt":"","typeNm":"장편","prdtStatNm":"기타","nationAlt":"미국","genreAlt":"범죄,액션","repNationNm":"미국","repGenreNm":"범죄","directors":[{"peopleNm":"다니스 타노비치"}],"companys":[]},{"movieCd":"20224234","movieNm":"브릭스턴 테일","movieNmEn":"A Brixton Tale","prdtYear":"2021","openDt":"20220322","typeNm":"장편","prdtStatNm":"개봉","nationAlt":"영국","genreAlt":"드라마,멜로/로맨스,스릴러","repNationNm":"영국","repGenreNm":"드라마","directors":[],"companys":[]}]}