{"totCnt":"95385","source":"영화진흥위원회","movieList":[{"movieCd":"20213036","movieNm":"시도니아의 기사 : 사랑을 잣는 별","movieNmEn":"Knights of Sidonia: Love Woven in the Stars","prdtYear":"2021","openDt":"","typeNm":"장편","prdtStatNm":"기타","nationAlt":"일본","genreAlt":"애니메이션","repNationNm":"일본","repGenreNm":"애니메이션","directors":[{"peopleNm":"세시타 히로유키"}],"companys":[]},{"movieCd":"20223496","movieNm":"여름모녀","movieNmEn":"Summer in Hers Seasons","prdtYear":"2015","openDt":"","typeNm":"단편","prdtStatNm":"기타","nationAlt":"한국","genreAlt":"드라마,가족","repNationNm":"한국","repGenreNm":"드라마","directors":[{"peopleNm":"나선희"}],"companys":[]},{"movieCd":"20223495","movieNm":"청바지와 극장표","movieNmEn":"","prdtYear":"2021","openDt":"","typeNm":"단편","prdtStatNm":"기타","nationAlt":"한국","genreAlt":"드라마,코미디","repNationNm":"한국","repGenreNm":"드라마","directors":[{"peopleNm":"조성구"}],"companys":[]},{"movieCd":"20223511","movieNm":"기다림","movieNmEn":"","prdtYear":"2013","openDt":"","typeNm":"단편","prdtStatNm":"기타","nationAlt":"한국","genreAlt":"드라마","repNationNm":"한국","repGenreNm":"드라마","directors":[],"companys":[]},{"movieCd":"20223494","movieNm":"동쪽 너머에","movieNmEn":"Beyond the East","prdtYear":"2019","openDt":"","typeNm":"단편","prdtStatNm":"기타","nationAlt":"한국","genreAlt":"드라마","repNationNm":"한국","repGenreNm":"드라마","directors":[{"peopleNm":"하명중"}],"companys":[{"companyCd":"20100081","companyNm":"(주)하명중 영화제작소"}]},{"movieCd":"20223510","movieNm":"백일후엔","movieNmEn":"","prdtYear":"2019","openDt":"","typeNm":"단편","prdtStatNm":"기타","nationAlt":"한국","genreAlt":"드라마,코미디","repNationNm":"한국","repGenreNm":"드라마","directors":[{"peopleNm":"김정식"}],"companys":[]},{"movieCd":"20223493","movieNm":"슈팅","movieNmEn":"","prdtYear":"2019","openDt":"","typeNm":"단편","prdtStatNm":"기타","nationAlt":"한국","genreAlt":"코미디","repNationNm":"한국","repGenreNm":"코미디","directors":[{"peopleNm":"원성진"}],"companys":[]},{"movieCd":"20223492","movieNm":"꿈","movieNmEn":"","prdtYear":"2019","openDt":"","typeNm":"단편","prdtStatNm":"기타","nationAlt":"한국","genreAlt":"드라마","repNationNm":"한국","repGenreNm":"드라마","directors":[{"peopleNm":"심재석"}],"companys":[]},{"movieCd":"20223509","movieNm":"허수아비","movieNmEn":"","prdtYear":"2015","openDt":"","typeNm":"단편","prdtStatNm":"기타","nationAlt":"한국","genreAlt":"드라마","repNationNm":"한국","repGenreNm":"드라마","directors":[{"peopleNm":"박지환"}],"companys":[]},{"movieCd":"20223490","movieNm":"영화아리랑","movieNmEn":"","prdtYear":"2019","openDt":"","typeNm":"단편","prdtStatNm":"기타","nationAlt":"한국","genreAlt":"기타","repNationNm":"한국","repGenreNm":"기타","directors":[],"companys":[]}]}