{"totCnt":"95385","source":"영화진흥위원회","movieList":[{"movieCd":"20211243","movieNm":"유어 턴","movieNmEn":"Your Turn","prdtYear":"2019","openDt":"","typeNm":"장편","prdtStatNm":"기타","nationAlt":"브라질","genreAlt":"다큐멘터리","repNationNm":"브라질","repGenreNm":"다큐멘터리","directors":[],"companys":[]},{"movieCd":"20209272","movieNm":"암탉이 울면","movieNmEn":"When a Hen Crows","prdtYear":"2020","openDt":"","typeNm":"장편","prdtStatNm":"기타","nationAlt":"한국","genreAlt":"다큐멘터리","repNationNm":"한국","repGenreNm":"다큐멘터리","directors":[{"peopleNm":"다빈"}],"companys":[]},{"movieCd":"20216057","movieNm":"내언니전지현과 나:디 온택트","movieNmEn":"","prdtYear":"2020","openDt":"","typeNm":"장편","prdtStatNm":"기타","nationAlt":"한국","genreAlt":"다큐멘터리","repNationNm":"한국","repGenreNm":"다큐멘터리","directors":[{"peopleNm":"박윤진"}],"companys":[]},{"movieCd":"19920246","movieNm":"토토의 천국","movieNmEn":"Toto the Hero","prdtYear":"1991","openDt":"19920717","typeNm":"장편","prdtStatNm":"개봉","nationAlt":"프랑스","genreAlt":"드라마","repNationNm":"프랑스","repGenreNm":"드라마","directors":[{"peopleNm":"자코 반 도마엘"}],"companys":[{"companyCd":"20100081","companyNm":"(주)하명중 영화제작소"}]},{"movieCd":"20178707","movieNm":"기억의 재구성","movieNmEn":"Reawakening of Memories","prdtYear":"2017","openDt":"","typeNm":"단편","prdtStatNm":"기타","nationAlt":"한국","genreAlt":"기타","repNationNm":"한국","repGenreNm":"기타","directors":[{"peopleNm":"김영갑"}],"companys":[{"companyCd":"20100572","companyNm":"한국영화아카데미"}]},{"movieCd":"20182566","movieNm":"고스트","movieNmEn":"Ghost","prdtYear":"2018","openDt":"","typeNm":"단편","prdtStatNm":"기타","nationAlt":"한국","genreAlt":"드라마,가족","repNationNm":"한국","repGenreNm":"드라마","directors":[{"peopleNm":"박현철"}],"companys":[{"companyCd":"20100572","companyNm":"한국영화아카데미"}]},{"movieCd":"20211222","movieNm":"얼굴 보니 좋네","movieNmEn":"Nice to See Your Face","prdtYear":"2021","openDt":"","typeNm":"단편","prdtStatNm":"기타","nationAlt":"한국","genreAlt":"드라마,코미디","repNationNm":"한국","repGenreNm":"드라마","directors":[{"peopleNm":"남궁선"}],"companys":[]},{"movieCd":"20215166","movieNm":"다함께 여름!","movieNmEn":"All Hands on Deck","prdtYear":"2020","openDt":"20211007","typeNm":"장편","prdtStatNm":"개봉","nationAlt":"프랑스","genreAlt":"코미디","repNationNm":"프랑스","repGenreNm":"코미디","directors":[],"companys":[]},{"movieCd":"20210612","movieNm":"스나이퍼: 앤드 오브 워","movieNmEn":"Sniper: Weapon of Retaliation","prdtYear":"2009","openDt":"","typeNm":"장편","prdtStatNm":"기타","nationAlt":"기타","genreAlt":"전쟁,드라마","repNationNm":"기타","repGenreNm":"전쟁","directors":[],"companys":[]},{"movieCd":"20210135","movieNm":"바바 야가 검은 가시 마녀","movieNmEn":"The Widow","prdtYear":"2020","openDt":"","typeNm":"장편","prdtStatNm":"기타","nationAlt":"러시아","genreAlt":"공포(호러),액션","repNationNm":"러시아","repGenreNm":"공포(호러)","directors":[{"peopleNm":"이반 미닌"}],"companys":[]}]}