{"totCnt":"95385","source":"영화진흥위원회","movieList":[{"movieCd":"20210171","movieNm":"시머","movieNmEn":"Simmer","prdtYear":"2020","openDt":"","typeNm":"장편","prdtStatNm":"기타","nationAlt":"미국","genreAlt":"스릴러","repNationNm":"미국","repGenreNm":"스릴러","directors":[],"companys":[]},{"movieCd":"20218790","movieNm":"스네이크 아이즈: 지.아이.조","movieNmEn":"Snake Eyes: G.I. Joe Origins","prdtYear":"2021","openDt":"20210909","typeNm":"장편","prdtStatNm":"개봉","nationAlt":"미국","genreAlt":"액션,어드벤처,판타지","repNationNm":"미국","repGenreNm":"액션","directors":[{"peopleNm":"로베르트 슈벤트케"}],"companys":[{"companyCd":"20104469","companyNm":"파라마운트 픽쳐스"}]},{"movieCd":"20217491","movieNm":"변신 : 어느날 갑자기","movieNmEn":"The Unfamiliar","prdtYear":"2020","openDt":"20210909","typeNm":"장편","prdtStatNm":"개봉","nationAlt":"영국","genreAlt":"공포(호러)","repNationNm":"영국","repGenreNm":"공포(호러)","directors":[{"peopleNm":"헨크 프리토리우스"}],"companys":[]},{"movieCd":"20210039","movieNm":"뱅드림! 로젤리아 에피소드 Ⅱ : 송 아이 엠","movieNmEn":"BanG Dream! Episode of Roselia Ⅱ: Song I am.","prdtYear":"2020","openDt":"20210909","typeNm":"장편","prdtStatNm":"개봉","nationAlt":"일본","genreAlt":"애니메이션","repNationNm":"일본","repGenreNm":"애니메이션","directors":[{"peopleNm":"카키모토 코다이"}],"companys":[]},{"movieCd":"20210241","movieNm":"레지스탕스","movieNmEn":"Resistance","prdtYear":"2020","openDt":"","typeNm":"장편","prdtStatNm":"기타","nationAlt":"독일","genreAlt":"드라마","repNationNm":"독일","repGenreNm":"드라마","directors":[{"peopleNm":"조나단 자쿠보위즈"}],"companys":[]},{"movieCd":"20219890","movieNm":"더 런","movieNmEn":"RUN","prdtYear":"2020","openDt":"","typeNm":"장편","prdtStatNm":"기타","nationAlt":"러시아","genreAlt":"스릴러,범죄","repNationNm":"러시아","repGenreNm":"스릴러","directors":[],"companys":[]},{"movieCd":"20210086","movieNm":"남권: 영웅쟁패","movieNmEn":"Nanquan-The Rise of Heroes","prdtYear":"2020","openDt":"","typeNm":"장편","prdtStatNm":"기타","nationAlt":"중국","genreAlt":"액션","repNationNm":"중국","repGenreNm":"액션","directors":[],"companys":[]},{"movieCd":"20210033","movieNm":"엑소시즘: 악령의 눈동자","movieNmEn":"Demon Eye","prdtYear":"2019","openDt":"20210908","typeNm":"장편","prdtStatNm":"개봉","nationAlt":"미국","genreAlt":"공포(호러)","repNationNm":"미국","repGenreNm":"공포(호러)","directors":[],"companys":[]},{"movieCd":"20210421","movieNm":"슈퍼히어로","movieNmEn":"SUPER HERO","prdtYear":"2021","openDt":"","typeNm":"장편","prdtStatNm":"기타","nationAlt":"한국","genreAlt":"SF","repNationNm":"한국","repGenreNm":"SF","directors":[],"companys":[]},{"movieCd":"20210400","movieNm":"제4의 얼굴","movieNmEn":"The Fourth Face","prdtYear":"2021","openDt":"","typeNm":"장편","prdtStatNm":"기타","nationAlt":"인도","genreAlt":"애니메이션","repNationNm":"인도","repGenreNm":"애니메이션","directors":[],"companys":[]}]}