{"totCnt":"95385","source":"영화진흥위원회","movieList":[{"movieCd":"20228298","movieNm":"소리가 사라진 마을","movieNmEn":"I HEARD SILENCE FROM HER","prdtYear":"2020","openDt":"","typeNm":"단편","prdtStatNm":"기타","nationAlt":"한국","genreAlt":"드라마","repNationNm":"한국","repGenreNm":"드라마","directors":[{"peopleNm":"정지나"}],"companys":[]},{"movieCd":"20230650","movieNm":"친구에게 빼앗긴 내 애인","movieNmEn":"","prdtYear":"2022","openDt":"20230315","typeNm":"장편","prdtStatNm":"개봉","nationAlt":"한국","genreAlt":"성인물(에로),드라마","repNationNm":"한국","repGenreNm":"성인물(에로)","directors":[{"peopleNm":"성운아"}],"companys":[{"companyCd":"20217321","companyNm":"주식회사 바나나픽쳐스"}]},{"movieCd":"20230852","movieNm":"출장AS:여기도 고쳐줘요","movieNmEn":"","prdtYear":"2022","openDt":"20230317","typeNm":"장편","prdtStatNm":"개봉","nationAlt":"일본","genreAlt":"성인물(에로),드라마,멜로/로맨스","repNationNm":"일본","repGenreNm":"성인물(에로)","directors":[{"peopleNm":"디렉터 O"}],"companys":[]},{"movieCd":"20230853","movieNm":"육덕장모:딸,미안해","movieNmEn":"","prdtYear":"2022","openDt":"20230317","typeNm":"장편","prdtStatNm":"개봉","nationAlt":"일본","genreAlt":"성인물(에로),드라마,멜로/로맨스","repNationNm":"일본","repGenreNm":"성인물(에로)","directors":[{"peopleNm":"츠지 코지"}],"companys":[]},{"movieCd":"20230872","movieNm":"술도녀:하고 보니 옆집남자","movieNmEn":"","prdtYear":"2022","openDt":"20230317","typeNm":"장편","prdtStatNm":"개봉","nationAlt":"일본","genreAlt":"성인물(에로),드라마,멜로/로맨스","repNationNm":"일본","repGenreNm":"성인물(에로)","directors":[{"peopleNm":"디렉터 O"}],"companys":[]},{"movieCd":"20230856","movieNm":"섹스중독:바지 잘 벗기는 아줌마","movieNmEn":"","prdtYear":"2022","openDt":"20230317","typeNm":"장편","prdtStatNm":"개봉","nationAlt":"일본","genreAlt":"성인물(에로),드라마,멜로/로맨스","repNationNm":"일본","repGenreNm":"성인물(에로)","directors":[{"peopleNm":"사쿠라비토"}],"companys":[]},{"movieCd":"20230871","movieNm":"새아들:널 위한 밤","movieNmEn":"","prdtYear":"2022","openDt":"20230317","typeNm":"장편","prdtStatNm":"개봉","nationAlt":"일본","genreAlt":"성인물(에로),드라마,멜로/로맨스","repNationNm":"일본","repGenreNm":"성인물(에로)","directors":[{"peopleNm":"츠지 코지"}],"companys":[]},{"movieCd":"20230992","movieNm":"두꺼운 선배에 찢긴 내 사랑  ","movieNmEn":"","prdtYear":"2023","openDt":"","typeNm":"장편","prdtStatNm":"기타","nationAlt":"일본","genreAlt":"성인물(에로)","repNationNm":"일본","repGenreNm":"성인물(에로)","directors":[{"peopleNm":"미시마 로쿠사부로"}],"companys":[]},{"movieCd":"20231022","movieNm":"심야 병동 203호 섹스 호출 ","movieNmEn":"","prdtYear":"2023","openDt":"","typeNm":"장편","prdtStatNm":"기타","nationAlt":"일본","genreAlt":"성인물(에로)","repNationNm":"일본","repGenreNm":"성인물(에로)","directors":[],"companys":[]},{"movieCd":"20230991","movieNm":"남편은 모르는 귀부인의 비밀","movieNmEn":"","prdtYear":"2023","openDt":"","typeNm":"장편","prdtStatNm":"기타","nationAlt":"일본","genreAlt":"성인물(에로)","repNationNm":"일본","repGenreNm":"성인물(에로)","directors":[],"companys":[]}]}