{"totCnt":"95385","source":"영화진흥위원회","movieList":[{"movieCd":"19188001","movieNm":"개의 일생","movieNmEn":"A Dog's Life","prdtYear":"1918","openDt":"","typeNm":"단편","prdtStatNm":"기타","nationAlt":"미국","genreAlt":"코미디","repNationNm":"미국","repGenreNm":"코미디","directors":[{"peopleNm":"찰리 채플린"}],"companys":[]},{"movieCd":"20230954","movieNm":"포르자 바스티아","movieNmEn":"Forza Bastia","prdtYear":"1978","openDt":"","typeNm":"단편","prdtStatNm":"기타","nationAlt":"프랑스","genreAlt":"다큐멘터리","repNationNm":"프랑스","repGenreNm":"다큐멘터리","directors":[{"peopleNm":"자크 타티"}],"companys":[]},{"movieCd":"20230937","movieNm":"우체부 학교","movieNmEn":"School for Postmen","prdtYear":"1946","openDt":"","typeNm":"단편","prdtStatNm":"기타","nationAlt":"프랑스","genreAlt":"드라마","repNationNm":"프랑스","repGenreNm":"드라마","directors":[{"peopleNm":"자크 타티"}],"companys":[]},{"movieCd":"20230953","movieNm":"왼쪽을 주의하라","movieNmEn":"Watch Your Left","prdtYear":"1936","openDt":"","typeNm":"단편","prdtStatNm":"기타","nationAlt":"프랑스","genreAlt":"드라마","repNationNm":"프랑스","repGenreNm":"드라마","directors":[{"peopleNm":"르네 클레망"}],"companys":[]},{"movieCd":"20230952","movieNm":"즐거운 일요일!","movieNmEn":"Gai dimanche!","prdtYear":"1935","openDt":"","typeNm":"단편","prdtStatNm":"기타","nationAlt":"프랑스","genreAlt":"드라마","repNationNm":"프랑스","repGenreNm":"드라마","directors":[],"companys":[]},{"movieCd":"20190735","movieNm":"마티아스와 막심","movieNmEn":"Matthias & Maxime","prdtYear":"2019","openDt":"20200723","typeNm":"장편","prdtStatNm":"개봉","nationAlt":"캐나다","genreAlt":"드라마","repNationNm":"캐나다","repGenreNm":"드라마","directors":[{"peopleNm":"자비에 돌란"}],"companys":[]},{"movieCd":"20080510","movieNm":"부부의 거처","movieNmEn":"Bed & Board","prdtYear":"1970","openDt":"","typeNm":"장편","prdtStatNm":"기타","nationAlt":"프랑스","genreAlt":"코미디","repNationNm":"프랑스","repGenreNm":"코미디","directors":[{"peopleNm":"프랑수아 트뤼포"}],"companys":[]},{"movieCd":"19688056","movieNm":"파티","movieNmEn":"The Party","prdtYear":"1968","openDt":"","typeNm":"장편","prdtStatNm":"기타","nationAlt":"미국","genreAlt":"코미디","repNationNm":"미국","repGenreNm":"코미디","directors":[{"peopleNm":"블레이크 에드워즈"}],"companys":[]},{"movieCd":"20230935","movieNm":"요요","movieNmEn":"Yoyo","prdtYear":"1965","openDt":"","typeNm":"장편","prdtStatNm":"기타","nationAlt":"프랑스","genreAlt":"드라마","repNationNm":"프랑스","repGenreNm":"드라마","directors":[],"companys":[]},{"movieCd":"20230951","movieNm":"구혼자","movieNmEn":"The Suitor","prdtYear":"1963","openDt":"","typeNm":"장편","prdtStatNm":"기타","nationAlt":"프랑스","genreAlt":"드라마","repNationNm":"프랑스","repGenreNm":"드라마","directors":[],"companys":[]}]}