{"totCnt":"95385","source":"영화진흥위원회","movieList":[{"movieCd":"20210701","movieNm":"에슬루나: 바빌론의 왕관","movieNmEn":"Esluna: The Crown of Babylon","prdtYear":"2021","openDt":"","typeNm":"장편","prdtStatNm":"기타","nationAlt":"캐나다","genreAlt":"애니메이션","repNationNm":"캐나다","repGenreNm":"애니메이션","directors":[],"companys":[]},{"movieCd":"20210680","movieNm":"타실리냐","movieNmEn":"TARSILINHA","prdtYear":"2020","openDt":"","typeNm":"장편","prdtStatNm":"기타","nationAlt":"브라질","genreAlt":"애니메이션","repNationNm":"브라질","repGenreNm":"애니메이션","directors":[],"companys":[]},{"movieCd":"20101116","movieNm":"테라 3D: 인류 최후의 전쟁","movieNmEn":"Battle For Terra","prdtYear":"2009","openDt":"20101104","typeNm":"장편","prdtStatNm":"개봉","nationAlt":"미국","genreAlt":"애니메이션,어드벤처,판타지,액션","repNationNm":"미국","repGenreNm":"애니메이션","directors":[{"peopleNm":"아리스토메니스 치바스"}],"companys":[{"companyCd":"20112259","companyNm":"메니딩스"}]},{"movieCd":"20168149","movieNm":"내 이름은 꾸제트","movieNmEn":"My Life as a Zucchini","prdtYear":"2016","openDt":"20170309","typeNm":"장편","prdtStatNm":"개봉","nationAlt":"프랑스,스위스","genreAlt":"애니메이션,가족","repNationNm":"프랑스","repGenreNm":"애니메이션","directors":[{"peopleNm":"클로드 바라스"}],"companys":[]},{"movieCd":"20210126","movieNm":"섹슈얼 네이처","movieNmEn":"Scenes of a Sexual Nature","prdtYear":"2006","openDt":"20210917","typeNm":"장편","prdtStatNm":"개봉","nationAlt":"영국","genreAlt":"코미디,멜로/로맨스,드라마","repNationNm":"영국","repGenreNm":"코미디","directors":[{"peopleNm":"에드 브럼"}],"companys":[]},{"movieCd":"20210675","movieNm":"중동의 평화 : 그 25년의 노력","movieNmEn":"The Human Factor","prdtYear":"2019","openDt":"","typeNm":"장편","prdtStatNm":"기타","nationAlt":"영국,이스라엘","genreAlt":"다큐멘터리","repNationNm":"영국","repGenreNm":"다큐멘터리","directors":[],"companys":[]},{"movieCd":"20210674","movieNm":"널 데리고 갈게","movieNmEn":"I Carry You With Me","prdtYear":"2020","openDt":"","typeNm":"장편","prdtStatNm":"기타","nationAlt":"미국,멕시코","genreAlt":"드라마","repNationNm":"미국","repGenreNm":"드라마","directors":[{"peopleNm":"헤이디 에윙"}],"companys":[]},{"movieCd":"20210673","movieNm":"가면라이더 제로원 리얼타임","movieNmEn":"Kamen Rider Zero One Real Time","prdtYear":"2020","openDt":"","typeNm":"장편","prdtStatNm":"기타","nationAlt":"일본","genreAlt":"SF,액션","repNationNm":"일본","repGenreNm":"SF","directors":[],"companys":[]},{"movieCd":"20218910","movieNm":"사운드 오브 데스","movieNmEn":"Sound of Violence","prdtYear":"2021","openDt":"20210909","typeNm":"장편","prdtStatNm":"개봉","nationAlt":"미국","genreAlt":"범죄,공포(호러),스릴러","repNationNm":"미국","repGenreNm":"범죄","directors":[],"companys":[]},{"movieCd":"20210355","movieNm":"미씽: 사라진 딸","movieNmEn":"Nowhere to Be Found","prdtYear":"2019","openDt":"20210923","typeNm":"장편","prdtStatNm":"개봉","nationAlt":"캐나다","genreAlt":"스릴러","repNationNm":"캐나다","repGenreNm":"스릴러","directors":[{"peopleNm":"토마스 마이클"}],"companys":[]}]}