{"totCnt":"95385","source":"영화진흥위원회","movieList":[{"movieCd":"20194766","movieNm":"비욘드 더 웨이브","movieNmEn":"Beyond the Waves","prdtYear":"2018","openDt":"","typeNm":"장편","prdtStatNm":"기타","nationAlt":"벨기에","genreAlt":"다큐멘터리","repNationNm":"벨기에","repGenreNm":"다큐멘터리","directors":[],"companys":[]},{"movieCd":"20218006","movieNm":"체르노빌 1986","movieNmEn":"Chernobyl: Abyss","prdtYear":"2021","openDt":"20210630","typeNm":"장편","prdtStatNm":"개봉","nationAlt":"러시아","genreAlt":"액션,스릴러","repNationNm":"러시아","repGenreNm":"액션","directors":[{"peopleNm":"다닐라 코즈로브스키"}],"companys":[]},{"movieCd":"20184327","movieNm":"태양을 덮다","movieNmEn":"The Seal of the Sun","prdtYear":"2016","openDt":"20210311","typeNm":"장편","prdtStatNm":"개봉","nationAlt":"일본","genreAlt":"드라마","repNationNm":"일본","repGenreNm":"드라마","directors":[{"peopleNm":"사토 후토시"}],"companys":[]},{"movieCd":"20138315","movieNm":"온화한 일상","movieNmEn":"Odayaka","prdtYear":"2012","openDt":"","typeNm":"장편","prdtStatNm":"기타","nationAlt":"일본,미국","genreAlt":"기타","repNationNm":"일본","repGenreNm":"기타","directors":[{"peopleNm":"우치다 노부테루"}],"companys":[]},{"movieCd":"19718052","movieNm":"베니스에서의 죽음","movieNmEn":"Death In Venice","prdtYear":"1971","openDt":"","typeNm":"장편","prdtStatNm":"기타","nationAlt":"이탈리아,프랑스","genreAlt":"기타","repNationNm":"이탈리아","repGenreNm":"기타","directors":[{"peopleNm":"루치노 비스콘티"}],"companys":[]},{"movieCd":"20211095","movieNm":"둘만의 세계","movieNmEn":"The World for the Two of Us","prdtYear":"2020","openDt":"","typeNm":"장편","prdtStatNm":"기타","nationAlt":"일본","genreAlt":"기타","repNationNm":"일본","repGenreNm":"기타","directors":[],"companys":[]},{"movieCd":"20211094","movieNm":"경찰관 크리스티","movieNmEn":"Poppy Field","prdtYear":"2020","openDt":"","typeNm":"장편","prdtStatNm":"기타","nationAlt":"루마니아","genreAlt":"기타","repNationNm":"루마니아","repGenreNm":"기타","directors":[],"companys":[]},{"movieCd":"20211113","movieNm":"변신","movieNmEn":"Metamorphosis","prdtYear":"2019","openDt":"","typeNm":"장편","prdtStatNm":"기타","nationAlt":"필리핀","genreAlt":"기타","repNationNm":"필리핀","repGenreNm":"기타","directors":[],"companys":[]},{"movieCd":"20211112","movieNm":"시퀸의 이중생활","movieNmEn":"Sequin in a Blue Room","prdtYear":"2019","openDt":"","typeNm":"장편","prdtStatNm":"기타","nationAlt":"호주","genreAlt":"기타","repNationNm":"호주","repGenreNm":"기타","directors":[],"companys":[]},{"movieCd":"20211111","movieNm":"프놈펜 스토리","movieNmEn":"Coalesce","prdtYear":"2020","openDt":"","typeNm":"장편","prdtStatNm":"기타","nationAlt":"캄보디아,프랑스","genreAlt":"기타","repNationNm":"캄보디아","repGenreNm":"기타","directors":[],"companys":[]}]}