{"totCnt":"95385","source":"영화진흥위원회","movieList":[{"movieCd":"20210271","movieNm":"파트-타임 문","movieNmEn":"Part-Time Moon","prdtYear":"2021","openDt":"","typeNm":"단편","prdtStatNm":"기타","nationAlt":"홍콩","genreAlt":"기타","repNationNm":"홍콩","repGenreNm":"기타","directors":[],"companys":[]},{"movieCd":"20210270","movieNm":"시즌/패턴","movieNmEn":"Seasons/Patterns","prdtYear":"2020","openDt":"","typeNm":"단편","prdtStatNm":"기타","nationAlt":"독일","genreAlt":"기타","repNationNm":"독일","repGenreNm":"기타","directors":[],"companys":[]},{"movieCd":"20210283","movieNm":"오지","movieNmEn":"The Backcountry","prdtYear":"2020","openDt":"","typeNm":"단편","prdtStatNm":"기타","nationAlt":"캐나다","genreAlt":"기타","repNationNm":"캐나다","repGenreNm":"기타","directors":[],"companys":[]},{"movieCd":"20210282","movieNm":"데이터 장례식","movieNmEn":"The encoffiner of data","prdtYear":"2021","openDt":"","typeNm":"단편","prdtStatNm":"기타","nationAlt":"중국","genreAlt":"기타","repNationNm":"중국","repGenreNm":"기타","directors":[],"companys":[]},{"movieCd":"20210269","movieNm":"트레인 어게인","movieNmEn":"Train Again","prdtYear":"2021","openDt":"","typeNm":"단편","prdtStatNm":"기타","nationAlt":"오스트리아 ","genreAlt":"기타","repNationNm":"오스트리아 ","repGenreNm":"기타","directors":[{"peopleNm":"피터 체르카스키"}],"companys":[]},{"movieCd":"20210281","movieNm":"더 플라스틱 하우스","movieNmEn":"The Plastic House","prdtYear":"2019","openDt":"","typeNm":"장편","prdtStatNm":"기타","nationAlt":"호주","genreAlt":"기타","repNationNm":"호주","repGenreNm":"기타","directors":[],"companys":[]},{"movieCd":"20210268","movieNm":"마지날리아","movieNmEn":"Marginalia","prdtYear":"2016","openDt":"","typeNm":"단편","prdtStatNm":"기타","nationAlt":"미국","genreAlt":"기타","repNationNm":"미국","repGenreNm":"기타","directors":[],"companys":[]},{"movieCd":"20210267","movieNm":"수성의 언어","movieNmEn":"Words of Mercury","prdtYear":"2011","openDt":"","typeNm":"단편","prdtStatNm":"기타","nationAlt":"미국","genreAlt":"기타","repNationNm":"미국","repGenreNm":"기타","directors":[],"companys":[]},{"movieCd":"20210240","movieNm":"새로운 해안","movieNmEn":"New Shores","prdtYear":"1971","openDt":"","typeNm":"단편","prdtStatNm":"기타","nationAlt":"미국","genreAlt":"기타","repNationNm":"미국","repGenreNm":"기타","directors":[],"companys":[]},{"movieCd":"20210239","movieNm":"석조가옥 안에서","movieNmEn":"In the Stone House","prdtYear":"2012","openDt":"","typeNm":"단편","prdtStatNm":"기타","nationAlt":"미국","genreAlt":"기타","repNationNm":"미국","repGenreNm":"기타","directors":[],"companys":[]}]}