{"totCnt":"95385","source":"영화진흥위원회","movieList":[{"movieCd":"20211770","movieNm":"이제 그만","movieNmEn":"","prdtYear":"2020","openDt":"","typeNm":"단편","prdtStatNm":"기타","nationAlt":"한국","genreAlt":"드라마","repNationNm":"한국","repGenreNm":"드라마","directors":[{"peopleNm":"배영한"}],"companys":[]},{"movieCd":"20217198","movieNm":"뉴 오더","movieNmEn":"New Order","prdtYear":"2020","openDt":"20211111","typeNm":"장편","prdtStatNm":"개봉","nationAlt":"기타","genreAlt":"스릴러","repNationNm":"기타","repGenreNm":"스릴러","directors":[{"peopleNm":"미셸 프랑코"}],"companys":[]},{"movieCd":"20211362","movieNm":"라스트 맨 다운","movieNmEn":"Last Man Down","prdtYear":"2021","openDt":"","typeNm":"장편","prdtStatNm":"기타","nationAlt":"스웨덴,영국","genreAlt":"액션","repNationNm":"스웨덴","repGenreNm":"액션","directors":[],"companys":[]},{"movieCd":"20211752","movieNm":"13인의 무사","movieNmEn":"Han Dynasty Thirteen General","prdtYear":"2019","openDt":"","typeNm":"장편","prdtStatNm":"기타","nationAlt":"중국","genreAlt":"전쟁,액션","repNationNm":"중국","repGenreNm":"전쟁","directors":[{"peopleNm":"회우"}],"companys":[]},{"movieCd":"20211767","movieNm":"척살자객","movieNmEn":"Dragon City's Lost Battle","prdtYear":"2020","openDt":"","typeNm":"장편","prdtStatNm":"기타","nationAlt":"중국","genreAlt":"액션","repNationNm":"중국","repGenreNm":"액션","directors":[],"companys":[]},{"movieCd":"20211313","movieNm":"틱, 틱... 붐!","movieNmEn":"tick, tick... BOOM!","prdtYear":"2021","openDt":"20211112","typeNm":"장편","prdtStatNm":"개봉","nationAlt":"미국","genreAlt":"드라마,뮤지컬","repNationNm":"미국","repGenreNm":"드라마","directors":[{"peopleNm":"린-마누엘 미란다"}],"companys":[]},{"movieCd":"20218477","movieNm":"완전한 사육: 욕망의 시작","movieNmEn":"Perfect Education Etude","prdtYear":"2020","openDt":"","typeNm":"장편","prdtStatNm":"기타","nationAlt":"일본","genreAlt":"드라마,멜로/로맨스","repNationNm":"일본","repGenreNm":"드라마","directors":[],"companys":[]},{"movieCd":"20211235","movieNm":"얼굴도 몸매도 참을 수 없는 어머니의 친구","movieNmEn":"","prdtYear":"2020","openDt":"","typeNm":"장편","prdtStatNm":"기타","nationAlt":"일본","genreAlt":"성인물(에로),드라마","repNationNm":"일본","repGenreNm":"성인물(에로)","directors":[{"peopleNm":"카와이 조지"}],"companys":[]},{"movieCd":"20211183","movieNm":"동창회 네토 : 첫사랑에 빼앗긴 아내","movieNmEn":"","prdtYear":"2020","openDt":"","typeNm":"장편","prdtStatNm":"기타","nationAlt":"일본","genreAlt":"성인물(에로),드라마","repNationNm":"일본","repGenreNm":"성인물(에로)","directors":[{"peopleNm":"쇼오텐시로오"}],"companys":[]},{"movieCd":"20211744","movieNm":"SIFFF2021 폐막식","movieNmEn":"","prdtYear":"2021","openDt":"","typeNm":"옴니버스","prdtStatNm":"기타","nationAlt":"기타","genreAlt":"기타","repNationNm":"기타","repGenreNm":"기타","directors":[],"companys":[]}]}