{"totCnt":"95385","source":"영화진흥위원회","movieList":[{"movieCd":"20212548","movieNm":"아무도 모르게","movieNmEn":"Without anyone know","prdtYear":"2021","openDt":"","typeNm":"단편","prdtStatNm":"기타","nationAlt":"한국","genreAlt":"드라마","repNationNm":"한국","repGenreNm":"드라마","directors":[{"peopleNm":"변여빈"}],"companys":[]},{"movieCd":"20213043","movieNm":"우리의 바다","movieNmEn":"In complete","prdtYear":"2020","openDt":"","typeNm":"단편","prdtStatNm":"기타","nationAlt":"한국","genreAlt":"드라마","repNationNm":"한국","repGenreNm":"드라마","directors":[],"companys":[]},{"movieCd":"20213038","movieNm":"정무문2: 100대 1의 전설","movieNmEn":"","prdtYear":"2019","openDt":"","typeNm":"장편","prdtStatNm":"기타","nationAlt":"중국","genreAlt":"액션","repNationNm":"중국","repGenreNm":"액션","directors":[],"companys":[]},{"movieCd":"20213042","movieNm":"엽문5: 일대종사","movieNmEn":"IP MAN AND FOUR KINGS","prdtYear":"2019","openDt":"","typeNm":"장편","prdtStatNm":"기타","nationAlt":"중국","genreAlt":"액션","repNationNm":"중국","repGenreNm":"액션","directors":[],"companys":[]},{"movieCd":"20213041","movieNm":"메가 몬스터","movieNmEn":"MAD SPIDER SEA ","prdtYear":"2020","openDt":"","typeNm":"장편","prdtStatNm":"기타","nationAlt":"중국","genreAlt":"액션,미스터리,스릴러","repNationNm":"중국","repGenreNm":"액션","directors":[],"companys":[]},{"movieCd":"20213037","movieNm":"슈퍼파워","movieNmEn":"The super power","prdtYear":"2016","openDt":"","typeNm":"단편","prdtStatNm":"기타","nationAlt":"한국","genreAlt":"가족","repNationNm":"한국","repGenreNm":"가족","directors":[{"peopleNm":"나황선"}],"companys":[]},{"movieCd":"20213031","movieNm":"딜리버리","movieNmEn":"Delivery","prdtYear":"2021","openDt":"","typeNm":"장편","prdtStatNm":"기타","nationAlt":"한국","genreAlt":"기타","repNationNm":"한국","repGenreNm":"기타","directors":[],"companys":[{"companyCd":"20203408","companyNm":"주식회사 지산크리에이티브스"}]},{"movieCd":"20213019","movieNm":"지수이야기","movieNmEn":"JISU STORY","prdtYear":"2019","openDt":"","typeNm":"장편","prdtStatNm":"기타","nationAlt":"한국","genreAlt":"기타","repNationNm":"한국","repGenreNm":"기타","directors":[{"peopleNm":"이지성"}],"companys":[]},{"movieCd":"20212263","movieNm":"피어: 마지막 생존자","movieNmEn":"F.E.A.R","prdtYear":"2021","openDt":"20211231","typeNm":"장편","prdtStatNm":"개봉","nationAlt":"미국","genreAlt":"액션,스릴러","repNationNm":"미국","repGenreNm":"액션","directors":[{"peopleNm":"제프 레이즈너"},{"peopleNm":"제이슨 토비아스"}],"companys":[]},{"movieCd":"20212930","movieNm":"가면-감춰진 진실","movieNmEn":"In the Name of Confucius","prdtYear":"2017","openDt":"20211231","typeNm":"장편","prdtStatNm":"개봉","nationAlt":"캐나다","genreAlt":"다큐멘터리","repNationNm":"캐나다","repGenreNm":"다큐멘터리","directors":[],"companys":[]}]}