{"totCnt":"95385","source":"영화진흥위원회","movieList":[{"movieCd":"20230731","movieNm":"제25회 한예종 졸업영화제 섹션 7","movieNmEn":"","prdtYear":"2023","openDt":"","typeNm":"옴니버스","prdtStatNm":"기타","nationAlt":"한국","genreAlt":"기타","repNationNm":"한국","repGenreNm":"기타","directors":[],"companys":[]},{"movieCd":"20230744","movieNm":"그녀의 욕정 테라피 무삭제판","movieNmEn":"","prdtYear":"2023","openDt":"","typeNm":"장편","prdtStatNm":"기타","nationAlt":"일본","genreAlt":"성인물(에로),멜로/로맨스","repNationNm":"일본","repGenreNm":"성인물(에로)","directors":[{"peopleNm":"모소조쿠"}],"companys":[]},{"movieCd":"20230743","movieNm":"제25회 한예종 졸업영화제 섹션 6","movieNmEn":"","prdtYear":"2023","openDt":"","typeNm":"옴니버스","prdtStatNm":"기타","nationAlt":"한국","genreAlt":"기타","repNationNm":"한국","repGenreNm":"기타","directors":[],"companys":[]},{"movieCd":"20230730","movieNm":"제25회 한예종 졸업영화제 섹션 5","movieNmEn":"","prdtYear":"2023","openDt":"","typeNm":"옴니버스","prdtStatNm":"기타","nationAlt":"한국","genreAlt":"기타","repNationNm":"한국","repGenreNm":"기타","directors":[],"companys":[]},{"movieCd":"20230741","movieNm":"제25회 한예종 졸업영화제 섹션 4","movieNmEn":"","prdtYear":"2023","openDt":"","typeNm":"옴니버스","prdtStatNm":"기타","nationAlt":"한국","genreAlt":"기타","repNationNm":"한국","repGenreNm":"기타","directors":[],"companys":[]},{"movieCd":"20230720","movieNm":"제25회 한예종 졸업영화제 섹션 3","movieNmEn":"","prdtYear":"2023","openDt":"","typeNm":"옴니버스","prdtStatNm":"기타","nationAlt":"한국","genreAlt":"기타","repNationNm":"한국","repGenreNm":"기타","directors":[],"companys":[]},{"movieCd":"20230729","movieNm":"제25회 한예종 졸업영화제 섹션 2","movieNmEn":"","prdtYear":"2023","openDt":"","typeNm":"옴니버스","prdtStatNm":"기타","nationAlt":"한국","genreAlt":"기타","repNationNm":"한국","repGenreNm":"기타","directors":[],"companys":[]},{"movieCd":"20230719","movieNm":"제25회 한예종 졸업영화제 섹션 1","movieNmEn":"","prdtYear":"2023","openDt":"","typeNm":"옴니버스","prdtStatNm":"기타","nationAlt":"한국","genreAlt":"기타","repNationNm":"한국","repGenreNm":"기타","directors":[],"companys":[]},{"movieCd":"20230718","movieNm":"사랑을 믿으세요","movieNmEn":"","prdtYear":"2023","openDt":"","typeNm":"단편","prdtStatNm":"기타","nationAlt":"한국","genreAlt":"드라마","repNationNm":"한국","repGenreNm":"드라마","directors":[{"peopleNm":"이윤지"}],"companys":[]},{"movieCd":"20230292","movieNm":"아마 가까이","movieNmEn":"Maybe Nearby","prdtYear":"2023","openDt":"","typeNm":"단편","prdtStatNm":"기타","nationAlt":"한국","genreAlt":"드라마,판타지","repNationNm":"한국","repGenreNm":"드라마","directors":[{"peopleNm":"권형우"}],"companys":[]}]}