{"totCnt":"95385","source":"영화진흥위원회","movieList":[{"movieCd":"20210069","movieNm":"위기의 주부","movieNmEn":"Homewrecker","prdtYear":"2019","openDt":"","typeNm":"장편","prdtStatNm":"기타","nationAlt":"캐나다","genreAlt":"공포(호러),코미디","repNationNm":"캐나다","repGenreNm":"공포(호러)","directors":[],"companys":[]},{"movieCd":"20210642","movieNm":"헬 아미","movieNmEn":"Demonologist","prdtYear":"2019","openDt":"20210924","typeNm":"장편","prdtStatNm":"개봉","nationAlt":"미국","genreAlt":"판타지,공포(호러)","repNationNm":"미국","repGenreNm":"판타지","directors":[],"companys":[]},{"movieCd":"20210247","movieNm":"원나잇 호러 쇼","movieNmEn":"The Black String","prdtYear":"2018","openDt":"","typeNm":"장편","prdtStatNm":"기타","nationAlt":"미국","genreAlt":"공포(호러),미스터리","repNationNm":"미국","repGenreNm":"공포(호러)","directors":[],"companys":[]},{"movieCd":"20219829","movieNm":"완벽한 타인과의 섹스경험담","movieNmEn":"","prdtYear":"2021","openDt":"20210910","typeNm":"장편","prdtStatNm":"개봉","nationAlt":"한국","genreAlt":"드라마","repNationNm":"한국","repGenreNm":"드라마","directors":[{"peopleNm":"이로운"}],"companys":[{"companyCd":"20202961","companyNm":"비스킷미디어"}]},{"movieCd":"20219277","movieNm":"찰리","movieNmEn":"Being Charlie","prdtYear":"2015","openDt":"","typeNm":"장편","prdtStatNm":"기타","nationAlt":"미국","genreAlt":"드라마,코미디","repNationNm":"미국","repGenreNm":"드라마","directors":[{"peopleNm":"롭 라이너"}],"companys":[]},{"movieCd":"20219830","movieNm":"원나잇 라디오","movieNmEn":"","prdtYear":"2021","openDt":"20210908","typeNm":"장편","prdtStatNm":"개봉","nationAlt":"한국","genreAlt":"드라마","repNationNm":"한국","repGenreNm":"드라마","directors":[{"peopleNm":"이로운"}],"companys":[{"companyCd":"20202961","companyNm":"비스킷미디어"}]},{"movieCd":"20219821","movieNm":"세 며느리와 시아버지","movieNmEn":"","prdtYear":"2021","openDt":"20210903","typeNm":"장편","prdtStatNm":"개봉","nationAlt":"한국","genreAlt":"드라마","repNationNm":"한국","repGenreNm":"드라마","directors":[{"peopleNm":"이로운"}],"companys":[{"companyCd":"20202961","companyNm":"비스킷미디어"}]},{"movieCd":"20219558","movieNm":"퍼펙트 머더: 와이 우먼 킬","movieNmEn":"The Stylist","prdtYear":"2020","openDt":"","typeNm":"장편","prdtStatNm":"기타","nationAlt":"미국","genreAlt":"스릴러","repNationNm":"미국","repGenreNm":"스릴러","directors":[],"companys":[]},{"movieCd":"20214703","movieNm":"해피엔딩","movieNmEn":"","prdtYear":"2020","openDt":"20210923","typeNm":"장편","prdtStatNm":"개봉","nationAlt":"한국","genreAlt":"성인물(에로)","repNationNm":"한국","repGenreNm":"성인물(에로)","directors":[{"peopleNm":"이동현"}],"companys":[{"companyCd":"20189421","companyNm":"(주)디에이치미디어"}]},{"movieCd":"20210380","movieNm":"깊이 넣어준 사위","movieNmEn":"","prdtYear":"2020","openDt":"20210923","typeNm":"장편","prdtStatNm":"개봉","nationAlt":"일본","genreAlt":"멜로/로맨스","repNationNm":"일본","repGenreNm":"멜로/로맨스","directors":[],"companys":[]}]}