{"totCnt":"95385","source":"영화진흥위원회","movieList":[{"movieCd":"20210926","movieNm":"더 빅 나이트","movieNmEn":"The Big Night","prdtYear":"1976","openDt":"","typeNm":"장편","prdtStatNm":"기타","nationAlt":"스위스,프랑스","genreAlt":"드라마","repNationNm":"스위스","repGenreNm":"드라마","directors":[{"peopleNm":"프란시스 리우서"}],"companys":[]},{"movieCd":"20210925","movieNm":"샤를을 찾아라","movieNmEn":"Charles, Dead or Alive","prdtYear":"1969","openDt":"","typeNm":"장편","prdtStatNm":"기타","nationAlt":"스위스","genreAlt":"드라마","repNationNm":"스위스","repGenreNm":"드라마","directors":[{"peopleNm":"알랭 타너"}],"companys":[]},{"movieCd":"20210890","movieNm":"포청천: 무덤의 비밀","movieNmEn":"Tomb Empty Coffin","prdtYear":"2020","openDt":"","typeNm":"장편","prdtStatNm":"기타","nationAlt":"중국","genreAlt":"어드벤처","repNationNm":"중국","repGenreNm":"어드벤처","directors":[],"companys":[]},{"movieCd":"20210921","movieNm":"메가 스톰","movieNmEn":"Super Typhoon","prdtYear":"2020","openDt":"","typeNm":"장편","prdtStatNm":"기타","nationAlt":"중국","genreAlt":"액션,어드벤처","repNationNm":"중국","repGenreNm":"액션","directors":[],"companys":[]},{"movieCd":"20219595","movieNm":"영화의 거리","movieNmEn":"","prdtYear":"2021","openDt":"20210916","typeNm":"장편","prdtStatNm":"개봉","nationAlt":"한국","genreAlt":"멜로/로맨스,코미디","repNationNm":"한국","repGenreNm":"멜로/로맨스","directors":[{"peopleNm":"김민근"}],"companys":[{"companyCd":"20203824","companyNm":"제작사 눈"}]},{"movieCd":"20210610","movieNm":"레드 아워","movieNmEn":"Red Hour","prdtYear":"2021","openDt":"20210923","typeNm":"장편","prdtStatNm":"개봉","nationAlt":"미국","genreAlt":"액션,스릴러","repNationNm":"미국","repGenreNm":"액션","directors":[],"companys":[]},{"movieCd":"20182591","movieNm":"콜","movieNmEn":"CALL","prdtYear":"2020","openDt":"","typeNm":"장편","prdtStatNm":"기타","nationAlt":"한국","genreAlt":"스릴러","repNationNm":"한국","repGenreNm":"스릴러","directors":[{"peopleNm":"이충현"}],"companys":[{"companyCd":"20137896","companyNm":"(주)용필름"}]},{"movieCd":"20192662","movieNm":"승리호","movieNmEn":"SPACE SWEEPERS","prdtYear":"2021","openDt":"","typeNm":"장편","prdtStatNm":"기타","nationAlt":"한국","genreAlt":"SF","repNationNm":"한국","repGenreNm":"SF","directors":[{"peopleNm":"조성희"}],"companys":[{"companyCd":"20100362","companyNm":"(주)영화사비단길"}]},{"movieCd":"20081656","movieNm":"제불찰씨 이야기","movieNmEn":"The Story Of Mr. Sorry","prdtYear":"2008","openDt":"20090312","typeNm":"장편","prdtStatNm":"개봉","nationAlt":"한국","genreAlt":"애니메이션,드라마,스릴러,미스터리","repNationNm":"한국","repGenreNm":"애니메이션","directors":[{"peopleNm":"류지나"},{"peopleNm":"이혜영"},{"peopleNm":"김일현"},{"peopleNm":"곽인근"},{"peopleNm":"이은미"}],"companys":[{"companyCd":"20100572","companyNm":"한국영화아카데미"}]},{"movieCd":"20040606","movieNm":"천년여우","movieNmEn":"Millennium Actress","prdtYear":"2001","openDt":"20040709","typeNm":"장편","prdtStatNm":"개봉","nationAlt":"일본","genreAlt":"스릴러,애니메이션","repNationNm":"일본","repGenreNm":"스릴러","directors":[{"peopleNm":"곤 사토시"}],"companys":[{"companyCd":"20101537","companyNm":"매드하우스(マッドハウス)"}]}]}