{"totCnt":"95385","source":"영화진흥위원회","movieList":[{"movieCd":"20210939","movieNm":"블라인드 파이어: 죄와 벌","movieNmEn":"Blindfire","prdtYear":"2020","openDt":"","typeNm":"장편","prdtStatNm":"기타","nationAlt":"미국","genreAlt":"범죄,스릴러,드라마","repNationNm":"미국","repGenreNm":"범죄","directors":[],"companys":[]},{"movieCd":"20208328","movieNm":"양말","movieNmEn":"The Socks","prdtYear":"2020","openDt":"","typeNm":"단편","prdtStatNm":"기타","nationAlt":"한국","genreAlt":"드라마","repNationNm":"한국","repGenreNm":"드라마","directors":[],"companys":[]},{"movieCd":"20210954","movieNm":"까만점","movieNmEn":"Birthmark","prdtYear":"2021","openDt":"","typeNm":"장편","prdtStatNm":"기타","nationAlt":"한국","genreAlt":"드라마","repNationNm":"한국","repGenreNm":"드라마","directors":[{"peopleNm":"이영음"}],"companys":[]},{"movieCd":"20218986","movieNm":"디스 아메리카노","movieNmEn":"THIS Americano","prdtYear":"2021","openDt":"20210910","typeNm":"장편","prdtStatNm":"개봉","nationAlt":"한국","genreAlt":"드라마","repNationNm":"한국","repGenreNm":"드라마","directors":[{"peopleNm":"권유주"}],"companys":[{"companyCd":"20154728","companyNm":"주식회사 씨엠닉스"}]},{"movieCd":"20210950","movieNm":"코비 브라이언트: 더 레전드","movieNmEn":"Kobe: The Life of A Legend","prdtYear":"2020","openDt":"","typeNm":"장편","prdtStatNm":"기타","nationAlt":"미국","genreAlt":"다큐멘터리","repNationNm":"미국","repGenreNm":"다큐멘터리","directors":[{"peopleNm":"아놀드 존스"}],"companys":[]},{"movieCd":"20210946","movieNm":"야설","movieNmEn":"","prdtYear":"2021","openDt":"","typeNm":"장편","prdtStatNm":"기타","nationAlt":"한국","genreAlt":"멜로/로맨스","repNationNm":"한국","repGenreNm":"멜로/로맨스","directors":[{"peopleNm":"노세기"}],"companys":[{"companyCd":"20063099","companyNm":"(주)케이알씨지"}]},{"movieCd":"20210934","movieNm":"기차를 기다리는 백 명의 아이들","movieNmEn":"100 Children Waiting for a Train","prdtYear":"1988","openDt":"","typeNm":"장편","prdtStatNm":"기타","nationAlt":"칠레,영국","genreAlt":"다큐멘터리","repNationNm":"칠레","repGenreNm":"다큐멘터리","directors":[{"peopleNm":"이그나치오 아게로"}],"companys":[]},{"movieCd":"20210941","movieNm":"죽고 싶은 날에 한하여","movieNmEn":"The Day When Irresponsibility Makes Life Easy","prdtYear":"2021","openDt":"","typeNm":"단편","prdtStatNm":"기타","nationAlt":"한국","genreAlt":"드라마","repNationNm":"한국","repGenreNm":"드라마","directors":[{"peopleNm":"김묘욱"}],"companys":[]},{"movieCd":"20215741","movieNm":"식구(食口)","movieNmEn":"Stand by me","prdtYear":"2020","openDt":"","typeNm":"단편","prdtStatNm":"기타","nationAlt":"한국","genreAlt":"드라마","repNationNm":"한국","repGenreNm":"드라마","directors":[{"peopleNm":"박찬우"}],"companys":[]},{"movieCd":"20192623","movieNm":"어서오시게스트하우스","movieNmEn":"Welcome to the Guesthouse","prdtYear":"2019","openDt":"20200813","typeNm":"장편","prdtStatNm":"개봉","nationAlt":"한국","genreAlt":"드라마,코미디","repNationNm":"한국","repGenreNm":"드라마","directors":[{"peopleNm":"심요한"}],"companys":[{"companyCd":"20190403","companyNm":"K'arts"}]}]}