{"totCnt":"95385","source":"영화진흥위원회","movieList":[{"movieCd":"20212015","movieNm":"돈 룩 업","movieNmEn":"Don’t Look Up","prdtYear":"2021","openDt":"20211208","typeNm":"장편","prdtStatNm":"개봉","nationAlt":"미국","genreAlt":"코미디,드라마,SF","repNationNm":"미국","repGenreNm":"코미디","directors":[{"peopleNm":"아담 맥케이"}],"companys":[]},{"movieCd":"20212207","movieNm":"잘 빨고 헹구는 가정부 아줌마","movieNmEn":"","prdtYear":"2020","openDt":"20211206","typeNm":"장편","prdtStatNm":"개봉","nationAlt":"일본","genreAlt":"드라마","repNationNm":"일본","repGenreNm":"드라마","directors":[],"companys":[]},{"movieCd":"20212206","movieNm":"밥도 몸도 잘주는 옆집 유부녀","movieNmEn":"","prdtYear":"2020","openDt":"20211206","typeNm":"장편","prdtStatNm":"개봉","nationAlt":"일본","genreAlt":"드라마","repNationNm":"일본","repGenreNm":"드라마","directors":[],"companys":[]},{"movieCd":"20212953","movieNm":"사운드 오브 서울","movieNmEn":"","prdtYear":"2021","openDt":"20211229","typeNm":"장편","prdtStatNm":"개봉","nationAlt":"한국","genreAlt":"다큐멘터리","repNationNm":"한국","repGenreNm":"다큐멘터리","directors":[{"peopleNm":"스티븐 두트"}],"companys":[{"companyCd":"20136975","companyNm":"(주)민치앤필름"}]},{"movieCd":"20213017","movieNm":"비상구","movieNmEn":"emergency exit","prdtYear":"2020","openDt":"","typeNm":"단편","prdtStatNm":"기타","nationAlt":"한국","genreAlt":"드라마","repNationNm":"한국","repGenreNm":"드라마","directors":[],"companys":[]},{"movieCd":"20213014","movieNm":"영생인","movieNmEn":"","prdtYear":"2021","openDt":"","typeNm":"장편","prdtStatNm":"기타","nationAlt":"한국","genreAlt":"기타","repNationNm":"한국","repGenreNm":"기타","directors":[{"peopleNm":"김상훈"}],"companys":[]},{"movieCd":"20213030","movieNm":"사죄경","movieNmEn":"absolution","prdtYear":"2021","openDt":"","typeNm":"단편","prdtStatNm":"기타","nationAlt":"한국","genreAlt":"스릴러","repNationNm":"한국","repGenreNm":"스릴러","directors":[{"peopleNm":"이시영"}],"companys":[]},{"movieCd":"20213029","movieNm":"에리코가 경험한 오르가즘-2년만에","movieNmEn":"","prdtYear":"2020","openDt":"","typeNm":"장편","prdtStatNm":"기타","nationAlt":"일본","genreAlt":"성인물(에로)","repNationNm":"일본","repGenreNm":"성인물(에로)","directors":[{"peopleNm":"코지마 유키오"}],"companys":[]},{"movieCd":"20213028","movieNm":"노조미가 반한 근육질 - 새엄마","movieNmEn":"","prdtYear":"2020","openDt":"","typeNm":"장편","prdtStatNm":"기타","nationAlt":"일본","genreAlt":"성인물(에로)","repNationNm":"일본","repGenreNm":"성인물(에로)","directors":[{"peopleNm":"코지마 유키오"}],"companys":[]},{"movieCd":"20213027","movieNm":"아내와 처형중 누구를 선택할래 - 처형","movieNmEn":"","prdtYear":"2020","openDt":"","typeNm":"장편","prdtStatNm":"기타","nationAlt":"일본","genreAlt":"성인물(에로)","repNationNm":"일본","repGenreNm":"성인물(에로)","directors":[{"peopleNm":"시로가와 노부"}],"companys":[]}]}