{"totCnt":"95385","source":"영화진흥위원회","movieList":[{"movieCd":"20224137","movieNm":"출사","movieNmEn":"","prdtYear":"2021","openDt":"","typeNm":"단편","prdtStatNm":"기타","nationAlt":"한국","genreAlt":"기타","repNationNm":"한국","repGenreNm":"기타","directors":[{"peopleNm":"차수진"}],"companys":[]},{"movieCd":"20224136","movieNm":"원나잇 인 프랑스","movieNmEn":"The Night Belongs to Lovers","prdtYear":"2021","openDt":"","typeNm":"장편","prdtStatNm":"기타","nationAlt":"프랑스","genreAlt":"멜로/로맨스","repNationNm":"프랑스","repGenreNm":"멜로/로맨스","directors":[],"companys":[]},{"movieCd":"20224132","movieNm":"언프리티 발렌타인","movieNmEn":"Pretty Boy","prdtYear":"2021","openDt":"","typeNm":"장편","prdtStatNm":"기타","nationAlt":"미국","genreAlt":"공포(호러),액션","repNationNm":"미국","repGenreNm":"공포(호러)","directors":[],"companys":[]},{"movieCd":"20223434","movieNm":"옆집 아내","movieNmEn":"","prdtYear":"2019","openDt":"","typeNm":"장편","prdtStatNm":"기타","nationAlt":"일본","genreAlt":"성인물(에로)","repNationNm":"일본","repGenreNm":"성인물(에로)","directors":[],"companys":[]},{"movieCd":"20223930","movieNm":"여배우의 유혹","movieNmEn":"","prdtYear":"2022","openDt":"20220303","typeNm":"장편","prdtStatNm":"개봉","nationAlt":"한국","genreAlt":"성인물(에로)","repNationNm":"한국","repGenreNm":"성인물(에로)","directors":[{"peopleNm":"강현성"}],"companys":[{"companyCd":"20217881","companyNm":"(주)샤이커뮤니케이션즈"}]},{"movieCd":"20223922","movieNm":"그 남자의 삽입","movieNmEn":"","prdtYear":"2022","openDt":"20220303","typeNm":"장편","prdtStatNm":"개봉","nationAlt":"한국","genreAlt":"성인물(에로)","repNationNm":"한국","repGenreNm":"성인물(에로)","directors":[{"peopleNm":"강현성"}],"companys":[{"companyCd":"20217881","companyNm":"(주)샤이커뮤니케이션즈"}]},{"movieCd":"20224117","movieNm":"적인걸: 지옥도 살인사건","movieNmEn":"Detective Dee: Murder in Chang'an","prdtYear":"2021","openDt":"","typeNm":"장편","prdtStatNm":"기타","nationAlt":"중국","genreAlt":"액션","repNationNm":"중국","repGenreNm":"액션","directors":[],"companys":[]},{"movieCd":"20224134","movieNm":"심해괴수","movieNmEn":"The Sousea Water Monster","prdtYear":"2021","openDt":"","typeNm":"장편","prdtStatNm":"기타","nationAlt":"중국","genreAlt":"판타지,액션","repNationNm":"중국","repGenreNm":"판타지","directors":[{"peopleNm":"셰윈펑"}],"companys":[]},{"movieCd":"20219330","movieNm":"메이의 새빨간 비밀","movieNmEn":"Turning Red","prdtYear":"2022","openDt":"","typeNm":"장편","prdtStatNm":"기타","nationAlt":"미국","genreAlt":"애니메이션,어드벤처,코미디","repNationNm":"미국","repGenreNm":"애니메이션","directors":[{"peopleNm":"도미 시"}],"companys":[]},{"movieCd":"20224115","movieNm":"비명","movieNmEn":"Scream","prdtYear":"2018","openDt":"","typeNm":"장편","prdtStatNm":"기타","nationAlt":"몽고","genreAlt":"공포(호러),스릴러","repNationNm":"몽고","repGenreNm":"공포(호러)","directors":[],"companys":[]}]}