{"totCnt":"95385","source":"영화진흥위원회","movieList":[{"movieCd":"20224453","movieNm":"낙마주의","movieNmEn":"Piggyback ride","prdtYear":"2021","openDt":"","typeNm":"단편","prdtStatNm":"기타","nationAlt":"한국","genreAlt":"기타","repNationNm":"한국","repGenreNm":"기타","directors":[{"peopleNm":"최지훈"}],"companys":[]},{"movieCd":"20224447","movieNm":"접몽","movieNmEn":"Be With Me","prdtYear":"2021","openDt":"","typeNm":"단편","prdtStatNm":"기타","nationAlt":"한국","genreAlt":"기타","repNationNm":"한국","repGenreNm":"기타","directors":[],"companys":[]},{"movieCd":"20224451","movieNm":"트레이드","movieNmEn":"TRADE","prdtYear":"2021","openDt":"","typeNm":"단편","prdtStatNm":"기타","nationAlt":"한국","genreAlt":"기타","repNationNm":"한국","repGenreNm":"기타","directors":[{"peopleNm":"김민주"}],"companys":[]},{"movieCd":"20224444","movieNm":"한낮의 침입자","movieNmEn":"Beyond the Veil","prdtYear":"2021","openDt":"","typeNm":"단편","prdtStatNm":"기타","nationAlt":"한국","genreAlt":"기타","repNationNm":"한국","repGenreNm":"기타","directors":[],"companys":[]},{"movieCd":"20223459","movieNm":"유빈과 건","movieNmEn":"In the Dry Stream","prdtYear":"2022","openDt":"","typeNm":"단편","prdtStatNm":"기타","nationAlt":"한국","genreAlt":"드라마","repNationNm":"한국","repGenreNm":"드라마","directors":[{"peopleNm":"강지효"}],"companys":[]},{"movieCd":"20212516","movieNm":"아빠는 외계인","movieNmEn":"My Daddy is an Alien","prdtYear":"2021","openDt":"","typeNm":"단편","prdtStatNm":"기타","nationAlt":"한국","genreAlt":"SF,가족,드라마","repNationNm":"한국","repGenreNm":"SF","directors":[],"companys":[]},{"movieCd":"20200295","movieNm":"혼자 사는 사람들","movieNmEn":"Aloners","prdtYear":"2021","openDt":"20210519","typeNm":"장편","prdtStatNm":"개봉","nationAlt":"한국","genreAlt":"드라마","repNationNm":"한국","repGenreNm":"드라마","directors":[{"peopleNm":"홍성은"}],"companys":[{"companyCd":"20100572","companyNm":"한국영화아카데미"}]},{"movieCd":"20120108","movieNm":"지슬 - 끝나지 않은 세월2","movieNmEn":"Jiseul","prdtYear":"2012","openDt":"20130321","typeNm":"장편","prdtStatNm":"개봉","nationAlt":"한국","genreAlt":"드라마","repNationNm":"한국","repGenreNm":"드라마","directors":[{"peopleNm":"오멸"}],"companys":[{"companyCd":"20111381","companyNm":"주식회사 자파리필름"},{"companyCd":"20103377","companyNm":"설문대영상"}]},{"movieCd":"20167867","movieNm":"그물","movieNmEn":"THE NET","prdtYear":"2016","openDt":"20161006","typeNm":"장편","prdtStatNm":"개봉","nationAlt":"한국","genreAlt":"드라마","repNationNm":"한국","repGenreNm":"드라마","directors":[{"peopleNm":"김기덕"}],"companys":[{"companyCd":"20100078","companyNm":"(주)김기덕 필름"}]},{"movieCd":"20223721","movieNm":"기다림","movieNmEn":"Why Not","prdtYear":"2020","openDt":"","typeNm":"장편","prdtStatNm":"기타","nationAlt":"한국,기타","genreAlt":"기타","repNationNm":"한국","repGenreNm":"기타","directors":[{"peopleNm":"섹 알 마문"}],"companys":[]}]}