{
  "totCnt": "95385",
  "source": "영화진흥위원회",
  "movieList": [
    {
      "movieCd": "20230156",
      "movieNm": "펜트하우스 쇼걸 무삭제판",
      "movieNmEn": "",
      "prdtYear": "2021",
      "openDt": "20230210",
      "typeNm": "장편",
      "prdtStatNm": "개봉",
      "nationAlt": "한국",
      "genreAlt": "성인물(에로)",
      "repNationNm": "한국",
      "repGenreNm": "성인물(에로)",
      "directors": [
        {
          "peopleNm": "에로핑"
        }
      ],
      "companys": [
        {
          "companyCd": "20217584",
          "companyNm": "핑크하우스TV"
        }
      ]
    },
    {
      "movieCd": "20228837",
      "movieNm": "큰 물건에 잠 못 드는 밤",
      "movieNmEn": "",
      "prdtYear": "2022",
      "openDt": "20230210",
      "typeNm": "장편",
      "prdtStatNm": "개봉",
      "nationAlt": "일본",
      "genreAlt": "성인물(에로)",
      "repNationNm": "일본",
      "repGenreNm": "성인물(에로)",
      "directors": [
        {
          "peopleNm": "드래곤 니시카와"
        }
      ],
      "companys": []
    },
    {
      "movieCd": "20224442",
      "movieNm": "힘찬이는 자라서",
      "movieNmEn": "When You Grow Up",
      "prdtYear": "2022",
      "openDt": "",
      "typeNm": "단편",
      "prdtStatNm": "기타",
      "nationAlt": "한국",
      "genreAlt": "드라마",
      "repNationNm": "한국",
      "repGenreNm": "드라마",
      "directors": [],
      "companys": []
    },
    {
      "movieCd": "20224443",
      "movieNm": "현수막",
      "movieNmEn": "The Banners",
      "prdtYear": "2022",
      "openDt": "",
      "typeNm": "단편",
      "prdtStatNm": "기타",
      "nationAlt": "한국",
      "genreAlt": "기타",
      "repNationNm": "한국",
      "repGenreNm": "기타",
      "directors": [
        {
          "peopleNm": "윤혜성"
        }
      ],
      "companys": []
    },
    {
      "movieCd": "20212179",
      "movieNm": "해피해피 이혼파티",
      "movieNmEn": "Happyhappy Divorceparty",
      "prdtYear": "2021",
      "openDt": "",
      "typeNm": "단편",
      "prdtStatNm": "기타",
      "nationAlt": "한국",
      "genreAlt": "다큐멘터리",
      "repNationNm": "한국",
      "repGenreNm": "다큐멘터리",
      "directors": [
        {
          "peopleNm": "남순아"
        }
      ],
      "companys": []
    },
    {
      "movieCd": "20212381",
      "movieNm": "평양랭면",
      "movieNmEn": "Pyeongyang Neangmyeon",
      "prdtYear": "2019",
      "openDt": "",
      "typeNm": "단편",
      "prdtStatNm": "기타",
      "nationAlt": "한국",
      "genreAlt": "기타",
      "repNationNm": "한국",
      "repGenreNm": "기타",
      "directors": [
        {
          "peopleNm": "윤주훈"
        }
      ],
      "companys": []
    },
    {
      "movieCd": "20212385",
      "movieNm": "초토화작전",
      "movieNmEn": "Scorched Earth",
      "prdtYear": "2022",
      "openDt": "",
      "typeNm": "장편",
      "prdtStatNm": "기타",
      "nationAlt": "한국,캐나다",
      "genreAlt": "다큐멘터리",
      "repNationNm": "한국",
      "repGenreNm": "다큐멘터리",
      "directors": [
        {
          "peopleNm": "이미영"
        }
      ],
      "companys": []
    },
    {
      "movieCd": "20212393",
      "movieNm": "정순",
      "movieNmEn": "Jeong-sun",
      "prdtYear": "2020",
      "openDt": "",
      "typeNm": "장편",
      "prdtStatNm": "기타",
      "nationAlt": "한국",
      "genreAlt": "드라마",
      "repNationNm": "한국",
      "repGenreNm": "드라마",
      "directors": [
        {
          "peopleNm": "정지혜"
        }
      ],
      "companys": []
    },
    {
      "movieCd": "20228571",
      "movieNm": "작은 정원",
      "movieNmEn": "Little Garden",
      "prdtYear": "2022",
      "openDt": "",
      "typeNm": "장편",
      "prdtStatNm": "기타",
      "nationAlt": "한국",
      "genreAlt": "다큐멘터리",
      "repNationNm": "한국",
      "repGenreNm": "다큐멘터리",
      "directors": [
        {
          "peopleNm": "이마리오"
        }
      ],
      "companys": []
    },
    {
      "movieCd": "20212378",
      "movieNm": "유니버스",
      "movieNmEn": "Universe Department Store",
      "prdtYear": "2020",
      "openDt": "",
      "typeNm": "장편",
      "prdtStatNm": "기타",
      "nationAlt": "한국",
      "genreAlt": "다큐멘터리",
      "repNationNm": "한국",
      "repGenreNm": "다큐멘터리",
      "directors": [
        {
          "peopleNm": "원태웅"
        }
      ],
      "companys": []
    }
  ]
}