{"totCnt":"95385","source":"영화진흥위원회","movieList":[{"movieCd":"20210957","movieNm":"극장판 유비 : 파설참","movieNmEn":"Youfei Legend: Cut Snow Sword","prdtYear":"2021","openDt":"","typeNm":"장편","prdtStatNm":"기타","nationAlt":"중국","genreAlt":"액션","repNationNm":"중국","repGenreNm":"액션","directors":[],"companys":[]},{"movieCd":"20210815","movieNm":"상상 특급 섹스","movieNmEn":"","prdtYear":"2021","openDt":"20211020","typeNm":"장편","prdtStatNm":"개봉","nationAlt":"한국","genreAlt":"성인물(에로)","repNationNm":"한국","repGenreNm":"성인물(에로)","directors":[{"peopleNm":"강현성"}],"companys":[{"companyCd":"20217881","companyNm":"(주)샤이커뮤니케이션즈"}]},{"movieCd":"20211270","movieNm":"알렉스의 상상은 현실이 된다","movieNmEn":"Older","prdtYear":"2020","openDt":"","typeNm":"장편","prdtStatNm":"기타","nationAlt":"미국","genreAlt":"멜로/로맨스,드라마","repNationNm":"미국","repGenreNm":"멜로/로맨스","directors":[{"peopleNm":"가이 픽든"}],"companys":[]},{"movieCd":"20211266","movieNm":"해피 클리너스","movieNmEn":"Happy Cleaners","prdtYear":"2019","openDt":"","typeNm":"장편","prdtStatNm":"기타","nationAlt":"미국","genreAlt":"드라마,가족","repNationNm":"미국","repGenreNm":"드라마","directors":[],"companys":[]},{"movieCd":"20181613","movieNm":"슈퍼문","movieNmEn":"Super Moon","prdtYear":"2021","openDt":"20210909","typeNm":"장편","prdtStatNm":"개봉","nationAlt":"한국","genreAlt":"애니메이션,어드벤처,코미디","repNationNm":"한국","repGenreNm":"애니메이션","directors":[{"peopleNm":"홍대영"}],"companys":[{"companyCd":"20156188","companyNm":"깜보 스튜디오"}]},{"movieCd":"20211102","movieNm":"더 하더 데이 폴","movieNmEn":"The Harder They Fall","prdtYear":"2021","openDt":"20211020","typeNm":"장편","prdtStatNm":"개봉","nationAlt":"미국","genreAlt":"액션,어드벤처","repNationNm":"미국","repGenreNm":"액션","directors":[],"companys":[]},{"movieCd":"20211263","movieNm":"CIMAFF2021 경쟁 단편 5","movieNmEn":"","prdtYear":"2021","openDt":"","typeNm":"옴니버스","prdtStatNm":"기타","nationAlt":"한국","genreAlt":"기타","repNationNm":"한국","repGenreNm":"기타","directors":[],"companys":[]},{"movieCd":"20211232","movieNm":"CIMAFF2021 경쟁 단편 4","movieNmEn":"","prdtYear":"2021","openDt":"","typeNm":"옴니버스","prdtStatNm":"기타","nationAlt":"한국","genreAlt":"기타","repNationNm":"한국","repGenreNm":"기타","directors":[],"companys":[]},{"movieCd":"20211231","movieNm":"CIMAFF2021 경쟁 단편 3","movieNmEn":"","prdtYear":"2021","openDt":"","typeNm":"옴니버스","prdtStatNm":"기타","nationAlt":"기타","genreAlt":"기타","repNationNm":"기타","repGenreNm":"기타","directors":[],"companys":[]},{"movieCd":"20211230","movieNm":"CIMAFF2021 경쟁 단편 2","movieNmEn":"","prdtYear":"2021","openDt":"","typeNm":"옴니버스","prdtStatNm":"기타","nationAlt":"기타","genreAlt":"기타","repNationNm":"기타","repGenreNm":"기타","directors":[],"companys":[]}]}