{"totCnt":"95385","source":"영화진흥위원회","movieList":[{"movieCd":"20212622","movieNm":"오하꼬","movieNmEn":"OHACO","prdtYear":"2021","openDt":"","typeNm":"단편","prdtStatNm":"기타","nationAlt":"한국","genreAlt":"미스터리,공포(호러)","repNationNm":"한국","repGenreNm":"미스터리","directors":[],"companys":[]},{"movieCd":"20212621","movieNm":"파리","movieNmEn":"Desire","prdtYear":"2021","openDt":"","typeNm":"단편","prdtStatNm":"기타","nationAlt":"한국","genreAlt":"기타","repNationNm":"한국","repGenreNm":"기타","directors":[{"peopleNm":"이가을"}],"companys":[]},{"movieCd":"20212608","movieNm":"희진","movieNmEn":"Hee Jin","prdtYear":"2021","openDt":"","typeNm":"단편","prdtStatNm":"기타","nationAlt":"한국","genreAlt":"멜로/로맨스,드라마","repNationNm":"한국","repGenreNm":"멜로/로맨스","directors":[],"companys":[]},{"movieCd":"20212607","movieNm":"어른들은 알아요","movieNmEn":"We Know","prdtYear":"2021","openDt":"","typeNm":"단편","prdtStatNm":"기타","nationAlt":"한국","genreAlt":"공포(호러)","repNationNm":"한국","repGenreNm":"공포(호러)","directors":[],"companys":[]},{"movieCd":"20212600","movieNm":"뱀파이어 영화감독 김진복","movieNmEn":"Vampire Movie Director Kim Jin Bok","prdtYear":"2021","openDt":"","typeNm":"단편","prdtStatNm":"기타","nationAlt":"한국","genreAlt":"코미디","repNationNm":"한국","repGenreNm":"코미디","directors":[],"companys":[]},{"movieCd":"20212431","movieNm":"호스피스","movieNmEn":"HOSPICE","prdtYear":"2021","openDt":"","typeNm":"단편","prdtStatNm":"기타","nationAlt":"한국","genreAlt":"기타","repNationNm":"한국","repGenreNm":"기타","directors":[{"peopleNm":"김수영"}],"companys":[]},{"movieCd":"20212599","movieNm":"뉴 앱노멀","movieNmEn":"New Abnormal","prdtYear":"2021","openDt":"","typeNm":"단편","prdtStatNm":"기타","nationAlt":"싱가포르,한국,태국","genreAlt":"","repNationNm":"싱가포르","repGenreNm":"","directors":[{"peopleNm":"소라요스 프라파판"}],"companys":[]},{"movieCd":"20212605","movieNm":"그림의 커피","movieNmEn":"Coffee of picture","prdtYear":"2020","openDt":"","typeNm":"장편","prdtStatNm":"","nationAlt":"한국","genreAlt":"","repNationNm":"한국","repGenreNm":"","directors":[{"peopleNm":"홍혜린"}],"companys":[]},{"movieCd":"20212598","movieNm":" 이별값","movieNmEn":"","prdtYear":"2021","openDt":"","typeNm":"단편","prdtStatNm":"기타","nationAlt":"한국","genreAlt":"","repNationNm":"한국","repGenreNm":"","directors":[{"peopleNm":"오가희"}],"companys":[]},{"movieCd":"20212574","movieNm":"1959년의 김시스터즈 - 숙자, 애자, 민자 언니들에게","movieNmEn":"Dear Kimsisters in 1959","prdtYear":"2020","openDt":"","typeNm":"단편","prdtStatNm":"기타","nationAlt":"프랑스","genreAlt":"다큐멘터리","repNationNm":"프랑스","repGenreNm":"다큐멘터리","directors":[{"peopleNm":"전채린"}],"companys":[]}]}