{"totCnt":"95385","source":"영화진흥위원회","movieList":[{"movieCd":"20212940","movieNm":"한숨과 담배","movieNmEn":"A Sigh and a Cigarette","prdtYear":"2020","openDt":"","typeNm":"단편","prdtStatNm":"기타","nationAlt":"한국","genreAlt":"코미디,드라마","repNationNm":"한국","repGenreNm":"코미디","directors":[],"companys":[]},{"movieCd":"20212939","movieNm":"용장 로모로","movieNmEn":"Romolo e Remo","prdtYear":"1961","openDt":"","typeNm":"장편","prdtStatNm":"기타","nationAlt":"이탈리아,프랑스","genreAlt":"액션,드라마","repNationNm":"이탈리아","repGenreNm":"액션","directors":[],"companys":[]},{"movieCd":"20205867","movieNm":"예쁜 새댁 무삭제","movieNmEn":"","prdtYear":"2020","openDt":"20211217","typeNm":"장편","prdtStatNm":"개봉","nationAlt":"한국","genreAlt":"멜로/로맨스","repNationNm":"한국","repGenreNm":"멜로/로맨스","directors":[{"peopleNm":"최찬호"}],"companys":[{"companyCd":"20161021","companyNm":"(주)영화사가을"}]},{"movieCd":"20211961","movieNm":"불륜 성욕 폭발: 헝크러진 욕정","movieNmEn":"","prdtYear":"2021","openDt":"20211217","typeNm":"장편","prdtStatNm":"개봉","nationAlt":"일본","genreAlt":"드라마","repNationNm":"일본","repGenreNm":"드라마","directors":[],"companys":[]},{"movieCd":"20211480","movieNm":"더 매치: 1944","movieNmEn":"The Match","prdtYear":"2021","openDt":"20211217","typeNm":"장편","prdtStatNm":"개봉","nationAlt":"기타","genreAlt":"드라마,전쟁","repNationNm":"기타","repGenreNm":"드라마","directors":[],"companys":[]},{"movieCd":"20215761","movieNm":"여배우의 스와핑-무삭제판","movieNmEn":"","prdtYear":"2020","openDt":"20211216","typeNm":"장편","prdtStatNm":"개봉","nationAlt":"한국","genreAlt":"멜로/로맨스","repNationNm":"한국","repGenreNm":"멜로/로맨스","directors":[{"peopleNm":"김종석"}],"companys":[{"companyCd":"20176201","companyNm":"모히또필름"}]},{"movieCd":"20219107","movieNm":"수상한 옆집 아내","movieNmEn":"","prdtYear":"2021","openDt":"20211216","typeNm":"장편","prdtStatNm":"개봉","nationAlt":"한국","genreAlt":"성인물(에로)","repNationNm":"한국","repGenreNm":"성인물(에로)","directors":[{"peopleNm":"김예나"}],"companys":[{"companyCd":"20102842","companyNm":"(주)알앤알프로덕션"}]},{"movieCd":"20212067","movieNm":"비대면 정사","movieNmEn":"","prdtYear":"2021","openDt":"20211216","typeNm":"장편","prdtStatNm":"개봉","nationAlt":"한국","genreAlt":"멜로/로맨스,드라마","repNationNm":"한국","repGenreNm":"멜로/로맨스","directors":[{"peopleNm":"이상수"}],"companys":[{"companyCd":"20161342","companyNm":"선셋 시네마"}]},{"movieCd":"20215822","movieNm":"마누라 공유하기 2","movieNmEn":"","prdtYear":"2020","openDt":"20211216","typeNm":"장편","prdtStatNm":"개봉","nationAlt":"한국","genreAlt":"멜로/로맨스","repNationNm":"한국","repGenreNm":"멜로/로맨스","directors":[{"peopleNm":"김종석"}],"companys":[{"companyCd":"20173121","companyNm":"너바나 필름"}]},{"movieCd":"20219336","movieNm":"무림철검","movieNmEn":"Mad Latent The Sword","prdtYear":"2017","openDt":"20211214","typeNm":"장편","prdtStatNm":"개봉","nationAlt":"홍콩","genreAlt":"기타","repNationNm":"홍콩","repGenreNm":"기타","directors":[],"companys":[]}]}