{"totCnt":"95385","source":"영화진흥위원회","movieList":[{"movieCd":"20212848","movieNm":"그녀의 S 다이어리","movieNmEn":"","prdtYear":"2021","openDt":"","typeNm":"장편","prdtStatNm":"기타","nationAlt":"한국","genreAlt":"멜로/로맨스,드라마","repNationNm":"한국","repGenreNm":"멜로/로맨스","directors":[{"peopleNm":"이수성"}],"companys":[{"companyCd":"20063187","companyNm":"㈜리필름"}]},{"movieCd":"20212706","movieNm":"금의위: 초능척살대","movieNmEn":"","prdtYear":"2018","openDt":"20220112","typeNm":"장편","prdtStatNm":"개봉","nationAlt":"중국","genreAlt":"액션","repNationNm":"중국","repGenreNm":"액션","directors":[],"companys":[]},{"movieCd":"20223324","movieNm":"섹시한 과외선생","movieNmEn":"","prdtYear":"2021","openDt":"20220114","typeNm":"장편","prdtStatNm":"개봉","nationAlt":"한국","genreAlt":"성인물(에로),멜로/로맨스","repNationNm":"한국","repGenreNm":"성인물(에로)","directors":[{"peopleNm":"이로운"}],"companys":[{"companyCd":"20136715","companyNm":"(주)영화사히트"}]},{"movieCd":"20223322","movieNm":"잘세우는 여선생","movieNmEn":"","prdtYear":"2021","openDt":"20220111","typeNm":"장편","prdtStatNm":"개봉","nationAlt":"한국","genreAlt":"성인물(에로),멜로/로맨스","repNationNm":"한국","repGenreNm":"성인물(에로)","directors":[{"peopleNm":"이로운"}],"companys":[{"companyCd":"20136715","companyNm":"(주)영화사히트"}]},{"movieCd":"20212147","movieNm":"좀비 살아있다","movieNmEn":"Zoombies 2","prdtYear":"2019","openDt":"20220120","typeNm":"장편","prdtStatNm":"개봉","nationAlt":"미국","genreAlt":"액션,스릴러,어드벤처","repNationNm":"미국","repGenreNm":"액션","directors":[{"peopleNm":"글렌 밀러"}],"companys":[]},{"movieCd":"20223304","movieNm":"할까말까","movieNmEn":"","prdtYear":"2021","openDt":"20220111","typeNm":"장편","prdtStatNm":"개봉","nationAlt":"한국","genreAlt":"성인물(에로),멜로/로맨스","repNationNm":"한국","repGenreNm":"성인물(에로)","directors":[{"peopleNm":"이로운"}],"companys":[{"companyCd":"20136715","companyNm":"(주)영화사히트"}]},{"movieCd":"20206885","movieNm":"나와 승자","movieNmEn":"SeungJa and Me","prdtYear":"2020","openDt":"","typeNm":"단편","prdtStatNm":"기타","nationAlt":"한국","genreAlt":"애니메이션","repNationNm":"한국","repGenreNm":"애니메이션","directors":[{"peopleNm":"김아영"}],"companys":[]},{"movieCd":"20211581","movieNm":"이상존재","movieNmEn":"MY STRANGER","prdtYear":"2021","openDt":"20211209","typeNm":"장편","prdtStatNm":"개봉","nationAlt":"한국","genreAlt":"공포(호러)","repNationNm":"한국","repGenreNm":"공포(호러)","directors":[{"peopleNm":"차진우"}],"companys":[{"companyCd":"20218521","companyNm":"(주)아크메"},{"companyCd":"20143338","companyNm":"(주)드림팩트엔터테인먼트"}]},{"movieCd":"20223788","movieNm":"아메리칸 시빌 워","movieNmEn":"Deep in the Forest","prdtYear":"2020","openDt":"","typeNm":"장편","prdtStatNm":"기타","nationAlt":"미국","genreAlt":"스릴러,액션","repNationNm":"미국","repGenreNm":"스릴러","directors":[],"companys":[]},{"movieCd":"20207569","movieNm":"총을 들지 않는 사람들: 금기에 도전","movieNmEn":"Men Who Won't Pick Up Guns 2: Breaking a Taboo","prdtYear":"2020","openDt":"20211209","typeNm":"장편","prdtStatNm":"개봉","nationAlt":"한국","genreAlt":"다큐멘터리","repNationNm":"한국","repGenreNm":"다큐멘터리","directors":[{"peopleNm":"김환태"}],"companys":[{"companyCd":"20217181","companyNm":"다큐이야기"}]}]}