{"totCnt":"95385","source":"영화진흥위원회","movieList":[{"movieCd":"20021031","movieNm":"남색대문","movieNmEn":"Blue Gate Crossing","prdtYear":"2002","openDt":"20210818","typeNm":"장편","prdtStatNm":"개봉","nationAlt":"대만","genreAlt":"드라마,멜로/로맨스","repNationNm":"대만","repGenreNm":"드라마","directors":[{"peopleNm":"이치엔"}],"companys":[]},{"movieCd":"20219883","movieNm":"고스트 스나이퍼","movieNmEn":"The Red Ghost","prdtYear":"2020","openDt":"","typeNm":"장편","prdtStatNm":"기타","nationAlt":"러시아","genreAlt":"액션,전쟁","repNationNm":"러시아","repGenreNm":"액션","directors":[],"companys":[]},{"movieCd":"20210011","movieNm":"형수:흥건해진 날","movieNmEn":"","prdtYear":"2020","openDt":"20210828","typeNm":"장편","prdtStatNm":"개봉","nationAlt":"일본","genreAlt":"멜로/로맨스,드라마","repNationNm":"일본","repGenreNm":"멜로/로맨스","directors":[{"peopleNm":"버드맨 텟페이"}],"companys":[]},{"movieCd":"20210012","movieNm":"음란한 며느리:발정나는 날","movieNmEn":"","prdtYear":"2020","openDt":"20210828","typeNm":"장편","prdtStatNm":"개봉","nationAlt":"일본","genreAlt":"멜로/로맨스,드라마","repNationNm":"일본","repGenreNm":"멜로/로맨스","directors":[{"peopleNm":"사쿠라비토"}],"companys":[]},{"movieCd":"20210009","movieNm":"형수의 성 취향","movieNmEn":"","prdtYear":"2020","openDt":"20210827","typeNm":"장편","prdtStatNm":"개봉","nationAlt":"일본","genreAlt":"멜로/로맨스,드라마","repNationNm":"일본","repGenreNm":"멜로/로맨스","directors":[{"peopleNm":"버드맨 텟페이"}],"companys":[]},{"movieCd":"20210008","movieNm":"쿨한 며느리","movieNmEn":"","prdtYear":"2019","openDt":"20210827","typeNm":"장편","prdtStatNm":"개봉","nationAlt":"일본","genreAlt":"멜로/로맨스,드라마","repNationNm":"일본","repGenreNm":"멜로/로맨스","directors":[{"peopleNm":"아카바네 키쿠지로"}],"companys":[]},{"movieCd":"20210023","movieNm":"야설일기","movieNmEn":"","prdtYear":"2020","openDt":"20210827","typeNm":"장편","prdtStatNm":"개봉","nationAlt":"일본","genreAlt":"멜로/로맨스,드라마","repNationNm":"일본","repGenreNm":"멜로/로맨스","directors":[{"peopleNm":"쿠도 타이요"}],"companys":[]},{"movieCd":"20210010","movieNm":"욕구불만 며느리:당장 하고싶어요","movieNmEn":"","prdtYear":"2020","openDt":"20210827","typeNm":"장편","prdtStatNm":"개봉","nationAlt":"일본","genreAlt":"멜로/로맨스,드라마","repNationNm":"일본","repGenreNm":"멜로/로맨스","directors":[{"peopleNm":"사쿠라비토"}],"companys":[]},{"movieCd":"20219898","movieNm":"19번가물많은여자친구","movieNmEn":"","prdtYear":"2021","openDt":"20210827","typeNm":"장편","prdtStatNm":"개봉","nationAlt":"한국","genreAlt":"멜로/로맨스","repNationNm":"한국","repGenreNm":"멜로/로맨스","directors":[{"peopleNm":"이희성"}],"companys":[{"companyCd":"20063230","companyNm":"스마일픽쳐스"}]},{"movieCd":"20210164","movieNm":"워싱턴 정가","movieNmEn":"Advise & Consent","prdtYear":"1962","openDt":"","typeNm":"장편","prdtStatNm":"기타","nationAlt":"미국","genreAlt":"드라마,스릴러","repNationNm":"미국","repGenreNm":"드라마","directors":[{"peopleNm":"오토 프레밍거"}],"companys":[]}]}