{"totCnt":"95385","source":"영화진흥위원회","movieList":[{"movieCd":"20229362","movieNm":"모든 것을 알려주는 사람","movieNmEn":"","prdtYear":"2022","openDt":"20230217","typeNm":"장편","prdtStatNm":"개봉","nationAlt":"일본","genreAlt":"성인물(에로)","repNationNm":"일본","repGenreNm":"성인물(에로)","directors":[{"peopleNm":"드래곤 니시카와"}],"companys":[]},{"movieCd":"20226314","movieNm":"마사지에 빠진 예비신부","movieNmEn":"","prdtYear":"2022","openDt":"20230217","typeNm":"장편","prdtStatNm":"개봉","nationAlt":"한국","genreAlt":"성인물(에로),드라마","repNationNm":"한국","repGenreNm":"성인물(에로)","directors":[{"peopleNm":"리차드 킴"}],"companys":[{"companyCd":"20122937","companyNm":"(주)룬컴퍼니"}]},{"movieCd":"20225291","movieNm":"흑형 : 특별한 영어 수업 무삭제","movieNmEn":"","prdtYear":"2022","openDt":"20230216","typeNm":"장편","prdtStatNm":"개봉","nationAlt":"한국","genreAlt":"성인물(에로),드라마,멜로/로맨스","repNationNm":"한국","repGenreNm":"성인물(에로)","directors":[{"peopleNm":"여석주"}],"companys":[{"companyCd":"20161021","companyNm":"(주)영화사가을"}]},{"movieCd":"20229370","movieNm":"소중한 아내를 드립니다","movieNmEn":"","prdtYear":"2022","openDt":"20230216","typeNm":"장편","prdtStatNm":"개봉","nationAlt":"일본","genreAlt":"성인물(에로)","repNationNm":"일본","repGenreNm":"성인물(에로)","directors":[{"peopleNm":"나가에"}],"companys":[]},{"movieCd":"20227300","movieNm":"은밀하고 쇼킹한 경험","movieNmEn":"","prdtYear":"2022","openDt":"20230215","typeNm":"장편","prdtStatNm":"개봉","nationAlt":"한국","genreAlt":"성인물(에로),멜로/로맨스","repNationNm":"한국","repGenreNm":"성인물(에로)","directors":[{"peopleNm":"이가온"}],"companys":[{"companyCd":"20063099","companyNm":"(주)케이알씨지"}]},{"movieCd":"20239782","movieNm":"젖은 속옷 내린 유부녀","movieNmEn":"","prdtYear":"2022","openDt":"20230214","typeNm":"장편","prdtStatNm":"개봉","nationAlt":"일본","genreAlt":"성인물(에로),멜로/로맨스","repNationNm":"일본","repGenreNm":"성인물(에로)","directors":[],"companys":[]},{"movieCd":"20239796","movieNm":"아버님이 맛본 며느리 무삭제판","movieNmEn":"","prdtYear":"2022","openDt":"20230214","typeNm":"장편","prdtStatNm":"개봉","nationAlt":"일본","genreAlt":"성인물(에로),멜로/로맨스","repNationNm":"일본","repGenreNm":"성인물(에로)","directors":[{"peopleNm":"류타"}],"companys":[]},{"movieCd":"20239812","movieNm":"아버님을 세운 며느라기 무삭제판","movieNmEn":"","prdtYear":"2022","openDt":"20230214","typeNm":"장편","prdtStatNm":"개봉","nationAlt":"일본","genreAlt":"성인물(에로),멜로/로맨스","repNationNm":"일본","repGenreNm":"성인물(에로)","directors":[{"peopleNm":"아사기리 키요시"}],"companys":[]},{"movieCd":"20225027","movieNm":"엄마친구 8 무삭제","movieNmEn":"","prdtYear":"2022","openDt":"20230213","typeNm":"장편","prdtStatNm":"개봉","nationAlt":"한국","genreAlt":"성인물(에로),드라마,멜로/로맨스","repNationNm":"한국","repGenreNm":"성인물(에로)","directors":[{"peopleNm":"유해종"}],"companys":[{"companyCd":"20161021","companyNm":"(주)영화사가을"}]},{"movieCd":"20228777","movieNm":"다른 남자에게 길들여진 아내","movieNmEn":"","prdtYear":"2022","openDt":"20230211","typeNm":"장편","prdtStatNm":"개봉","nationAlt":"일본","genreAlt":"성인물(에로)","repNationNm":"일본","repGenreNm":"성인물(에로)","directors":[],"companys":[]}]}