{"totCnt":"95385","source":"영화진흥위원회","movieList":[{"movieCd":"20211481","movieNm":"캔들 게임","movieNmEn":"The 100 Candles Game","prdtYear":"2020","openDt":"","typeNm":"장편","prdtStatNm":"기타","nationAlt":"기타","genreAlt":"공포(호러)","repNationNm":"기타","repGenreNm":"공포(호러)","directors":[],"companys":[]},{"movieCd":"20211386","movieNm":"흠뻑 젖은 친구여친","movieNmEn":"","prdtYear":"2020","openDt":"20211102","typeNm":"장편","prdtStatNm":"개봉","nationAlt":"일본","genreAlt":"멜로/로맨스,드라마","repNationNm":"일본","repGenreNm":"멜로/로맨스","directors":[{"peopleNm":"K-타로"}],"companys":[]},{"movieCd":"20211384","movieNm":"팬티 두고 간 옆집 여자","movieNmEn":"","prdtYear":"2020","openDt":"20211102","typeNm":"장편","prdtStatNm":"개봉","nationAlt":"일본","genreAlt":"멜로/로맨스,드라마","repNationNm":"일본","repGenreNm":"멜로/로맨스","directors":[{"peopleNm":"버드맨 텟페이"}],"companys":[]},{"movieCd":"20211367","movieNm":"일본 누나:화끈 플레이","movieNmEn":"","prdtYear":"2020","openDt":"20211102","typeNm":"장편","prdtStatNm":"개봉","nationAlt":"일본","genreAlt":"멜로/로맨스,드라마","repNationNm":"일본","repGenreNm":"멜로/로맨스","directors":[{"peopleNm":"쿠와티"}],"companys":[]},{"movieCd":"20211385","movieNm":"이웃집에 AV걸이 산다","movieNmEn":"","prdtYear":"2020","openDt":"20211102","typeNm":"장편","prdtStatNm":"개봉","nationAlt":"일본","genreAlt":"멜로/로맨스,드라마","repNationNm":"일본","repGenreNm":"멜로/로맨스","directors":[{"peopleNm":"버드맨 텟페이"}],"companys":[]},{"movieCd":"20211502","movieNm":"파이널 플래툰","movieNmEn":"Mufreze","prdtYear":"2021","openDt":"","typeNm":"장편","prdtStatNm":"기타","nationAlt":"터키","genreAlt":"전쟁","repNationNm":"터키","repGenreNm":"전쟁","directors":[],"companys":[]},{"movieCd":"20210609","movieNm":"어나더 레코드","movieNmEn":"ANOTHER RECORD","prdtYear":"2021","openDt":"","typeNm":"장편","prdtStatNm":"기타","nationAlt":"한국","genreAlt":"다큐멘터리","repNationNm":"한국","repGenreNm":"다큐멘터리","directors":[{"peopleNm":"김종관"}],"companys":[{"companyCd":"20100103","companyNm":"(주)쇼박스"}]},{"movieCd":"20010023","movieNm":"부킹쏘나타","movieNmEn":"Booking Sonata","prdtYear":"2001","openDt":"20010101","typeNm":"장편","prdtStatNm":"개봉","nationAlt":"한국","genreAlt":"코미디","repNationNm":"한국","repGenreNm":"코미디","directors":[{"peopleNm":"김봉은"}],"companys":[{"companyCd":"19990183","companyNm":"씨네아이들"}]},{"movieCd":"20190969","movieNm":"최선의 삶","movieNmEn":"SNOWBALL","prdtYear":"2021","openDt":"20210901","typeNm":"장편","prdtStatNm":"개봉","nationAlt":"한국","genreAlt":"드라마","repNationNm":"한국","repGenreNm":"드라마","directors":[{"peopleNm":"이우정"}],"companys":[{"companyCd":"20160661","companyNm":"(주)마일스톤컴퍼니"},{"companyCd":"20176244","companyNm":"(주)모토"}]},{"movieCd":"20211489","movieNm":"코마","movieNmEn":"Coma","prdtYear":"2021","openDt":"","typeNm":"단편","prdtStatNm":"기타","nationAlt":"한국","genreAlt":"기타","repNationNm":"한국","repGenreNm":"기타","directors":[{"peopleNm":"송수린"}],"companys":[]}]}