{"totCnt":"95385","source":"영화진흥위원회","movieList":[{"movieCd":"20219867","movieNm":"판타지 왁싱샵","movieNmEn":"","prdtYear":"2021","openDt":"20210825","typeNm":"장편","prdtStatNm":"개봉","nationAlt":"한국","genreAlt":"멜로/로맨스","repNationNm":"한국","repGenreNm":"멜로/로맨스","directors":[{"peopleNm":"Mr.나"}],"companys":[{"companyCd":"20157008","companyNm":"(주)픽쳐레스크"}]},{"movieCd":"20219549","movieNm":"젊은엄마 리부트 ","movieNmEn":"","prdtYear":"2021","openDt":"20210824","typeNm":"장편","prdtStatNm":"개봉","nationAlt":"한국","genreAlt":"성인물(에로)","repNationNm":"한국","repGenreNm":"성인물(에로)","directors":[{"peopleNm":"맹진사"}],"companys":[{"companyCd":"2019821","companyNm":"유한회사 영화사 반딧불"}]},{"movieCd":"20210108","movieNm":"BISFF2021 리턴즈! 부산국제단편영화제 순회상영회 - 국내 수상작 2","movieNmEn":"","prdtYear":"2021","openDt":"","typeNm":"옴니버스","prdtStatNm":"기타","nationAlt":"한국","genreAlt":"기타","repNationNm":"한국","repGenreNm":"기타","directors":[],"companys":[]},{"movieCd":"20210125","movieNm":"BISFF2021 리턴즈! 부산국제단편영화제 순회상영회 - 국내 수상작 1","movieNmEn":"","prdtYear":"2021","openDt":"","typeNm":"옴니버스","prdtStatNm":"기타","nationAlt":"한국","genreAlt":"기타","repNationNm":"한국","repGenreNm":"기타","directors":[],"companys":[]},{"movieCd":"20210124","movieNm":"BISFF2021 리턴즈! 부산국제단편영화제 순회상영회 - 해외 수상작","movieNmEn":"","prdtYear":"2021","openDt":"","typeNm":"옴니버스","prdtStatNm":"기타","nationAlt":"기타","genreAlt":"기타","repNationNm":"기타","repGenreNm":"기타","directors":[],"companys":[]},{"movieCd":"20202268","movieNm":"BISFF2020 리턴즈! 부산국제단편영화제 순회상영회 - 국내 수상작","movieNmEn":"","prdtYear":"2020","openDt":"","typeNm":"옴니버스","prdtStatNm":"기타","nationAlt":"한국","genreAlt":"기타","repNationNm":"한국","repGenreNm":"기타","directors":[],"companys":[]},{"movieCd":"20202267","movieNm":"BISFF2020 리턴즈! 부산국제단편영화제 순회상영회 - 해외 수상작","movieNmEn":"","prdtYear":"2020","openDt":"","typeNm":"옴니버스","prdtStatNm":"기타","nationAlt":"기타","genreAlt":"기타","repNationNm":"기타","repGenreNm":"기타","directors":[],"companys":[]},{"movieCd":"20197110","movieNm":"BISFF2019 리턴즈! 부산국제단편영화제 수상작 순회상영","movieNmEn":"","prdtYear":"2019","openDt":"","typeNm":"옴니버스","prdtStatNm":"기타","nationAlt":"한국","genreAlt":"기타","repNationNm":"한국","repGenreNm":"기타","directors":[],"companys":[]},{"movieCd":"20218985","movieNm":"레미니센스","movieNmEn":"Reminiscence","prdtYear":"2021","openDt":"20210825","typeNm":"장편","prdtStatNm":"개봉","nationAlt":"미국","genreAlt":"SF,미스터리,멜로/로맨스","repNationNm":"미국","repGenreNm":"SF","directors":[{"peopleNm":"리사 조이"}],"companys":[]},{"movieCd":"20219328","movieNm":"대테러부대: 팀 울프","movieNmEn":"Wolf","prdtYear":"2021","openDt":"20210825","typeNm":"장편","prdtStatNm":"개봉","nationAlt":"기타","genreAlt":"전쟁,액션","repNationNm":"기타","repGenreNm":"전쟁","directors":[{"peopleNm":"알페르 카글라"}],"companys":[]}]}