{"totCnt":"95385","source":"영화진흥위원회","movieList":[{"movieCd":"20134963","movieNm":"천국의 그림자 ","movieNmEn":"Shadows in Paradise","prdtYear":"1986","openDt":"","typeNm":"장편","prdtStatNm":"기타","nationAlt":"핀란드","genreAlt":"코미디,멜로/로맨스","repNationNm":"핀란드","repGenreNm":"코미디","directors":[{"peopleNm":"아키 카우리스마키"}],"companys":[]},{"movieCd":"20212931","movieNm":"오징어 노동조합","movieNmEn":"Calamari Union","prdtYear":"1985","openDt":"","typeNm":"장편","prdtStatNm":"기타","nationAlt":"핀란드","genreAlt":"기타","repNationNm":"핀란드","repGenreNm":"기타","directors":[{"peopleNm":"아키 카우리스마키"}],"companys":[]},{"movieCd":"20211939","movieNm":"섹스 봉사단: 육욕의 가정부","movieNmEn":"","prdtYear":"2021","openDt":"20211203","typeNm":"장편","prdtStatNm":"개봉","nationAlt":"일본","genreAlt":"드라마","repNationNm":"일본","repGenreNm":"드라마","directors":[],"companys":[]},{"movieCd":"20211761","movieNm":"마마무 2021 웨어 아 위 콘서트 더 무비","movieNmEn":"","prdtYear":"2021","openDt":"20211203","typeNm":"장편","prdtStatNm":"개봉","nationAlt":"한국","genreAlt":"공연","repNationNm":"한국","repGenreNm":"공연","directors":[{"peopleNm":"손석"}],"companys":[{"companyCd":"20063188","companyNm":"씨제이 씨지브이(CJ CGV)(주)"}]},{"movieCd":"20218015","movieNm":"시나브로","movieNmEn":"Little by Little","prdtYear":"2021","openDt":"","typeNm":"단편","prdtStatNm":"기타","nationAlt":"한국","genreAlt":"드라마","repNationNm":"한국","repGenreNm":"드라마","directors":[{"peopleNm":"이귀덕"}],"companys":[]},{"movieCd":"20217648","movieNm":"엄마를 부탁해","movieNmEn":"I Love Mom","prdtYear":"2021","openDt":"","typeNm":"장편","prdtStatNm":"기타","nationAlt":"한국","genreAlt":"드라마","repNationNm":"한국","repGenreNm":"드라마","directors":[{"peopleNm":"노홍식"}],"companys":[{"companyCd":"20112272","companyNm":"(주)파란프로덕션"},{"companyCd":"20110445","companyNm":"전주 영상위원회"}]},{"movieCd":"20211789","movieNm":"초절정 슬로우 피스톨 - 레이짱","movieNmEn":"","prdtYear":"2020","openDt":"","typeNm":"장편","prdtStatNm":"기타","nationAlt":"일본","genreAlt":"성인물(에로)","repNationNm":"일본","repGenreNm":"성인물(에로)","directors":[{"peopleNm":"코지마 유키오"}],"companys":[]},{"movieCd":"20211805","movieNm":"일본의 야한 밤이야기","movieNmEn":"","prdtYear":"2020","openDt":"","typeNm":"장편","prdtStatNm":"기타","nationAlt":"일본","genreAlt":"성인물(에로)","repNationNm":"일본","repGenreNm":"성인물(에로)","directors":[{"peopleNm":"아라키 타로"}],"companys":[]},{"movieCd":"20210686","movieNm":"커밍 홈 인 더 다크","movieNmEn":"Coming Home in the Dark","prdtYear":"2021","openDt":"20211202","typeNm":"장편","prdtStatNm":"개봉","nationAlt":"뉴질랜드","genreAlt":"공포(호러),스릴러","repNationNm":"뉴질랜드","repGenreNm":"공포(호러)","directors":[],"companys":[]},{"movieCd":"20211947","movieNm":"데스 파이터 : 죽음의 매치","movieNmEn":"Knuckledust","prdtYear":"2020","openDt":"20211202","typeNm":"장편","prdtStatNm":"개봉","nationAlt":"영국","genreAlt":"액션,스릴러","repNationNm":"영국","repGenreNm":"액션","directors":[],"companys":[]}]}