{"totCnt":"95385","source":"영화진흥위원회","movieList":[{"movieCd":"20211486","movieNm":"나의 며느리 무삭제판","movieNmEn":"Dangerous opponent","prdtYear":"2020","openDt":"","typeNm":"장편","prdtStatNm":"기타","nationAlt":"일본","genreAlt":"성인물(에로),드라마","repNationNm":"일본","repGenreNm":"성인물(에로)","directors":[{"peopleNm":"오자키 히로코우지"}],"companys":[]},{"movieCd":"20211474","movieNm":"부쉬 언더 샤인","movieNmEn":"Bush Under Shine","prdtYear":"2020","openDt":"","typeNm":"장편","prdtStatNm":"기타","nationAlt":"한국","genreAlt":"기타","repNationNm":"한국","repGenreNm":"기타","directors":[{"peopleNm":"황미숙"}],"companys":[]},{"movieCd":"20211485","movieNm":"언팔로우","movieNmEn":"Unfollower","prdtYear":"2020","openDt":"","typeNm":"장편","prdtStatNm":"기타","nationAlt":"미국","genreAlt":"스릴러","repNationNm":"미국","repGenreNm":"스릴러","directors":[],"companys":[]},{"movieCd":"20211473","movieNm":"락트 인","movieNmEn":"Locked In","prdtYear":"2021","openDt":"","typeNm":"장편","prdtStatNm":"기타","nationAlt":"미국","genreAlt":"범죄,스릴러","repNationNm":"미국","repGenreNm":"범죄","directors":[],"companys":[]},{"movieCd":"20211484","movieNm":"R.I.A: 사이보그 그녀","movieNmEn":"R.I.A","prdtYear":"2021","openDt":"","typeNm":"장편","prdtStatNm":"기타","nationAlt":"영국","genreAlt":"범죄,SF,스릴러","repNationNm":"영국","repGenreNm":"범죄","directors":[],"companys":[]},{"movieCd":"20211483","movieNm":"적인걸 : 천랑족의 비밀","movieNmEn":"The Brocade Mouse Royal Cat Nine Deep Blood Wolf","prdtYear":"2021","openDt":"","typeNm":"장편","prdtStatNm":"기타","nationAlt":"중국","genreAlt":"액션","repNationNm":"중국","repGenreNm":"액션","directors":[{"peopleNm":"남지위"}],"companys":[]},{"movieCd":"20143501","movieNm":"플라이 하이","movieNmEn":"Fly High","prdtYear":"2016","openDt":"","typeNm":"장편","prdtStatNm":"기타","nationAlt":"한국","genreAlt":"드라마","repNationNm":"한국","repGenreNm":"드라마","directors":[{"peopleNm":"한경탁"}],"companys":[{"companyCd":"20138416","companyNm":"(주)분홍돌고래"},{"companyCd":"20100385","companyNm":"(주)다세포클럽"}]},{"movieCd":"20177539","movieNm":"사바하","movieNmEn":"SVAHA : THE SIXTH FINGER","prdtYear":"2018","openDt":"20190220","typeNm":"장편","prdtStatNm":"개봉","nationAlt":"한국","genreAlt":"미스터리,스릴러","repNationNm":"한국","repGenreNm":"미스터리","directors":[{"peopleNm":"장재현"}],"companys":[{"companyCd":"20100374","companyNm":"(주)외유내강"},{"companyCd":"20186561","companyNm":"(주)필름케이"}]},{"movieCd":"20211052","movieNm":"메가 릴렉스 비행","movieNmEn":"","prdtYear":"2021","openDt":"","typeNm":"장편","prdtStatNm":"기타","nationAlt":"한국","genreAlt":"기타","repNationNm":"한국","repGenreNm":"기타","directors":[],"companys":[{"companyCd":"20122505","companyNm":"메가박스중앙(주)"}]},{"movieCd":"20210661","movieNm":"감금의 시간 무삭제","movieNmEn":"","prdtYear":"2015","openDt":"","typeNm":"장편","prdtStatNm":"기타","nationAlt":"한국","genreAlt":"드라마","repNationNm":"한국","repGenreNm":"드라마","directors":[{"peopleNm":"김대성"}],"companys":[{"companyCd":"20136715","companyNm":"(주)영화사히트"}]}]}