{"totCnt":"95385","source":"영화진흥위원회","movieList":[{"movieCd":"20223374","movieNm":"고목","movieNmEn":"","prdtYear":"2019","openDt":"","typeNm":"단편","prdtStatNm":"기타","nationAlt":"한국","genreAlt":"드라마","repNationNm":"한국","repGenreNm":"드라마","directors":[{"peopleNm":"김은"}],"companys":[]},{"movieCd":"20223373","movieNm":"이혼하러 가는 길","movieNmEn":"","prdtYear":"2007","openDt":"","typeNm":"단편","prdtStatNm":"기타","nationAlt":"한국","genreAlt":"드라마","repNationNm":"한국","repGenreNm":"드라마","directors":[{"peopleNm":"정진미"}],"companys":[]},{"movieCd":"20223370","movieNm":"나라시","movieNmEn":"","prdtYear":"2015","openDt":"","typeNm":"단편","prdtStatNm":"기타","nationAlt":"일본,한국","genreAlt":"드라마","repNationNm":"일본","repGenreNm":"드라마","directors":[{"peopleNm":"최득룡"}],"companys":[]},{"movieCd":"20223372","movieNm":"원 서니데이","movieNmEn":"One Sunny Day","prdtYear":"2018","openDt":"","typeNm":"단편","prdtStatNm":"기타","nationAlt":"한국,미국","genreAlt":"드라마","repNationNm":"한국","repGenreNm":"드라마","directors":[],"companys":[]},{"movieCd":"20223371","movieNm":"마츠리니 오야스미","movieNmEn":"","prdtYear":"2016","openDt":"","typeNm":"장편","prdtStatNm":"기타","nationAlt":"일본","genreAlt":"드라마","repNationNm":"일본","repGenreNm":"드라마","directors":[{"peopleNm":"최득룡"}],"companys":[]},{"movieCd":"20223357","movieNm":"계단","movieNmEn":"Steps","prdtYear":"2009","openDt":"","typeNm":"단편","prdtStatNm":"기타","nationAlt":"미국","genreAlt":"드라마","repNationNm":"미국","repGenreNm":"드라마","directors":[],"companys":[]},{"movieCd":"20223356","movieNm":"우리, 난민들","movieNmEn":"We, Refugees","prdtYear":"2021","openDt":"","typeNm":"단편","prdtStatNm":"기타","nationAlt":"한국","genreAlt":"드라마,멜로/로맨스","repNationNm":"한국","repGenreNm":"드라마","directors":[{"peopleNm":"허성완"}],"companys":[]},{"movieCd":"20223355","movieNm":"오! 나의 앨리스","movieNmEn":"Oh! My Alice","prdtYear":"2009","openDt":"","typeNm":"단편","prdtStatNm":"기타","nationAlt":"한국","genreAlt":"판타지,드라마","repNationNm":"한국","repGenreNm":"판타지","directors":[{"peopleNm":"최유정"}],"companys":[]},{"movieCd":"20223354","movieNm":"보물 상자","movieNmEn":"Treasure Box ","prdtYear":"2021","openDt":"","typeNm":"단편","prdtStatNm":"기타","nationAlt":"한국","genreAlt":"드라마,가족","repNationNm":"한국","repGenreNm":"드라마","directors":[{"peopleNm":"문채린"}],"companys":[]},{"movieCd":"20223368","movieNm":"호색남녀 섹스의 계절","movieNmEn":"","prdtYear":"2020","openDt":"","typeNm":"장편","prdtStatNm":"기타","nationAlt":"일본","genreAlt":"성인물(에로)","repNationNm":"일본","repGenreNm":"성인물(에로)","directors":[],"companys":[]}]}