{"totCnt":"95385","source":"영화진흥위원회","movieList":[{"movieCd":"20224103","movieNm":"잘주는 며느리 잘먹는 아버님","movieNmEn":"OTTODAKE SINANAI KINDAN","prdtYear":"2022","openDt":"20220401","typeNm":"장편","prdtStatNm":"개봉","nationAlt":"일본","genreAlt":"성인물(에로),멜로/로맨스","repNationNm":"일본","repGenreNm":"성인물(에로)","directors":[{"peopleNm":"테이 쟈가"}],"companys":[]},{"movieCd":"20224596","movieNm":"인드림","movieNmEn":"","prdtYear":"2022","openDt":"","typeNm":"장편","prdtStatNm":"촬영진행","nationAlt":"한국","genreAlt":"스릴러","repNationNm":"한국","repGenreNm":"스릴러","directors":[{"peopleNm":"신재호"}],"companys":[]},{"movieCd":"20224101","movieNm":"은밀한 욕정치료사","movieNmEn":"ZETURIN SEITAISI","prdtYear":"2022","openDt":"20220401","typeNm":"장편","prdtStatNm":"개봉","nationAlt":"일본","genreAlt":"성인물(에로),멜로/로맨스","repNationNm":"일본","repGenreNm":"성인물(에로)","directors":[],"companys":[]},{"movieCd":"20223970","movieNm":"별빛이 내린다","movieNmEn":"","prdtYear":"2022","openDt":"","typeNm":"장편","prdtStatNm":"촬영진행","nationAlt":"한국","genreAlt":"멜로/로맨스","repNationNm":"한국","repGenreNm":"멜로/로맨스","directors":[{"peopleNm":"최국희"}],"companys":[{"companyCd":"20124216","companyNm":"더램프(주)"}]},{"movieCd":"20224090","movieNm":"더 호텔","movieNmEn":"The Hotel","prdtYear":"2022","openDt":"","typeNm":"장편","prdtStatNm":"촬영진행","nationAlt":"한국","genreAlt":"판타지,미스터리","repNationNm":"한국","repGenreNm":"판타지","directors":[{"peopleNm":"김정민"}],"companys":[]},{"movieCd":"20224099","movieNm":"완전한 교육","movieNmEn":"SIN SINNYUSYA 7DAYS","prdtYear":"2022","openDt":"20220401","typeNm":"장편","prdtStatNm":"개봉","nationAlt":"일본","genreAlt":"성인물(에로),멜로/로맨스","repNationNm":"일본","repGenreNm":"성인물(에로)","directors":[{"peopleNm":"나기라 겐조"}],"companys":[]},{"movieCd":"20224082","movieNm":"시동걸린 욕정","movieNmEn":"OTTONI MISERARENAI","prdtYear":"2022","openDt":"20220401","typeNm":"장편","prdtStatNm":"개봉","nationAlt":"일본","genreAlt":"성인물(에로),멜로/로맨스","repNationNm":"일본","repGenreNm":"성인물(에로)","directors":[{"peopleNm":"나기라 겐조"}],"companys":[]},{"movieCd":"20224587","movieNm":"팬티까지 젖은 그녀의 유혹","movieNmEn":"","prdtYear":"2022","openDt":"20220428","typeNm":"장편","prdtStatNm":"개봉","nationAlt":"한국","genreAlt":"성인물(에로)","repNationNm":"한국","repGenreNm":"성인물(에로)","directors":[{"peopleNm":"강현성"}],"companys":[{"companyCd":"20217881","companyNm":"(주)샤이커뮤니케이션즈"}]},{"movieCd":"20224685","movieNm":"육덕 가정부 찰진 서비스","movieNmEn":"","prdtYear":"2020","openDt":"20220428","typeNm":"장편","prdtStatNm":"개봉","nationAlt":"일본","genreAlt":"성인물(에로),드라마,멜로/로맨스","repNationNm":"일본","repGenreNm":"성인물(에로)","directors":[{"peopleNm":"타나카 스나오"}],"companys":[]},{"movieCd":"20224697","movieNm":"발정난 새엄마 에리카","movieNmEn":"","prdtYear":"2020","openDt":"20220428","typeNm":"장편","prdtStatNm":"개봉","nationAlt":"일본","genreAlt":"성인물(에로),드라마,멜로/로맨스","repNationNm":"일본","repGenreNm":"성인물(에로)","directors":[{"peopleNm":"지조우 코우지"}],"companys":[]}]}