{"totCnt":"95385","source":"영화진흥위원회","movieList":[{"movieCd":"20217121","movieNm":"낫아웃","movieNmEn":"NOT OUT","prdtYear":"2021","openDt":"20210603","typeNm":"장편","prdtStatNm":"개봉","nationAlt":"한국","genreAlt":"드라마","repNationNm":"한국","repGenreNm":"드라마","directors":[{"peopleNm":"이정곤"}],"companys":[{"companyCd":"20217682","companyNm":"이안필름"},{"companyCd":"20217681","companyNm":"(주)키즈리턴"}]},{"movieCd":"20186385","movieNm":"더 플레이스","movieNmEn":"The Place","prdtYear":"2017","openDt":"","typeNm":"장편","prdtStatNm":"기타","nationAlt":"이탈리아","genreAlt":"드라마,판타지","repNationNm":"이탈리아","repGenreNm":"드라마","directors":[{"peopleNm":"파올로 제노베스"}],"companys":[]},{"movieCd":"20212316","movieNm":"웃음의 왕","movieNmEn":"Qui Rido Io","prdtYear":"2021","openDt":"","typeNm":"장편","prdtStatNm":"기타","nationAlt":"이탈리아,스페인","genreAlt":"드라마,코미디","repNationNm":"이탈리아","repGenreNm":"드라마","directors":[{"peopleNm":"마리오 마르토네"}],"companys":[]},{"movieCd":"20212315","movieNm":"러블리 보이","movieNmEn":"Lovely Boy","prdtYear":"2021","openDt":"","typeNm":"장편","prdtStatNm":"기타","nationAlt":"이탈리아","genreAlt":"드라마,뮤지컬","repNationNm":"이탈리아","repGenreNm":"드라마","directors":[],"companys":[]},{"movieCd":"20212314","movieNm":"에지오 보소_더 씽 더 리메인","movieNmEn":"Exio Bosso_The Things that Remain","prdtYear":"2021","openDt":"","typeNm":"장편","prdtStatNm":"기타","nationAlt":"이탈리아","genreAlt":"다큐멘터리,뮤지컬,드라마","repNationNm":"이탈리아","repGenreNm":"다큐멘터리","directors":[],"companys":[]},{"movieCd":"20190292","movieNm":"Stair","movieNmEn":"","prdtYear":"2020","openDt":"","typeNm":"단편","prdtStatNm":"기타","nationAlt":"한국","genreAlt":"드라마,SF","repNationNm":"한국","repGenreNm":"드라마","directors":[{"peopleNm":"이가은"}],"companys":[]},{"movieCd":"20212313","movieNm":"마이 스윗 디어","movieNmEn":"","prdtYear":"","openDt":"","typeNm":"장편","prdtStatNm":"기타","nationAlt":"한국","genreAlt":"멜로/로맨스","repNationNm":"한국","repGenreNm":"멜로/로맨스","directors":[{"peopleNm":"소준문"}],"companys":[]},{"movieCd":"20212022","movieNm":"(BLANK)","movieNmEn":"(BLANK)","prdtYear":"2021","openDt":"","typeNm":"단편","prdtStatNm":"기타","nationAlt":"한국","genreAlt":"드라마,가족","repNationNm":"한국","repGenreNm":"드라마","directors":[{"peopleNm":"이가은"}],"companys":[]},{"movieCd":"20200502","movieNm":"스마일 클럽","movieNmEn":"Smile Club","prdtYear":"2020","openDt":"","typeNm":"단편","prdtStatNm":"기타","nationAlt":"한국","genreAlt":"드라마","repNationNm":"한국","repGenreNm":"드라마","directors":[{"peopleNm":"최은우"}],"companys":[]},{"movieCd":"20216576","movieNm":"부고","movieNmEn":"Obituary","prdtYear":"2021","openDt":"","typeNm":"단편","prdtStatNm":"기타","nationAlt":"한국","genreAlt":"드라마","repNationNm":"한국","repGenreNm":"드라마","directors":[],"companys":[]}]}