{"totCnt":"95385","source":"영화진흥위원회","movieList":[{"movieCd":"20212293","movieNm":"오빠","movieNmEn":"","prdtYear":"2021","openDt":"","typeNm":"단편","prdtStatNm":"기타","nationAlt":"한국,중국","genreAlt":"스릴러","repNationNm":"한국","repGenreNm":"스릴러","directors":[],"companys":[]},{"movieCd":"20209953","movieNm":"새터데이 픽션","movieNmEn":"Saturday Fiction","prdtYear":"2019","openDt":"","typeNm":"장편","prdtStatNm":"기타","nationAlt":"중국","genreAlt":"드라마","repNationNm":"중국","repGenreNm":"드라마","directors":[{"peopleNm":"로우 예"}],"companys":[]},{"movieCd":"20211834","movieNm":"리얼돌 : 섹스마네킹 무삭제","movieNmEn":"","prdtYear":"2021","openDt":"","typeNm":"장편","prdtStatNm":"기타","nationAlt":"한국","genreAlt":"드라마,코미디,멜로/로맨스","repNationNm":"한국","repGenreNm":"드라마","directors":[{"peopleNm":"손승민"}],"companys":[{"companyCd":"20154968","companyNm":"(주)로드하우스"}]},{"movieCd":"20212292","movieNm":"FIWOM2021 마이 엉클 외","movieNmEn":"","prdtYear":"2021","openDt":"","typeNm":"옴니버스","prdtStatNm":"기타","nationAlt":"기타","genreAlt":"기타","repNationNm":"기타","repGenreNm":"기타","directors":[],"companys":[]},{"movieCd":"20212280","movieNm":"FIWOM2021 미용실 대선 토론 외","movieNmEn":"","prdtYear":"2021","openDt":"","typeNm":"옴니버스","prdtStatNm":"기타","nationAlt":"기타","genreAlt":"기타","repNationNm":"기타","repGenreNm":"기타","directors":[],"companys":[]},{"movieCd":"20212279","movieNm":"FIWOM2021 코로나-19를 지내는 33번째 방법 외","movieNmEn":"","prdtYear":"2021","openDt":"","typeNm":"옴니버스","prdtStatNm":"기타","nationAlt":"기타","genreAlt":"기타","repNationNm":"기타","repGenreNm":"기타","directors":[],"companys":[]},{"movieCd":"20212278","movieNm":"FIWOM2021 클라이밍 이란 외","movieNmEn":"","prdtYear":"2021","openDt":"","typeNm":"옴니버스","prdtStatNm":"기타","nationAlt":"기타","genreAlt":"다큐멘터리","repNationNm":"기타","repGenreNm":"다큐멘터리","directors":[],"companys":[]},{"movieCd":"20212277","movieNm":"FIWOM2021 피움초이스7","movieNmEn":"","prdtYear":"2021","openDt":"","typeNm":"옴니버스","prdtStatNm":"기타","nationAlt":"한국","genreAlt":"기타","repNationNm":"한국","repGenreNm":"기타","directors":[],"companys":[]},{"movieCd":"20212276","movieNm":"FIWOM2021 피움초이스6","movieNmEn":"","prdtYear":"2021","openDt":"","typeNm":"옴니버스","prdtStatNm":"기타","nationAlt":"기타","genreAlt":"기타","repNationNm":"기타","repGenreNm":"기타","directors":[],"companys":[]},{"movieCd":"20212275","movieNm":"FIWOM2021 피움초이스5","movieNmEn":"","prdtYear":"2021","openDt":"","typeNm":"옴니버스","prdtStatNm":"기타","nationAlt":"한국","genreAlt":"기타","repNationNm":"한국","repGenreNm":"기타","directors":[],"companys":[]}]}