{"totCnt":"95385","source":"영화진흥위원회","movieList":[{"movieCd":"20219787","movieNm":"환상섹스:리얼돌 히비키","movieNmEn":"","prdtYear":"2020","openDt":"20210817","typeNm":"장편","prdtStatNm":"개봉","nationAlt":"일본","genreAlt":"멜로/로맨스,드라마","repNationNm":"일본","repGenreNm":"멜로/로맨스","directors":[{"peopleNm":"코메이"}],"companys":[]},{"movieCd":"20219444","movieNm":"킬러 대물 VS 건달 대물","movieNmEn":"","prdtYear":"2021","openDt":"20210817","typeNm":"장편","prdtStatNm":"개봉","nationAlt":"한국","genreAlt":"성인물(에로)","repNationNm":"한국","repGenreNm":"성인물(에로)","directors":[{"peopleNm":"강현성"}],"companys":[{"companyCd":"20217881","companyNm":"(주)샤이커뮤니케이션즈"}]},{"movieCd":"20219772","movieNm":"외로운 새엄마:크고 단단한게 필요해","movieNmEn":"","prdtYear":"2019","openDt":"20210817","typeNm":"장편","prdtStatNm":"개봉","nationAlt":"일본","genreAlt":"멜로/로맨스,드라마","repNationNm":"일본","repGenreNm":"멜로/로맨스","directors":[{"peopleNm":"에이트"}],"companys":[]},{"movieCd":"20218392","movieNm":"올드","movieNmEn":"Old","prdtYear":"2021","openDt":"20210818","typeNm":"장편","prdtStatNm":"개봉","nationAlt":"미국","genreAlt":"공포(호러),스릴러","repNationNm":"미국","repGenreNm":"공포(호러)","directors":[{"peopleNm":"M. 나이트 샤말란"}],"companys":[]},{"movieCd":"20217708","movieNm":"가족은 괴로워3: 아내여 장미처럼","movieNmEn":"What a Wonderful Family! 3: My Wife, My Life","prdtYear":"2018","openDt":"20210818","typeNm":"장편","prdtStatNm":"개봉","nationAlt":"일본","genreAlt":"드라마","repNationNm":"일본","repGenreNm":"드라마","directors":[{"peopleNm":"야마다 요지"}],"companys":[]},{"movieCd":"20219424","movieNm":"불륜 유부녀와 음란한 노처녀","movieNmEn":"","prdtYear":"2021","openDt":"20210817","typeNm":"장편","prdtStatNm":"개봉","nationAlt":"한국","genreAlt":"성인물(에로)","repNationNm":"한국","repGenreNm":"성인물(에로)","directors":[{"peopleNm":"강현성"}],"companys":[{"companyCd":"20217881","companyNm":"(주)샤이커뮤니케이션즈"}]},{"movieCd":"20219744","movieNm":"상자루의 길","movieNmEn":"Camino de Sangjaru","prdtYear":"2021","openDt":"","typeNm":"장편","prdtStatNm":"기타","nationAlt":"한국","genreAlt":"다큐멘터리","repNationNm":"한국","repGenreNm":"다큐멘터리","directors":[{"peopleNm":"박철우"}],"companys":[]},{"movieCd":"20219774","movieNm":"물 많은 제수씨","movieNmEn":"","prdtYear":"2020","openDt":"20210817","typeNm":"장편","prdtStatNm":"개봉","nationAlt":"일본","genreAlt":"멜로/로맨스,드라마","repNationNm":"일본","repGenreNm":"멜로/로맨스","directors":[{"peopleNm":"스이세이 아카이"}],"companys":[]},{"movieCd":"20219773","movieNm":"간병인의 황제서비스","movieNmEn":"","prdtYear":"2020","openDt":"20210817","typeNm":"장편","prdtStatNm":"개봉","nationAlt":"일본","genreAlt":"멜로/로맨스,드라마","repNationNm":"일본","repGenreNm":"멜로/로맨스","directors":[{"peopleNm":"카네코 지로"}],"companys":[]},{"movieCd":"20218364","movieNm":"랑종","movieNmEn":"The Medium","prdtYear":"2021","openDt":"20210714","typeNm":"장편","prdtStatNm":"개봉","nationAlt":"한국","genreAlt":"공포(호러),스릴러,드라마","repNationNm":"한국","repGenreNm":"공포(호러)","directors":[{"peopleNm":"반종 피산다나쿤"}],"companys":[{"companyCd":"20217643","companyNm":"(주)노던크로스"}]}]}