{"totCnt":"95385","source":"영화진흥위원회","movieList":[{"movieCd":"20224178","movieNm":"유부녀가 된 첫사랑 무삭제판","movieNmEn":"The first love partner is a fugitive","prdtYear":"2020","openDt":"","typeNm":"장편","prdtStatNm":"기타","nationAlt":"일본","genreAlt":"성인물(에로),드라마","repNationNm":"일본","repGenreNm":"성인물(에로)","directors":[{"peopleNm":"잠파"}],"companys":[]},{"movieCd":"20224160","movieNm":"출장: 상사와 단둘이서","movieNmEn":"","prdtYear":"2021","openDt":"","typeNm":"장편","prdtStatNm":"기타","nationAlt":"일본","genreAlt":"성인물(에로)","repNationNm":"일본","repGenreNm":"성인물(에로)","directors":[],"companys":[]},{"movieCd":"20224159","movieNm":"언니의 유혹: 뺏겨버린 남편","movieNmEn":"","prdtYear":"2021","openDt":"","typeNm":"장편","prdtStatNm":"기타","nationAlt":"일본","genreAlt":"성인물(에로)","repNationNm":"일본","repGenreNm":"성인물(에로)","directors":[{"peopleNm":"아사기리 조"}],"companys":[]},{"movieCd":"20223848","movieNm":"그날 밤의 살인자","movieNmEn":"The Only Way Out","prdtYear":"2021","openDt":"","typeNm":"장편","prdtStatNm":"기타","nationAlt":"세르비아","genreAlt":"스릴러,범죄","repNationNm":"세르비아","repGenreNm":"스릴러","directors":[],"companys":[]},{"movieCd":"20224155","movieNm":"명품좋아하는 새엄마와 오일목욕","movieNmEn":"","prdtYear":"2020","openDt":"","typeNm":"장편","prdtStatNm":"기타","nationAlt":"일본","genreAlt":"성인물(에로)","repNationNm":"일본","repGenreNm":"성인물(에로)","directors":[{"peopleNm":"시로가와 노부"}],"companys":[]},{"movieCd":"20224173","movieNm":"육덕끝판왕 G컵 사오리짱-엄마친구","movieNmEn":"","prdtYear":"2020","openDt":"","typeNm":"장편","prdtStatNm":"기타","nationAlt":"일본","genreAlt":"성인물(에로)","repNationNm":"일본","repGenreNm":"성인물(에로)","directors":[{"peopleNm":"시로가와 노부"}],"companys":[]},{"movieCd":"20224172","movieNm":"대물을 갖고 싶었던 처형","movieNmEn":"","prdtYear":"2020","openDt":"","typeNm":"장편","prdtStatNm":"기타","nationAlt":"일본","genreAlt":"성인물(에로)","repNationNm":"일본","repGenreNm":"성인물(에로)","directors":[{"peopleNm":"시로가와 노부"}],"companys":[]},{"movieCd":"20224171","movieNm":"야릇하게 비벼오는 부장아내","movieNmEn":"","prdtYear":"2020","openDt":"","typeNm":"장편","prdtStatNm":"기타","nationAlt":"일본","genreAlt":"성인물(에로)","repNationNm":"일본","repGenreNm":"성인물(에로)","directors":[{"peopleNm":"시로가와 노부"}],"companys":[]},{"movieCd":"20200292","movieNm":"보드랍게","movieNmEn":"Comfort","prdtYear":"2020","openDt":"20220223","typeNm":"장편","prdtStatNm":"개봉","nationAlt":"한국","genreAlt":"다큐멘터리","repNationNm":"한국","repGenreNm":"다큐멘터리","directors":[{"peopleNm":"박문칠"}],"companys":[{"companyCd":"20228721","companyNm":"(사)정신대할머니와함께하는시민모임 "}]},{"movieCd":"20224149","movieNm":"무릎꿇고 빨아주는 절대 순종 여친","movieNmEn":"","prdtYear":"2021","openDt":"","typeNm":"장편","prdtStatNm":"기타","nationAlt":"일본","genreAlt":"성인물(에로)","repNationNm":"일본","repGenreNm":"성인물(에로)","directors":[{"peopleNm":"헤이키 치로"}],"companys":[]}]}