{"totCnt":"95385","source":"영화진흥위원회","movieList":[{"movieCd":"20212593","movieNm":"코로나 극장","movieNmEn":"Corona Theater","prdtYear":"2021","openDt":"","typeNm":"단편","prdtStatNm":"기타","nationAlt":"한국","genreAlt":"액션","repNationNm":"한국","repGenreNm":"액션","directors":[{"peopleNm":"김세성"}],"companys":[]},{"movieCd":"20212580","movieNm":"이별격리 ","movieNmEn":"Breakup and isolation","prdtYear":"2021","openDt":"","typeNm":"단편","prdtStatNm":"기타","nationAlt":"한국","genreAlt":"기타","repNationNm":"한국","repGenreNm":"기타","directors":[{"peopleNm":"은정현"}],"companys":[]},{"movieCd":"20212603","movieNm":"밴드큐","movieNmEn":"BandQ","prdtYear":"2021","openDt":"","typeNm":"단편","prdtStatNm":"기타","nationAlt":"한국","genreAlt":"기타","repNationNm":"한국","repGenreNm":"기타","directors":[{"peopleNm":"이유진"}],"companys":[]},{"movieCd":"20212592","movieNm":"내 방 안의 Another World","movieNmEn":"Another World In My Room","prdtYear":"2021","openDt":"","typeNm":"단편","prdtStatNm":"기타","nationAlt":"한국","genreAlt":"기타","repNationNm":"한국","repGenreNm":"기타","directors":[{"peopleNm":"강소연"}],"companys":[]},{"movieCd":"20212588","movieNm":"그 여름","movieNmEn":"That Summer","prdtYear":"1984","openDt":"","typeNm":"단편","prdtStatNm":"기타","nationAlt":"한국","genreAlt":"기타","repNationNm":"한국","repGenreNm":"기타","directors":[{"peopleNm":"김동빈"}],"companys":[]},{"movieCd":"20212586","movieNm":"땅밑 하늘공간","movieNmEn":"Underground Sky","prdtYear":"1983","openDt":"","typeNm":"단편","prdtStatNm":"기타","nationAlt":"한국","genreAlt":"기타","repNationNm":"한국","repGenreNm":"기타","directors":[{"peopleNm":"강제규"}],"companys":[]},{"movieCd":"20217184","movieNm":"스승의 날","movieNmEn":"Teacher's Day","prdtYear":"2020","openDt":"","typeNm":"단편","prdtStatNm":"기타","nationAlt":"한국","genreAlt":"기타","repNationNm":"한국","repGenreNm":"기타","directors":[{"peopleNm":"이지향"}],"companys":[]},{"movieCd":"20212558","movieNm":"저는 잘 있어요","movieNmEn":"Say Hello","prdtYear":"2021","openDt":"","typeNm":"단편","prdtStatNm":"기타","nationAlt":"한국","genreAlt":"기타","repNationNm":"한국","repGenreNm":"기타","directors":[{"peopleNm":"문재웅"}],"companys":[]},{"movieCd":"20217211","movieNm":"두 번째 장례","movieNmEn":"Second Funeral","prdtYear":"2020","openDt":"","typeNm":"단편","prdtStatNm":"기타","nationAlt":"한국","genreAlt":"드라마","repNationNm":"한국","repGenreNm":"드라마","directors":[{"peopleNm":"김태경"}],"companys":[]},{"movieCd":"20217176","movieNm":"계란 카레라이스","movieNmEn":"Egg Curry Rice","prdtYear":"2021","openDt":"","typeNm":"단편","prdtStatNm":"기타","nationAlt":"한국","genreAlt":"애니메이션","repNationNm":"한국","repGenreNm":"애니메이션","directors":[{"peopleNm":"서지형"}],"companys":[]}]}