{"totCnt":"95385","source":"영화진흥위원회","movieList":[{"movieCd":"20212284","movieNm":"시니스카의 딸들 : 메달 뒤의 성차별","movieNmEn":"Daughters of Cynisca","prdtYear":"2019","openDt":"","typeNm":"장편","prdtStatNm":"기타","nationAlt":"스페인","genreAlt":"다큐멘터리","repNationNm":"스페인","repGenreNm":"다큐멘터리","directors":[],"companys":[]},{"movieCd":"20212283","movieNm":"그래서 그랬죠","movieNmEn":"And So I Stayed","prdtYear":"2021","openDt":"","typeNm":"장편","prdtStatNm":"기타","nationAlt":"미국","genreAlt":"다큐멘터리","repNationNm":"미국","repGenreNm":"다큐멘터리","directors":[],"companys":[]},{"movieCd":"20212269","movieNm":"누가 인간인가","movieNmEn":"Personhood","prdtYear":"2019","openDt":"","typeNm":"장편","prdtStatNm":"기타","nationAlt":"미국","genreAlt":"다큐멘터리","repNationNm":"미국","repGenreNm":"다큐멘터리","directors":[],"companys":[]},{"movieCd":"20190726","movieNm":"까치발","movieNmEn":"Tiptoeing","prdtYear":"2019","openDt":"20210603","typeNm":"장편","prdtStatNm":"개봉","nationAlt":"한국","genreAlt":"다큐멘터리","repNationNm":"한국","repGenreNm":"다큐멘터리","directors":[{"peopleNm":"권우정"}],"companys":[{"companyCd":"20217181","companyNm":"다큐이야기"}]},{"movieCd":"20207570","movieNm":"더 한복판으로","movieNmEn":"The Hanbok on the Court","prdtYear":"2020","openDt":"","typeNm":"장편","prdtStatNm":"기타","nationAlt":"한국","genreAlt":"다큐멘터리","repNationNm":"한국","repGenreNm":"다큐멘터리","directors":[{"peopleNm":"오소영"}],"companys":[]},{"movieCd":"20208157","movieNm":"살","movieNmEn":"Flesh","prdtYear":"2019","openDt":"","typeNm":"단편","prdtStatNm":"기타","nationAlt":"브라질,스페인","genreAlt":"다큐멘터리,애니메이션","repNationNm":"브라질","repGenreNm":"다큐멘터리","directors":[],"companys":[]},{"movieCd":"20216629","movieNm":"젖꼭지 3차대전","movieNmEn":"Nipple War3","prdtYear":"2020","openDt":"","typeNm":"단편","prdtStatNm":"기타","nationAlt":"한국","genreAlt":"코미디","repNationNm":"한국","repGenreNm":"코미디","directors":[{"peopleNm":"백시원"}],"companys":[]},{"movieCd":"20205605","movieNm":"연격!","movieNmEn":"Kiri-Kaeshi!","prdtYear":"2019","openDt":"","typeNm":"단편","prdtStatNm":"기타","nationAlt":"한국","genreAlt":"코미디","repNationNm":"한국","repGenreNm":"코미디","directors":[],"companys":[]},{"movieCd":"20210165","movieNm":"브라더","movieNmEn":"","prdtYear":"2021","openDt":"20211007","typeNm":"장편","prdtStatNm":"개봉","nationAlt":"한국","genreAlt":"범죄,액션","repNationNm":"한국","repGenreNm":"범죄","directors":[{"peopleNm":"신근호"}],"companys":[{"companyCd":"20157193","companyNm":"(주)모그픽쳐스"},{"companyCd":"20157209","companyNm":"(주)더그레이트컴퍼니"}]},{"movieCd":"20211487","movieNm":"팬텀: 더 뮤지컬 라이브","movieNmEn":"Phantom: The Musical Live","prdtYear":"2021","openDt":"20211201","typeNm":"장편","prdtStatNm":"개봉","nationAlt":"한국","genreAlt":"뮤지컬,공연","repNationNm":"한국","repGenreNm":"뮤지컬","directors":[{"peopleNm":"박재석"}],"companys":[{"companyCd":"20217585","companyNm":"(주)위즈온센"}]}]}