{"totCnt":"95385","source":"영화진흥위원회","movieList":[{"movieCd":"20210679","movieNm":"산타킬러스","movieNmEn":"Fatman","prdtYear":"2020","openDt":"20211201","typeNm":"장편","prdtStatNm":"개봉","nationAlt":"미국","genreAlt":"액션,코미디","repNationNm":"미국","repGenreNm":"액션","directors":[{"peopleNm":"에숌 넬스"},{"peopleNm":"이안 넬스"}],"companys":[]},{"movieCd":"20212209","movieNm":"언니네영화관2021 단편2","movieNmEn":"","prdtYear":"2021","openDt":"","typeNm":"옴니버스","prdtStatNm":"기타","nationAlt":"한국","genreAlt":"기타","repNationNm":"한국","repGenreNm":"기타","directors":[],"companys":[]},{"movieCd":"20212221","movieNm":"언니네영화관2021 단편1","movieNmEn":"","prdtYear":"2021","openDt":"","typeNm":"옴니버스","prdtStatNm":"기타","nationAlt":"한국","genreAlt":"기타","repNationNm":"한국","repGenreNm":"기타","directors":[],"companys":[]},{"movieCd":"20211861","movieNm":"새엄마 중독 무삭제판","movieNmEn":"","prdtYear":"2021","openDt":"20211129","typeNm":"장편","prdtStatNm":"개봉","nationAlt":"일본","genreAlt":"멜로/로맨스","repNationNm":"일본","repGenreNm":"멜로/로맨스","directors":[],"companys":[]},{"movieCd":"20211863","movieNm":"불쾌한 섹스 무삭제판","movieNmEn":"","prdtYear":"2021","openDt":"20211129","typeNm":"장편","prdtStatNm":"개봉","nationAlt":"일본","genreAlt":"멜로/로맨스","repNationNm":"일본","repGenreNm":"멜로/로맨스","directors":[{"peopleNm":"류타"}],"companys":[]},{"movieCd":"20211429","movieNm":"대물발킨 며늘님","movieNmEn":"","prdtYear":"2021","openDt":"20211129","typeNm":"장편","prdtStatNm":"개봉","nationAlt":"일본","genreAlt":"멜로/로맨스","repNationNm":"일본","repGenreNm":"멜로/로맨스","directors":[],"companys":[]},{"movieCd":"20211406","movieNm":"다다미 부인의 다다익선","movieNmEn":"","prdtYear":"2021","openDt":"20211129","typeNm":"장편","prdtStatNm":"개봉","nationAlt":"일본","genreAlt":"멜로/로맨스","repNationNm":"일본","repGenreNm":"멜로/로맨스","directors":[],"companys":[]},{"movieCd":"20211425","movieNm":"넣고 빼고 분출하라","movieNmEn":"","prdtYear":"2021","openDt":"20211129","typeNm":"장편","prdtStatNm":"개봉","nationAlt":"일본","genreAlt":"멜로/로맨스","repNationNm":"일본","repGenreNm":"멜로/로맨스","directors":[],"companys":[]},{"movieCd":"20212180","movieNm":"아파트","movieNmEn":"The Apartment","prdtYear":"2021","openDt":"","typeNm":"단편","prdtStatNm":"기타","nationAlt":"한국","genreAlt":"기타","repNationNm":"한국","repGenreNm":"기타","directors":[{"peopleNm":"효민"}],"companys":[]},{"movieCd":"20211511","movieNm":"배신불륜녀가 엄마라니 - 사쿠라","movieNmEn":"","prdtYear":"2020","openDt":"","typeNm":"장편","prdtStatNm":"기타","nationAlt":"일본","genreAlt":"성인물(에로)","repNationNm":"일본","repGenreNm":"성인물(에로)","directors":[{"peopleNm":"코지마 유키오"}],"companys":[]}]}