{"totCnt":"95385","source":"영화진흥위원회","movieList":[{"movieCd":"20223527","movieNm":"수퍼모델","movieNmEn":"","prdtYear":"2021","openDt":"","typeNm":"장편","prdtStatNm":"기타","nationAlt":"한국","genreAlt":"공포(호러),스릴러","repNationNm":"한국","repGenreNm":"공포(호러)","directors":[{"peopleNm":"유영선"}],"companys":[]},{"movieCd":"20223524","movieNm":"난 아무것도 몰라","movieNmEn":"","prdtYear":"2019","openDt":"","typeNm":"단편","prdtStatNm":"기타","nationAlt":"한국","genreAlt":"미스터리,스릴러","repNationNm":"한국","repGenreNm":"미스터리","directors":[{"peopleNm":"이공희"}],"companys":[]},{"movieCd":"20223518","movieNm":"D-80년","movieNmEn":"Homo Hundred","prdtYear":"2018","openDt":"","typeNm":"단편","prdtStatNm":"기타","nationAlt":"한국","genreAlt":"드라마","repNationNm":"한국","repGenreNm":"드라마","directors":[],"companys":[]},{"movieCd":"20223523","movieNm":"아이고 하나님 감사합니다 ","movieNmEn":"","prdtYear":"2021","openDt":"","typeNm":"단편","prdtStatNm":"기타","nationAlt":"한국","genreAlt":"드라마","repNationNm":"한국","repGenreNm":"드라마","directors":[],"companys":[]},{"movieCd":"20223522","movieNm":"따라지","movieNmEn":"trash","prdtYear":"2020","openDt":"","typeNm":"단편","prdtStatNm":"기타","nationAlt":"한국","genreAlt":"드라마","repNationNm":"한국","repGenreNm":"드라마","directors":[],"companys":[]},{"movieCd":"20223516","movieNm":"치통","movieNmEn":"Toothache","prdtYear":"2019","openDt":"","typeNm":"단편","prdtStatNm":"기타","nationAlt":"한국","genreAlt":"판타지,공포(호러)","repNationNm":"한국","repGenreNm":"판타지","directors":[],"companys":[]},{"movieCd":"20223515","movieNm":"용의자","movieNmEn":"","prdtYear":"2021","openDt":"","typeNm":"단편","prdtStatNm":"기타","nationAlt":"한국","genreAlt":"스릴러","repNationNm":"한국","repGenreNm":"스릴러","directors":[{"peopleNm":"송주원"}],"companys":[]},{"movieCd":"20223514","movieNm":"문틈","movieNmEn":"","prdtYear":"2021","openDt":"","typeNm":"단편","prdtStatNm":"기타","nationAlt":"한국","genreAlt":"스릴러","repNationNm":"한국","repGenreNm":"스릴러","directors":[{"peopleNm":"송주원"}],"companys":[]},{"movieCd":"20211346","movieNm":"백조의 호수","movieNmEn":"Swan Lake","prdtYear":"2022","openDt":"","typeNm":"장편","prdtStatNm":"기타","nationAlt":"러시아","genreAlt":"공연","repNationNm":"러시아","repGenreNm":"공연","directors":[],"companys":[]},{"movieCd":"20212947","movieNm":"코치 방망이에 아내 맡긴 감독 무삭제판","movieNmEn":"","prdtYear":"2020","openDt":"","typeNm":"장편","prdtStatNm":"기타","nationAlt":"일본","genreAlt":"성인물(에로),드라마","repNationNm":"일본","repGenreNm":"성인물(에로)","directors":[{"peopleNm":"카와이 조지"}],"companys":[]}]}