{"totCnt":"95385","source":"영화진흥위원회","movieList":[{"movieCd":"20219791","movieNm":"우연한 기회","movieNmEn":"Blind Chance","prdtYear":"1981","openDt":"","typeNm":"장편","prdtStatNm":"기타","nationAlt":"폴란드","genreAlt":"기타","repNationNm":"폴란드","repGenreNm":"기타","directors":[{"peopleNm":"크지슈토프 키에슬로프스키"}],"companys":[]},{"movieCd":"20219808","movieNm":"아마추어","movieNmEn":"Camera Buffo","prdtYear":"1979","openDt":"","typeNm":"장편","prdtStatNm":"기타","nationAlt":"폴란드","genreAlt":"기타","repNationNm":"폴란드","repGenreNm":"기타","directors":[{"peopleNm":"크지슈토프 키에슬로프스키"}],"companys":[]},{"movieCd":"20209424","movieNm":"평화와 평온","movieNmEn":"Peace and Quiet","prdtYear":"1980","openDt":"","typeNm":"장편","prdtStatNm":"기타","nationAlt":"폴란드","genreAlt":"드라마","repNationNm":"폴란드","repGenreNm":"드라마","directors":[{"peopleNm":"크지슈토프 키에슬로프스키"}],"companys":[]},{"movieCd":"20219807","movieNm":"흉터","movieNmEn":"The Scar","prdtYear":"1976","openDt":"","typeNm":"장편","prdtStatNm":"기타","nationAlt":"폴란드","genreAlt":"기타","repNationNm":"폴란드","repGenreNm":"기타","directors":[{"peopleNm":"크지슈토프 키에슬로프스키"}],"companys":[]},{"movieCd":"20219790","movieNm":"기차역","movieNmEn":"Railway Station","prdtYear":"1980","openDt":"","typeNm":"단편","prdtStatNm":"기타","nationAlt":"폴란드","genreAlt":"기타","repNationNm":"폴란드","repGenreNm":"기타","directors":[{"peopleNm":"크지슈토프 키에슬로프스키"}],"companys":[]},{"movieCd":"20219806","movieNm":"토킹 헤드","movieNmEn":"Talking Heads","prdtYear":"1980","openDt":"","typeNm":"단편","prdtStatNm":"기타","nationAlt":"폴란드","genreAlt":"기타","repNationNm":"폴란드","repGenreNm":"기타","directors":[{"peopleNm":"크지슈토프 키에슬로프스키"}],"companys":[]},{"movieCd":"20219789","movieNm":"병원","movieNmEn":"Hospital","prdtYear":"1977","openDt":"","typeNm":"단편","prdtStatNm":"기타","nationAlt":"폴란드","genreAlt":"기타","repNationNm":"폴란드","repGenreNm":"기타","directors":[{"peopleNm":"크지슈토프 키에슬로프스키"}],"companys":[]},{"movieCd":"20219805","movieNm":"이력서","movieNmEn":"Curriculum Vitae","prdtYear":"1975","openDt":"","typeNm":"장편","prdtStatNm":"기타","nationAlt":"폴란드","genreAlt":"다큐멘터리","repNationNm":"폴란드","repGenreNm":"다큐멘터리","directors":[{"peopleNm":"크지슈토프 키에슬로프스키"}],"companys":[]},{"movieCd":"20219788","movieNm":"엑스레이","movieNmEn":"X-Ray","prdtYear":"1974","openDt":"","typeNm":"단편","prdtStatNm":"기타","nationAlt":"폴란드","genreAlt":"다큐멘터리","repNationNm":"폴란드","repGenreNm":"다큐멘터리","directors":[{"peopleNm":"크지슈토프 키에슬로프스키"}],"companys":[]},{"movieCd":"20218792","movieNm":"요정신부","movieNmEn":"","prdtYear":"2021","openDt":"20210809","typeNm":"장편","prdtStatNm":"개봉","nationAlt":"한국","genreAlt":"멜로/로맨스,드라마","repNationNm":"한국","repGenreNm":"멜로/로맨스","directors":[{"peopleNm":"윤준세"}],"companys":[{"companyCd":"20114899","companyNm":"(주)영진크리에이티브"}]}]}