{"totCnt":"95385","source":"영화진흥위원회","movieList":[{"movieCd":"20224578","movieNm":"아파치 정션 : 무법자의 지대","movieNmEn":"Apache Junction","prdtYear":"2021","openDt":"20220427","typeNm":"장편","prdtStatNm":"개봉","nationAlt":"미국","genreAlt":"서부극(웨스턴),액션","repNationNm":"미국","repGenreNm":"서부극(웨스턴)","directors":[{"peopleNm":"저스틴 리"}],"companys":[]},{"movieCd":"20212668","movieNm":"도그데이즈(가제)","movieNmEn":"","prdtYear":"2021","openDt":"","typeNm":"장편","prdtStatNm":"후반작업","nationAlt":"한국","genreAlt":"드라마","repNationNm":"한국","repGenreNm":"드라마","directors":[{"peopleNm":"김덕민"}],"companys":[{"companyCd":"20110854","companyNm":"(주)씨제이이엔엠"},{"companyCd":"20100278","companyNm":"(주)제이케이필름"},{"companyCd":"20110931","companyNm":"자이온 이엔티(주)"}]},{"movieCd":"20209273","movieNm":"재춘언니","movieNmEn":"Sister J","prdtYear":"2020","openDt":"20220331","typeNm":"장편","prdtStatNm":"개봉","nationAlt":"한국","genreAlt":"다큐멘터리","repNationNm":"한국","repGenreNm":"다큐멘터리","directors":[{"peopleNm":"이수정"}],"companys":[{"companyCd":"20124838","companyNm":"생의 한가운데"}]},{"movieCd":"20199500","movieNm":"뜨거운 피","movieNmEn":"Hot Blooded","prdtYear":"2020","openDt":"20220323","typeNm":"장편","prdtStatNm":"개봉","nationAlt":"한국","genreAlt":"범죄,드라마","repNationNm":"한국","repGenreNm":"범죄","directors":[{"peopleNm":"천명관"}],"companys":[{"companyCd":"20199861","companyNm":"주식회사 고래픽처스"}]},{"movieCd":"20224508","movieNm":"뮤지컬 킹키부츠 라이브","movieNmEn":"Kinky Boots: The Musical","prdtYear":"2019","openDt":"20220428","typeNm":"장편","prdtStatNm":"개봉","nationAlt":"영국","genreAlt":"공연,뮤지컬","repNationNm":"영국","repGenreNm":"공연","directors":[{"peopleNm":"브렛 설리반"}],"companys":[]},{"movieCd":"20224676","movieNm":"메두사","movieNmEn":"Medusa","prdtYear":"2020","openDt":"","typeNm":"장편","prdtStatNm":"기타","nationAlt":"영국","genreAlt":"드라마,공포(호러)","repNationNm":"영국","repGenreNm":"드라마","directors":[],"companys":[]},{"movieCd":"20224793","movieNm":"미캉짱의 마시멜로 풍만가슴","movieNmEn":"","prdtYear":"2020","openDt":"","typeNm":"장편","prdtStatNm":"기타","nationAlt":"일본","genreAlt":"성인물(에로)","repNationNm":"일본","repGenreNm":"성인물(에로)","directors":[{"peopleNm":"시로가와 노부"}],"companys":[]},{"movieCd":"20224783","movieNm":"섹스악녀-부장아내","movieNmEn":"","prdtYear":"2020","openDt":"","typeNm":"장편","prdtStatNm":"기타","nationAlt":"일본","genreAlt":"성인물(에로)","repNationNm":"일본","repGenreNm":"성인물(에로)","directors":[{"peopleNm":"니시다 류지"}],"companys":[]},{"movieCd":"20224781","movieNm":"예쁜 구멍을 가진 처형","movieNmEn":"","prdtYear":"2020","openDt":"","typeNm":"장편","prdtStatNm":"기타","nationAlt":"일본","genreAlt":"성인물(에로)","repNationNm":"일본","repGenreNm":"성인물(에로)","directors":[{"peopleNm":"니시다 류지"}],"companys":[]},{"movieCd":"20224792","movieNm":"남자중독- 친구엄마 나오짱","movieNmEn":"","prdtYear":"2020","openDt":"","typeNm":"장편","prdtStatNm":"기타","nationAlt":"일본","genreAlt":"성인물(에로)","repNationNm":"일본","repGenreNm":"성인물(에로)","directors":[{"peopleNm":"시로가와 노부"}],"companys":[]}]}