{"totCnt":"95385","source":"영화진흥위원회","movieList":[{"movieCd":"20212934","movieNm":"남편 몰래 세입자 가지 먹기","movieNmEn":"","prdtYear":"2021","openDt":"20220113","typeNm":"장편","prdtStatNm":"개봉","nationAlt":"한국","genreAlt":"성인물(에로)","repNationNm":"한국","repGenreNm":"성인물(에로)","directors":[{"peopleNm":"스티치"}],"companys":[{"companyCd":"20141911","companyNm":"(주)뮤직엔닷컴"}]},{"movieCd":"20212838","movieNm":"가정부의 걸레질","movieNmEn":"","prdtYear":"2021","openDt":"20220113","typeNm":"장편","prdtStatNm":"개봉","nationAlt":"한국","genreAlt":"성인물(에로)","repNationNm":"한국","repGenreNm":"성인물(에로)","directors":[{"peopleNm":"강현성"}],"companys":[{"companyCd":"20217881","companyNm":"(주)샤이커뮤니케이션즈"}]},{"movieCd":"20223453","movieNm":"있는 힘껏!","movieNmEn":"A Hundred Percent!","prdtYear":"2022","openDt":"","typeNm":"단편","prdtStatNm":"기타","nationAlt":"한국","genreAlt":"드라마","repNationNm":"한국","repGenreNm":"드라마","directors":[{"peopleNm":"문영민"}],"companys":[]},{"movieCd":"20219357","movieNm":"1021","movieNmEn":"1021","prdtYear":"2021","openDt":"","typeNm":"단편","prdtStatNm":"기타","nationAlt":"한국","genreAlt":"기타","repNationNm":"한국","repGenreNm":"기타","directors":[{"peopleNm":"노영미"}],"companys":[]},{"movieCd":"20223451","movieNm":"물 좀 주세요","movieNmEn":"","prdtYear":"2010","openDt":"","typeNm":"단편","prdtStatNm":"기타","nationAlt":"한국","genreAlt":"드라마","repNationNm":"한국","repGenreNm":"드라마","directors":[],"companys":[]},{"movieCd":"20223450","movieNm":"당신은 거미를 본 적이 있나요","movieNmEn":"Have You Seen the Spiders","prdtYear":"2021","openDt":"","typeNm":"장편","prdtStatNm":"기타","nationAlt":"한국","genreAlt":"다큐멘터리","repNationNm":"한국","repGenreNm":"다큐멘터리","directors":[{"peopleNm":"김상패"}],"companys":[]},{"movieCd":"20223437","movieNm":"맨땅에 영화제","movieNmEn":"","prdtYear":"2020","openDt":"","typeNm":"장편","prdtStatNm":"기타","nationAlt":"한국","genreAlt":"다큐멘터리","repNationNm":"한국","repGenreNm":"다큐멘터리","directors":[{"peopleNm":"수림"}],"companys":[]},{"movieCd":"20223449","movieNm":"가면의 밤","movieNmEn":"Night of the Masked","prdtYear":"2021","openDt":"","typeNm":"단편","prdtStatNm":"기타","nationAlt":"한국","genreAlt":"드라마","repNationNm":"한국","repGenreNm":"드라마","directors":[],"companys":[]},{"movieCd":"20223436","movieNm":"그림자놀이","movieNmEn":"Sleepless","prdtYear":"2020","openDt":"","typeNm":"단편","prdtStatNm":"기타","nationAlt":"한국","genreAlt":"드라마","repNationNm":"한국","repGenreNm":"드라마","directors":[],"companys":[]},{"movieCd":"20223447","movieNm":"CCTV","movieNmEn":"CCTV","prdtYear":"2020","openDt":"","typeNm":"단편","prdtStatNm":"기타","nationAlt":"한국","genreAlt":"공포(호러)","repNationNm":"한국","repGenreNm":"공포(호러)","directors":[],"companys":[]}]}