{"totCnt":"95385","source":"영화진흥위원회","movieList":[{"movieCd":"20210444","movieNm":"2021 춘천SF영화제 [경쟁: 국제독립SF] 단편 2","movieNmEn":"CCFF2021 [Competition: IISF] Short 2","prdtYear":"2021","openDt":"","typeNm":"옴니버스","prdtStatNm":"기타","nationAlt":"기타","genreAlt":"기타","repNationNm":"기타","repGenreNm":"기타","directors":[],"companys":[]},{"movieCd":"20210443","movieNm":"2021 춘천SF영화제 [경쟁: 국제독립SF] 단편 1","movieNmEn":"CCFF2021 [Competition: IISF] Short 1","prdtYear":"2021","openDt":"","typeNm":"옴니버스","prdtStatNm":"기타","nationAlt":"기타","genreAlt":"기타","repNationNm":"기타","repGenreNm":"기타","directors":[],"companys":[]},{"movieCd":"20210442","movieNm":"2021 춘천SF영화제 [Rebooting 춘천독립] 일시정지 시네마","movieNmEn":"CCFF2021 [Rebooting Chuncheon Inde] Pause, CInema","prdtYear":"2021","openDt":"","typeNm":"옴니버스","prdtStatNm":"기타","nationAlt":"한국","genreAlt":"기타","repNationNm":"한국","repGenreNm":"기타","directors":[{"peopleNm":"고승현"}],"companys":[]},{"movieCd":"20210407","movieNm":"2021 춘천SF영화제 [Rebooting 춘천독립] DOF 2","movieNmEn":"CCFF2021 [Rebooting Chuncheon Inde] DOF 2","prdtYear":"2021","openDt":"","typeNm":"옴니버스","prdtStatNm":"기타","nationAlt":"한국","genreAlt":"드라마","repNationNm":"한국","repGenreNm":"드라마","directors":[],"companys":[]},{"movieCd":"20203674","movieNm":"동창","movieNmEn":"","prdtYear":"2020","openDt":"","typeNm":"단편","prdtStatNm":"기타","nationAlt":"한국","genreAlt":"드라마","repNationNm":"한국","repGenreNm":"드라마","directors":[{"peopleNm":"전권하"}],"companys":[]},{"movieCd":"20210405","movieNm":"최후의 언어","movieNmEn":"Last Words","prdtYear":"2020","openDt":"","typeNm":"장편","prdtStatNm":"기타","nationAlt":"프랑스","genreAlt":"SF","repNationNm":"프랑스","repGenreNm":"SF","directors":[{"peopleNm":"조나단 노시터"}],"companys":[]},{"movieCd":"20210423","movieNm":"넬리 랍: 몬스터 에이전트","movieNmEn":"Nelly Rapp: Monster Agent","prdtYear":"2021","openDt":"","typeNm":"장편","prdtStatNm":"기타","nationAlt":"스웨덴","genreAlt":"SF","repNationNm":"스웨덴","repGenreNm":"SF","directors":[],"companys":[]},{"movieCd":"20210422","movieNm":"거울인간: 초인","movieNmEn":"Mirror Human: Transcendent","prdtYear":"2018","openDt":"","typeNm":"장편","prdtStatNm":"기타","nationAlt":"중국","genreAlt":"SF","repNationNm":"중국","repGenreNm":"SF","directors":[],"companys":[]},{"movieCd":"20219548","movieNm":"죽을 때까지","movieNmEn":"Till Death","prdtYear":"2021","openDt":"20210909","typeNm":"장편","prdtStatNm":"개봉","nationAlt":"미국","genreAlt":"스릴러","repNationNm":"미국","repGenreNm":"스릴러","directors":[],"companys":[]},{"movieCd":"20210250","movieNm":"잔나비 판타스틱 올드패션드 리턴즈! x 넌센스 Ⅱ","movieNmEn":"JANNABI Fantastic Old-fashioned Returns! X Nonsense Ⅱ","prdtYear":"2021","openDt":"20210909","typeNm":"장편","prdtStatNm":"개봉","nationAlt":"한국","genreAlt":"공연","repNationNm":"한국","repGenreNm":"공연","directors":[],"companys":[{"companyCd":"20063188","companyNm":"씨제이 씨지브이(CJ CGV)(주)"}]}]}