{"totCnt":"95385","source":"영화진흥위원회","movieList":[{"movieCd":"20223311","movieNm":"커플","movieNmEn":"COUPLE","prdtYear":"2021","openDt":"","typeNm":"단편","prdtStatNm":"기타","nationAlt":"한국","genreAlt":"드라마","repNationNm":"한국","repGenreNm":"드라마","directors":[{"peopleNm":"전주현"}],"companys":[]},{"movieCd":"20223333","movieNm":"역대급 치하루의 가슴을 보았는가","movieNmEn":"","prdtYear":"2020","openDt":"","typeNm":"장편","prdtStatNm":"기타","nationAlt":"일본","genreAlt":"성인물(에로)","repNationNm":"일본","repGenreNm":"성인물(에로)","directors":[{"peopleNm":"코지마 유키오"}],"companys":[]},{"movieCd":"20223310","movieNm":"수영","movieNmEn":"Lure","prdtYear":"2017","openDt":"","typeNm":"단편","prdtStatNm":"기타","nationAlt":"한국","genreAlt":"드라마,스릴러","repNationNm":"한국","repGenreNm":"드라마","directors":[{"peopleNm":"안서현"}],"companys":[]},{"movieCd":"20223309","movieNm":"이방인","movieNmEn":"The Stranger","prdtYear":"2018","openDt":"","typeNm":"단편","prdtStatNm":"기타","nationAlt":"한국","genreAlt":"스릴러","repNationNm":"한국","repGenreNm":"스릴러","directors":[{"peopleNm":"안서현"}],"companys":[]},{"movieCd":"20223331","movieNm":"어제와 다른 오늘의 기적","movieNmEn":"Today's Miracle is Different from Yesterday's","prdtYear":"2020","openDt":"","typeNm":"단편","prdtStatNm":"기타","nationAlt":"한국","genreAlt":"드라마,가족","repNationNm":"한국","repGenreNm":"드라마","directors":[{"peopleNm":"백진원"}],"companys":[]},{"movieCd":"20223330","movieNm":"부재중 메시지","movieNmEn":"Absent messages","prdtYear":"2016","openDt":"","typeNm":"단편","prdtStatNm":"기타","nationAlt":"한국","genreAlt":"드라마,가족,다큐멘터리","repNationNm":"한국","repGenreNm":"드라마","directors":[{"peopleNm":"백진원"}],"companys":[]},{"movieCd":"20209182","movieNm":"라임크라임","movieNmEn":"LIMECRIME","prdtYear":"2020","openDt":"20211125","typeNm":"장편","prdtStatNm":"개봉","nationAlt":"한국","genreAlt":"드라마","repNationNm":"한국","repGenreNm":"드라마","directors":[{"peopleNm":"이승환"},{"peopleNm":"유재욱"}],"companys":[{"companyCd":"20217023","companyNm":"기린놀이터"},{"companyCd":"20123217","companyNm":"(주)시네마달"}]},{"movieCd":"20223328","movieNm":"오늘보다 내일 더","movieNmEn":"Tomorrow, More than Today","prdtYear":"2017","openDt":"","typeNm":"단편","prdtStatNm":"기타","nationAlt":"한국","genreAlt":"드라마","repNationNm":"한국","repGenreNm":"드라마","directors":[{"peopleNm":"백진원"}],"companys":[]},{"movieCd":"20223301","movieNm":"반가운 거리","movieNmEn":"Hello, My Street","prdtYear":"2021","openDt":"","typeNm":"단편","prdtStatNm":"기타","nationAlt":"한국","genreAlt":"기타","repNationNm":"한국","repGenreNm":"기타","directors":[{"peopleNm":"김민성"}],"companys":[]},{"movieCd":"20210205","movieNm":"보안노출 무삭제","movieNmEn":"","prdtYear":"2021","openDt":"","typeNm":"장편","prdtStatNm":"기타","nationAlt":"한국","genreAlt":"성인물(에로),범죄","repNationNm":"한국","repGenreNm":"성인물(에로)","directors":[{"peopleNm":"리차드 킴"}],"companys":[{"companyCd":"20122937","companyNm":"(주)룬컴퍼니"}]}]}