{"totCnt":"95385","source":"영화진흥위원회","movieList":[{"movieCd":"20192354","movieNm":"특송","movieNmEn":"Special Delivery","prdtYear":"2020","openDt":"20220112","typeNm":"장편","prdtStatNm":"개봉","nationAlt":"한국","genreAlt":"범죄,액션","repNationNm":"한국","repGenreNm":"범죄","directors":[{"peopleNm":"박대민"}],"companys":[{"companyCd":"20111289","companyNm":"(주)엠픽처스"}]},{"movieCd":"20212242","movieNm":"1945","movieNmEn":"Shyraqshy","prdtYear":"2018","openDt":"","typeNm":"장편","prdtStatNm":"기타","nationAlt":"카자흐스탄","genreAlt":"기타","repNationNm":"카자흐스탄","repGenreNm":"기타","directors":[],"companys":[]},{"movieCd":"20212575","movieNm":"짚신","movieNmEn":"Straw Shoes","prdtYear":"1977","openDt":"","typeNm":"단편","prdtStatNm":"기타","nationAlt":"한국","genreAlt":"다큐멘터리","repNationNm":"한국","repGenreNm":"다큐멘터리","directors":[{"peopleNm":"김홍준"},{"peopleNm":"황주호"}],"companys":[]},{"movieCd":"20212587","movieNm":"뫼비우스의 딸","movieNmEn":"Daughter of Mobius","prdtYear":"1981","openDt":"","typeNm":"단편","prdtStatNm":"기타","nationAlt":"한국","genreAlt":"다큐멘터리","repNationNm":"한국","repGenreNm":"다큐멘터리","directors":[{"peopleNm":"김의석"}],"companys":[]},{"movieCd":"20223889","movieNm":"학경","movieNmEn":"Hak Kyung","prdtYear":"2021","openDt":"","typeNm":"단편","prdtStatNm":"기타","nationAlt":"한국","genreAlt":"다큐멘터리","repNationNm":"한국","repGenreNm":"다큐멘터리","directors":[],"companys":[]},{"movieCd":"20223899","movieNm":"좀비도 코로나가 무서워","movieNmEn":"Zombie Afraid Corona Also","prdtYear":"2021","openDt":"","typeNm":"단편","prdtStatNm":"기타","nationAlt":"한국","genreAlt":"기타","repNationNm":"한국","repGenreNm":"기타","directors":[],"companys":[]},{"movieCd":"20223888","movieNm":"여름날","movieNmEn":"Summer Day","prdtYear":"2021","openDt":"","typeNm":"단편","prdtStatNm":"기타","nationAlt":"한국","genreAlt":"기타","repNationNm":"한국","repGenreNm":"기타","directors":[],"companys":[]},{"movieCd":"20223887","movieNm":"다시 한번","movieNmEn":"Once Again","prdtYear":"2021","openDt":"","typeNm":"단편","prdtStatNm":"기타","nationAlt":"한국","genreAlt":"기타","repNationNm":"한국","repGenreNm":"기타","directors":[],"companys":[]},{"movieCd":"20223898","movieNm":"민낯","movieNmEn":"No Make-up","prdtYear":"2021","openDt":"","typeNm":"단편","prdtStatNm":"기타","nationAlt":"한국","genreAlt":"기타","repNationNm":"한국","repGenreNm":"기타","directors":[],"companys":[]},{"movieCd":"20223886","movieNm":"청춘복원","movieNmEn":"Moment Restore","prdtYear":"2021","openDt":"","typeNm":"단편","prdtStatNm":"기타","nationAlt":"한국","genreAlt":"기타","repNationNm":"한국","repGenreNm":"기타","directors":[],"companys":[]}]}