{"totCnt":"95385","source":"영화진흥위원회","movieList":[{"movieCd":"20224114","movieNm":"북두칠성","movieNmEn":"DoloonBurhan","prdtYear":"2012","openDt":"","typeNm":"장편","prdtStatNm":"기타","nationAlt":"몽고","genreAlt":"전쟁,액션","repNationNm":"몽고","repGenreNm":"전쟁","directors":[],"companys":[]},{"movieCd":"20224131","movieNm":"새엄마 미즈노짱과 거품목욕","movieNmEn":"","prdtYear":"2020","openDt":"","typeNm":"장편","prdtStatNm":"기타","nationAlt":"일본","genreAlt":"성인물(에로)","repNationNm":"일본","repGenreNm":"성인물(에로)","directors":[{"peopleNm":"니시다 류지"}],"companys":[]},{"movieCd":"20224130","movieNm":"청바지 안이 젖은 새엄마 - 아유미","movieNmEn":"","prdtYear":"2020","openDt":"","typeNm":"장편","prdtStatNm":"기타","nationAlt":"일본","genreAlt":"성인물(에로)","repNationNm":"일본","repGenreNm":"성인물(에로)","directors":[{"peopleNm":"코지마 유키오"}],"companys":[]},{"movieCd":"20224112","movieNm":"돈많이 버는 알바 - 새엄마 유우짱","movieNmEn":"","prdtYear":"2020","openDt":"","typeNm":"장편","prdtStatNm":"기타","nationAlt":"일본","genreAlt":"성인물(에로)","repNationNm":"일본","repGenreNm":"성인물(에로)","directors":[{"peopleNm":"코지마 유키오"}],"companys":[]},{"movieCd":"20224111","movieNm":"유우짱의 얇은 티팬티","movieNmEn":"","prdtYear":"2020","openDt":"","typeNm":"장편","prdtStatNm":"기타","nationAlt":"일본","genreAlt":"성인물(에로)","repNationNm":"일본","repGenreNm":"성인물(에로)","directors":[{"peopleNm":"와타나베 준이치"}],"companys":[]},{"movieCd":"20223855","movieNm":"인비저블 킬러","movieNmEn":"Stalked","prdtYear":"2019","openDt":"20220303","typeNm":"장편","prdtStatNm":"개봉","nationAlt":"영국","genreAlt":"액션,스릴러,미스터리","repNationNm":"영국","repGenreNm":"액션","directors":[{"peopleNm":"저스틴 에드가"}],"companys":[]},{"movieCd":"20223952","movieNm":"데스 밸리","movieNmEn":"Death Valley","prdtYear":"2021","openDt":"20220303","typeNm":"장편","prdtStatNm":"개봉","nationAlt":"캐나다","genreAlt":"액션,공포(호러)","repNationNm":"캐나다","repGenreNm":"액션","directors":[{"peopleNm":"매튜 니나버"}],"companys":[]},{"movieCd":"20223990","movieNm":"유산으로 남겨준 새엄마","movieNmEn":"","prdtYear":"2021","openDt":"20220302","typeNm":"장편","prdtStatNm":"개봉","nationAlt":"한국","genreAlt":"성인물(에로)","repNationNm":"한국","repGenreNm":"성인물(에로)","directors":[{"peopleNm":"홍기환"}],"companys":[{"companyCd":"20176162","companyNm":"(주)코빈커뮤니케이션즈"}]},{"movieCd":"20190810","movieNm":"시름","movieNmEn":"AGONY","prdtYear":"2019","openDt":"","typeNm":"장편","prdtStatNm":"기타","nationAlt":"한국","genreAlt":"드라마,기타","repNationNm":"한국","repGenreNm":"드라마","directors":[{"peopleNm":"한소현"}],"companys":[{"companyCd":"20217241","companyNm":"케나쿨룸"}]},{"movieCd":"20217883","movieNm":"우리 아버지","movieNmEn":"My Father","prdtYear":"2020","openDt":"","typeNm":"단편","prdtStatNm":"기타","nationAlt":"한국","genreAlt":"드라마","repNationNm":"한국","repGenreNm":"드라마","directors":[{"peopleNm":"이동진"}],"companys":[]}]}