{"totCnt":"95385","source":"영화진흥위원회","movieList":[{"movieCd":"20211317","movieNm":"살수","movieNmEn":"THE ASSASSIN","prdtYear":"2022","openDt":"20230222","typeNm":"장편","prdtStatNm":"개봉","nationAlt":"한국","genreAlt":"액션,사극","repNationNm":"한국","repGenreNm":"액션","directors":[{"peopleNm":"곽정덕"}],"companys":[{"companyCd":"20189421","companyNm":"(주)디에이치미디어"},{"companyCd":"20142369","companyNm":"(유)조이앤시네마"}]},{"movieCd":"20193873","movieNm":"우리의 낮과 밤","movieNmEn":"Us, Day and Night","prdtYear":"2020","openDt":"","typeNm":"단편","prdtStatNm":"기타","nationAlt":"한국","genreAlt":"드라마","repNationNm":"한국","repGenreNm":"드라마","directors":[{"peopleNm":"김소형"}],"companys":[]},{"movieCd":"20230938","movieNm":"자크 타티 회고전 - 자크 타티 단편선","movieNmEn":"","prdtYear":"2023","openDt":"","typeNm":"옴니버스","prdtStatNm":"기타","nationAlt":"프랑스","genreAlt":"기타","repNationNm":"프랑스","repGenreNm":"기타","directors":[],"companys":[]},{"movieCd":"20159208","movieNm":"자크 타티 회고전 - 채플린 단편선2","movieNmEn":"","prdtYear":"2015","openDt":"","typeNm":"옴니버스","prdtStatNm":"기타","nationAlt":"미국","genreAlt":"기타","repNationNm":"미국","repGenreNm":"기타","directors":[{"peopleNm":"찰리 채플린"}],"companys":[]},{"movieCd":"20159207","movieNm":"자크 타티 회고전 - 채플린 단편선 1","movieNmEn":"","prdtYear":"2015","openDt":"","typeNm":"옴니버스","prdtStatNm":"기타","nationAlt":"미국","genreAlt":"기타","repNationNm":"미국","repGenreNm":"기타","directors":[{"peopleNm":"찰리 채플린"}],"companys":[]},{"movieCd":"20159189","movieNm":"양지 바른 쪽","movieNmEn":"Sunnyside","prdtYear":"1919","openDt":"","typeNm":"단편","prdtStatNm":"기타","nationAlt":"미국","genreAlt":"드라마","repNationNm":"미국","repGenreNm":"드라마","directors":[{"peopleNm":"찰리 채플린"}],"companys":[]},{"movieCd":"20159188","movieNm":"봉급날","movieNmEn":"Pay Day","prdtYear":"1922","openDt":"","typeNm":"단편","prdtStatNm":"기타","nationAlt":"미국","genreAlt":"드라마","repNationNm":"미국","repGenreNm":"드라마","directors":[{"peopleNm":"찰리 채플린"}],"companys":[]},{"movieCd":"20159187","movieNm":"유한계급","movieNmEn":"The Idle Class","prdtYear":"1921","openDt":"","typeNm":"단편","prdtStatNm":"기타","nationAlt":"미국","genreAlt":"드라마","repNationNm":"미국","repGenreNm":"드라마","directors":[{"peopleNm":"찰리 채플린"}],"companys":[]},{"movieCd":"19238001","movieNm":"순례자","movieNmEn":"The Pilgrim","prdtYear":"1923","openDt":"","typeNm":"장편","prdtStatNm":"기타","nationAlt":"미국","genreAlt":"드라마","repNationNm":"미국","repGenreNm":"드라마","directors":[{"peopleNm":"찰리 채플린"}],"companys":[]},{"movieCd":"20159190","movieNm":"어깨총","movieNmEn":"Shoulder Arms","prdtYear":"1918","openDt":"","typeNm":"장편","prdtStatNm":"기타","nationAlt":"미국","genreAlt":"기타","repNationNm":"미국","repGenreNm":"기타","directors":[{"peopleNm":"찰리 채플린"}],"companys":[]}]}