{"totCnt":"95385","source":"영화진흥위원회","movieList":[{"movieCd":"20219897","movieNm":"여배우의 S스캔들 무삭제","movieNmEn":"","prdtYear":"2021","openDt":"","typeNm":"장편","prdtStatNm":"기타","nationAlt":"한국","genreAlt":"성인물(에로),범죄","repNationNm":"한국","repGenreNm":"성인물(에로)","directors":[{"peopleNm":"리차드 킴"}],"companys":[{"companyCd":"20122937","companyNm":"(주)룬컴퍼니"}]},{"movieCd":"20211923","movieNm":"아내의 예쁜동생","movieNmEn":"","prdtYear":"2021","openDt":"20211210","typeNm":"장편","prdtStatNm":"개봉","nationAlt":"한국","genreAlt":"성인물(에로),드라마","repNationNm":"한국","repGenreNm":"성인물(에로)","directors":[{"peopleNm":"리차드 킴"}],"companys":[{"companyCd":"20122937","companyNm":"(주)룬컴퍼니"}]},{"movieCd":"20211831","movieNm":"극장판 소드 아트 온라인 -프로그레시브- 별 없는 밤의 아리아","movieNmEn":"Sword Art Online the Movie -Progressive- Aria of a Starless Night","prdtYear":"2020","openDt":"20211209","typeNm":"장편","prdtStatNm":"개봉","nationAlt":"일본","genreAlt":"애니메이션,액션,판타지","repNationNm":"일본","repGenreNm":"애니메이션","directors":[{"peopleNm":"카와노 아야코"}],"companys":[]},{"movieCd":"20212667","movieNm":"화사한 그녀","movieNmEn":"","prdtYear":"2021","openDt":"","typeNm":"장편","prdtStatNm":"촬영진행","nationAlt":"한국","genreAlt":"기타","repNationNm":"한국","repGenreNm":"기타","directors":[],"companys":[{"companyCd":"20161041","companyNm":"(주)신영이엔씨"},{"companyCd":"20142369","companyNm":"(유)조이앤시네마"}]},{"movieCd":"20212875","movieNm":"가족","movieNmEn":"Family","prdtYear":"2021","openDt":"","typeNm":"단편","prdtStatNm":"기타","nationAlt":"한국","genreAlt":"드라마","repNationNm":"한국","repGenreNm":"드라마","directors":[{"peopleNm":"권정현"}],"companys":[]},{"movieCd":"20189566","movieNm":"설원의 종소리","movieNmEn":"","prdtYear":"2012","openDt":"","typeNm":"단편","prdtStatNm":"기타","nationAlt":"한국","genreAlt":"기타","repNationNm":"한국","repGenreNm":"기타","directors":[{"peopleNm":"손현우"}],"companys":[]},{"movieCd":"20189564","movieNm":"에스프레소 앤 크림케이크","movieNmEn":"Espresso & Cream Cake","prdtYear":"2014","openDt":"","typeNm":"단편","prdtStatNm":"기타","nationAlt":"한국","genreAlt":"드라마","repNationNm":"한국","repGenreNm":"드라마","directors":[{"peopleNm":"손현우"}],"companys":[]},{"movieCd":"20212876","movieNm":"See you again","movieNmEn":"See you again","prdtYear":"2020","openDt":"","typeNm":"단편","prdtStatNm":"기타","nationAlt":"","genreAlt":"","repNationNm":"","repGenreNm":"","directors":[{"peopleNm":"문한슬"},{"peopleNm":"박규리"}],"companys":[]},{"movieCd":"20210038","movieNm":"악인은 너무 많다 2 - 제주 실종사건의 전말","movieNmEn":"Too many villains 2 - missing in Jeju","prdtYear":"2021","openDt":"20211111","typeNm":"장편","prdtStatNm":"개봉","nationAlt":"한국","genreAlt":"스릴러","repNationNm":"한국","repGenreNm":"스릴러","directors":[{"peopleNm":"김회근"}],"companys":[{"companyCd":"20125615","companyNm":"(주)비싸이드 픽쳐스"},{"companyCd":"20061970","companyNm":"하이엔드 픽쳐스"}]},{"movieCd":"20206464","movieNm":"로또쉐어","movieNmEn":"LOTTO SHARE","prdtYear":"2019","openDt":"20211124","typeNm":"장편","prdtStatNm":"개봉","nationAlt":"한국","genreAlt":"스릴러,액션,범죄","repNationNm":"한국","repGenreNm":"스릴러","directors":[{"peopleNm":"소재익"}],"companys":[{"companyCd":"20205341","companyNm":"(주)지티지그룹"}]}]}