{"totCnt":"95385","source":"영화진흥위원회","movieList":[{"movieCd":"20211692","movieNm":"제23회 부산독립영화제 로컬투로컬9","movieNmEn":"LOCAL TO LOCAL 9","prdtYear":"2021","openDt":"","typeNm":"옴니버스","prdtStatNm":"기타","nationAlt":"한국","genreAlt":"기타","repNationNm":"한국","repGenreNm":"기타","directors":[],"companys":[]},{"movieCd":"20211710","movieNm":"제23회 부산독립영화제 로컬투로컬8","movieNmEn":"LOCAL TO LOCAL 8","prdtYear":"2021","openDt":"","typeNm":"옴니버스","prdtStatNm":"기타","nationAlt":"한국","genreAlt":"기타","repNationNm":"한국","repGenreNm":"기타","directors":[],"companys":[]},{"movieCd":"20211708","movieNm":"제23회 부산독립영화제 포럼4","movieNmEn":"FORUM 4","prdtYear":"2021","openDt":"","typeNm":"옴니버스","prdtStatNm":"기타","nationAlt":"한국","genreAlt":"다큐멘터리","repNationNm":"한국","repGenreNm":"다큐멘터리","directors":[],"companys":[]},{"movieCd":"20211707","movieNm":"제23회 부산독립영화제 포럼3","movieNmEn":"FORUM 3","prdtYear":"2021","openDt":"","typeNm":"옴니버스","prdtStatNm":"기타","nationAlt":"한국","genreAlt":"기타","repNationNm":"한국","repGenreNm":"기타","directors":[],"companys":[]},{"movieCd":"20211691","movieNm":"제23회 부산독립영화제 포럼2","movieNmEn":"FORUM 2","prdtYear":"2021","openDt":"","typeNm":"옴니버스","prdtStatNm":"기타","nationAlt":"한국","genreAlt":"기타","repNationNm":"한국","repGenreNm":"기타","directors":[],"companys":[]},{"movieCd":"20211690","movieNm":"제23회 부산독립영화제 포럼1","movieNmEn":"FORUM 1","prdtYear":"2021","openDt":"","typeNm":"옴니버스","prdtStatNm":"기타","nationAlt":"한국","genreAlt":"기타","repNationNm":"한국","repGenreNm":"기타","directors":[],"companys":[]},{"movieCd":"20211706","movieNm":"제23회 부산독립영화제 딥포커스1","movieNmEn":"DEEP FOCUS 1","prdtYear":"2021","openDt":"","typeNm":"옴니버스","prdtStatNm":"기타","nationAlt":"한국","genreAlt":"기타","repNationNm":"한국","repGenreNm":"기타","directors":[],"companys":[]},{"movieCd":"20211705","movieNm":"제23회 부산독립영화제 스펙트럼부산-리와인드","movieNmEn":"SPECTRUM BUSAN-REWIND","prdtYear":"2021","openDt":"","typeNm":"옴니버스","prdtStatNm":"기타","nationAlt":"한국","genreAlt":"기타","repNationNm":"한국","repGenreNm":"기타","directors":[],"companys":[]},{"movieCd":"20211704","movieNm":"제23회 부산독립영화제 메이드인부산 경쟁3","movieNmEn":"MADE IN BUSAN COMPETITION 3","prdtYear":"2021","openDt":"","typeNm":"옴니버스","prdtStatNm":"기타","nationAlt":"한국","genreAlt":"기타","repNationNm":"한국","repGenreNm":"기타","directors":[],"companys":[]},{"movieCd":"20211689","movieNm":"제23회 부산독립영화제 메이드인부산 경쟁2","movieNmEn":"MADE IN BUSAN COMPETITION 2","prdtYear":"2021","openDt":"","typeNm":"옴니버스","prdtStatNm":"기타","nationAlt":"한국","genreAlt":"기타","repNationNm":"한국","repGenreNm":"기타","directors":[],"companys":[]}]}