{"totCnt":"95385","source":"영화진흥위원회","movieList":[{"movieCd":"20210931","movieNm":"추격기","movieNmEn":"The Hunters","prdtYear":"1958","openDt":"","typeNm":"장편","prdtStatNm":"기타","nationAlt":"미국","genreAlt":"액션,드라마,멜로/로맨스","repNationNm":"미국","repGenreNm":"액션","directors":[{"peopleNm":"딕 파웰"}],"companys":[]},{"movieCd":"20210930","movieNm":"개목걸이 0","movieNmEn":"Like Dogs","prdtYear":"2021","openDt":"","typeNm":"장편","prdtStatNm":"기타","nationAlt":"미국","genreAlt":"공포(호러),액션","repNationNm":"미국","repGenreNm":"공포(호러)","directors":[{"peopleNm":"랜디 반 다이크"}],"companys":[]},{"movieCd":"20210599","movieNm":"핑크 클라우드","movieNmEn":"The Pink Cloud","prdtYear":"2021","openDt":"","typeNm":"장편","prdtStatNm":"기타","nationAlt":"기타","genreAlt":"SF,드라마","repNationNm":"기타","repGenreNm":"SF","directors":[],"companys":[]},{"movieCd":"20210896","movieNm":"예수의 이름으로","movieNmEn":"In the Name of Christ","prdtYear":"1993","openDt":"","typeNm":"장편","prdtStatNm":"기타","nationAlt":"기타","genreAlt":"코미디","repNationNm":"기타","repGenreNm":"코미디","directors":[{"peopleNm":"로저 그노안 엠발라"}],"companys":[]},{"movieCd":"20179341","movieNm":"향기로운 악몽 ","movieNmEn":"Perfumed Nightmare","prdtYear":"1977","openDt":"","typeNm":"장편","prdtStatNm":"기타","nationAlt":"필리핀","genreAlt":"드라마,코미디","repNationNm":"필리핀","repGenreNm":"드라마","directors":[{"peopleNm":"키들랏 타히믹"}],"companys":[]},{"movieCd":"20081425","movieNm":"인디아 송","movieNmEn":"India Song","prdtYear":"1975","openDt":"","typeNm":"장편","prdtStatNm":"기타","nationAlt":"프랑스","genreAlt":"드라마,판타지,멜로/로맨스","repNationNm":"프랑스","repGenreNm":"드라마","directors":[{"peopleNm":"마르그리트 뒤라스"}],"companys":[]},{"movieCd":"20210895","movieNm":"인베이전","movieNmEn":"Invasion","prdtYear":"1969","openDt":"","typeNm":"장편","prdtStatNm":"기타","nationAlt":"아르헨티나","genreAlt":"드라마","repNationNm":"아르헨티나","repGenreNm":"드라마","directors":[],"companys":[]},{"movieCd":"20210894","movieNm":"고뇌하는 땅","movieNmEn":"Entranced Earth","prdtYear":"1967","openDt":"","typeNm":"장편","prdtStatNm":"기타","nationAlt":"브라질","genreAlt":"드라마","repNationNm":"브라질","repGenreNm":"드라마","directors":[{"peopleNm":"글라우버 로샤"}],"companys":[]},{"movieCd":"20068994","movieNm":"젊은 여자","movieNmEn":"The Mistress","prdtYear":"2006","openDt":"","typeNm":"장편","prdtStatNm":"기타","nationAlt":"스위스,독일","genreAlt":"드라마","repNationNm":"스위스","repGenreNm":"드라마","directors":[{"peopleNm":"안드레아 슈타카"}],"companys":[]},{"movieCd":"20210927","movieNm":"산불","movieNmEn":"Alpine Fire","prdtYear":"1985","openDt":"","typeNm":"장편","prdtStatNm":"기타","nationAlt":"스위스","genreAlt":"드라마","repNationNm":"스위스","repGenreNm":"드라마","directors":[{"peopleNm":"프레디 M 뮤러"}],"companys":[]}]}