{"totCnt":"95385","source":"영화진흥위원회","movieList":[{"movieCd":"20217208","movieNm":"해로","movieNmEn":"The Way to the Sun","prdtYear":"2020","openDt":"","typeNm":"단편","prdtStatNm":"기타","nationAlt":"한국","genreAlt":"기타","repNationNm":"한국","repGenreNm":"기타","directors":[],"companys":[]},{"movieCd":"20212552","movieNm":"외발자전거","movieNmEn":"Unicycle","prdtYear":"2021","openDt":"","typeNm":"단편","prdtStatNm":"기타","nationAlt":"한국","genreAlt":"기타","repNationNm":"한국","repGenreNm":"기타","directors":[{"peopleNm":"이종헌"}],"companys":[]},{"movieCd":"20159363","movieNm":"사랑후애","movieNmEn":"After Love","prdtYear":"2015","openDt":"","typeNm":"장편","prdtStatNm":"기타","nationAlt":"한국,중국","genreAlt":"멜로/로맨스","repNationNm":"한국","repGenreNm":"멜로/로맨스","directors":[{"peopleNm":"어일선"}],"companys":[{"companyCd":"20142468","companyNm":"(주)리옌엔터테인먼트"}]},{"movieCd":"20223688","movieNm":"우리 하우스","movieNmEn":"Our House","prdtYear":"2021","openDt":"","typeNm":"단편","prdtStatNm":"기타","nationAlt":"한국","genreAlt":"드라마,코미디,가족","repNationNm":"한국","repGenreNm":"드라마","directors":[{"peopleNm":"윤지원"}],"companys":[]},{"movieCd":"20217183","movieNm":"사진 이어 붙이기","movieNmEn":"Stitching Photography","prdtYear":"2020","openDt":"","typeNm":"단편","prdtStatNm":"기타","nationAlt":"한국","genreAlt":"기타","repNationNm":"한국","repGenreNm":"기타","directors":[{"peopleNm":"강예솔"}],"companys":[]},{"movieCd":"20212556","movieNm":"완벽한 동그라미","movieNmEn":"The Perfect Circle","prdtYear":"2020","openDt":"","typeNm":"단편","prdtStatNm":"기타","nationAlt":"한국","genreAlt":"기타","repNationNm":"한국","repGenreNm":"기타","directors":[{"peopleNm":"최민경"}],"companys":[]},{"movieCd":"20212561","movieNm":"버드세이버 보고서 제 2장","movieNmEn":"Birdsaver Report Volume 2","prdtYear":"2021","openDt":"","typeNm":"단편","prdtStatNm":"기타","nationAlt":"한국","genreAlt":"기타","repNationNm":"한국","repGenreNm":"기타","directors":[{"peopleNm":"최희현"}],"companys":[]},{"movieCd":"20204536","movieNm":"노란 사과","movieNmEn":"Yellow Apple","prdtYear":"2019","openDt":"","typeNm":"단편","prdtStatNm":"기타","nationAlt":"한국","genreAlt":"드라마","repNationNm":"한국","repGenreNm":"드라마","directors":[{"peopleNm":"김태경"}],"companys":[]},{"movieCd":"20197534","movieNm":"오디션","movieNmEn":"Audition","prdtYear":"2018","openDt":"","typeNm":"단편","prdtStatNm":"기타","nationAlt":"한국","genreAlt":"드라마","repNationNm":"한국","repGenreNm":"드라마","directors":[{"peopleNm":"황지현"}],"companys":[]},{"movieCd":"20180746","movieNm":"31, 내리다","movieNmEn":"31, Naeree","prdtYear":"2018","openDt":"","typeNm":"단편","prdtStatNm":"기타","nationAlt":"한국","genreAlt":"기타","repNationNm":"한국","repGenreNm":"기타","directors":[{"peopleNm":"김내리"}],"companys":[]}]}