{"totCnt":"95385","source":"영화진흥위원회","movieList":[{"movieCd":"20223978","movieNm":"작은영화관 씨네브런치 단편영화 상영전","movieNmEn":"","prdtYear":"2022","openDt":"","typeNm":"옴니버스","prdtStatNm":"기타","nationAlt":"한국","genreAlt":"기타","repNationNm":"한국","repGenreNm":"기타","directors":[],"companys":[]},{"movieCd":"20223977","movieNm":"죽지 않은","movieNmEn":"","prdtYear":"2021","openDt":"","typeNm":"단편","prdtStatNm":"기타","nationAlt":"한국","genreAlt":"코미디","repNationNm":"한국","repGenreNm":"코미디","directors":[{"peopleNm":"남기쁨"}],"companys":[]},{"movieCd":"20223973","movieNm":"웰다잉","movieNmEn":"Well-dying","prdtYear":"2021","openDt":"","typeNm":"단편","prdtStatNm":"기타","nationAlt":"한국","genreAlt":"드라마","repNationNm":"한국","repGenreNm":"드라마","directors":[],"companys":[]},{"movieCd":"20223946","movieNm":"라스트 드라이버","movieNmEn":"Adverse","prdtYear":"2020","openDt":"","typeNm":"장편","prdtStatNm":"기타","nationAlt":"미국","genreAlt":"범죄,스릴러","repNationNm":"미국","repGenreNm":"범죄","directors":[{"peopleNm":"브라이언  A. 멧칼프"}],"companys":[]},{"movieCd":"20223972","movieNm":"올드 헨리","movieNmEn":"Old Henry","prdtYear":"2021","openDt":"","typeNm":"장편","prdtStatNm":"기타","nationAlt":"미국","genreAlt":"서부극(웨스턴),액션","repNationNm":"미국","repGenreNm":"서부극(웨스턴)","directors":[],"companys":[]},{"movieCd":"20176526","movieNm":"주여!","movieNmEn":"Oh, God!","prdtYear":"2016","openDt":"","typeNm":"단편","prdtStatNm":"기타","nationAlt":"한국","genreAlt":"드라마","repNationNm":"한국","repGenreNm":"드라마","directors":[{"peopleNm":"이정주"}],"companys":[]},{"movieCd":"20219039","movieNm":"그라운드 제로","movieNmEn":"Ground Zero","prdtYear":"2021","openDt":"","typeNm":"단편","prdtStatNm":"기타","nationAlt":"한국","genreAlt":"액션","repNationNm":"한국","repGenreNm":"액션","directors":[{"peopleNm":"김지용"}],"companys":[]},{"movieCd":"20190665","movieNm":"임신한 나무와 도깨비","movieNmEn":"The Pregnant Tree and the Goblin","prdtYear":"2019","openDt":"20220127","typeNm":"장편","prdtStatNm":"개봉","nationAlt":"한국","genreAlt":"드라마,판타지","repNationNm":"한국","repGenreNm":"드라마","directors":[{"peopleNm":"김동령"},{"peopleNm":"박경태"}],"companys":[{"companyCd":"20123217","companyNm":"(주)시네마달"},{"companyCd":"20189541","companyNm":"웃음과바늘 필름&아카이브"}]},{"movieCd":"20212952","movieNm":"극장판 안녕 자두야: 제주도의 비밀","movieNmEn":"Hello Jadoo : The Secret of Jeju Island","prdtYear":"2021","openDt":"20220127","typeNm":"장편","prdtStatNm":"개봉","nationAlt":"한국","genreAlt":"애니메이션","repNationNm":"한국","repGenreNm":"애니메이션","directors":[{"peopleNm":"손석우"}],"companys":[{"companyCd":"20169708","companyNm":"아툰즈"}]},{"movieCd":"20223137","movieNm":"효자","movieNmEn":"","prdtYear":"2021","openDt":"20220127","typeNm":"장편","prdtStatNm":"개봉","nationAlt":"한국","genreAlt":"코미디,공포(호러)","repNationNm":"한국","repGenreNm":"코미디","directors":[{"peopleNm":"이훈국"}],"companys":[{"companyCd":"20191923","companyNm":"영화사 틈"},{"companyCd":"20157193","companyNm":"(주)모그픽쳐스"}]}]}