{"totCnt":"95385","source":"영화진흥위원회","movieList":[{"movieCd":"20212119","movieNm":"투모로우 아포칼립스","movieNmEn":"Arctic Apocalypse","prdtYear":"2019","openDt":"20220125","typeNm":"장편","prdtStatNm":"개봉","nationAlt":"미국","genreAlt":"어드벤처,드라마","repNationNm":"미국","repGenreNm":"어드벤처","directors":[{"peopleNm":"존 콘델릭"}],"companys":[]},{"movieCd":"20212865","movieNm":"유혹의 한계","movieNmEn":"Sinister Seduction","prdtYear":"2019","openDt":"20220125","typeNm":"장편","prdtStatNm":"개봉","nationAlt":"미국","genreAlt":"스릴러","repNationNm":"미국","repGenreNm":"스릴러","directors":[{"peopleNm":"데미언 로메이"}],"companys":[]},{"movieCd":"20223416","movieNm":"파이널 싸움의 기술","movieNmEn":"","prdtYear":"2021","openDt":"20220121","typeNm":"장편","prdtStatNm":"개봉","nationAlt":"한국","genreAlt":"액션,드라마","repNationNm":"한국","repGenreNm":"액션","directors":[{"peopleNm":"김희성"}],"companys":[{"companyCd":"20154628","companyNm":"(주)영화사 사계절"}]},{"movieCd":"20210605","movieNm":"직장 야유회의 목적","movieNmEn":"","prdtYear":"2021","openDt":"20220121","typeNm":"장편","prdtStatNm":"개봉","nationAlt":"한국","genreAlt":"성인물(에로)","repNationNm":"한국","repGenreNm":"성인물(에로)","directors":[{"peopleNm":"김은덕"}],"companys":[{"companyCd":"20199962","companyNm":"(주)담화"}]},{"movieCd":"20211772","movieNm":"샌 안드레스 메가 대지진","movieNmEn":"San Andreas Mega Quake","prdtYear":"2019","openDt":"20220119","typeNm":"장편","prdtStatNm":"개봉","nationAlt":"미국","genreAlt":"액션,드라마","repNationNm":"미국","repGenreNm":"액션","directors":[{"peopleNm":"H.M. 콕클리"}],"companys":[]},{"movieCd":"20212264","movieNm":"포 언투 어스","movieNmEn":"For Unto Us","prdtYear":"2021","openDt":"20220109","typeNm":"장편","prdtStatNm":"개봉","nationAlt":"한국","genreAlt":"뮤지컬,가족,공연","repNationNm":"한국","repGenreNm":"뮤지컬","directors":[],"companys":[{"companyCd":"20218702","companyNm":"(사)그라시아스합창단"}]},{"movieCd":"20101110","movieNm":"레인보우","movieNmEn":"Passerby #3","prdtYear":"2009","openDt":"20101118","typeNm":"장편","prdtStatNm":"개봉","nationAlt":"한국","genreAlt":"드라마","repNationNm":"한국","repGenreNm":"드라마","directors":[{"peopleNm":"신수원"}],"companys":[{"companyCd":"20130061","companyNm":"준필름"}]},{"movieCd":"20213032","movieNm":"밀라노 두오모 콘서트","movieNmEn":"CONCERTO PER MILANO","prdtYear":"2019","openDt":"20220107","typeNm":"장편","prdtStatNm":"개봉","nationAlt":"이탈리아","genreAlt":"공연","repNationNm":"이탈리아","repGenreNm":"공연","directors":[{"peopleNm":"리카르도 샤이"}],"companys":[]},{"movieCd":"20223934","movieNm":"오렌지필름 기획전 - mixtape vol.7 오오극장","movieNmEn":"","prdtYear":"2022","openDt":"","typeNm":"옴니버스","prdtStatNm":"기타","nationAlt":"한국","genreAlt":"드라마","repNationNm":"한국","repGenreNm":"드라마","directors":[],"companys":[]},{"movieCd":"20223410","movieNm":"킬러: 끝까지 살아남아라","movieNmEn":"Legacy","prdtYear":"2020","openDt":"","typeNm":"장편","prdtStatNm":"기타","nationAlt":"미국","genreAlt":"액션,스릴러","repNationNm":"미국","repGenreNm":"액션","directors":[{"peopleNm":"R. 엘리스 프레이저"}],"companys":[]}]}