{"totCnt":"95385","source":"영화진흥위원회","movieList":[{"movieCd":"20223194","movieNm":"죽음의 서약","movieNmEn":"Bad Nun: Deadly Vows","prdtYear":"2019","openDt":"20220315","typeNm":"장편","prdtStatNm":"개봉","nationAlt":"영국","genreAlt":"공포(호러)","repNationNm":"영국","repGenreNm":"공포(호러)","directors":[{"peopleNm":"스콧 제프리"}],"companys":[]},{"movieCd":"20224083","movieNm":"젖은 의사선생","movieNmEn":"HOMELESSNI OKASARETA NIGERARENAI","prdtYear":"2022","openDt":"20220315","typeNm":"장편","prdtStatNm":"개봉","nationAlt":"일본","genreAlt":"성인물(에로),멜로/로맨스","repNationNm":"일본","repGenreNm":"성인물(에로)","directors":[{"peopleNm":"나기라 겐조"}],"companys":[]},{"movieCd":"20224104","movieNm":"음탕한 성감생활","movieNmEn":"","prdtYear":"2022","openDt":"20220315","typeNm":"장편","prdtStatNm":"개봉","nationAlt":"일본","genreAlt":"성인물(에로),멜로/로맨스","repNationNm":"일본","repGenreNm":"성인물(에로)","directors":[{"peopleNm":"테이 쟈가"}],"companys":[]},{"movieCd":"20224084","movieNm":"음란 치료사","movieNmEn":"MAHIRUNO ZEKYU","prdtYear":"2022","openDt":"20220315","typeNm":"장편","prdtStatNm":"개봉","nationAlt":"일본","genreAlt":"성인물(에로),멜로/로맨스","repNationNm":"일본","repGenreNm":"성인물(에로)","directors":[{"peopleNm":"나기라 겐조"}],"companys":[]},{"movieCd":"20224100","movieNm":"열려버린 조리개 무삭제판","movieNmEn":"Hakuchu-no Hitoduma Cameraman","prdtYear":"2022","openDt":"20220315","typeNm":"장편","prdtStatNm":"개봉","nationAlt":"일본","genreAlt":"성인물(에로),멜로/로맨스","repNationNm":"일본","repGenreNm":"성인물(에로)","directors":[{"peopleNm":"류타"}],"companys":[]},{"movieCd":"20223810","movieNm":"불륜을 해봤다","movieNmEn":"","prdtYear":"2021","openDt":"20220315","typeNm":"장편","prdtStatNm":"개봉","nationAlt":"일본","genreAlt":"성인물(에로),멜로/로맨스","repNationNm":"일본","repGenreNm":"성인물(에로)","directors":[{"peopleNm":"카츠라기 히로후미"}],"companys":[]},{"movieCd":"20224094","movieNm":"이제 돌아갈 수 없는 남편의 품","movieNmEn":"","prdtYear":"2022","openDt":"20220310","typeNm":"장편","prdtStatNm":"개봉","nationAlt":"일본","genreAlt":"성인물(에로),드라마","repNationNm":"일본","repGenreNm":"성인물(에로)","directors":[],"companys":[]},{"movieCd":"20223900","movieNm":"연상의 맛","movieNmEn":"","prdtYear":"2021","openDt":"20220310","typeNm":"장편","prdtStatNm":"개봉","nationAlt":"한국","genreAlt":"성인물(에로),멜로/로맨스","repNationNm":"한국","repGenreNm":"성인물(에로)","directors":[{"peopleNm":"김모리"}],"companys":[{"companyCd":"20217184","companyNm":"영화사 레드카펫"}]},{"movieCd":"20223685","movieNm":"인베이젼 2022","movieNmEn":"ALIEN INVASION","prdtYear":"2020","openDt":"20220309","typeNm":"장편","prdtStatNm":"개봉","nationAlt":"중국","genreAlt":"액션,판타지,스릴러","repNationNm":"중국","repGenreNm":"액션","directors":[],"companys":[]},{"movieCd":"20212911","movieNm":"성적유희의 극한적 경험","movieNmEn":"Sexual Scandals","prdtYear":"2020","openDt":"20220316","typeNm":"장편","prdtStatNm":"개봉","nationAlt":"독일","genreAlt":"드라마","repNationNm":"독일","repGenreNm":"드라마","directors":[],"companys":[]}]}