{"totCnt":"95385","source":"영화진흥위원회","movieList":[{"movieCd":"20204343","movieNm":"보물찾기","movieNmEn":"Treasure Hunt Game","prdtYear":"2019","openDt":"","typeNm":"단편","prdtStatNm":"기타","nationAlt":"한국","genreAlt":"드라마","repNationNm":"한국","repGenreNm":"드라마","directors":[{"peopleNm":"강민구"}],"companys":[]},{"movieCd":"20183355","movieNm":"자유연기","movieNmEn":"The Monologue","prdtYear":"2018","openDt":"","typeNm":"단편","prdtStatNm":"기타","nationAlt":"한국","genreAlt":"드라마","repNationNm":"한국","repGenreNm":"드라마","directors":[{"peopleNm":"김도영"}],"companys":[]},{"movieCd":"20100571","movieNm":"수학여행","movieNmEn":"A Brand New Journey","prdtYear":"2010","openDt":"","typeNm":"단편","prdtStatNm":"기타","nationAlt":"한국","genreAlt":"드라마","repNationNm":"한국","repGenreNm":"드라마","directors":[{"peopleNm":"김희진"}],"companys":[]},{"movieCd":"20136792","movieNm":"미드나잇 썬","movieNmEn":"Midnight Sun","prdtYear":"2014","openDt":"","typeNm":"단편","prdtStatNm":"기타","nationAlt":"한국","genreAlt":"드라마","repNationNm":"한국","repGenreNm":"드라마","directors":[{"peopleNm":"강지숙"}],"companys":[{"companyCd":"20110459","companyNm":"중앙대학교 공연영상창작학부 영화전공"}]},{"movieCd":"20131483","movieNm":"필름","movieNmEn":"Election","prdtYear":"2013","openDt":"","typeNm":"단편","prdtStatNm":"기타","nationAlt":"한국","genreAlt":"드라마","repNationNm":"한국","repGenreNm":"드라마","directors":[{"peopleNm":"홍석재"}],"companys":[]},{"movieCd":"20212068","movieNm":"13인의 무사2","movieNmEn":"Han Dynasty Thirteen General 2","prdtYear":"2019","openDt":"","typeNm":"장편","prdtStatNm":"기타","nationAlt":"중국","genreAlt":"전쟁,액션","repNationNm":"중국","repGenreNm":"전쟁","directors":[{"peopleNm":"회우"}],"companys":[]},{"movieCd":"20217489","movieNm":"캠 걸","movieNmEn":"Cam Girls","prdtYear":"2021","openDt":"","typeNm":"장편","prdtStatNm":"기타","nationAlt":"영국","genreAlt":"멜로/로맨스,드라마","repNationNm":"영국","repGenreNm":"멜로/로맨스","directors":[{"peopleNm":"스콧 제프리"}],"companys":[]},{"movieCd":"20211901","movieNm":"에이펙스","movieNmEn":"Apex","prdtYear":"2021","openDt":"20211125","typeNm":"장편","prdtStatNm":"개봉","nationAlt":"캐나다","genreAlt":"액션,스릴러","repNationNm":"캐나다","repGenreNm":"액션","directors":[],"companys":[]},{"movieCd":"20211157","movieNm":"앰뷸런스","movieNmEn":"The Shift","prdtYear":"2020","openDt":"20211125","typeNm":"장편","prdtStatNm":"개봉","nationAlt":"이탈리아","genreAlt":"스릴러","repNationNm":"이탈리아","repGenreNm":"스릴러","directors":[],"companys":[]},{"movieCd":"20211985","movieNm":"카토 츠바키의 동정여행","movieNmEn":"","prdtYear":"2020","openDt":"20211124","typeNm":"장편","prdtStatNm":"개봉","nationAlt":"일본","genreAlt":"멜로/로맨스,드라마","repNationNm":"일본","repGenreNm":"멜로/로맨스","directors":[{"peopleNm":"히로아키"}],"companys":[]}]}