{"totCnt":"95385","source":"영화진흥위원회","movieList":[{"movieCd":"20217650","movieNm":"뜨거운 밤이 열리면 ","movieNmEn":"","prdtYear":"2021","openDt":"","typeNm":"장편","prdtStatNm":"기타","nationAlt":"한국","genreAlt":"성인물(에로)","repNationNm":"한국","repGenreNm":"성인물(에로)","directors":[{"peopleNm":"김민수"}],"companys":[]},{"movieCd":"20219714","movieNm":"신용문객잔2 : 대막강호","movieNmEn":"Desert Legend","prdtYear":"2019","openDt":"","typeNm":"장편","prdtStatNm":"기타","nationAlt":"중국","genreAlt":"액션","repNationNm":"중국","repGenreNm":"액션","directors":[],"companys":[]},{"movieCd":"20219547","movieNm":"신마영정: 야인시대","movieNmEn":"Ma yongzhen The Boxer in Zhabei","prdtYear":"2020","openDt":"","typeNm":"장편","prdtStatNm":"기타","nationAlt":"중국","genreAlt":"액션","repNationNm":"중국","repGenreNm":"액션","directors":[],"companys":[]},{"movieCd":"20219794","movieNm":"트리거: 데스 배틀","movieNmEn":"Triggered","prdtYear":"2020","openDt":"","typeNm":"장편","prdtStatNm":"기타","nationAlt":"기타","genreAlt":"액션,공포(호러),스릴러","repNationNm":"기타","repGenreNm":"액션","directors":[{"peopleNm":"알래스테어 오어"}],"companys":[]},{"movieCd":"20219564","movieNm":"지방령(脂肪靈)","movieNmEn":"FAT EVIL SPIRITS","prdtYear":"2021","openDt":"","typeNm":"단편","prdtStatNm":"기타","nationAlt":"한국","genreAlt":"공포(호러)","repNationNm":"한국","repGenreNm":"공포(호러)","directors":[{"peopleNm":"유호재"}],"companys":[]},{"movieCd":"20216050","movieNm":"팜 스프링스","movieNmEn":"Palm Springs","prdtYear":"2020","openDt":"20210819","typeNm":"장편","prdtStatNm":"개봉","nationAlt":"미국","genreAlt":"코미디,판타지,미스터리","repNationNm":"미국","repGenreNm":"코미디","directors":[{"peopleNm":"맥스 바버카우"}],"companys":[]},{"movieCd":"20219276","movieNm":"트랙스","movieNmEn":"Tracks","prdtYear":"2013","openDt":"","typeNm":"장편","prdtStatNm":"기타","nationAlt":"영국","genreAlt":"드라마","repNationNm":"영국","repGenreNm":"드라마","directors":[{"peopleNm":"존 커랜"}],"companys":[]},{"movieCd":"20219784","movieNm":"쿨한 제수씨:같이 즐겨볼래?","movieNmEn":"","prdtYear":"2020","openDt":"20210818","typeNm":"장편","prdtStatNm":"개봉","nationAlt":"일본","genreAlt":"멜로/로맨스,드라마","repNationNm":"일본","repGenreNm":"멜로/로맨스","directors":[{"peopleNm":"버드맨 텟페이"}],"companys":[]},{"movieCd":"20219771","movieNm":"외로운 유부녀","movieNmEn":"","prdtYear":"2020","openDt":"20210818","typeNm":"장편","prdtStatNm":"개봉","nationAlt":"일본","genreAlt":"멜로/로맨스,드라마","repNationNm":"일본","repGenreNm":"멜로/로맨스","directors":[{"peopleNm":"히이라기 엔부"}],"companys":[]},{"movieCd":"20219785","movieNm":"어린 장모:대물 사위","movieNmEn":"","prdtYear":"2020","openDt":"20210818","typeNm":"장편","prdtStatNm":"개봉","nationAlt":"일본","genreAlt":"멜로/로맨스,드라마","repNationNm":"일본","repGenreNm":"멜로/로맨스","directors":[{"peopleNm":"버드맨 텟페이"}],"companys":[]}]}