{"totCnt":"95385","source":"영화진흥위원회","movieList":[{"movieCd":"20223140","movieNm":"블랙 독","movieNmEn":"Black Dog","prdtYear":"2020","openDt":"","typeNm":"단편","prdtStatNm":"기타","nationAlt":"한국","genreAlt":"드라마","repNationNm":"한국","repGenreNm":"드라마","directors":[],"companys":[]},{"movieCd":"20223138","movieNm":"비의 최선","movieNmEn":"Best of Rain","prdtYear":"2021","openDt":"","typeNm":"단편","prdtStatNm":"기타","nationAlt":"한국","genreAlt":"다큐멘터리,드라마","repNationNm":"한국","repGenreNm":"다큐멘터리","directors":[{"peopleNm":"김초인"}],"companys":[]},{"movieCd":"20223135","movieNm":"우주 전쟁: 몬스터 헌터","movieNmEn":"Monsters of War","prdtYear":"","openDt":"","typeNm":"장편","prdtStatNm":"기타","nationAlt":"","genreAlt":"SF,액션","repNationNm":"","repGenreNm":"SF","directors":[{"peopleNm":"잭 피터 먼디"}],"companys":[]},{"movieCd":"20172103","movieNm":"미처 몰랐던 건","movieNmEn":"","prdtYear":"2017","openDt":"","typeNm":"장편","prdtStatNm":"기타","nationAlt":"한국","genreAlt":"멜로/로맨스","repNationNm":"한국","repGenreNm":"멜로/로맨스","directors":[{"peopleNm":"고은총"}],"companys":[]},{"movieCd":"20210672","movieNm":"피드백","movieNmEn":"Feedback","prdtYear":"2018","openDt":"20220105","typeNm":"장편","prdtStatNm":"개봉","nationAlt":"스페인","genreAlt":"공포(호러),스릴러","repNationNm":"스페인","repGenreNm":"공포(호러)","directors":[],"companys":[]},{"movieCd":"20218764","movieNm":"씽2게더","movieNmEn":"Sing 2","prdtYear":"2021","openDt":"20220105","typeNm":"장편","prdtStatNm":"개봉","nationAlt":"미국","genreAlt":"애니메이션","repNationNm":"미국","repGenreNm":"애니메이션","directors":[{"peopleNm":"가스 제닝스"}],"companys":[]},{"movieCd":"20212486","movieNm":"스물여덟 마흔아홉","movieNmEn":"","prdtYear":"2018","openDt":"20220104","typeNm":"장편","prdtStatNm":"개봉","nationAlt":"한국","genreAlt":"성인물(에로)","repNationNm":"한국","repGenreNm":"성인물(에로)","directors":[{"peopleNm":"김도현"}],"companys":[{"companyCd":"20141911","companyNm":"(주)뮤직엔닷컴"}]},{"movieCd":"20212504","movieNm":"관계 매일 바뀌는 파트너","movieNmEn":"","prdtYear":"2020","openDt":"20220104","typeNm":"장편","prdtStatNm":"개봉","nationAlt":"한국","genreAlt":"성인물(에로)","repNationNm":"한국","repGenreNm":"성인물(에로)","directors":[{"peopleNm":"김슬기"}],"companys":[{"companyCd":"20141911","companyNm":"(주)뮤직엔닷컴"}]},{"movieCd":"20211269","movieNm":"파란","movieNmEn":"Trouble","prdtYear":"2021","openDt":"","typeNm":"단편","prdtStatNm":"기타","nationAlt":"한국","genreAlt":"드라마","repNationNm":"한국","repGenreNm":"드라마","directors":[{"peopleNm":"이현빈"}],"companys":[]},{"movieCd":"20215710","movieNm":"씨 퓨러월","movieNmEn":"SEA FUNERAL","prdtYear":"2020","openDt":"","typeNm":"단편","prdtStatNm":"기타","nationAlt":"한국","genreAlt":"애니메이션,드라마","repNationNm":"한국","repGenreNm":"애니메이션","directors":[],"companys":[]}]}