{"totCnt":"95385","source":"영화진흥위원회","movieList":[{"movieCd":"20212804","movieNm":"말할 수 없어","movieNmEn":"Can't say it","prdtYear":"2020","openDt":"","typeNm":"단편","prdtStatNm":"기타","nationAlt":"한국","genreAlt":"멜로/로맨스","repNationNm":"한국","repGenreNm":"멜로/로맨스","directors":[],"companys":[]},{"movieCd":"20212768","movieNm":"아이를 훔친 소녀","movieNmEn":"The girl who stole a child","prdtYear":"2020","openDt":"","typeNm":"단편","prdtStatNm":"기타","nationAlt":"한국","genreAlt":"드라마","repNationNm":"한국","repGenreNm":"드라마","directors":[],"companys":[]},{"movieCd":"20201696","movieNm":"이종","movieNmEn":"Different","prdtYear":"2019","openDt":"","typeNm":"단편","prdtStatNm":"기타","nationAlt":"한국","genreAlt":"드라마,가족,액션","repNationNm":"한국","repGenreNm":"드라마","directors":[{"peopleNm":"안소회"}],"companys":[]},{"movieCd":"20212803","movieNm":"2021 인디포럼 월례비행 12월 ‘WITH, INDIEFORUM’","movieNmEn":"","prdtYear":"2021","openDt":"","typeNm":"옴니버스","prdtStatNm":"기타","nationAlt":"한국","genreAlt":"기타","repNationNm":"한국","repGenreNm":"기타","directors":[],"companys":[]},{"movieCd":"20212566","movieNm":"그들은 우리의 응시에 응답한다","movieNmEn":"They Answer Our Own Gaze","prdtYear":"2021","openDt":"","typeNm":"단편","prdtStatNm":"기타","nationAlt":"한국","genreAlt":"다큐멘터리","repNationNm":"한국","repGenreNm":"다큐멘터리","directors":[{"peopleNm":"백종관"}],"companys":[]},{"movieCd":"20212767","movieNm":"뾰루지. 물집. 사마귀. 점","movieNmEn":"Pimple. Blister. Wart. Mole","prdtYear":"2021","openDt":"","typeNm":"단편","prdtStatNm":"기타","nationAlt":"한국","genreAlt":"기타","repNationNm":"한국","repGenreNm":"기타","directors":[{"peopleNm":"송주원"}],"companys":[]},{"movieCd":"20212802","movieNm":"손의 연대기","movieNmEn":"","prdtYear":"2016","openDt":"","typeNm":"단편","prdtStatNm":"기타","nationAlt":"한국","genreAlt":"기타","repNationNm":"한국","repGenreNm":"기타","directors":[{"peopleNm":"최이다"}],"companys":[]},{"movieCd":"20212766","movieNm":"만날 수 없어 만나고 싶은데","movieNmEn":"Catch You Catch Me","prdtYear":"2020","openDt":"","typeNm":"단편","prdtStatNm":"기타","nationAlt":"한국","genreAlt":"기타","repNationNm":"한국","repGenreNm":"기타","directors":[{"peopleNm":"백재호"}],"companys":[]},{"movieCd":"20212491","movieNm":"뭘 해도 애매한","movieNmEn":"Between a Hum and a Whisper","prdtYear":"2021","openDt":"","typeNm":"단편","prdtStatNm":"기타","nationAlt":"한국","genreAlt":"기타","repNationNm":"한국","repGenreNm":"기타","directors":[{"peopleNm":"하수민"},{"peopleNm":"김다인"}],"companys":[]},{"movieCd":"20212801","movieNm":"치치","movieNmEn":"Chi Chi","prdtYear":"2021","openDt":"","typeNm":"단편","prdtStatNm":"기타","nationAlt":"한국","genreAlt":"기타","repNationNm":"한국","repGenreNm":"기타","directors":[{"peopleNm":"전찬우"}],"companys":[]}]}