{"totCnt":"95385","source":"영화진흥위원회","movieList":[{"movieCd":"20223914","movieNm":"화여장: 꽃들의 전쟁","movieNmEn":"The Flower and The Empress","prdtYear":"2019","openDt":"","typeNm":"장편","prdtStatNm":"기타","nationAlt":"중국","genreAlt":"액션","repNationNm":"중국","repGenreNm":"액션","directors":[{"peopleNm":"주구흠"}],"companys":[]},{"movieCd":"20223913","movieNm":"플로리다반점","movieNmEn":"Florida Restaurant","prdtYear":"2021","openDt":"","typeNm":"장편","prdtStatNm":"기타","nationAlt":"한국","genreAlt":"멜로/로맨스,드라마","repNationNm":"한국","repGenreNm":"멜로/로맨스","directors":[{"peopleNm":"양경희"}],"companys":[]},{"movieCd":"20223912","movieNm":"존 414","movieNmEn":"Zone 414","prdtYear":"2021","openDt":"","typeNm":"장편","prdtStatNm":"기타","nationAlt":"영국","genreAlt":"","repNationNm":"영국","repGenreNm":"SF","directors":[{"peopleNm":"앤드류 베어드"}],"companys":[]},{"movieCd":"20212871","movieNm":"가슴이 떨리는 건 너 때문","movieNmEn":"HEART BEATS","prdtYear":"2021","openDt":"20220209","typeNm":"장편","prdtStatNm":"개봉","nationAlt":"일본","genreAlt":"멜로/로맨스","repNationNm":"일본","repGenreNm":"멜로/로맨스","directors":[],"companys":[]},{"movieCd":"20210175","movieNm":"키스의 신 무삭제","movieNmEn":"","prdtYear":"2021","openDt":"","typeNm":"장편","prdtStatNm":"기타","nationAlt":"한국","genreAlt":"성인물(에로),코미디","repNationNm":"한국","repGenreNm":"성인물(에로)","directors":[{"peopleNm":"이시영"}],"companys":[{"companyCd":"20122937","companyNm":"(주)룬컴퍼니"}]},{"movieCd":"20223578","movieNm":"앞집 아재를 기다리는 끈적한 아내 무삭제판","movieNmEn":"","prdtYear":"2020","openDt":"","typeNm":"장편","prdtStatNm":"기타","nationAlt":"일본","genreAlt":"성인물(에로),드라마","repNationNm":"일본","repGenreNm":"성인물(에로)","directors":[],"companys":[]},{"movieCd":"20223696","movieNm":"순진한여자친구와첫경험","movieNmEn":"","prdtYear":"2021","openDt":"20220211","typeNm":"장편","prdtStatNm":"개봉","nationAlt":"한국","genreAlt":"성인물(에로),멜로/로맨스","repNationNm":"한국","repGenreNm":"성인물(에로)","directors":[{"peopleNm":"천성준"}],"companys":[{"companyCd":"20173662","companyNm":"에이원 미디어"}]},{"movieCd":"20223779","movieNm":"딸래미들","movieNmEn":"","prdtYear":"2022","openDt":"","typeNm":"장편","prdtStatNm":"기타","nationAlt":"한국","genreAlt":"성인물(에로),드라마,멜로/로맨스","repNationNm":"한국","repGenreNm":"성인물(에로)","directors":[{"peopleNm":"선우용"}],"companys":[{"companyCd":"20122937","companyNm":"(주)룬컴퍼니"}]},{"movieCd":"20211187","movieNm":"구멍관계 무삭제","movieNmEn":"","prdtYear":"2021","openDt":"","typeNm":"장편","prdtStatNm":"기타","nationAlt":"한국","genreAlt":"성인물(에로),멜로/로맨스","repNationNm":"한국","repGenreNm":"성인물(에로)","directors":[{"peopleNm":"리차드 킴"}],"companys":[{"companyCd":"20122937","companyNm":"(주)룬컴퍼니"}]},{"movieCd":"20212590","movieNm":"바다는 고향을 알고 있다","movieNmEn":"The Sea Remembers its Hometown","prdtYear":"2021","openDt":"","typeNm":"단편","prdtStatNm":"기타","nationAlt":"한국","genreAlt":"다큐멘터리","repNationNm":"한국","repGenreNm":"다큐멘터리","directors":[{"peopleNm":"노희정"}],"companys":[]}]}