{"totCnt":"95385","source":"영화진흥위원회","movieList":[{"movieCd":"20223534","movieNm":"미도","movieNmEn":"","prdtYear":"2021","openDt":"","typeNm":"단편","prdtStatNm":"기타","nationAlt":"한국","genreAlt":"스릴러","repNationNm":"한국","repGenreNm":"스릴러","directors":[],"companys":[]},{"movieCd":"20223552","movieNm":"유코 다이어리","movieNmEn":"Yuko's Diary","prdtYear":"2014","openDt":"","typeNm":"장편","prdtStatNm":"기타","nationAlt":"일본","genreAlt":"드라마","repNationNm":"일본","repGenreNm":"드라마","directors":[],"companys":[]},{"movieCd":"20193748","movieNm":"철공실: 눈 앞에서 일어나지 않는 어떤 일들에 대하여","movieNmEn":"Anything Worth Nothing Never Happens Before Your Eyes","prdtYear":"2018","openDt":"","typeNm":"단편","prdtStatNm":"기타","nationAlt":"한국","genreAlt":"드라마","repNationNm":"한국","repGenreNm":"드라마","directors":[{"peopleNm":"김지영"}],"companys":[]},{"movieCd":"20223533","movieNm":"우리 사진","movieNmEn":"our photo","prdtYear":"2019","openDt":"","typeNm":"단편","prdtStatNm":"기타","nationAlt":"프랑스","genreAlt":"드라마","repNationNm":"프랑스","repGenreNm":"드라마","directors":[{"peopleNm":"감독"}],"companys":[]},{"movieCd":"20223532","movieNm":"총각, 연애하다","movieNmEn":"","prdtYear":"2010","openDt":"","typeNm":"단편","prdtStatNm":"기타","nationAlt":"한국","genreAlt":"드라마","repNationNm":"한국","repGenreNm":"드라마","directors":[],"companys":[]},{"movieCd":"20223551","movieNm":"지미추","movieNmEn":"JIMMY CHOO","prdtYear":"2021","openDt":"","typeNm":"단편","prdtStatNm":"기타","nationAlt":"한국","genreAlt":"멜로/로맨스","repNationNm":"한국","repGenreNm":"멜로/로맨스","directors":[{"peopleNm":"이재화"}],"companys":[]},{"movieCd":"20223550","movieNm":"지나간 여름","movieNmEn":"Last summer","prdtYear":"2012","openDt":"","typeNm":"단편","prdtStatNm":"기타","nationAlt":"한국","genreAlt":"드라마","repNationNm":"한국","repGenreNm":"드라마","directors":[],"companys":[]},{"movieCd":"20223531","movieNm":"서울의 밤","movieNmEn":"","prdtYear":"2014","openDt":"","typeNm":"단편","prdtStatNm":"기타","nationAlt":"한국","genreAlt":"드라마","repNationNm":"한국","repGenreNm":"드라마","directors":[],"companys":[]},{"movieCd":"20223530","movieNm":"친절한 경찰","movieNmEn":"","prdtYear":"2021","openDt":"","typeNm":"장편","prdtStatNm":"기타","nationAlt":"한국","genreAlt":"","repNationNm":"한국","repGenreNm":"공포(호러)","directors":[{"peopleNm":"임경택"}],"companys":[]},{"movieCd":"20223528","movieNm":"나는 그래","movieNmEn":"In My Case","prdtYear":"2020","openDt":"","typeNm":"장편","prdtStatNm":"기타","nationAlt":"한국","genreAlt":"드라마","repNationNm":"한국","repGenreNm":"드라마","directors":[],"companys":[]}]}