{"totCnt":"95385","source":"영화진흥위원회","movieList":[{"movieCd":"20212343","movieNm":"동네오빠의 불기둥","movieNmEn":"","prdtYear":"2020","openDt":"20211211","typeNm":"장편","prdtStatNm":"개봉","nationAlt":"일본","genreAlt":"멜로/로맨스,드라마","repNationNm":"일본","repGenreNm":"멜로/로맨스","directors":[{"peopleNm":"디렉터 O"}],"companys":[]},{"movieCd":"20212223","movieNm":"상사 부인과 단둘이, 비오는 밤 무삭제판","movieNmEn":"","prdtYear":"2019","openDt":"","typeNm":"장편","prdtStatNm":"기타","nationAlt":"일본","genreAlt":"성인물(에로),드라마","repNationNm":"일본","repGenreNm":"성인물(에로)","directors":[{"peopleNm":"마메자와 마메타로"}],"companys":[]},{"movieCd":"20211784","movieNm":"남편은 모르는 유부녀의 음란한 특급비밀","movieNmEn":"","prdtYear":"2020","openDt":"","typeNm":"장편","prdtStatNm":"기타","nationAlt":"일본","genreAlt":"성인물(에로),드라마","repNationNm":"일본","repGenreNm":"성인물(에로)","directors":[{"peopleNm":"카와이 조지"}],"companys":[]},{"movieCd":"20212341","movieNm":"원나잇 유부녀","movieNmEn":"","prdtYear":"2020","openDt":"20211210","typeNm":"장편","prdtStatNm":"개봉","nationAlt":"일본","genreAlt":"멜로/로맨스,드라마","repNationNm":"일본","repGenreNm":"멜로/로맨스","directors":[{"peopleNm":"디렉터 O"}],"companys":[]},{"movieCd":"20212274","movieNm":"엄마친구:바디 프렌드","movieNmEn":"","prdtYear":"2020","openDt":"20211210","typeNm":"장편","prdtStatNm":"개봉","nationAlt":"일본","genreAlt":"멜로/로맨스,드라마","repNationNm":"일본","repGenreNm":"멜로/로맨스","directors":[{"peopleNm":"나베"}],"companys":[]},{"movieCd":"20211236","movieNm":"색남색녀","movieNmEn":"","prdtYear":"2021","openDt":"20211210","typeNm":"장편","prdtStatNm":"개봉","nationAlt":"한국","genreAlt":"성인물(에로),드라마","repNationNm":"한국","repGenreNm":"성인물(에로)","directors":[{"peopleNm":"선우용"}],"companys":[{"companyCd":"20122937","companyNm":"(주)룬컴퍼니"}]},{"movieCd":"20212342","movieNm":"새엄마의 다리사이","movieNmEn":"","prdtYear":"2020","openDt":"20211210","typeNm":"장편","prdtStatNm":"개봉","nationAlt":"일본","genreAlt":"멜로/로맨스,드라마","repNationNm":"일본","repGenreNm":"멜로/로맨스","directors":[{"peopleNm":"히로아키"}],"companys":[]},{"movieCd":"20212272","movieNm":"모리사와 카나의 흑형 체험","movieNmEn":"","prdtYear":"2020","openDt":"20211210","typeNm":"장편","prdtStatNm":"개봉","nationAlt":"일본","genreAlt":"멜로/로맨스,드라마","repNationNm":"일본","repGenreNm":"멜로/로맨스","directors":[{"peopleNm":"야마구치 다이"}],"companys":[]},{"movieCd":"20212614","movieNm":"목화토금수","movieNmEn":"Tree Fire Earth Gold Water","prdtYear":"2021","openDt":"","typeNm":"단편","prdtStatNm":"기타","nationAlt":"한국","genreAlt":"미스터리","repNationNm":"한국","repGenreNm":"미스터리","directors":[{"peopleNm":"박소원"}],"companys":[]},{"movieCd":"20212616","movieNm":"메가 옥토퍼스","movieNmEn":"Big Octopus","prdtYear":"2020","openDt":"","typeNm":"장편","prdtStatNm":"기타","nationAlt":"중국","genreAlt":"기타","repNationNm":"중국","repGenreNm":"기타","directors":[],"companys":[]}]}