{"totCnt":"95385","source":"영화진흥위원회","movieList":[{"movieCd":"20198679","movieNm":"굿바이 마더","movieNmEn":"Goodbye Mother","prdtYear":"2019","openDt":"","typeNm":"장편","prdtStatNm":"기타","nationAlt":"기타","genreAlt":"멜로/로맨스,드라마","repNationNm":"기타","repGenreNm":"멜로/로맨스","directors":[{"peopleNm":"트링 밍"}],"companys":[]},{"movieCd":"20215751","movieNm":"아직 살아있다","movieNmEn":"Still Alive","prdtYear":"2006","openDt":"","typeNm":"장편","prdtStatNm":"기타","nationAlt":"폴란드","genreAlt":"다큐멘터리","repNationNm":"폴란드","repGenreNm":"다큐멘터리","directors":[],"companys":[]},{"movieCd":"20219792","movieNm":"키에슬로프스키: 그저 그래","movieNmEn":"Krzysztof Kieslowski: I'm So-So…","prdtYear":"1995","openDt":"","typeNm":"장편","prdtStatNm":"기타","nationAlt":"폴란드,덴마크","genreAlt":"다큐멘터리","repNationNm":"폴란드","repGenreNm":"다큐멘터리","directors":[],"companys":[]},{"movieCd":"19940321","movieNm":"세 가지 색: 레드","movieNmEn":"Three Colors: Red","prdtYear":"1994","openDt":"19940917","typeNm":"장편","prdtStatNm":"개봉","nationAlt":"프랑스","genreAlt":"드라마","repNationNm":"프랑스","repGenreNm":"드라마","directors":[{"peopleNm":"크지슈토프 키에슬로프스키"}],"companys":[{"companyCd":"20104272","companyNm":"엠케이투 프로덕션즈"}]},{"movieCd":"19940225","movieNm":"세 가지 색 : 화이트","movieNmEn":"Three Colors: White","prdtYear":"1994","openDt":"19940618","typeNm":"장편","prdtStatNm":"개봉","nationAlt":"프랑스","genreAlt":"드라마,코미디","repNationNm":"프랑스","repGenreNm":"드라마","directors":[{"peopleNm":"크지슈토프 키에슬로프스키"}],"companys":[]},{"movieCd":"19940161","movieNm":"세 가지 색 : 블루","movieNmEn":"Three Colors: Blue","prdtYear":"1993","openDt":"19940423","typeNm":"장편","prdtStatNm":"개봉","nationAlt":"프랑스","genreAlt":"드라마","repNationNm":"프랑스","repGenreNm":"드라마","directors":[{"peopleNm":"크지슈토프 키에슬로프스키"}],"companys":[{"companyCd":"20104272","companyNm":"엠케이투 프로덕션즈"}]},{"movieCd":"19910313","movieNm":"베로니카의 이중생활","movieNmEn":"The Double Life of Veronique","prdtYear":"1991","openDt":"19911109","typeNm":"장편","prdtStatNm":"개봉","nationAlt":"프랑스","genreAlt":"드라마,멜로/로맨스,판타지","repNationNm":"프랑스","repGenreNm":"드라마","directors":[{"peopleNm":"크지슈토프 키에슬로프스키"}],"companys":[]},{"movieCd":"19950306","movieNm":"사랑에 관한 짧은 필름 ","movieNmEn":"A Short Film About Love","prdtYear":"1988","openDt":"19951014","typeNm":"장편","prdtStatNm":"개봉","nationAlt":"폴란드","genreAlt":"드라마","repNationNm":"폴란드","repGenreNm":"드라마","directors":[{"peopleNm":"크지슈토프 키에슬로프스키"}],"companys":[]},{"movieCd":"19970209","movieNm":"살인에 관한 짧은 필름","movieNmEn":"A Short Film About Killing","prdtYear":"1988","openDt":"19970705","typeNm":"장편","prdtStatNm":"개봉","nationAlt":"폴란드","genreAlt":"범죄,드라마","repNationNm":"폴란드","repGenreNm":"범죄","directors":[{"peopleNm":"크지슈토프 키에슬로프스키"}],"companys":[{"companyCd":"20103095","companyNm":"제스폴 필모이 \"토르\""}]},{"movieCd":"20215607","movieNm":"어느 짧은 근무일","movieNmEn":"A Short Working Day","prdtYear":"1995","openDt":"","typeNm":"장편","prdtStatNm":"기타","nationAlt":"폴란드","genreAlt":"드라마","repNationNm":"폴란드","repGenreNm":"드라마","directors":[{"peopleNm":"크지슈토프 키에슬로프스키"}],"companys":[]}]}