{"totCnt":"95385","source":"영화진흥위원회","movieList":[{"movieCd":"20210580","movieNm":"푸른 호수","movieNmEn":"Blue Bayou","prdtYear":"2021","openDt":"20211013","typeNm":"장편","prdtStatNm":"개봉","nationAlt":"미국","genreAlt":"드라마","repNationNm":"미국","repGenreNm":"드라마","directors":[{"peopleNm":"저스틴 전"}],"companys":[]},{"movieCd":"20204666","movieNm":"화분이 있는 집","movieNmEn":"The House With Pots","prdtYear":"2019","openDt":"","typeNm":"단편","prdtStatNm":"기타","nationAlt":"한국","genreAlt":"드라마","repNationNm":"한국","repGenreNm":"드라마","directors":[{"peopleNm":"김윤지"}],"companys":[]},{"movieCd":"20210935","movieNm":"인트루전","movieNmEn":"An intrusion","prdtYear":"2021","openDt":"","typeNm":"장편","prdtStatNm":"기타","nationAlt":"미국","genreAlt":"범죄,스릴러","repNationNm":"미국","repGenreNm":"범죄","directors":[],"companys":[]},{"movieCd":"20210949","movieNm":"친구 엄마의 성교육","movieNmEn":"","prdtYear":"2019","openDt":"20211015","typeNm":"장편","prdtStatNm":"개봉","nationAlt":"일본","genreAlt":"성인물(에로)","repNationNm":"일본","repGenreNm":"성인물(에로)","directors":[{"peopleNm":"사루"}],"companys":[]},{"movieCd":"20210900","movieNm":"욕정의 고향","movieNmEn":"","prdtYear":"2020","openDt":"20211015","typeNm":"장편","prdtStatNm":"개봉","nationAlt":"한국","genreAlt":"성인물(에로)","repNationNm":"한국","repGenreNm":"성인물(에로)","directors":[{"peopleNm":"정지승"}],"companys":[{"companyCd":"20176162","companyNm":"(주)코빈커뮤니케이션즈"}]},{"movieCd":"20211051","movieNm":"섹스솔루션 무삭제","movieNmEn":"","prdtYear":"2021","openDt":"","typeNm":"장편","prdtStatNm":"기타","nationAlt":"한국","genreAlt":"멜로/로맨스","repNationNm":"한국","repGenreNm":"멜로/로맨스","directors":[{"peopleNm":"김호"}],"companys":[{"companyCd":"20204081","companyNm":"(주)디어프로덕션"}]},{"movieCd":"20210452","movieNm":"바람난 남편","movieNmEn":"","prdtYear":"2021","openDt":"20211015","typeNm":"장편","prdtStatNm":"개봉","nationAlt":"한국","genreAlt":"멜로/로맨스,드라마","repNationNm":"한국","repGenreNm":"멜로/로맨스","directors":[{"peopleNm":"이영인"}],"companys":[{"companyCd":"20114899","companyNm":"(주)영진크리에이티브"}]},{"movieCd":"20210942","movieNm":"물 오른 엄마친구","movieNmEn":"","prdtYear":"2020","openDt":"20211012","typeNm":"장편","prdtStatNm":"개봉","nationAlt":"일본","genreAlt":"멜로/로맨스","repNationNm":"일본","repGenreNm":"멜로/로맨스","directors":[{"peopleNm":"카와이 조지"}],"companys":[]},{"movieCd":"20210786","movieNm":"사보타지: 무삭제","movieNmEn":"Sabotage","prdtYear":"2014","openDt":"","typeNm":"장편","prdtStatNm":"기타","nationAlt":"미국","genreAlt":"액션","repNationNm":"미국","repGenreNm":"액션","directors":[{"peopleNm":"데이비드 에이어"}],"companys":[]},{"movieCd":"20191785","movieNm":"UFO 스케치","movieNmEn":"UFO Sketch","prdtYear":"2020","openDt":"20210304","typeNm":"장편","prdtStatNm":"개봉","nationAlt":"한국","genreAlt":"다큐멘터리","repNationNm":"한국","repGenreNm":"다큐멘터리","directors":[{"peopleNm":"김진욱"}],"companys":[{"companyCd":"20216882","companyNm":"스튜디오8"}]}]}