{"totCnt":"95385","source":"영화진흥위원회","movieList":[{"movieCd":"20223726","movieNm":"잉글리시 북 클럽: 반지의 제왕","movieNmEn":"Darla's Book Club: Discussing the Lord of the Rings","prdtYear":"2021","openDt":"","typeNm":"장편","prdtStatNm":"기타","nationAlt":"미국","genreAlt":"애니메이션","repNationNm":"미국","repGenreNm":"애니메이션","directors":[{"peopleNm":"제이슨 B. 보레"}],"companys":[]},{"movieCd":"20223723","movieNm":"지당박부원 선생과 톡톡","movieNmEn":"","prdtYear":"2020","openDt":"","typeNm":"장편","prdtStatNm":"기타","nationAlt":"한국","genreAlt":"기타","repNationNm":"한국","repGenreNm":"기타","directors":[],"companys":[]},{"movieCd":"20101023","movieNm":"황야의 결투","movieNmEn":"My Darling Clementine","prdtYear":"1946","openDt":"","typeNm":"장편","prdtStatNm":"기타","nationAlt":"미국","genreAlt":"드라마,서부극(웨스턴),범죄","repNationNm":"미국","repGenreNm":"드라마","directors":[{"peopleNm":"존 포드"}],"companys":[{"companyCd":"20100041","companyNm":"이십세기폭스코리아(주)"}]},{"movieCd":"20223731","movieNm":"극장에 가는 남자","movieNmEn":"A man who goes to a movie theater","prdtYear":"2002","openDt":"","typeNm":"단편","prdtStatNm":"기타","nationAlt":"미국","genreAlt":"기타","repNationNm":"미국","repGenreNm":"기타","directors":[{"peopleNm":"김영노"}],"companys":[]},{"movieCd":"20223351","movieNm":"촬영감독 봉구 씨","movieNmEn":"Möbius strip","prdtYear":"2021","openDt":"","typeNm":"단편","prdtStatNm":"기타","nationAlt":"한국","genreAlt":"코미디","repNationNm":"한국","repGenreNm":"코미디","directors":[{"peopleNm":"이태구"}],"companys":[]},{"movieCd":"20223720","movieNm":"안개 낀 도시","movieNmEn":"A FOG SHROUDED CITY","prdtYear":"2018","openDt":"","typeNm":"단편","prdtStatNm":"기타","nationAlt":"한국","genreAlt":"SF,스릴러","repNationNm":"한국","repGenreNm":"SF","directors":[{"peopleNm":"김형철"}],"companys":[]},{"movieCd":"20223689","movieNm":"돈 뿌리기 생중계","movieNmEn":"","prdtYear":"2018","openDt":"","typeNm":"단편","prdtStatNm":"기타","nationAlt":"한국","genreAlt":"드라마","repNationNm":"한국","repGenreNm":"드라마","directors":[],"companys":[]},{"movieCd":"20223719","movieNm":"생수도","movieNmEn":"Water Road","prdtYear":"2021","openDt":"","typeNm":"단편","prdtStatNm":"기타","nationAlt":"한국","genreAlt":"드라마,판타지","repNationNm":"한국","repGenreNm":"드라마","directors":[{"peopleNm":"권정원"}],"companys":[]},{"movieCd":"20223687","movieNm":"작전명 여명의 황새울","movieNmEn":"","prdtYear":"2007","openDt":"","typeNm":"장편","prdtStatNm":"기타","nationAlt":"한국","genreAlt":"드라마","repNationNm":"한국","repGenreNm":"드라마","directors":[],"companys":[]},{"movieCd":"20223686","movieNm":"두 남녀","movieNmEn":"Man & Woman","prdtYear":"2017","openDt":"","typeNm":"단편","prdtStatNm":"기타","nationAlt":"한국","genreAlt":"드라마","repNationNm":"한국","repGenreNm":"드라마","directors":[{"peopleNm":"노건민"}],"companys":[]}]}