{"totCnt":"95385","source":"영화진흥위원회","movieList":[{"movieCd":"19820012","movieNm":"애마부인","movieNmEn":"The Ae-Ma Woman","prdtYear":"1982","openDt":"19820206","typeNm":"장편","prdtStatNm":"개봉","nationAlt":"한국","genreAlt":"성인물(에로),멜로/로맨스,드라마","repNationNm":"한국","repGenreNm":"성인물(에로)","directors":[{"peopleNm":"정인엽"}],"companys":[{"companyCd":"20100319","companyNm":"연방영화(주) "}]},{"movieCd":"20211826","movieNm":"악령의 밤","movieNmEn":"Night of the Demon","prdtYear":"1957","openDt":"","typeNm":"장편","prdtStatNm":"기타","nationAlt":"영국,미국","genreAlt":"판타지,공포(호러),미스터리,스릴러","repNationNm":"영국","repGenreNm":"판타지","directors":[{"peopleNm":"자크 투르뇌르"}],"companys":[]},{"movieCd":"20211846","movieNm":"웨이 오브 어 가우초","movieNmEn":"Way of a Gaucho","prdtYear":"1952","openDt":"","typeNm":"장편","prdtStatNm":"기타","nationAlt":"미국","genreAlt":"액션,어드벤처,멜로/로맨스,서부극(웨스턴)","repNationNm":"미국","repGenreNm":"액션","directors":[{"peopleNm":"자크 투르뇌르"}],"companys":[]},{"movieCd":"20211845","movieNm":"인도 제국의 앤","movieNmEn":"Anne of the Indies","prdtYear":"1951","openDt":"","typeNm":"장편","prdtStatNm":"기타","nationAlt":"미국","genreAlt":"액션,어드벤처,드라마,멜로/로맨스","repNationNm":"미국","repGenreNm":"액션","directors":[{"peopleNm":"자크 투르뇌르"}],"companys":[]},{"movieCd":"20211825","movieNm":"내 왕관의 별","movieNmEn":"Stars in My Crown","prdtYear":"1950","openDt":"","typeNm":"장편","prdtStatNm":"기타","nationAlt":"미국","genreAlt":"드라마,가족,서부극(웨스턴)","repNationNm":"미국","repGenreNm":"드라마","directors":[{"peopleNm":"자크 투르뇌르"}],"companys":[]},{"movieCd":"20219435","movieNm":"경계인","movieNmEn":"","prdtYear":"2020","openDt":"","typeNm":"장편","prdtStatNm":"기타","nationAlt":"한국","genreAlt":"기타","repNationNm":"한국","repGenreNm":"기타","directors":[{"peopleNm":"김시우"}],"companys":[{"companyCd":"20216381","companyNm":"(주)나인테일즈코리아"}]},{"movieCd":"20211844","movieNm":"이지 리빙","movieNmEn":"Easy Living","prdtYear":"1949","openDt":"","typeNm":"장편","prdtStatNm":"기타","nationAlt":"미국","genreAlt":"드라마","repNationNm":"미국","repGenreNm":"드라마","directors":[{"peopleNm":"자크 투르뇌르"}],"companys":[]},{"movieCd":"20219436","movieNm":"경계, 머나먼 나라","movieNmEn":"","prdtYear":"2020","openDt":"","typeNm":"장편","prdtStatNm":"기타","nationAlt":"한국","genreAlt":"다큐멘터리","repNationNm":"한국","repGenreNm":"다큐멘터리","directors":[{"peopleNm":"김시우"}],"companys":[{"companyCd":"20216381","companyNm":"(주)나인테일즈코리아"}]},{"movieCd":"20211843","movieNm":"베를린 익스프레스","movieNmEn":"Berlin Express","prdtYear":"1948","openDt":"","typeNm":"장편","prdtStatNm":"기타","nationAlt":"미국","genreAlt":"범죄,드라마,스릴러","repNationNm":"미국","repGenreNm":"범죄","directors":[{"peopleNm":"자크 투르뇌르"}],"companys":[]},{"movieCd":"20211842","movieNm":"패시지 계곡","movieNmEn":"Canyon Passage","prdtYear":"1946","openDt":"","typeNm":"장편","prdtStatNm":"기타","nationAlt":"미국","genreAlt":"서부극(웨스턴)","repNationNm":"미국","repGenreNm":"서부극(웨스턴)","directors":[{"peopleNm":"자크 투르뇌르"}],"companys":[]}]}