{"totCnt":"95385","source":"영화진흥위원회","movieList":[{"movieCd":"20223409","movieNm":"유령도시에 나타난 육식공룡 랩터","movieNmEn":"Claw","prdtYear":"2021","openDt":"","typeNm":"장편","prdtStatNm":"기타","nationAlt":"미국","genreAlt":"공포(호러),미스터리,SF","repNationNm":"미국","repGenreNm":"공포(호러)","directors":[{"peopleNm":"제럴드 라시오나토"}],"companys":[]},{"movieCd":"20223408","movieNm":"다리아: 마리오네트","movieNmEn":"Daria","prdtYear":"2020","openDt":"","typeNm":"장편","prdtStatNm":"기타","nationAlt":"체코","genreAlt":"미스터리,스릴러","repNationNm":"체코","repGenreNm":"미스터리","directors":[],"companys":[]},{"movieCd":"20211953","movieNm":"글래디에이터 썬더","movieNmEn":"Captain of Desert","prdtYear":"2020","openDt":"20220105","typeNm":"장편","prdtStatNm":"개봉","nationAlt":"스페인","genreAlt":"액션","repNationNm":"스페인","repGenreNm":"액션","directors":[{"peopleNm":"안토니오 헤르난데즈"}],"companys":[]},{"movieCd":"20211983","movieNm":"보리스 고두노프","movieNmEn":"Boris Godunov","prdtYear":"2021","openDt":"20220104","typeNm":"장편","prdtStatNm":"개봉","nationAlt":"미국","genreAlt":"공연","repNationNm":"미국","repGenreNm":"공연","directors":[],"companys":[]},{"movieCd":"20223854","movieNm":"그것은 땅 밑에서 온다","movieNmEn":"It Came From Below","prdtYear":"2021","openDt":"","typeNm":"장편","prdtStatNm":"기타","nationAlt":"영국","genreAlt":"액션,공포(호러)","repNationNm":"영국","repGenreNm":"액션","directors":[{"peopleNm":"댄 알렌"}],"companys":[]},{"movieCd":"20211933","movieNm":"첩혈강호","movieNmEn":"Sword of Destiny 2","prdtYear":"2018","openDt":"20220215","typeNm":"장편","prdtStatNm":"개봉","nationAlt":"중국","genreAlt":"액션","repNationNm":"중국","repGenreNm":"액션","directors":[],"companys":[]},{"movieCd":"20223921","movieNm":"수면이라는 경계 부근에서","movieNmEn":"Near the boundary of water surface","prdtYear":"2022","openDt":"","typeNm":"장편","prdtStatNm":"기타","nationAlt":"한국","genreAlt":"기타","repNationNm":"한국","repGenreNm":"기타","directors":[{"peopleNm":"강민구"}],"companys":[]},{"movieCd":"20223920","movieNm":"투 오브 하트","movieNmEn":"Two Hearts as One","prdtYear":"2014","openDt":"","typeNm":"장편","prdtStatNm":"기타","nationAlt":"터키","genreAlt":"전쟁,드라마","repNationNm":"터키","repGenreNm":"전쟁","directors":[],"companys":[]},{"movieCd":"20204144","movieNm":"가치 캅시다 ","movieNmEn":"We Go Together","prdtYear":"2020","openDt":"20211028","typeNm":"장편","prdtStatNm":"개봉","nationAlt":"한국","genreAlt":"드라마","repNationNm":"한국","repGenreNm":"드라마","directors":[{"peopleNm":"조승원"}],"companys":[{"companyCd":"20216941","companyNm":"감성스토리"}]},{"movieCd":"20223870","movieNm":"라스트 댄서","movieNmEn":"The Aerialist","prdtYear":"2020","openDt":"","typeNm":"장편","prdtStatNm":"기타","nationAlt":"미국","genreAlt":"드라마","repNationNm":"미국","repGenreNm":"드라마","directors":[{"peopleNm":"네드 파"}],"companys":[]}]}