{"totCnt":"95385","source":"영화진흥위원회","movieList":[{"movieCd":"20224029","movieNm":"더 스크래퍼","movieNmEn":"The Scrapper","prdtYear":"2021","openDt":"","typeNm":"장편","prdtStatNm":"기타","nationAlt":"미국","genreAlt":"범죄,드라마,스릴러","repNationNm":"미국","repGenreNm":"범죄","directors":[],"companys":[]},{"movieCd":"20223270","movieNm":"와일드 리벤지: 마지막 한 놈까지","movieNmEn":"Every Last One of Them","prdtYear":"2021","openDt":"20220224","typeNm":"장편","prdtStatNm":"개봉","nationAlt":"미국","genreAlt":"액션,스릴러,범죄","repNationNm":"미국","repGenreNm":"액션","directors":[{"peopleNm":"크리스찬 세스마"}],"companys":[]},{"movieCd":"20224010","movieNm":"건담 G의 레콘기스타 3: 우주로부터의 유산","movieNmEn":"Reconguista in G the Movie III Legacy from Space","prdtYear":"2021","openDt":"","typeNm":"장편","prdtStatNm":"기타","nationAlt":"일본","genreAlt":"애니메이션,SF,액션","repNationNm":"일본","repGenreNm":"애니메이션","directors":[{"peopleNm":"토미노 요시유키"}],"companys":[]},{"movieCd":"20212120","movieNm":"행성충돌: 지구 최후의 날","movieNmEn":"Collision Earth","prdtYear":"2020","openDt":"20220224","typeNm":"장편","prdtStatNm":"개봉","nationAlt":"미국","genreAlt":"어드벤처,드라마","repNationNm":"미국","repGenreNm":"어드벤처","directors":[],"companys":[]},{"movieCd":"20212821","movieNm":"카니발 클럽","movieNmEn":"The Cannibal Club","prdtYear":"2018","openDt":"20220224","typeNm":"장편","prdtStatNm":"개봉","nationAlt":"브라질","genreAlt":"공포(호러),코미디","repNationNm":"브라질","repGenreNm":"공포(호러)","directors":[],"companys":[]},{"movieCd":"20223737","movieNm":"서바이벌리스트","movieNmEn":"The Survivalist","prdtYear":"2021","openDt":"20220224","typeNm":"장편","prdtStatNm":"개봉","nationAlt":"미국","genreAlt":"액션,스릴러","repNationNm":"미국","repGenreNm":"액션","directors":[],"companys":[]},{"movieCd":"20223782","movieNm":"밴드스탠드","movieNmEn":"Bandstand","prdtYear":"2018","openDt":"20220224","typeNm":"장편","prdtStatNm":"개봉","nationAlt":"미국","genreAlt":"공연,뮤지컬","repNationNm":"미국","repGenreNm":"공연","directors":[{"peopleNm":"로렌조 티오네"},{"peopleNm":"앤디 블랑켄뷸러"}],"companys":[]},{"movieCd":"20217688","movieNm":"광대: 소리꾼","movieNmEn":"","prdtYear":"2020","openDt":"20220224","typeNm":"장편","prdtStatNm":"개봉","nationAlt":"한국","genreAlt":"사극,드라마","repNationNm":"한국","repGenreNm":"사극","directors":[{"peopleNm":"조정래"}],"companys":[{"companyCd":"20123223","companyNm":"주식회사 제이오엔터테인먼트코리아"}]},{"movieCd":"20223956","movieNm":"하시모토 레이카의 섹스일기","movieNmEn":"SITAGIMODERUNO TUMA","prdtYear":"2020","openDt":"20220223","typeNm":"장편","prdtStatNm":"개봉","nationAlt":"일본","genreAlt":"성인물(에로),드라마,멜로/로맨스","repNationNm":"일본","repGenreNm":"성인물(에로)","directors":[{"peopleNm":"토미죠 타로"}],"companys":[]},{"movieCd":"20223941","movieNm":"옆집 여자:다 보여요","movieNmEn":"ONARIHAJIMETASYOJYO","prdtYear":"2020","openDt":"20220223","typeNm":"장편","prdtStatNm":"개봉","nationAlt":"일본","genreAlt":"성인물(에로),드라마,멜로/로맨스","repNationNm":"일본","repGenreNm":"성인물(에로)","directors":[{"peopleNm":"카오루"}],"companys":[]}]}