{"totCnt":"95385","source":"영화진흥위원회","movieList":[{"movieCd":"20211311","movieNm":"미호의 오피스 라이프","movieNmEn":"","prdtYear":"2021","openDt":"20211112","typeNm":"장편","prdtStatNm":"개봉","nationAlt":"한국","genreAlt":"멜로/로맨스,드라마","repNationNm":"한국","repGenreNm":"멜로/로맨스","directors":[{"peopleNm":"윤준세"}],"companys":[{"companyCd":"20114899","companyNm":"(주)영진크리에이티브"}]},{"movieCd":"20211436","movieNm":"SIFFF2021 오감만족 국제단편경선 1","movieNmEn":"Tasty Short Film Competition 1","prdtYear":"2021","openDt":"","typeNm":"옴니버스","prdtStatNm":"기타","nationAlt":"기타","genreAlt":"기타","repNationNm":"기타","repGenreNm":"기타","directors":[],"companys":[]},{"movieCd":"20211419","movieNm":"셰프 안토니오의 혁명을 위한 레시피","movieNmEn":"Chef Antonio's Recipes for Revolution","prdtYear":"2020","openDt":"","typeNm":"장편","prdtStatNm":"기타","nationAlt":"호주,이탈리아","genreAlt":"다큐멘터리","repNationNm":"호주","repGenreNm":"다큐멘터리","directors":[{"peopleNm":"트레버 그레이엄"}],"companys":[]},{"movieCd":"20211417","movieNm":"고기의 미래를 만나다","movieNmEn":"Meat the Future","prdtYear":"2020","openDt":"","typeNm":"장편","prdtStatNm":"기타","nationAlt":"캐나다","genreAlt":"다큐멘터리","repNationNm":"캐나다","repGenreNm":"다큐멘터리","directors":[{"peopleNm":"리즈 마샬"}],"companys":[]},{"movieCd":"20211433","movieNm":"아루나의 미각","movieNmEn":"Aruna & Her Palate","prdtYear":"2018","openDt":"","typeNm":"장편","prdtStatNm":"기타","nationAlt":"인도네시아","genreAlt":"기타","repNationNm":"인도네시아","repGenreNm":"기타","directors":[{"peopleNm":"에드윈"}],"companys":[]},{"movieCd":"20211759","movieNm":"제3회 용산 청년영화제(용용시네마)","movieNmEn":"","prdtYear":"2021","openDt":"","typeNm":"옴니버스","prdtStatNm":"기타","nationAlt":"한국","genreAlt":"기타","repNationNm":"한국","repGenreNm":"기타","directors":[],"companys":[]},{"movieCd":"20211780","movieNm":"세이프 인사이드","movieNmEn":"Safe Inside","prdtYear":"2021","openDt":"","typeNm":"단편","prdtStatNm":"기타","nationAlt":"한국","genreAlt":"기타","repNationNm":"한국","repGenreNm":"기타","directors":[],"companys":[]},{"movieCd":"20211779","movieNm":"P i s h","movieNmEn":"P i s h","prdtYear":"2021","openDt":"","typeNm":"단편","prdtStatNm":"기타","nationAlt":"한국","genreAlt":"기타","repNationNm":"한국","repGenreNm":"기타","directors":[],"companys":[]},{"movieCd":"20211778","movieNm":"스위티 주스","movieNmEn":"Sweetie Juice","prdtYear":"2021","openDt":"","typeNm":"단편","prdtStatNm":"기타","nationAlt":"한국","genreAlt":"기타","repNationNm":"한국","repGenreNm":"기타","directors":[],"companys":[]},{"movieCd":"20211777","movieNm":"텀블러를 사용해요","movieNmEn":"Let's use a tumbler","prdtYear":"2021","openDt":"","typeNm":"단편","prdtStatNm":"기타","nationAlt":"한국","genreAlt":"기타","repNationNm":"한국","repGenreNm":"기타","directors":[],"companys":[]}]}