{"totCnt":"95385","source":"영화진흥위원회","movieList":[{"movieCd":"20230432","movieNm":"여사장 아키꼬의 재팬드림","movieNmEn":"","prdtYear":"2023","openDt":"20230228","typeNm":"장편","prdtStatNm":"개봉","nationAlt":"한국","genreAlt":"성인물(에로),멜로/로맨스","repNationNm":"한국","repGenreNm":"성인물(에로)","directors":[{"peopleNm":"김태훈"}],"companys":[{"companyCd":"20157008","companyNm":"(주)픽쳐레스크"}]},{"movieCd":"20230172","movieNm":"슬기로운부부의성생활","movieNmEn":"","prdtYear":"2022","openDt":"20230228","typeNm":"장편","prdtStatNm":"개봉","nationAlt":"한국","genreAlt":"성인물(에로)","repNationNm":"한국","repGenreNm":"성인물(에로)","directors":[{"peopleNm":"김레이"}],"companys":[{"companyCd":"20130184","companyNm":"스마일컨텐츠"}]},{"movieCd":"20224389","movieNm":"몸빵녀 무삭제","movieNmEn":"","prdtYear":"2022","openDt":"20230227","typeNm":"장편","prdtStatNm":"개봉","nationAlt":"한국","genreAlt":"성인물(에로),드라마,멜로/로맨스","repNationNm":"한국","repGenreNm":"성인물(에로)","directors":[{"peopleNm":"최찬호"}],"companys":[{"companyCd":"20161021","companyNm":"(주)영화사가을"}]},{"movieCd":"20229291","movieNm":"강제섹스 : 오늘 밤도 그놈을 기다리는 여자","movieNmEn":"","prdtYear":"2022","openDt":"20230227","typeNm":"장편","prdtStatNm":"개봉","nationAlt":"일본","genreAlt":"성인물(에로)","repNationNm":"일본","repGenreNm":"성인물(에로)","directors":[{"peopleNm":"아사기리 조"}],"companys":[]},{"movieCd":"20228620","movieNm":"2대1 변태 단골손님","movieNmEn":"","prdtYear":"2022","openDt":"20230226","typeNm":"장편","prdtStatNm":"개봉","nationAlt":"한국","genreAlt":"성인물(에로)","repNationNm":"한국","repGenreNm":"성인물(에로)","directors":[{"peopleNm":"박인우"}],"companys":[{"companyCd":"20161021","companyNm":"(주)영화사가을"}]},{"movieCd":"20229363","movieNm":"흔들리는 부부들","movieNmEn":"","prdtYear":"2022","openDt":"20230223","typeNm":"장편","prdtStatNm":"개봉","nationAlt":"일본","genreAlt":"성인물(에로)","repNationNm":"일본","repGenreNm":"성인물(에로)","directors":[],"companys":[]},{"movieCd":"20230041","movieNm":"루비콘","movieNmEn":"Rubikon","prdtYear":"2022","openDt":"20230223","typeNm":"장편","prdtStatNm":"개봉","nationAlt":"오스트리아 ","genreAlt":"SF","repNationNm":"오스트리아 ","repGenreNm":"SF","directors":[{"peopleNm":"레니 라우리치"}],"companys":[]},{"movieCd":"20229310","movieNm":"밀애 : 깊숙이 넣어달라는 친구여친","movieNmEn":"","prdtYear":"2022","openDt":"20230219","typeNm":"장편","prdtStatNm":"개봉","nationAlt":"일본","genreAlt":"성인물(에로)","repNationNm":"일본","repGenreNm":"성인물(에로)","directors":[{"peopleNm":"아사기리 조"}],"companys":[]},{"movieCd":"20227112","movieNm":"의상실 미스김","movieNmEn":"","prdtYear":"2022","openDt":"20230217","typeNm":"장편","prdtStatNm":"개봉","nationAlt":"한국","genreAlt":"성인물(에로),멜로/로맨스","repNationNm":"한국","repGenreNm":"성인물(에로)","directors":[{"peopleNm":"선우용"}],"companys":[{"companyCd":"20202841","companyNm":"영화사 산들바람"}]},{"movieCd":"20225099","movieNm":"빨아주는 여자","movieNmEn":"","prdtYear":"2022","openDt":"20230217","typeNm":"장편","prdtStatNm":"개봉","nationAlt":"한국","genreAlt":"성인물(에로),드라마","repNationNm":"한국","repGenreNm":"성인물(에로)","directors":[{"peopleNm":"안해영"}],"companys":[{"companyCd":"20122937","companyNm":"(주)룬컴퍼니"}]}]}