{"totCnt":"95385","source":"영화진흥위원회","movieList":[{"movieCd":"20211864","movieNm":"2솔져스: 배틀필드","movieNmEn":"Azimuth","prdtYear":"2017","openDt":"20211213","typeNm":"장편","prdtStatNm":"개봉","nationAlt":"이스라엘","genreAlt":"액션,전쟁","repNationNm":"이스라엘","repGenreNm":"액션","directors":[],"companys":[]},{"movieCd":"20210811","movieNm":"무림팔선","movieNmEn":"The Eight Fairies","prdtYear":"2017","openDt":"20211213","typeNm":"장편","prdtStatNm":"개봉","nationAlt":"중국","genreAlt":"판타지,액션,드라마","repNationNm":"중국","repGenreNm":"판타지","directors":[],"companys":[]},{"movieCd":"20219074","movieNm":"라자루스","movieNmEn":"Lazarus","prdtYear":"2020","openDt":"20211213","typeNm":"장편","prdtStatNm":"개봉","nationAlt":"미국","genreAlt":"액션","repNationNm":"미국","repGenreNm":"액션","directors":[{"peopleNm":"R.L. 스콧"}],"companys":[]},{"movieCd":"20211508","movieNm":"하숙집 2021","movieNmEn":"","prdtYear":"2021","openDt":"20211210","typeNm":"장편","prdtStatNm":"개봉","nationAlt":"한국","genreAlt":"멜로/로맨스,드라마","repNationNm":"한국","repGenreNm":"멜로/로맨스","directors":[{"peopleNm":"최찬호"}],"companys":[{"companyCd":"20161021","companyNm":"(주)영화사가을"}]},{"movieCd":"20218839","movieNm":"처제길들이기 오리진 무삭제","movieNmEn":"","prdtYear":"2021","openDt":"20211210","typeNm":"장편","prdtStatNm":"개봉","nationAlt":"한국","genreAlt":"성인물(에로),멜로/로맨스","repNationNm":"한국","repGenreNm":"성인물(에로)","directors":[{"peopleNm":"패콘"}],"companys":[{"companyCd":"20206041","companyNm":"주식회사 패콘"}]},{"movieCd":"20210597","movieNm":"자매여도 괜찮아","movieNmEn":"","prdtYear":"2021","openDt":"20211210","typeNm":"장편","prdtStatNm":"개봉","nationAlt":"한국","genreAlt":"성인물(에로)","repNationNm":"한국","repGenreNm":"성인물(에로)","directors":[{"peopleNm":"성이성"}],"companys":[{"companyCd":"20199962","companyNm":"(주)담화"}]},{"movieCd":"20211060","movieNm":"위험한 사촌동생","movieNmEn":"","prdtYear":"2021","openDt":"20211210","typeNm":"장편","prdtStatNm":"개봉","nationAlt":"한국","genreAlt":"멜로/로맨스","repNationNm":"한국","repGenreNm":"멜로/로맨스","directors":[{"peopleNm":"김태훈"}],"companys":[{"companyCd":"20157008","companyNm":"(주)픽쳐레스크"}]},{"movieCd":"20211963","movieNm":"엄마몰래 여대생 숙성과외","movieNmEn":"","prdtYear":"2021","openDt":"20211210","typeNm":"장편","prdtStatNm":"개봉","nationAlt":"일본","genreAlt":"드라마","repNationNm":"일본","repGenreNm":"드라마","directors":[{"peopleNm":"미시마 로쿠사부로"}],"companys":[]},{"movieCd":"20210596","movieNm":"쌔빨간 장모님","movieNmEn":"","prdtYear":"2021","openDt":"20211210","typeNm":"장편","prdtStatNm":"개봉","nationAlt":"한국","genreAlt":"성인물(에로)","repNationNm":"한국","repGenreNm":"성인물(에로)","directors":[{"peopleNm":"맹진사"}],"companys":[{"companyCd":"20199962","companyNm":"(주)담화"}]},{"movieCd":"20219477","movieNm":"며느리 : 배꼽 맞춘 날 무삭제","movieNmEn":"","prdtYear":"2021","openDt":"20211210","typeNm":"장편","prdtStatNm":"개봉","nationAlt":"한국","genreAlt":"멜로/로맨스,드라마","repNationNm":"한국","repGenreNm":"멜로/로맨스","directors":[{"peopleNm":"김환"}],"companys":[{"companyCd":"20161021","companyNm":"(주)영화사가을"}]}]}