{"totCnt":"95385","source":"영화진흥위원회","movieList":[{"movieCd":"20210718","movieNm":"사랑의 여름","movieNmEn":"Summer of Love","prdtYear":"2021","openDt":"","typeNm":"단편","prdtStatNm":"기타","nationAlt":"한국","genreAlt":"드라마","repNationNm":"한국","repGenreNm":"드라마","directors":[{"peopleNm":"이성욱"}],"companys":[]},{"movieCd":"20210739","movieNm":"소심간첩","movieNmEn":"To Spy with Love!!","prdtYear":"1990","openDt":"","typeNm":"장편","prdtStatNm":"기타","nationAlt":"홍콩","genreAlt":"액션,코미디","repNationNm":"홍콩","repGenreNm":"액션","directors":[{"peopleNm":"맥대걸"}],"companys":[]},{"movieCd":"20210738","movieNm":"환장","movieNmEn":"The Seven Angels","prdtYear":"1985","openDt":"","typeNm":"장편","prdtStatNm":"기타","nationAlt":"홍콩","genreAlt":"코미디","repNationNm":"홍콩","repGenreNm":"코미디","directors":[{"peopleNm":"맥당걸"}],"companys":[]},{"movieCd":"20210729","movieNm":"미스터 장","movieNmEn":"Mr. Jang","prdtYear":"2021","openDt":"","typeNm":"장편","prdtStatNm":"기타","nationAlt":"한국","genreAlt":"드라마","repNationNm":"한국","repGenreNm":"드라마","directors":[{"peopleNm":"장병기"}],"companys":[]},{"movieCd":"20210728","movieNm":"코로나 시대 시니어 배우가 극복하는 방법","movieNmEn":"How Senior Actors Survive COVID-19","prdtYear":"2021","openDt":"","typeNm":"단편","prdtStatNm":"기타","nationAlt":"한국","genreAlt":"다큐멘터리","repNationNm":"한국","repGenreNm":"다큐멘터리","directors":[{"peopleNm":"허진희"}],"companys":[]},{"movieCd":"20210715","movieNm":"전산","movieNmEn":"One Mile Above","prdtYear":"2011","openDt":"","typeNm":"장편","prdtStatNm":"기타","nationAlt":"중국","genreAlt":"드라마","repNationNm":"중국","repGenreNm":"드라마","directors":[],"companys":[]},{"movieCd":"20122223","movieNm":"홀리 모터스","movieNmEn":"Holy Motors","prdtYear":"2012","openDt":"20130404","typeNm":"장편","prdtStatNm":"개봉","nationAlt":"프랑스,독일","genreAlt":"드라마","repNationNm":"프랑스","repGenreNm":"드라마","directors":[{"peopleNm":"레오스 카락스"}],"companys":[]},{"movieCd":"20191562","movieNm":"마더 인 로","movieNmEn":"Mother-in-law","prdtYear":"2019","openDt":"","typeNm":"단편","prdtStatNm":"기타","nationAlt":"한국","genreAlt":"드라마,코미디","repNationNm":"한국","repGenreNm":"드라마","directors":[{"peopleNm":"신승은"}],"companys":[]},{"movieCd":"20176701","movieNm":"찌르다","movieNmEn":"Thrust to Throat","prdtYear":"2017","openDt":"","typeNm":"단편","prdtStatNm":"기타","nationAlt":"한국","genreAlt":"드라마","repNationNm":"한국","repGenreNm":"드라마","directors":[{"peopleNm":"공병선"}],"companys":[]},{"movieCd":"20210723","movieNm":"손수현 배우전","movieNmEn":"","prdtYear":"2021","openDt":"","typeNm":"옴니버스","prdtStatNm":"기타","nationAlt":"한국","genreAlt":"기타","repNationNm":"한국","repGenreNm":"기타","directors":[],"companys":[]}]}