{"totCnt":"95385","source":"영화진흥위원회","movieList":[{"movieCd":"20211769","movieNm":"젖고만 동창녀","movieNmEn":"Reunion with Ex-Classmates","prdtYear":"2020","openDt":"20211116","typeNm":"장편","prdtStatNm":"개봉","nationAlt":"일본","genreAlt":"드라마","repNationNm":"일본","repGenreNm":"드라마","directors":[],"companys":[]},{"movieCd":"20212028","movieNm":"O, Shorts! X 센트럴파크 단편선 Vol.1 GV 2","movieNmEn":"","prdtYear":"2021","openDt":"","typeNm":"옴니버스","prdtStatNm":"기타","nationAlt":"한국","genreAlt":"기타","repNationNm":"한국","repGenreNm":"기타","directors":[],"companys":[]},{"movieCd":"20211928","movieNm":"O, Shorts! X 센트럴파크 단편선 Vol.1 GV","movieNmEn":"","prdtYear":"2021","openDt":"","typeNm":"옴니버스","prdtStatNm":"기타","nationAlt":"한국","genreAlt":"기타","repNationNm":"한국","repGenreNm":"기타","directors":[],"companys":[]},{"movieCd":"20148592","movieNm":"12번째 보조사제","movieNmEn":"12th Assistant Deacon","prdtYear":"2014","openDt":"","typeNm":"단편","prdtStatNm":"기타","nationAlt":"한국","genreAlt":"공포(호러),판타지","repNationNm":"한국","repGenreNm":"공포(호러)","directors":[{"peopleNm":"장재현"}],"companys":[]},{"movieCd":"20211734","movieNm":"아이 엠 벤전스","movieNmEn":"Vengeance is Mine","prdtYear":"2021","openDt":"","typeNm":"장편","prdtStatNm":"기타","nationAlt":"영국","genreAlt":"액션,스릴러","repNationNm":"영국","repGenreNm":"액션","directors":[{"peopleNm":"하디 하자이그"}],"companys":[]},{"movieCd":"20212014","movieNm":"더 길티: 브루클린 실종사건","movieNmEn":"Still Here","prdtYear":"2020","openDt":"","typeNm":"장편","prdtStatNm":"기타","nationAlt":"미국","genreAlt":"스릴러","repNationNm":"미국","repGenreNm":"스릴러","directors":[],"companys":[]},{"movieCd":"20218229","movieNm":"혼숙생활 무삭제","movieNmEn":"","prdtYear":"2020","openDt":"20211115","typeNm":"장편","prdtStatNm":"개봉","nationAlt":"한국","genreAlt":"멜로/로맨스","repNationNm":"한국","repGenreNm":"멜로/로맨스","directors":[{"peopleNm":"윤경식"}],"companys":[{"companyCd":"20174841","companyNm":"(주)가온콘텐츠"}]},{"movieCd":"20212026","movieNm":"늑대소년의 모험","movieNmEn":"The True Adventures of Wolfboy","prdtYear":"2019","openDt":"","typeNm":"장편","prdtStatNm":"기타","nationAlt":"미국","genreAlt":"어드벤처,드라마","repNationNm":"미국","repGenreNm":"어드벤처","directors":[],"companys":[]},{"movieCd":"20138950","movieNm":"셀프헤어컷","movieNmEn":"SELF HAIR CUT ","prdtYear":"2012","openDt":"","typeNm":"단편","prdtStatNm":"기타","nationAlt":"한국","genreAlt":"드라마,멜로/로맨스","repNationNm":"한국","repGenreNm":"드라마","directors":[{"peopleNm":"정무키"}],"companys":[]},{"movieCd":"20211513","movieNm":"음욕 사촌동생 무삭제판","movieNmEn":"","prdtYear":"2021","openDt":"20211115","typeNm":"장편","prdtStatNm":"개봉","nationAlt":"일본","genreAlt":"멜로/로맨스","repNationNm":"일본","repGenreNm":"멜로/로맨스","directors":[{"peopleNm":"테이 쟈가"}],"companys":[]}]}