{"totCnt":"95385","source":"영화진흥위원회","movieList":[{"movieCd":"20230750","movieNm":"제25회 한예종 졸업영화제 섹션 15","movieNmEn":"","prdtYear":"2023","openDt":"","typeNm":"옴니버스","prdtStatNm":"기타","nationAlt":"한국","genreAlt":"기타","repNationNm":"한국","repGenreNm":"기타","directors":[],"companys":[]},{"movieCd":"20230749","movieNm":"제25회 한예종 졸업영화제 섹션 14","movieNmEn":"","prdtYear":"2023","openDt":"","typeNm":"옴니버스","prdtStatNm":"기타","nationAlt":"한국","genreAlt":"기타","repNationNm":"한국","repGenreNm":"기타","directors":[],"companys":[]},{"movieCd":"20230736","movieNm":"제25회 한예종 졸업영화제 섹션 13","movieNmEn":"","prdtYear":"2023","openDt":"","typeNm":"옴니버스","prdtStatNm":"기타","nationAlt":"한국","genreAlt":"기타","repNationNm":"한국","repGenreNm":"기타","directors":[],"companys":[]},{"movieCd":"20230735","movieNm":"제25회 한예종 졸업영화제 섹션 12","movieNmEn":"","prdtYear":"2023","openDt":"","typeNm":"옴니버스","prdtStatNm":"기타","nationAlt":"한국","genreAlt":"기타","repNationNm":"한국","repGenreNm":"기타","directors":[],"companys":[]},{"movieCd":"20230748","movieNm":"제25회 한예종 졸업영화제 섹션 11","movieNmEn":"","prdtYear":"2023","openDt":"","typeNm":"옴니버스","prdtStatNm":"기타","nationAlt":"한국","genreAlt":"기타","repNationNm":"한국","repGenreNm":"기타","directors":[],"companys":[]},{"movieCd":"2023C901","movieNm":"사조영웅전 : 항룡십팔장","movieNmEn":"The Legend Of The Condor","prdtYear":"2021","openDt":"","typeNm":"온라인전용","prdtStatNm":"기타","nationAlt":"중국","genreAlt":"액션,멜로/로맨스,어드벤처","repNationNm":"중국","repGenreNm":"액션","directors":[],"companys":[]},{"movieCd":"20230734","movieNm":"제25회 한예종 졸업영화제 섹션 10","movieNmEn":"","prdtYear":"2023","openDt":"","typeNm":"옴니버스","prdtStatNm":"기타","nationAlt":"한국","genreAlt":"기타","repNationNm":"한국","repGenreNm":"기타","directors":[],"companys":[]},{"movieCd":"20230733","movieNm":"제25회 한예종 졸업영화제 섹션 9","movieNmEn":"","prdtYear":"2023","openDt":"","typeNm":"옴니버스","prdtStatNm":"기타","nationAlt":"한국","genreAlt":"기타","repNationNm":"한국","repGenreNm":"기타","directors":[],"companys":[]},{"movieCd":"20230732","movieNm":"제25회 한예종 졸업영화제 섹션 8","movieNmEn":"","prdtYear":"2023","openDt":"","typeNm":"옴니버스","prdtStatNm":"기타","nationAlt":"한국","genreAlt":"기타","repNationNm":"한국","repGenreNm":"기타","directors":[],"companys":[]},{"movieCd":"20230746","movieNm":"며느리를 보내는 방법 무삭제판","movieNmEn":"","prdtYear":"2022","openDt":"","typeNm":"장편","prdtStatNm":"기타","nationAlt":"일본","genreAlt":"성인물(에로),멜로/로맨스","repNationNm":"일본","repGenreNm":"성인물(에로)","directors":[{"peopleNm":"사쿠라비토"}],"companys":[]}]}