{"totCnt":"95385","source":"영화진흥위원회","movieList":[{"movieCd":"20212222","movieNm":"실종: 사라진 소녀","movieNmEn":"Through the Glass Darkly","prdtYear":"2020","openDt":"","typeNm":"장편","prdtStatNm":"기타","nationAlt":"미국","genreAlt":"스릴러","repNationNm":"미국","repGenreNm":"스릴러","directors":[],"companys":[]},{"movieCd":"20212210","movieNm":"기묘한 이야기: 리유니온","movieNmEn":"What We Found","prdtYear":"2020","openDt":"","typeNm":"장편","prdtStatNm":"기타","nationAlt":"미국","genreAlt":"스릴러","repNationNm":"미국","repGenreNm":"스릴러","directors":[],"companys":[]},{"movieCd":"20211880","movieNm":"막내며느리","movieNmEn":"","prdtYear":"2021","openDt":"20211130","typeNm":"장편","prdtStatNm":"개봉","nationAlt":"한국","genreAlt":"성인물(에로),드라마","repNationNm":"한국","repGenreNm":"성인물(에로)","directors":[{"peopleNm":"이시영"}],"companys":[{"companyCd":"20122937","companyNm":"(주)룬컴퍼니"}]},{"movieCd":"20211514","movieNm":"친구엄마 사용설명서 무삭제판","movieNmEn":"","prdtYear":"2021","openDt":"20211129","typeNm":"장편","prdtStatNm":"개봉","nationAlt":"일본","genreAlt":"멜로/로맨스","repNationNm":"일본","repGenreNm":"멜로/로맨스","directors":[],"companys":[]},{"movieCd":"20211532","movieNm":"유부녀의 사육 무삭제판","movieNmEn":"","prdtYear":"2021","openDt":"20211129","typeNm":"장편","prdtStatNm":"개봉","nationAlt":"일본","genreAlt":"멜로/로맨스","repNationNm":"일본","repGenreNm":"멜로/로맨스","directors":[{"peopleNm":"나기라 겐조"}],"companys":[]},{"movieCd":"20211515","movieNm":"욕정의 목격자 무삭제판","movieNmEn":"","prdtYear":"2021","openDt":"20211129","typeNm":"장편","prdtStatNm":"개봉","nationAlt":"일본","genreAlt":"멜로/로맨스","repNationNm":"일본","repGenreNm":"멜로/로맨스","directors":[],"companys":[]},{"movieCd":"20211832","movieNm":"새엄마의 욕정중독 무삭제판","movieNmEn":"","prdtYear":"2021","openDt":"20211129","typeNm":"장편","prdtStatNm":"개봉","nationAlt":"일본","genreAlt":"멜로/로맨스","repNationNm":"일본","repGenreNm":"멜로/로맨스","directors":[],"companys":[]},{"movieCd":"20210303","movieNm":"킬링 카인드: 킬러의 수제자","movieNmEn":"The Protege","prdtYear":"2021","openDt":"20211201","typeNm":"장편","prdtStatNm":"개봉","nationAlt":"미국","genreAlt":"액션,범죄,스릴러","repNationNm":"미국","repGenreNm":"액션","directors":[{"peopleNm":"마틴 캠벨"}],"companys":[]},{"movieCd":"20211833","movieNm":"새엄마와 하기 좋은 날","movieNmEn":"","prdtYear":"2021","openDt":"20211129","typeNm":"장편","prdtStatNm":"개봉","nationAlt":"일본","genreAlt":"멜로/로맨스","repNationNm":"일본","repGenreNm":"멜로/로맨스","directors":[],"companys":[]},{"movieCd":"20210882","movieNm":"신의 손","movieNmEn":"The Hand of God","prdtYear":"2021","openDt":"20211201","typeNm":"장편","prdtStatNm":"개봉","nationAlt":"미국","genreAlt":"드라마","repNationNm":"미국","repGenreNm":"드라마","directors":[{"peopleNm":"파올로 소렌티노"}],"companys":[]}]}