{"totCnt":"95385","source":"영화진흥위원회","movieList":[{"movieCd":"20211975","movieNm":"픽시","movieNmEn":"Pixie","prdtYear":"2020","openDt":"","typeNm":"장편","prdtStatNm":"기타","nationAlt":"영국","genreAlt":"범죄,액션,코미디","repNationNm":"영국","repGenreNm":"범죄","directors":[{"peopleNm":"바너비 톰슨"}],"companys":[]},{"movieCd":"20212312","movieNm":"잘빠진 새엄마","movieNmEn":"","prdtYear":"2021","openDt":"20211207","typeNm":"장편","prdtStatNm":"개봉","nationAlt":"한국","genreAlt":"멜로/로맨스","repNationNm":"한국","repGenreNm":"멜로/로맨스","directors":[{"peopleNm":"이로운"}],"companys":[{"companyCd":"20136715","companyNm":"(주)영화사히트"}]},{"movieCd":"20060386","movieNm":"황혼의 빛","movieNmEn":"Lights in the Dusk","prdtYear":"2006","openDt":"20061214","typeNm":"장편","prdtStatNm":"개봉","nationAlt":"핀란드","genreAlt":"드라마","repNationNm":"핀란드","repGenreNm":"드라마","directors":[{"peopleNm":"아키 카우리스마키"}],"companys":[]},{"movieCd":"20050270","movieNm":"과거가 없는 남자","movieNmEn":"The Man Without a Past","prdtYear":"2002","openDt":"20051014","typeNm":"장편","prdtStatNm":"개봉","nationAlt":"핀란드","genreAlt":"코미디,드라마","repNationNm":"핀란드","repGenreNm":"코미디","directors":[{"peopleNm":"아키 카우리스마키"}],"companys":[{"companyCd":"20103578","companyNm":"판도라 필름프로덕션 "}]},{"movieCd":"19991134","movieNm":"유하","movieNmEn":"Juha","prdtYear":"1999","openDt":"","typeNm":"장편","prdtStatNm":"기타","nationAlt":"핀란드","genreAlt":"코미디","repNationNm":"핀란드","repGenreNm":"코미디","directors":[{"peopleNm":"아키 카우리스마키"}],"companys":[]},{"movieCd":"20134967","movieNm":"어둠은 걷히고","movieNmEn":"Far Away the Clouds Escape","prdtYear":"1996","openDt":"","typeNm":"장편","prdtStatNm":"기타","nationAlt":"핀란드","genreAlt":"드라마,코미디","repNationNm":"핀란드","repGenreNm":"드라마","directors":[{"peopleNm":"아키 카우리스마키"}],"companys":[]},{"movieCd":"19928182","movieNm":"보헤미안의 생","movieNmEn":"Bohemian Life","prdtYear":"1992","openDt":"","typeNm":"장편","prdtStatNm":"기타","nationAlt":"핀란드","genreAlt":"드라마,코미디","repNationNm":"핀란드","repGenreNm":"드라마","directors":[{"peopleNm":"아키 카우리스마키"}],"companys":[]},{"movieCd":"20050211","movieNm":"성냥공장 소녀","movieNmEn":"The Match Factory Girl","prdtYear":"1990","openDt":"20010428","typeNm":"장편","prdtStatNm":"개봉","nationAlt":"핀란드","genreAlt":"드라마","repNationNm":"핀란드","repGenreNm":"드라마","directors":[{"peopleNm":"아키 카우리스마키"}],"companys":[]},{"movieCd":"19890001","movieNm":"레닌그라드 카우보이 미국에 가다","movieNmEn":"Leningrad Cowboys Go America","prdtYear":"1989","openDt":"19960518","typeNm":"장편","prdtStatNm":"개봉","nationAlt":"핀란드","genreAlt":"코미디","repNationNm":"핀란드","repGenreNm":"코미디","directors":[{"peopleNm":"아키 카우리스마키"}],"companys":[]},{"movieCd":"20134964","movieNm":"아리엘","movieNmEn":"Ariel","prdtYear":"1988","openDt":"","typeNm":"장편","prdtStatNm":"기타","nationAlt":"핀란드","genreAlt":"범죄,멜로/로맨스","repNationNm":"핀란드","repGenreNm":"범죄","directors":[{"peopleNm":"아키 카우리스마키"}],"companys":[]}]}