{"totCnt":"95385","source":"영화진흥위원회","movieList":[{"movieCd":"20211105","movieNm":"스웻","movieNmEn":"Sweat","prdtYear":"2020","openDt":"","typeNm":"장편","prdtStatNm":"기타","nationAlt":"폴란드","genreAlt":"드라마","repNationNm":"폴란드","repGenreNm":"드라마","directors":[{"peopleNm":"매그너스 본 혼"}],"companys":[]},{"movieCd":"20211302","movieNm":"리얼돌과의 환상섹스","movieNmEn":"","prdtYear":"2020","openDt":"20211026","typeNm":"장편","prdtStatNm":"개봉","nationAlt":"일본","genreAlt":"멜로/로맨스,드라마","repNationNm":"일본","repGenreNm":"멜로/로맨스","directors":[{"peopleNm":"쿠도 타이요"}],"companys":[]},{"movieCd":"20211285","movieNm":"남편 몰래 섹스 파티","movieNmEn":"","prdtYear":"2020","openDt":"20211026","typeNm":"장편","prdtStatNm":"개봉","nationAlt":"일본","genreAlt":"멜로/로맨스,드라마","repNationNm":"일본","repGenreNm":"멜로/로맨스","directors":[{"peopleNm":"나가에 타카미"}],"companys":[]},{"movieCd":"20211286","movieNm":"거유 바니걸 리나","movieNmEn":"","prdtYear":"2020","openDt":"20211026","typeNm":"장편","prdtStatNm":"개봉","nationAlt":"일본","genreAlt":"멜로/로맨스,드라마","repNationNm":"일본","repGenreNm":"멜로/로맨스","directors":[{"peopleNm":"버드맨 텟페이"}],"companys":[]},{"movieCd":"20210853","movieNm":"BIAF2021 한국 단편 경쟁 B","movieNmEn":"BIAF2021 Korean Short Film B","prdtYear":"2021","openDt":"","typeNm":"옴니버스","prdtStatNm":"기타","nationAlt":"한국","genreAlt":"애니메이션","repNationNm":"한국","repGenreNm":"애니메이션","directors":[],"companys":[]},{"movieCd":"20211319","movieNm":"일옥양처","movieNmEn":"The Happy Bigamist","prdtYear":"1987","openDt":"","typeNm":"장편","prdtStatNm":"기타","nationAlt":"홍콩","genreAlt":"코미디","repNationNm":"홍콩","repGenreNm":"코미디","directors":[{"peopleNm":"진우"}],"companys":[]},{"movieCd":"20196270","movieNm":"싱크홀","movieNmEn":"Sinkhole","prdtYear":"2021","openDt":"20210811","typeNm":"장편","prdtStatNm":"개봉","nationAlt":"한국","genreAlt":"코미디","repNationNm":"한국","repGenreNm":"코미디","directors":[{"peopleNm":"김지훈"}],"companys":[{"companyCd":"20063209","companyNm":"(주)더타워픽쳐스"}]},{"movieCd":"20211306","movieNm":"미션 컴플리트","movieNmEn":"Flight of the Evil","prdtYear":"2019","openDt":"","typeNm":"장편","prdtStatNm":"기타","nationAlt":"중국","genreAlt":"범죄,액션","repNationNm":"중국","repGenreNm":"범죄","directors":[],"companys":[]},{"movieCd":"20210384","movieNm":"창극 패왕별희","movieNmEn":"Farewell My Concubine","prdtYear":"2019","openDt":"20210923","typeNm":"장편","prdtStatNm":"개봉","nationAlt":"한국","genreAlt":"공연","repNationNm":"한국","repGenreNm":"공연","directors":[{"peopleNm":"우싱궈"}],"companys":[{"companyCd":"20126015","companyNm":"(주)케빈앤컴퍼니"}]},{"movieCd":"20210758","movieNm":"세이브 더 캣","movieNmEn":"Save the Cat","prdtYear":"2021","openDt":"","typeNm":"단편","prdtStatNm":"기타","nationAlt":"한국","genreAlt":"드라마","repNationNm":"한국","repGenreNm":"드라마","directors":[{"peopleNm":"허지예"}],"companys":[]}]}