{"totCnt":"95385","source":"영화진흥위원회","movieList":[{"movieCd":"20223702","movieNm":"속옷도둑을 잡아서 만족시킨 날","movieNmEn":"","prdtYear":"2020","openDt":"","typeNm":"장편","prdtStatNm":"기타","nationAlt":"일본","genreAlt":"성인물(에로)","repNationNm":"일본","repGenreNm":"성인물(에로)","directors":[{"peopleNm":"코지마 유키오"}],"companys":[]},{"movieCd":"20223701","movieNm":"만취해 색녀가 된 형수가 귀여워","movieNmEn":"","prdtYear":"2020","openDt":"","typeNm":"장편","prdtStatNm":"기타","nationAlt":"일본","genreAlt":"성인물(에로)","repNationNm":"일본","repGenreNm":"성인물(에로)","directors":[{"peopleNm":"코지마 유키오"}],"companys":[]},{"movieCd":"20223700","movieNm":"어 차일드 인 사일런스","movieNmEn":"A Child in Silence.","prdtYear":"2021","openDt":"","typeNm":"단편","prdtStatNm":"기타","nationAlt":"한국","genreAlt":"공포(호러),스릴러,미스터리","repNationNm":"한국","repGenreNm":"공포(호러)","directors":[],"companys":[]},{"movieCd":"20223678","movieNm":"저런 날","movieNmEn":"Tough Day","prdtYear":"2020","openDt":"","typeNm":"단편","prdtStatNm":"기타","nationAlt":"한국","genreAlt":"드라마,가족","repNationNm":"한국","repGenreNm":"드라마","directors":[{"peopleNm":"양병찬"}],"companys":[]},{"movieCd":"20223698","movieNm":"한국인의 저주의 역사","movieNmEn":"The History Of Korean Curse","prdtYear":"2021","openDt":"","typeNm":"단편","prdtStatNm":"기타","nationAlt":"한국","genreAlt":"다큐멘터리","repNationNm":"한국","repGenreNm":"다큐멘터리","directors":[],"companys":[]},{"movieCd":"20203598","movieNm":"셀 스코프","movieNmEn":"Cell Scope","prdtYear":"2020","openDt":"","typeNm":"단편","prdtStatNm":"기타","nationAlt":"한국","genreAlt":"기타","repNationNm":"한국","repGenreNm":"기타","directors":[{"peopleNm":"권희수"}],"companys":[]},{"movieCd":"20223697","movieNm":"형광등","movieNmEn":"Fluorescent Light","prdtYear":"2021","openDt":"","typeNm":"단편","prdtStatNm":"기타","nationAlt":"한국","genreAlt":"기타","repNationNm":"한국","repGenreNm":"기타","directors":[],"companys":[]},{"movieCd":"20223677","movieNm":"몰래 먹는 누나","movieNmEn":"","prdtYear":"2021","openDt":"","typeNm":"장편","prdtStatNm":"기타","nationAlt":"한국","genreAlt":"성인물(에로),멜로/로맨스","repNationNm":"한국","repGenreNm":"성인물(에로)","directors":[{"peopleNm":"김동해"}],"companys":[{"companyCd":"20217221","companyNm":"라이어 시네마"}]},{"movieCd":"20172469","movieNm":"허스토리","movieNmEn":"Herstory","prdtYear":"2017","openDt":"20180627","typeNm":"장편","prdtStatNm":"개봉","nationAlt":"한국","genreAlt":"드라마","repNationNm":"한국","repGenreNm":"드라마","directors":[{"peopleNm":"민규동"}],"companys":[{"companyCd":"20100340","companyNm":"(주)수필름"}]},{"movieCd":"20070063","movieNm":"해리 포터와 불사조 기사단","movieNmEn":"Harry Potter And The Order Of The Phoenix","prdtYear":"2007","openDt":"20070711","typeNm":"장편","prdtStatNm":"개봉","nationAlt":"미국","genreAlt":"판타지,액션,어드벤처","repNationNm":"미국","repGenreNm":"판타지","directors":[{"peopleNm":"데이빗 예이츠"}],"companys":[{"companyCd":"20103668","companyNm":"워너 브러더스 픽쳐스"},{"companyCd":"20104091","companyNm":"헤이데이필름"}]}]}