{"totCnt":"95385","source":"영화진흥위원회","movieList":[{"movieCd":"20223503","movieNm":"2021 스토리업 선정작 상영회 섹션2","movieNmEn":"","prdtYear":"2022","openDt":"","typeNm":"옴니버스","prdtStatNm":"기타","nationAlt":"한국","genreAlt":"드라마","repNationNm":"한국","repGenreNm":"드라마","directors":[],"companys":[]},{"movieCd":"20223501","movieNm":"2021 스토리업 선정작 상영회 섹션1","movieNmEn":"","prdtYear":"2022","openDt":"","typeNm":"옴니버스","prdtStatNm":"기타","nationAlt":"한국","genreAlt":"드라마","repNationNm":"한국","repGenreNm":"드라마","directors":[],"companys":[]},{"movieCd":"20223483","movieNm":"여배우 복희씨의 연기는 코로나 치료제","movieNmEn":"","prdtYear":"2021","openDt":"","typeNm":"단편","prdtStatNm":"기타","nationAlt":"한국","genreAlt":"코미디","repNationNm":"한국","repGenreNm":"코미디","directors":[{"peopleNm":"최용호"}],"companys":[]},{"movieCd":"20223303","movieNm":"항마전 2: 흑룡의 부활","movieNmEn":"Ancient Beast of Kunlun Town","prdtYear":"2021","openDt":"","typeNm":"장편","prdtStatNm":"기타","nationAlt":"중국","genreAlt":"액션","repNationNm":"중국","repGenreNm":"액션","directors":[],"companys":[]},{"movieCd":"20223455","movieNm":"더 테러 라이브 인 하이스쿨","movieNmEn":"Student Body","prdtYear":"2022","openDt":"","typeNm":"장편","prdtStatNm":"기타","nationAlt":"미국","genreAlt":"공포(호러),스릴러","repNationNm":"미국","repGenreNm":"공포(호러)","directors":[{"peopleNm":"리 앤 커"}],"companys":[]},{"movieCd":"20223454","movieNm":"메시아","movieNmEn":"ME,SSIAH","prdtYear":"2021","openDt":"","typeNm":"단편","prdtStatNm":"기타","nationAlt":"한국","genreAlt":"판타지,미스터리","repNationNm":"한국","repGenreNm":"판타지","directors":[{"peopleNm":"박재현"}],"companys":[]},{"movieCd":"20211768","movieNm":"신데렐라 2: 마법에 걸린 왕자","movieNmEn":"Cinderella and the Spellbinder","prdtYear":"2021","openDt":"20211222","typeNm":"장편","prdtStatNm":"개봉","nationAlt":"미국","genreAlt":"애니메이션,판타지,어드벤처","repNationNm":"미국","repGenreNm":"애니메이션","directors":[{"peopleNm":"앨리스 블레하트"}],"companys":[]},{"movieCd":"20212859","movieNm":"욕망의 골짜기","movieNmEn":"","prdtYear":"2021","openDt":"20220113","typeNm":"장편","prdtStatNm":"개봉","nationAlt":"한국","genreAlt":"성인물(에로)","repNationNm":"한국","repGenreNm":"성인물(에로)","directors":[{"peopleNm":"강현성"}],"companys":[{"companyCd":"20217881","companyNm":"(주)샤이커뮤니케이션즈"}]},{"movieCd":"20213063","movieNm":"시아버지 사냥 무삭제판","movieNmEn":"","prdtYear":"2020","openDt":"","typeNm":"장편","prdtStatNm":"기타","nationAlt":"일본","genreAlt":"성인물(에로),드라마","repNationNm":"일본","repGenreNm":"성인물(에로)","directors":[{"peopleNm":"아사기리 조"}],"companys":[]},{"movieCd":"20212935","movieNm":"남편 앞에서 와이프에게 넣어버리는 산부인과2","movieNmEn":"","prdtYear":"2021","openDt":"","typeNm":"장편","prdtStatNm":"기타","nationAlt":"일본","genreAlt":"성인물(에로)","repNationNm":"일본","repGenreNm":"성인물(에로)","directors":[],"companys":[]}]}