{"totCnt":"95385","source":"영화진흥위원회","movieList":[{"movieCd":"20219878","movieNm":"CISFF2021 국내경쟁 2","movieNmEn":"","prdtYear":"2021","openDt":"","typeNm":"옴니버스","prdtStatNm":"기타","nationAlt":"한국","genreAlt":"기타","repNationNm":"한국","repGenreNm":"기타","directors":[],"companys":[]},{"movieCd":"20219884","movieNm":"CISFF2021 국내경쟁 1","movieNmEn":"","prdtYear":"2021","openDt":"","typeNm":"옴니버스","prdtStatNm":"기타","nationAlt":"한국","genreAlt":"기타","repNationNm":"한국","repGenreNm":"기타","directors":[],"companys":[]},{"movieCd":"20218633","movieNm":"배틀 솔저","movieNmEn":"Run Amuck","prdtYear":"2019","openDt":"","typeNm":"장편","prdtStatNm":"기타","nationAlt":"중국","genreAlt":"액션","repNationNm":"중국","repGenreNm":"액션","directors":[],"companys":[]},{"movieCd":"20211318","movieNm":"맨 인 러브","movieNmEn":"Man In Love","prdtYear":"2021","openDt":"20211124","typeNm":"장편","prdtStatNm":"개봉","nationAlt":"홍콩","genreAlt":"멜로/로맨스","repNationNm":"홍콩","repGenreNm":"멜로/로맨스","directors":[],"companys":[]},{"movieCd":"20217246","movieNm":"피부를 판 남자","movieNmEn":"The Man Who Sold His Skin","prdtYear":"2020","openDt":"20211216","typeNm":"장편","prdtStatNm":"개봉","nationAlt":"기타","genreAlt":"드라마","repNationNm":"기타","repGenreNm":"드라마","directors":[],"companys":[]},{"movieCd":"20211176","movieNm":"마이 뉴욕 다이어리","movieNmEn":"My Salinger Year","prdtYear":"2020","openDt":"20211209","typeNm":"장편","prdtStatNm":"개봉","nationAlt":"캐나다","genreAlt":"드라마","repNationNm":"캐나다","repGenreNm":"드라마","directors":[{"peopleNm":"필리프 팔라도"}],"companys":[]},{"movieCd":"19950190","movieNm":"뮤리엘의 웨딩","movieNmEn":"Muriel's Wedding","prdtYear":"1994","openDt":"19950520","typeNm":"장편","prdtStatNm":"개봉","nationAlt":"호주","genreAlt":"코미디,드라마,멜로/로맨스","repNationNm":"호주","repGenreNm":"코미디","directors":[{"peopleNm":"P.J. 호건"}],"companys":[{"companyCd":"20102590","companyNm":"씨비 2000"}]},{"movieCd":"20169305","movieNm":"해피 아워","movieNmEn":"Happy Hour","prdtYear":"2015","openDt":"20211209","typeNm":"장편","prdtStatNm":"개봉","nationAlt":"일본","genreAlt":"드라마","repNationNm":"일본","repGenreNm":"드라마","directors":[{"peopleNm":"하마구치 류스케"}],"companys":[]},{"movieCd":"20210972","movieNm":"티탄","movieNmEn":"Titane","prdtYear":"2021","openDt":"20211209","typeNm":"장편","prdtStatNm":"개봉","nationAlt":"프랑스","genreAlt":"드라마,SF,스릴러","repNationNm":"프랑스","repGenreNm":"드라마","directors":[{"peopleNm":"줄리아 듀코나우"}],"companys":[]},{"movieCd":"20210952","movieNm":"스파이 캣","movieNmEn":"Marnie's World","prdtYear":"2018","openDt":"20211209","typeNm":"장편","prdtStatNm":"개봉","nationAlt":"독일","genreAlt":"애니메이션","repNationNm":"독일","repGenreNm":"애니메이션","directors":[{"peopleNm":"크리스토프 라우엔슈타인"},{"peopleNm":"울프강 라우엔슈타인"}],"companys":[]}]}