{"totCnt":"95385","source":"영화진흥위원회","movieList":[{"movieCd":"20203935","movieNm":"오늘의 은수","movieNmEn":"The Happiest Day","prdtYear":"2020","openDt":"","typeNm":"단편","prdtStatNm":"기타","nationAlt":"한국","genreAlt":"판타지,멜로/로맨스","repNationNm":"한국","repGenreNm":"판타지","directors":[{"peopleNm":"권호영"}],"companys":[{"companyCd":"20204641","companyNm":"원(ONE)미디어"}]},{"movieCd":"20224232","movieNm":"아웃사이드 노이즈","movieNmEn":"Outside Noise","prdtYear":"2021","openDt":"","typeNm":"장편","prdtStatNm":"기타","nationAlt":"독일,한국,오스트리아 ","genreAlt":"기타","repNationNm":"독일","repGenreNm":"기타","directors":[],"companys":[]},{"movieCd":"20224231","movieNm":"날개","movieNmEn":"Wings","prdtYear":"2021","openDt":"","typeNm":"단편","prdtStatNm":"기타","nationAlt":"한국","genreAlt":"멜로/로맨스","repNationNm":"한국","repGenreNm":"멜로/로맨스","directors":[],"companys":[]},{"movieCd":"20224230","movieNm":"논","movieNmEn":"NONE","prdtYear":"2020","openDt":"","typeNm":"단편","prdtStatNm":"기타","nationAlt":"한국","genreAlt":"코미디","repNationNm":"한국","repGenreNm":"코미디","directors":[],"companys":[]},{"movieCd":"20201440","movieNm":"끝내주는 절벽","movieNmEn":"The Breathtaking Cliff","prdtYear":"2021","openDt":"","typeNm":"단편","prdtStatNm":"기타","nationAlt":"한국","genreAlt":"드라마","repNationNm":"한국","repGenreNm":"드라마","directors":[],"companys":[]},{"movieCd":"20183943","movieNm":"서정의 세계","movieNmEn":"Poetry Day","prdtYear":"2018","openDt":"","typeNm":"단편","prdtStatNm":"기타","nationAlt":"한국","genreAlt":"드라마","repNationNm":"한국","repGenreNm":"드라마","directors":[{"peopleNm":"김수로"}],"companys":[]},{"movieCd":"20190544","movieNm":"링링","movieNmEn":"LingLing","prdtYear":"2019","openDt":"","typeNm":"단편","prdtStatNm":"기타","nationAlt":"한국","genreAlt":"가족","repNationNm":"한국","repGenreNm":"가족","directors":[{"peopleNm":"윤다영"}],"companys":[]},{"movieCd":"20224209","movieNm":"유즈레스 스토리즈 2","movieNmEn":"Useless Stories 2","prdtYear":"2021","openDt":"","typeNm":"단편","prdtStatNm":"기타","nationAlt":"한국","genreAlt":"애니메이션","repNationNm":"한국","repGenreNm":"애니메이션","directors":[{"peopleNm":"최보규"},{"peopleNm":"노풀잎"}],"companys":[]},{"movieCd":"20165145","movieNm":"유즈레스 스토리","movieNmEn":"Useless story","prdtYear":"2016","openDt":"","typeNm":"단편","prdtStatNm":"기타","nationAlt":"한국","genreAlt":"애니메이션","repNationNm":"한국","repGenreNm":"애니메이션","directors":[{"peopleNm":"노풀잎"},{"peopleNm":"최보규"}],"companys":[]},{"movieCd":"20192225","movieNm":"거미","movieNmEn":"The Woman with a Spider","prdtYear":"2019","openDt":"","typeNm":"단편","prdtStatNm":"기타","nationAlt":"한국","genreAlt":"공포(호러)","repNationNm":"한국","repGenreNm":"공포(호러)","directors":[{"peopleNm":"구소정"}],"companys":[]}]}