{"totCnt":"95385","source":"영화진흥위원회","movieList":[{"movieCd":"20223822","movieNm":"당신의 아내가 야근한다면 무삭제판","movieNmEn":"Revenge of misunderstanding","prdtYear":"2020","openDt":"","typeNm":"장편","prdtStatNm":"기타","nationAlt":"일본","genreAlt":"성인물(에로),드라마","repNationNm":"일본","repGenreNm":"성인물(에로)","directors":[{"peopleNm":"잠파"}],"companys":[]},{"movieCd":"20223821","movieNm":"시아버지의 여자 2 무삭제판","movieNmEn":"Hell of beginning","prdtYear":"2020","openDt":"","typeNm":"장편","prdtStatNm":"기타","nationAlt":"일본","genreAlt":"성인물(에로),드라마","repNationNm":"일본","repGenreNm":"성인물(에로)","directors":[{"peopleNm":"잠파"}],"companys":[]},{"movieCd":"20060250","movieNm":"귀향","movieNmEn":"Volver","prdtYear":"2006","openDt":"20060921","typeNm":"장편","prdtStatNm":"개봉","nationAlt":"스페인","genreAlt":"드라마,판타지","repNationNm":"스페인","repGenreNm":"드라마","directors":[{"peopleNm":"페드로 알모도바르"}],"companys":[{"companyCd":"20102413","companyNm":"까날 플러스"}]},{"movieCd":"19958886","movieNm":"비밀의 꽃","movieNmEn":"The Flower of My Secret","prdtYear":"1995","openDt":"","typeNm":"장편","prdtStatNm":"기타","nationAlt":"스페인","genreAlt":"드라마","repNationNm":"스페인","repGenreNm":"드라마","directors":[{"peopleNm":"페드로 알모도바르"}],"companys":[]},{"movieCd":"19970064","movieNm":"라이브 플래쉬","movieNmEn":"Live Flesh","prdtYear":"1998","openDt":"19991009","typeNm":"장편","prdtStatNm":"개봉","nationAlt":"스페인","genreAlt":"드라마,멜로/로맨스","repNationNm":"스페인","repGenreNm":"드라마","directors":[{"peopleNm":"페드로 알모도바르"}],"companys":[{"companyCd":"20102590","companyNm":"씨비 2000"},{"companyCd":"20103261","companyNm":"엘 데세오 S.A."},{"companyCd":"20103701","companyNm":"프랑스3시네마"}]},{"movieCd":"20040666","movieNm":"나쁜 교육","movieNmEn":"Bad Education","prdtYear":"2004","openDt":"20040917","typeNm":"장편","prdtStatNm":"개봉","nationAlt":"스페인","genreAlt":"드라마","repNationNm":"스페인","repGenreNm":"드라마","directors":[{"peopleNm":"페드로 알모도바르"}],"companys":[{"companyCd":"20102420","companyNm":"까날 플러스 에스파냐"}]},{"movieCd":"20090588","movieNm":"브로큰 임브레이스","movieNmEn":"Broken Hugs","prdtYear":"2009","openDt":"20091119","typeNm":"장편","prdtStatNm":"개봉","nationAlt":"스페인","genreAlt":"드라마,스릴러,멜로/로맨스","repNationNm":"스페인","repGenreNm":"드라마","directors":[{"peopleNm":"페드로 알모도바르"}],"companys":[]},{"movieCd":"20183614","movieNm":"욕망의 법칙","movieNmEn":"Law of desire","prdtYear":"1987","openDt":"","typeNm":"장편","prdtStatNm":"기타","nationAlt":"스페인","genreAlt":"멜로/로맨스","repNationNm":"스페인","repGenreNm":"멜로/로맨스","directors":[{"peopleNm":"페드로 알모도바르"}],"companys":[]},{"movieCd":"19910234","movieNm":"신경쇠약 직전의 여자","movieNmEn":"Women On The Verge Of A Nervous Breakdown","prdtYear":"1988","openDt":"19910622","typeNm":"장편","prdtStatNm":"개봉","nationAlt":"스페인","genreAlt":"코미디,드라마","repNationNm":"스페인","repGenreNm":"코미디","directors":[{"peopleNm":"페드로 알모도바르"}],"companys":[]},{"movieCd":"19920215","movieNm":"하이힐","movieNmEn":"Higyhill","prdtYear":"1991","openDt":"19920620","typeNm":"장편","prdtStatNm":"개봉","nationAlt":"스페인","genreAlt":"드라마","repNationNm":"스페인","repGenreNm":"드라마","directors":[{"peopleNm":"페드로 알모도바르"}],"companys":[]}]}