{"totCnt":"95385","source":"영화진흥위원회","movieList":[{"movieCd":"20228836","movieNm":"젖은 피부가 흔들리는 욕실","movieNmEn":"","prdtYear":"2022","openDt":"20230209","typeNm":"장편","prdtStatNm":"개봉","nationAlt":"일본","genreAlt":"성인물(에로)","repNationNm":"일본","repGenreNm":"성인물(에로)","directors":[],"companys":[]},{"movieCd":"20230049","movieNm":"제수씨의 활짝 벌린 가랑이","movieNmEn":"","prdtYear":"2020","openDt":"20230208","typeNm":"장편","prdtStatNm":"개봉","nationAlt":"일본","genreAlt":"성인물(에로)","repNationNm":"일본","repGenreNm":"성인물(에로)","directors":[],"companys":[]},{"movieCd":"20230050","movieNm":"음탕한 처형의 젖은 속살","movieNmEn":"","prdtYear":"2020","openDt":"20230208","typeNm":"장편","prdtStatNm":"개봉","nationAlt":"일본","genreAlt":"성인물(에로)","repNationNm":"일본","repGenreNm":"성인물(에로)","directors":[],"companys":[]},{"movieCd":"20230136","movieNm":"대박나는 마사지샵의 영업비밀2","movieNmEn":"","prdtYear":"2022","openDt":"20230208","typeNm":"장편","prdtStatNm":"개봉","nationAlt":"한국","genreAlt":"성인물(에로)","repNationNm":"한국","repGenreNm":"성인물(에로)","directors":[{"peopleNm":"김소라"}],"companys":[{"companyCd":"20217184","companyNm":"영화사 레드카펫"}]},{"movieCd":"20228761","movieNm":"두 남자에게 당하는 예쁜 유부녀","movieNmEn":"","prdtYear":"2022","openDt":"20230205","typeNm":"장편","prdtStatNm":"개봉","nationAlt":"일본","genreAlt":"성인물(에로)","repNationNm":"일본","repGenreNm":"성인물(에로)","directors":[],"companys":[]},{"movieCd":"20228835","movieNm":"젖어오는 미망인","movieNmEn":"","prdtYear":"2022","openDt":"20230202","typeNm":"장편","prdtStatNm":"개봉","nationAlt":"일본","genreAlt":"성인물(에로)","repNationNm":"일본","repGenreNm":"성인물(에로)","directors":[],"companys":[]},{"movieCd":"20228527","movieNm":"교환아내2","movieNmEn":"","prdtYear":"2022","openDt":"20230202","typeNm":"장편","prdtStatNm":"개봉","nationAlt":"한국","genreAlt":"성인물(에로),드라마","repNationNm":"한국","repGenreNm":"성인물(에로)","directors":[{"peopleNm":"이시영"}],"companys":[{"companyCd":"20202841","companyNm":"영화사 산들바람"}]},{"movieCd":"20239911","movieNm":"가슴 큰 건물주 재희","movieNmEn":"","prdtYear":"2022","openDt":"20230202","typeNm":"장편","prdtStatNm":"개봉","nationAlt":"한국","genreAlt":"성인물(에로),멜로/로맨스","repNationNm":"한국","repGenreNm":"성인물(에로)","directors":[{"peopleNm":"벤자민 킴"}],"companys":[{"companyCd":"20228942","companyNm":"레드 시네마"}]},{"movieCd":"20239889","movieNm":"MZ세대 돌려먹는 친구오빠","movieNmEn":"","prdtYear":"2022","openDt":"20230201","typeNm":"장편","prdtStatNm":"개봉","nationAlt":"한국","genreAlt":"성인물(에로)","repNationNm":"한국","repGenreNm":"성인물(에로)","directors":[{"peopleNm":"이하선"}],"companys":[{"companyCd":"20217184","companyNm":"영화사 레드카펫"}]},{"movieCd":"20230700","movieNm":"기억의 집","movieNmEn":"Home","prdtYear":"2023","openDt":"","typeNm":"단편","prdtStatNm":"기타","nationAlt":"한국","genreAlt":"공포(호러),드라마","repNationNm":"한국","repGenreNm":"공포(호러)","directors":[],"companys":[]}]}