{"totCnt":"95385","source":"영화진흥위원회","movieList":[{"movieCd":"20210144","movieNm":"동피철골 방세옥","movieNmEn":"Unbending Mr. Fang","prdtYear":"2021","openDt":"","typeNm":"장편","prdtStatNm":"기타","nationAlt":"중국","genreAlt":"액션","repNationNm":"중국","repGenreNm":"액션","directors":[],"companys":[]},{"movieCd":"20210129","movieNm":"몬스터","movieNmEn":"Rival","prdtYear":"2020","openDt":"","typeNm":"장편","prdtStatNm":"기타","nationAlt":"우크라이나","genreAlt":"드라마","repNationNm":"우크라이나","repGenreNm":"드라마","directors":[],"companys":[]},{"movieCd":"20200343","movieNm":"와일드 구스 레이크","movieNmEn":"The Wild Goose Lake","prdtYear":"2019","openDt":"","typeNm":"장편","prdtStatNm":"개봉예정","nationAlt":"중국,프랑스","genreAlt":"액션,범죄","repNationNm":"중국","repGenreNm":"액션","directors":[{"peopleNm":"디아오 이난"}],"companys":[]},{"movieCd":"20219333","movieNm":"코드 카림","movieNmEn":"Code: Karim","prdtYear":"2020","openDt":"20210826","typeNm":"장편","prdtStatNm":"개봉","nationAlt":"이탈리아","genreAlt":"액션","repNationNm":"이탈리아","repGenreNm":"액션","directors":[{"peopleNm":"페드리코 알로토"}],"companys":[]},{"movieCd":"20219932","movieNm":"카라타이: 태양의 전사","movieNmEn":"Resistance Karatay","prdtYear":"2018","openDt":"","typeNm":"장편","prdtStatNm":"기타","nationAlt":"기타","genreAlt":"액션,전쟁","repNationNm":"기타","repGenreNm":"액션","directors":[],"companys":[]},{"movieCd":"20219624","movieNm":"블룸 업: 스와핑","movieNmEn":"Bloom Up – A swinger couple story","prdtYear":"2021","openDt":"20210826","typeNm":"장편","prdtStatNm":"개봉","nationAlt":"미국","genreAlt":"다큐멘터리","repNationNm":"미국","repGenreNm":"다큐멘터리","directors":[{"peopleNm":"마우로 루소 루즈"}],"companys":[]},{"movieCd":"20219227","movieNm":"블러드 비스트","movieNmEn":"Beast Within","prdtYear":"2019","openDt":"","typeNm":"장편","prdtStatNm":"기타","nationAlt":"미국,캐나다","genreAlt":"액션,공포(호러)","repNationNm":"미국","repGenreNm":"액션","directors":[{"peopleNm":"스티븐 모라나"}],"companys":[]},{"movieCd":"20217509","movieNm":"마더스 인스팅트","movieNmEn":"Mothers’ Instinct","prdtYear":"2018","openDt":"","typeNm":"장편","prdtStatNm":"기타","nationAlt":"기타","genreAlt":"드라마,미스터리,스릴러","repNationNm":"기타","repGenreNm":"드라마","directors":[{"peopleNm":"올리비에 마세-드파스"}],"companys":[]},{"movieCd":"20218949","movieNm":"다이노 마이 프렌드","movieNmEn":"Diary of Dinosaurs","prdtYear":"2021","openDt":"20210826","typeNm":"장편","prdtStatNm":"개봉","nationAlt":"중국","genreAlt":"애니메이션","repNationNm":"중국","repGenreNm":"애니메이션","directors":[{"peopleNm":"종위"}],"companys":[]},{"movieCd":"20219551","movieNm":"극장판 페이트/그랜드 오더 신성원탁영역 카멜롯 팔라딘; 아가트람","movieNmEn":"Fate/Grand Order THE MOVIE Divine Realm of the Round Table: Camelot Paladin; Agateram","prdtYear":"2020","openDt":"20210826","typeNm":"장편","prdtStatNm":"개봉","nationAlt":"일본","genreAlt":"애니메이션,액션,판타지","repNationNm":"일본","repGenreNm":"애니메이션","directors":[{"peopleNm":"아라이 카즈토"}],"companys":[]}]}