{"totCnt":"95385","source":"영화진흥위원회","movieList":[{"movieCd":"20210693","movieNm":"SICAF2021 공식경쟁: 프로덕션 캐릭터 애니메이션(TV), 게임·영화 시네마틱스","movieNmEn":"","prdtYear":"2021","openDt":"","typeNm":"옴니버스","prdtStatNm":"기타","nationAlt":"기타","genreAlt":"애니메이션","repNationNm":"기타","repGenreNm":"애니메이션","directors":[],"companys":[]},{"movieCd":"20210692","movieNm":"SICAF2021 공식경쟁: 단편 독립애니메이션 B","movieNmEn":"","prdtYear":"2021","openDt":"","typeNm":"옴니버스","prdtStatNm":"기타","nationAlt":"기타","genreAlt":"애니메이션","repNationNm":"기타","repGenreNm":"애니메이션","directors":[],"companys":[]},{"movieCd":"20210691","movieNm":"SICAF2021 공식경쟁: 단편 독립애니메이션 A","movieNmEn":"","prdtYear":"2021","openDt":"","typeNm":"옴니버스","prdtStatNm":"기타","nationAlt":"기타","genreAlt":"애니메이션","repNationNm":"기타","repGenreNm":"애니메이션","directors":[],"companys":[]},{"movieCd":"20072140","movieNm":"니키리라고도 알려진","movieNmEn":"a.k.a. Nikki S. Lee","prdtYear":"2006","openDt":"","typeNm":"장편","prdtStatNm":"기타","nationAlt":"한국","genreAlt":"다큐멘터리","repNationNm":"한국","repGenreNm":"다큐멘터리","directors":[{"peopleNm":"니키 리"}],"companys":[{"companyCd":"20100799","companyNm":"레슬리터커노우 아트워크 프로젝트(갤러리)"}]},{"movieCd":"20210688","movieNm":"우주의 법칙 - 엘로힘의 시대","movieNmEn":"The Laws of the Universe - The Age of Elohim","prdtYear":"2021","openDt":"","typeNm":"장편","prdtStatNm":"기타","nationAlt":"일본","genreAlt":"애니메이션","repNationNm":"일본","repGenreNm":"애니메이션","directors":[{"peopleNm":"이마카케 이사무"}],"companys":[]},{"movieCd":"20210706","movieNm":"천국으로 가는 문","movieNmEn":"","prdtYear":"2020","openDt":"","typeNm":"장편","prdtStatNm":"기타","nationAlt":"한국","genreAlt":"드라마","repNationNm":"한국","repGenreNm":"드라마","directors":[],"companys":[]},{"movieCd":"20210687","movieNm":"벤야민","movieNmEn":"Benjamin","prdtYear":"2021","openDt":"","typeNm":"장편","prdtStatNm":"기타","nationAlt":"이란","genreAlt":"애니메이션","repNationNm":"이란","repGenreNm":"애니메이션","directors":[],"companys":[]},{"movieCd":"20181741","movieNm":"예스 평창!","movieNmEn":"Yes PyeongChang","prdtYear":"2018","openDt":"20180308","typeNm":"장편","prdtStatNm":"개봉","nationAlt":"한국","genreAlt":"다큐멘터리","repNationNm":"한국","repGenreNm":"다큐멘터리","directors":[{"peopleNm":"백철기"}],"companys":[{"companyCd":"20186604","companyNm":"명작엔터테인먼트(주)"}]},{"movieCd":"20210703","movieNm":"소년들은 불꽃을 옆에서 보고 싶었다","movieNmEn":"The kids headed for the side of the fireworks","prdtYear":"1999","openDt":"","typeNm":"장편","prdtStatNm":"기타","nationAlt":"일본","genreAlt":"다큐멘터리","repNationNm":"일본","repGenreNm":"다큐멘터리","directors":[{"peopleNm":"이와이 슌지"}],"companys":[]},{"movieCd":"20210685","movieNm":"알레피아 2053","movieNmEn":"Alephia 2053","prdtYear":"2021","openDt":"","typeNm":"장편","prdtStatNm":"기타","nationAlt":"기타","genreAlt":"애니메이션","repNationNm":"기타","repGenreNm":"애니메이션","directors":[],"companys":[]}]}