{"totCnt":"95385","source":"영화진흥위원회","movieList":[{"movieCd":"20211703","movieNm":"제23회 부산독립영화제 메이드인부산 경쟁1","movieNmEn":"MADE IN BUSAN COMPETITION 1","prdtYear":"2021","openDt":"","typeNm":"옴니버스","prdtStatNm":"기타","nationAlt":"한국","genreAlt":"기타","repNationNm":"한국","repGenreNm":"기타","directors":[],"companys":[]},{"movieCd":"20219307","movieNm":"인어를 꿈꾸다","movieNmEn":"Dreaming of a Mermaid ","prdtYear":"2019","openDt":"","typeNm":"장편","prdtStatNm":"기타","nationAlt":"한국","genreAlt":"다큐멘터리","repNationNm":"한국","repGenreNm":"다큐멘터리","directors":[],"companys":[{"companyCd":"20063002","companyNm":"(주)인디플러그"}]},{"movieCd":"20211701","movieNm":"스노우 몬스터","movieNmEn":"Snow Monster","prdtYear":"2019","openDt":"","typeNm":"장편","prdtStatNm":"기타","nationAlt":"중국","genreAlt":"액션","repNationNm":"중국","repGenreNm":"액션","directors":[],"companys":[]},{"movieCd":"20211211","movieNm":"플랜 A","movieNmEn":"Plan A","prdtYear":"2021","openDt":"","typeNm":"장편","prdtStatNm":"기타","nationAlt":"독일","genreAlt":"스릴러,드라마","repNationNm":"독일","repGenreNm":"스릴러","directors":[{"peopleNm":"도론 파즈"},{"peopleNm":"요아브 파즈"}],"companys":[]},{"movieCd":"20210963","movieNm":"태양은 움직이지 않는다","movieNmEn":"The Sun Stands Still","prdtYear":"2021","openDt":"20211110","typeNm":"장편","prdtStatNm":"개봉","nationAlt":"일본","genreAlt":"액션","repNationNm":"일본","repGenreNm":"액션","directors":[{"peopleNm":"하스미 에이이치로"}],"companys":[]},{"movieCd":"20210937","movieNm":"아담스 패밀리 2","movieNmEn":"The Addams Family 2","prdtYear":"2021","openDt":"20211110","typeNm":"장편","prdtStatNm":"개봉","nationAlt":"미국","genreAlt":"애니메이션,코미디,가족","repNationNm":"미국","repGenreNm":"애니메이션","directors":[{"peopleNm":"그렉 티어넌"},{"peopleNm":"콘래드 베논"}],"companys":[]},{"movieCd":"20211381","movieNm":"유부녀의 성욕","movieNmEn":"","prdtYear":"2021","openDt":"20211109","typeNm":"장편","prdtStatNm":"개봉","nationAlt":"한국","genreAlt":"성인물(에로)","repNationNm":"한국","repGenreNm":"성인물(에로)","directors":[{"peopleNm":"강현성"}],"companys":[{"companyCd":"20217881","companyNm":"(주)샤이커뮤니케이션즈"}]},{"movieCd":"20211320","movieNm":"색녀, 내 동생의 여자","movieNmEn":"","prdtYear":"2021","openDt":"20211109","typeNm":"장편","prdtStatNm":"개봉","nationAlt":"한국","genreAlt":"성인물(에로)","repNationNm":"한국","repGenreNm":"성인물(에로)","directors":[{"peopleNm":"강현성"}],"companys":[{"companyCd":"20217881","companyNm":"(주)샤이커뮤니케이션즈"}]},{"movieCd":"20217190","movieNm":"큐브","movieNmEn":"Cube","prdtYear":"2020","openDt":"","typeNm":"단편","prdtStatNm":"기타","nationAlt":"한국","genreAlt":"기타","repNationNm":"한국","repGenreNm":"기타","directors":[{"peopleNm":"조미혜"}],"companys":[]},{"movieCd":"20211684","movieNm":"시간의 고고학","movieNmEn":"Archeology of Time","prdtYear":"2021","openDt":"","typeNm":"장편","prdtStatNm":"기타","nationAlt":"한국","genreAlt":"기타","repNationNm":"한국","repGenreNm":"기타","directors":[{"peopleNm":"김응수"}],"companys":[]}]}