{"totCnt":"95385","source":"영화진흥위원회","movieList":[{"movieCd":"20223690","movieNm":"숫처녀 하숙생","movieNmEn":"","prdtYear":"2021","openDt":"20220203","typeNm":"장편","prdtStatNm":"개봉","nationAlt":"한국","genreAlt":"성인물(에로)","repNationNm":"한국","repGenreNm":"성인물(에로)","directors":[{"peopleNm":"강현성"}],"companys":[{"companyCd":"20217881","companyNm":"(주)샤이커뮤니케이션즈"}]},{"movieCd":"20192599","movieNm":"인생게임","movieNmEn":"The Game of Life","prdtYear":"2019","openDt":"20211230","typeNm":"장편","prdtStatNm":"개봉","nationAlt":"한국","genreAlt":"드라마","repNationNm":"한국","repGenreNm":"드라마","directors":[{"peopleNm":"양재호"}],"companys":[{"companyCd":"20191882","companyNm":"영화필름"}]},{"movieCd":"20223289","movieNm":"이촌","movieNmEn":"Home and Away","prdtYear":"2021","openDt":"","typeNm":"단편","prdtStatNm":"기타","nationAlt":"한국","genreAlt":"기타","repNationNm":"한국","repGenreNm":"기타","directors":[{"peopleNm":"강동엽"}],"companys":[]},{"movieCd":"20050076","movieNm":"혈의 누","movieNmEn":"Blood Rain","prdtYear":"2005","openDt":"20050504","typeNm":"장편","prdtStatNm":"개봉","nationAlt":"한국","genreAlt":"스릴러","repNationNm":"한국","repGenreNm":"스릴러","directors":[{"peopleNm":"김대승"}],"companys":[{"companyCd":"20100123","companyNm":"(주)싸이더스"},{"companyCd":"20111723","companyNm":"(주)좋은영화"}]},{"movieCd":"20190298","movieNm":"야차","movieNmEn":"Yaksha: Ruthless Operations","prdtYear":"2022","openDt":"","typeNm":"장편","prdtStatNm":"기타","nationAlt":"한국","genreAlt":"액션,스릴러","repNationNm":"한국","repGenreNm":"액션","directors":[{"peopleNm":"나현"}],"companys":[{"companyCd":"20040050","companyNm":"상상필름(주)"}]},{"movieCd":"20223801","movieNm":"O, shorts! - 2월","movieNmEn":"","prdtYear":"2022","openDt":"","typeNm":"옴니버스","prdtStatNm":"기타","nationAlt":"한국","genreAlt":"기타","repNationNm":"한국","repGenreNm":"기타","directors":[],"companys":[]},{"movieCd":"20223812","movieNm":"초록이좋아","movieNmEn":"","prdtYear":"2015","openDt":"","typeNm":"단편","prdtStatNm":"기타","nationAlt":"한국","genreAlt":"드라마","repNationNm":"한국","repGenreNm":"드라마","directors":[{"peopleNm":"이은택"}],"companys":[]},{"movieCd":"20223800","movieNm":"우주","movieNmEn":"see universe","prdtYear":"2019","openDt":"","typeNm":"단편","prdtStatNm":"기타","nationAlt":"한국","genreAlt":"드라마","repNationNm":"한국","repGenreNm":"드라마","directors":[],"companys":[]},{"movieCd":"20223417","movieNm":"창극 변강쇠 점 찍고 옹녀","movieNmEn":"","prdtYear":"2021","openDt":"20220203","typeNm":"장편","prdtStatNm":"개봉","nationAlt":"한국","genreAlt":"공연","repNationNm":"한국","repGenreNm":"공연","directors":[{"peopleNm":"고선웅"}],"companys":[{"companyCd":"20218323","companyNm":"문화체육관광부 국립극장"}]},{"movieCd":"20211740","movieNm":"비욘드라이브 더 무비 : 엔시티 레조넌스","movieNmEn":"Beyond LIVE NCT: Resonance","prdtYear":"2021","openDt":"20220112","typeNm":"장편","prdtStatNm":"개봉","nationAlt":"한국","genreAlt":"공연","repNationNm":"한국","repGenreNm":"공연","directors":[],"companys":[{"companyCd":"20063188","companyNm":"씨제이 씨지브이(CJ CGV)(주)"}]}]}