{"totCnt":"95385","source":"영화진흥위원회","movieList":[{"movieCd":"20219735","movieNm":"락앤롤 네덜란드!","movieNmEn":"Sounds of Origin","prdtYear":"2018","openDt":"","typeNm":"장편","prdtStatNm":"기타","nationAlt":"네덜란드","genreAlt":"다큐멘터리","repNationNm":"네덜란드","repGenreNm":"다큐멘터리","directors":[],"companys":[]},{"movieCd":"20219734","movieNm":"죽음에 대하여","movieNmEn":"Dealing with Death","prdtYear":"2020","openDt":"","typeNm":"장편","prdtStatNm":"기타","nationAlt":"네덜란드","genreAlt":"다큐멘터리","repNationNm":"네덜란드","repGenreNm":"다큐멘터리","directors":[],"companys":[]},{"movieCd":"20219733","movieNm":"안네 프랑크를 찾아서","movieNmEn":"#Anne Frank: Parallel Stories","prdtYear":"2019","openDt":"","typeNm":"장편","prdtStatNm":"기타","nationAlt":"이탈리아","genreAlt":"다큐멘터리","repNationNm":"이탈리아","repGenreNm":"다큐멘터리","directors":[],"companys":[]},{"movieCd":"20219732","movieNm":"리스본의 노래, 파두","movieNmEn":"Silencio - Voices of Lisbon","prdtYear":"2020","openDt":"","typeNm":"장편","prdtStatNm":"기타","nationAlt":"포르투갈,헝가리","genreAlt":"다큐멘터리","repNationNm":"포르투갈","repGenreNm":"다큐멘터리","directors":[],"companys":[]},{"movieCd":"20176041","movieNm":"바람의 춤꾼","movieNmEn":"Dances with the Wind","prdtYear":"2017","openDt":"20170606","typeNm":"장편","prdtStatNm":"개봉","nationAlt":"한국","genreAlt":"다큐멘터리","repNationNm":"한국","repGenreNm":"다큐멘터리","directors":[{"peopleNm":"최상진"}],"companys":[{"companyCd":"20140928","companyNm":"강 컨텐츠"}]},{"movieCd":"20219731","movieNm":"쿠바 댄서","movieNmEn":"Cuban Dancer","prdtYear":"2020","openDt":"","typeNm":"장편","prdtStatNm":"기타","nationAlt":"이탈리아,캐나다,칠레","genreAlt":"다큐멘터리","repNationNm":"이탈리아","repGenreNm":"다큐멘터리","directors":[],"companys":[]},{"movieCd":"20219723","movieNm":"언프리티 DJ","movieNmEn":"Underplayed","prdtYear":"2020","openDt":"","typeNm":"장편","prdtStatNm":"기타","nationAlt":"캐나다","genreAlt":"다큐멘터리","repNationNm":"캐나다","repGenreNm":"다큐멘터리","directors":[],"companys":[]},{"movieCd":"20219730","movieNm":"록필드의 농장 스튜디오","movieNmEn":"Rockfield: The Studio on the Farm","prdtYear":"2020","openDt":"","typeNm":"장편","prdtStatNm":"기타","nationAlt":"영국","genreAlt":"다큐멘터리","repNationNm":"영국","repGenreNm":"다큐멘터리","directors":[],"companys":[]},{"movieCd":"20219722","movieNm":"링사이드","movieNmEn":"Ringside","prdtYear":"2019","openDt":"","typeNm":"장편","prdtStatNm":"기타","nationAlt":"미국","genreAlt":"다큐멘터리","repNationNm":"미국","repGenreNm":"다큐멘터리","directors":[],"companys":[]},{"movieCd":"20219721","movieNm":"14인의 사범들","movieNmEn":"Fourteen Masters","prdtYear":"2021","openDt":"","typeNm":"장편","prdtStatNm":"기타","nationAlt":"한국","genreAlt":"다큐멘터리","repNationNm":"한국","repGenreNm":"다큐멘터리","directors":[{"peopleNm":"서민원"}],"companys":[]}]}