{"totCnt":"95385","source":"영화진흥위원회","movieList":[{"movieCd":"20230824","movieNm":"제수씨는 매일 흥분해","movieNmEn":"","prdtYear":"2022","openDt":"20230312","typeNm":"장편","prdtStatNm":"개봉","nationAlt":"일본","genreAlt":"성인물(에로),드라마,멜로/로맨스","repNationNm":"일본","repGenreNm":"성인물(에로)","directors":[{"peopleNm":"사쿠라비토"}],"companys":[]},{"movieCd":"20230825","movieNm":"젖은 여사친 속궁합이 궁금해","movieNmEn":"","prdtYear":"2022","openDt":"20230312","typeNm":"장편","prdtStatNm":"개봉","nationAlt":"일본","genreAlt":"성인물(에로),드라마,멜로/로맨스","repNationNm":"일본","repGenreNm":"성인물(에로)","directors":[{"peopleNm":"히무 롯쿠"}],"companys":[]},{"movieCd":"20230823","movieNm":"미오의 섹스일기","movieNmEn":"","prdtYear":"2022","openDt":"20230312","typeNm":"장편","prdtStatNm":"개봉","nationAlt":"일본","genreAlt":"성인물(에로),드라마,멜로/로맨스","repNationNm":"일본","repGenreNm":"성인물(에로)","directors":[{"peopleNm":"버드맨 텟페이"}],"companys":[]},{"movieCd":"20230809","movieNm":"거유 히카리의 대물 수집","movieNmEn":"","prdtYear":"2022","openDt":"20230312","typeNm":"장편","prdtStatNm":"개봉","nationAlt":"일본","genreAlt":"성인물(에로),드라마,멜로/로맨스","repNationNm":"일본","repGenreNm":"성인물(에로)","directors":[{"peopleNm":"이시다 마모루"}],"companys":[]},{"movieCd":"20230806","movieNm":"젊은 새엄마 여관에서 다 받아준 날","movieNmEn":"","prdtYear":"2022","openDt":"20230311","typeNm":"장편","prdtStatNm":"개봉","nationAlt":"일본","genreAlt":"성인물(에로),드라마,멜로/로맨스","repNationNm":"일본","repGenreNm":"성인물(에로)","directors":[{"peopleNm":"츠지 코지"}],"companys":[]},{"movieCd":"20230807","movieNm":"위아래 즐겨주는 육덕 꿀덩이","movieNmEn":"","prdtYear":"2022","openDt":"20230311","typeNm":"장편","prdtStatNm":"개봉","nationAlt":"일본","genreAlt":"성인물(에로),드라마,멜로/로맨스","repNationNm":"일본","repGenreNm":"성인물(에로)","directors":[{"peopleNm":"히무 롯쿠"}],"companys":[]},{"movieCd":"20230822","movieNm":"발정난 미츠키 한번만 더 해줘","movieNmEn":"","prdtYear":"2022","openDt":"20230311","typeNm":"장편","prdtStatNm":"개봉","nationAlt":"일본","genreAlt":"성인물(에로),드라마,멜로/로맨스","repNationNm":"일본","repGenreNm":"성인물(에로)","directors":[{"peopleNm":"사쿠라비토"}],"companys":[]},{"movieCd":"20230808","movieNm":"내 침대에서 촉촉히 준비된 여사친","movieNmEn":"","prdtYear":"2022","openDt":"20230311","typeNm":"장편","prdtStatNm":"개봉","nationAlt":"일본","genreAlt":"성인물(에로),드라마,멜로/로맨스","repNationNm":"일본","repGenreNm":"성인물(에로)","directors":[{"peopleNm":"사쿠라비토"}],"companys":[]},{"movieCd":"20230780","movieNm":"하타노 유이의 대물 수집","movieNmEn":"","prdtYear":"2022","openDt":"20230310","typeNm":"장편","prdtStatNm":"개봉","nationAlt":"일본","genreAlt":"성인물(에로),드라마,멜로/로맨스","repNationNm":"일본","repGenreNm":"성인물(에로)","directors":[{"peopleNm":"이시다 마모루"}],"companys":[]},{"movieCd":"20230821","movieNm":"젖은 새엄마 매일 촉촉하게 준비완료","movieNmEn":"","prdtYear":"2022","openDt":"20230310","typeNm":"장편","prdtStatNm":"개봉","nationAlt":"일본","genreAlt":"성인물(에로),드라마,멜로/로맨스","repNationNm":"일본","repGenreNm":"성인물(에로)","directors":[{"peopleNm":"디렉터 O"}],"companys":[]}]}