{"totCnt":"95385","source":"영화진흥위원회","movieList":[{"movieCd":"20216747","movieNm":"여름, 그날","movieNmEn":"","prdtYear":"2019","openDt":"","typeNm":"단편","prdtStatNm":"기타","nationAlt":"한국","genreAlt":"드라마","repNationNm":"한국","repGenreNm":"드라마","directors":[],"companys":[]},{"movieCd":"20230728","movieNm":"메리!","movieNmEn":"Merry!","prdtYear":"2022","openDt":"","typeNm":"단편","prdtStatNm":"기타","nationAlt":"한국","genreAlt":"드라마","repNationNm":"한국","repGenreNm":"드라마","directors":[{"peopleNm":"진승완"}],"companys":[]},{"movieCd":"20205093","movieNm":"12월의 선물이에요","movieNmEn":"","prdtYear":"2018","openDt":"","typeNm":"단편","prdtStatNm":"기타","nationAlt":"한국","genreAlt":"기타","repNationNm":"한국","repGenreNm":"기타","directors":[],"companys":[]},{"movieCd":"20230717","movieNm":"마네쥬","movieNmEn":"Manege","prdtYear":"2023","openDt":"","typeNm":"단편","prdtStatNm":"기타","nationAlt":"한국","genreAlt":"드라마","repNationNm":"한국","repGenreNm":"드라마","directors":[{"peopleNm":"권지애"}],"companys":[]},{"movieCd":"20181115","movieNm":"그해 오월 나는 살고 싶었다","movieNmEn":"I wanted to live in May that year","prdtYear":"2017","openDt":"","typeNm":"장편","prdtStatNm":"기타","nationAlt":"한국","genreAlt":"가족,전쟁","repNationNm":"한국","repGenreNm":"가족","directors":[{"peopleNm":"사유진"}],"companys":[{"companyCd":"20229185","companyNm":"유진필름"}]},{"movieCd":"20230716","movieNm":"이야기 상","movieNmEn":"","prdtYear":"2022","openDt":"","typeNm":"단편","prdtStatNm":"기타","nationAlt":"한국","genreAlt":"드라마","repNationNm":"한국","repGenreNm":"드라마","directors":[],"companys":[]},{"movieCd":"20230727","movieNm":"아픈 손가락","movieNmEn":"","prdtYear":"2022","openDt":"","typeNm":"단편","prdtStatNm":"기타","nationAlt":"한국","genreAlt":"드라마","repNationNm":"한국","repGenreNm":"드라마","directors":[{"peopleNm":"정한겸"}],"companys":[]},{"movieCd":"20230715","movieNm":"성장클리닉","movieNmEn":"","prdtYear":"2022","openDt":"","typeNm":"단편","prdtStatNm":"기타","nationAlt":"한국","genreAlt":"드라마","repNationNm":"한국","repGenreNm":"드라마","directors":[],"companys":[]},{"movieCd":"20230714","movieNm":"타임 애프터 타임","movieNmEn":"Time After Time","prdtYear":"2022","openDt":"","typeNm":"단편","prdtStatNm":"기타","nationAlt":"한국","genreAlt":"판타지","repNationNm":"한국","repGenreNm":"판타지","directors":[],"companys":[]},{"movieCd":"20230242","movieNm":"행운빌라 502호","movieNmEn":"Unexpected Visitors","prdtYear":"2022","openDt":"","typeNm":"단편","prdtStatNm":"기타","nationAlt":"한국","genreAlt":"드라마","repNationNm":"한국","repGenreNm":"드라마","directors":[],"companys":[]}]}