{"totCnt":"95385","source":"영화진흥위원회","movieList":[{"movieCd":"20212355","movieNm":"파업","movieNmEn":"","prdtYear":"2019","openDt":"","typeNm":"장편","prdtStatNm":"","nationAlt":"한국","genreAlt":"다큐멘터리","repNationNm":"한국","repGenreNm":"다큐멘터리","directors":[{"peopleNm":"문정현"}],"companys":[]},{"movieCd":"20212335","movieNm":"관계의 가난","movieNmEn":"","prdtYear":"2021","openDt":"","typeNm":"장편","prdtStatNm":"","nationAlt":"한국","genreAlt":"다큐멘터리","repNationNm":"한국","repGenreNm":"다큐멘터리","directors":[{"peopleNm":"변시연"}],"companys":[]},{"movieCd":"20212334","movieNm":"잠 없는 꿈","movieNmEn":"","prdtYear":"2021","openDt":"","typeNm":"장편","prdtStatNm":"","nationAlt":"한국","genreAlt":"","repNationNm":"한국","repGenreNm":"","directors":[{"peopleNm":"한인미"}],"companys":[]},{"movieCd":"20210956","movieNm":"남의 나라","movieNmEn":"","prdtYear":"2020","openDt":"20211101","typeNm":"장편","prdtStatNm":"개봉","nationAlt":"한국","genreAlt":"코미디,드라마","repNationNm":"한국","repGenreNm":"코미디","directors":[{"peopleNm":"김정민"}],"companys":[{"companyCd":"20186981","companyNm":"주식회사 플릭스코"}]},{"movieCd":"20212354","movieNm":"기억보관소","movieNmEn":"","prdtYear":"2021","openDt":"","typeNm":"장편","prdtStatNm":"","nationAlt":"한국","genreAlt":"다큐멘터리","repNationNm":"한국","repGenreNm":"다큐멘터리","directors":[{"peopleNm":"문승욱"}],"companys":[]},{"movieCd":"20209295","movieNm":"송해 1927","movieNmEn":"Song Hae 1927","prdtYear":"2021","openDt":"20211118","typeNm":"장편","prdtStatNm":"개봉","nationAlt":"한국","genreAlt":"다큐멘터리","repNationNm":"한국","repGenreNm":"다큐멘터리","directors":[{"peopleNm":"윤재호"}],"companys":[{"companyCd":"20218181","companyNm":"주식회사 이로츠"},{"companyCd":"20189661","companyNm":"빈스로드"}]},{"movieCd":"20217526","movieNm":"조의(JOY)","movieNmEn":"JOY","prdtYear":"2019","openDt":"","typeNm":"단편","prdtStatNm":"기타","nationAlt":"한국","genreAlt":"드라마","repNationNm":"한국","repGenreNm":"드라마","directors":[{"peopleNm":"권용재"}],"companys":[]},{"movieCd":"20212350","movieNm":"약속","movieNmEn":"","prdtYear":"2021","openDt":"","typeNm":"장편","prdtStatNm":"","nationAlt":"한국","genreAlt":"다큐멘터리","repNationNm":"한국","repGenreNm":"다큐멘터리","directors":[{"peopleNm":"민병훈"}],"companys":[]},{"movieCd":"20151782","movieNm":"지금은맞고그때는틀리다","movieNmEn":"Right Now, Wrong Then","prdtYear":"2015","openDt":"20150924","typeNm":"장편","prdtStatNm":"개봉","nationAlt":"한국","genreAlt":"드라마","repNationNm":"한국","repGenreNm":"드라마","directors":[{"peopleNm":"홍상수"}],"companys":[{"companyCd":"20100332","companyNm":"(주)영화제작전원사 "}]},{"movieCd":"20050162","movieNm":"카페 뤼미에르","movieNmEn":"Cafe Rumiere","prdtYear":"2003","openDt":"20051020","typeNm":"장편","prdtStatNm":"개봉","nationAlt":"일본","genreAlt":"드라마","repNationNm":"일본","repGenreNm":"드라마","directors":[{"peopleNm":"허우 샤오시엔"}],"companys":[{"companyCd":"20103207","companyNm":"쇼지쿠 컴퍼니"}]}]}