{"totCnt":"95385","source":"영화진흥위원회","movieList":[{"movieCd":"20211420","movieNm":"커피 히어로","movieNmEn":"Coffee Heroes","prdtYear":"2020","openDt":"","typeNm":"장편","prdtStatNm":"기타","nationAlt":"호주","genreAlt":"다큐멘터리","repNationNm":"호주","repGenreNm":"다큐멘터리","directors":[],"companys":[]},{"movieCd":"20211418","movieNm":"오?! 미쉐린 스타 2: 북유럽의 자연에서","movieNmEn":"Michelin Stars II: Nordic By Nature","prdtYear":"2021","openDt":"","typeNm":"장편","prdtStatNm":"기타","nationAlt":"덴마크,스페인","genreAlt":"다큐멘터리","repNationNm":"덴마크","repGenreNm":"다큐멘터리","directors":[{"peopleNm":"라스무스 디네센"}],"companys":[]},{"movieCd":"20211435","movieNm":"모따이나이 키친","movieNmEn":"Mottainai Kitchen","prdtYear":"2020","openDt":"","typeNm":"장편","prdtStatNm":"기타","nationAlt":"일본","genreAlt":"다큐멘터리","repNationNm":"일본","repGenreNm":"다큐멘터리","directors":[],"companys":[]},{"movieCd":"20211434","movieNm":"땅의 어머니","movieNmEn":"Mothers of the Land","prdtYear":"2019","openDt":"","typeNm":"장편","prdtStatNm":"기타","nationAlt":"페루","genreAlt":"다큐멘터리","repNationNm":"페루","repGenreNm":"다큐멘터리","directors":[],"companys":[]},{"movieCd":"20202753","movieNm":"오빠 한번 믿어봐","movieNmEn":"","prdtYear":"2020","openDt":"20211013","typeNm":"장편","prdtStatNm":"개봉","nationAlt":"한국","genreAlt":"멜로/로맨스","repNationNm":"한국","repGenreNm":"멜로/로맨스","directors":[{"peopleNm":"김종석"}],"companys":[{"companyCd":"20173121","companyNm":"너바나 필름"}]},{"movieCd":"20211415","movieNm":"백년식당 아르작","movieNmEn":"Arzak Since 1897","prdtYear":"2020","openDt":"","typeNm":"장편","prdtStatNm":"기타","nationAlt":"스페인","genreAlt":"다큐멘터리","repNationNm":"스페인","repGenreNm":"다큐멘터리","directors":[],"companys":[]},{"movieCd":"20209946","movieNm":"담쟁이","movieNmEn":"Take Me Home","prdtYear":"2020","openDt":"20201028","typeNm":"장편","prdtStatNm":"개봉","nationAlt":"한국","genreAlt":"가족,드라마","repNationNm":"한국","repGenreNm":"가족","directors":[{"peopleNm":"한제이"}],"companys":[{"companyCd":"20205701","companyNm":"다이노(DIE NO)"},{"companyCd":"20203462","companyNm":"(주)조이컴퍼니"}]},{"movieCd":"20194980","movieNm":"박강아름 결혼하다","movieNmEn":"Areum Married ","prdtYear":"2019","openDt":"20210819","typeNm":"장편","prdtStatNm":"개봉","nationAlt":"한국","genreAlt":"다큐멘터리","repNationNm":"한국","repGenreNm":"다큐멘터리","directors":[{"peopleNm":"박강아름"}],"companys":[{"companyCd":"20218001","companyNm":"창작집단3355 (A.3355)"}]},{"movieCd":"20210604","movieNm":"전지적 섹스 시점 : 전.섹.시","movieNmEn":"","prdtYear":"2021","openDt":"20211012","typeNm":"장편","prdtStatNm":"개봉","nationAlt":"한국","genreAlt":"드라마","repNationNm":"한국","repGenreNm":"드라마","directors":[{"peopleNm":"이로운"}],"companys":[{"companyCd":"20202961","companyNm":"비스킷미디어"}]},{"movieCd":"20210121","movieNm":"손오공-대몽서유기","movieNmEn":"Dream Journey 3: The Land of Many Perfumes","prdtYear":"2017","openDt":"20211012","typeNm":"장편","prdtStatNm":"개봉","nationAlt":"중국","genreAlt":"액션,판타지","repNationNm":"중국","repGenreNm":"액션","directors":[],"companys":[]}]}