{"totCnt":"95385","source":"영화진흥위원회","movieList":[{"movieCd":"20219804","movieNm":"경주 전에","movieNmEn":"Before the Rally","prdtYear":"1971","openDt":"","typeNm":"단편","prdtStatNm":"기타","nationAlt":"폴란드","genreAlt":"기타","repNationNm":"폴란드","repGenreNm":"기타","directors":[{"peopleNm":"크지슈토프 키에슬로프스키"}],"companys":[]},{"movieCd":"20219783","movieNm":"공장","movieNmEn":"Factory","prdtYear":"1970","openDt":"","typeNm":"단편","prdtStatNm":"기타","nationAlt":"폴란드","genreAlt":"기타","repNationNm":"폴란드","repGenreNm":"기타","directors":[{"peopleNm":"크지슈토프 키에슬로프스키"}],"companys":[]},{"movieCd":"20219782","movieNm":"일곱 명의 여자","movieNmEn":"Seven Women of Different Ages","prdtYear":"1978","openDt":"","typeNm":"단편","prdtStatNm":"기타","nationAlt":"폴란드","genreAlt":"기타","repNationNm":"폴란드","repGenreNm":"기타","directors":[{"peopleNm":"크지슈토프 키에슬로프스키"}],"companys":[]},{"movieCd":"20219781","movieNm":"야간 경비원의 시선","movieNmEn":"From a Night Porter's Point of View","prdtYear":"1977","openDt":"","typeNm":"단편","prdtStatNm":"기타","nationAlt":"폴란드","genreAlt":"기타","repNationNm":"폴란드","repGenreNm":"기타","directors":[{"peopleNm":"크지슈토프 키에슬로프스키"}],"companys":[]},{"movieCd":"20219780","movieNm":"벽돌공","movieNmEn":"Bricklayer","prdtYear":"1973","openDt":"","typeNm":"단편","prdtStatNm":"기타","nationAlt":"폴란드","genreAlt":"기타","repNationNm":"폴란드","repGenreNm":"기타","directors":[{"peopleNm":"크지슈토프 키에슬로프스키"}],"companys":[]},{"movieCd":"20219779","movieNm":"나는 병사였다","movieNmEn":"I Was a Soldier","prdtYear":"1970","openDt":"","typeNm":"단편","prdtStatNm":"기타","nationAlt":"폴란드","genreAlt":"기타","repNationNm":"폴란드","repGenreNm":"기타","directors":[{"peopleNm":"크지슈토프 키에슬로프스키"}],"companys":[]},{"movieCd":"20219778","movieNm":"우츠에서","movieNmEn":"From the City of wodzi","prdtYear":"1969","openDt":"","typeNm":"단편","prdtStatNm":"기타","nationAlt":"폴란드","genreAlt":"기타","repNationNm":"폴란드","repGenreNm":"기타","directors":[{"peopleNm":"크지슈토프 키에슬로프스키"}],"companys":[]},{"movieCd":"20219777","movieNm":"나는 모른다","movieNmEn":"I Don't Know","prdtYear":"1977","openDt":"","typeNm":"장편","prdtStatNm":"기타","nationAlt":"폴란드","genreAlt":"기타","repNationNm":"폴란드","repGenreNm":"기타","directors":[{"peopleNm":"크지슈토프 키에슬로프스키"}],"companys":[]},{"movieCd":"20219776","movieNm":"1971 노동자","movieNmEn":"Workers 1971: Nothing about Us without Us","prdtYear":"1972","openDt":"","typeNm":"장편","prdtStatNm":"기타","nationAlt":"폴란드","genreAlt":"기타","repNationNm":"폴란드","repGenreNm":"기타","directors":[{"peopleNm":"크지슈토프 키에슬로프스키"}],"companys":[]},{"movieCd":"20219775","movieNm":"관공서","movieNmEn":"The Office","prdtYear":"1966","openDt":"","typeNm":"단편","prdtStatNm":"기타","nationAlt":"폴란드","genreAlt":"다큐멘터리","repNationNm":"폴란드","repGenreNm":"다큐멘터리","directors":[{"peopleNm":"크지슈토프 키에슬로프스키"}],"companys":[]}]}