{"totCnt":"95385","source":"영화진흥위원회","movieList":[{"movieCd":"20224224","movieNm":"구전가요","movieNmEn":"Oral Tradition Song","prdtYear":"2021","openDt":"","typeNm":"단편","prdtStatNm":"기타","nationAlt":"한국","genreAlt":"드라마","repNationNm":"한국","repGenreNm":"드라마","directors":[],"companys":[]},{"movieCd":"20224450","movieNm":"기억으로 만든 집: 이향정","movieNmEn":"Ihyangjeong: Carving with Memories","prdtYear":"2021","openDt":"","typeNm":"단편","prdtStatNm":"기타","nationAlt":"한국","genreAlt":"애니메이션,다큐멘터리","repNationNm":"한국","repGenreNm":"애니메이션","directors":[],"companys":[]},{"movieCd":"20224237","movieNm":"부카니마: 앤디 워홀","movieNmEn":"Bookanima: Andy Warhol","prdtYear":"2020","openDt":"","typeNm":"단편","prdtStatNm":"기타","nationAlt":"한국,미국","genreAlt":"애니메이션","repNationNm":"한국","repGenreNm":"애니메이션","directors":[],"companys":[]},{"movieCd":"20224236","movieNm":"비 빅","movieNmEn":"Be Big","prdtYear":"2019","openDt":"","typeNm":"단편","prdtStatNm":"기타","nationAlt":"한국","genreAlt":"애니메이션","repNationNm":"한국","repGenreNm":"애니메이션","directors":[],"companys":[]},{"movieCd":"20224429","movieNm":"쥬 드 플라주","movieNmEn":"Jeux de plage","prdtYear":"","openDt":"","typeNm":"장편","prdtStatNm":"기타","nationAlt":"한국,말레이시아,일본,태국","genreAlt":"드라마","repNationNm":"한국","repGenreNm":"드라마","directors":[],"companys":[]},{"movieCd":"20224438","movieNm":"핸드프린트 퍼레이드","movieNmEn":"Handprint Parade","prdtYear":"2021","openDt":"","typeNm":"단편","prdtStatNm":"기타","nationAlt":"한국","genreAlt":"애니메이션","repNationNm":"한국","repGenreNm":"애니메이션","directors":[],"companys":[]},{"movieCd":"20210664","movieNm":"한여름 땀으로 뒤범벅 농밀한 유부녀","movieNmEn":"","prdtYear":"2020","openDt":"","typeNm":"장편","prdtStatNm":"기타","nationAlt":"일본","genreAlt":"성인물(에로),드라마","repNationNm":"일본","repGenreNm":"성인물(에로)","directors":[{"peopleNm":"아사기리 키요시"}],"companys":[]},{"movieCd":"20200801","movieNm":"쇼독스: 언더커버 캅스","movieNmEn":"Show Dogs","prdtYear":"2018","openDt":"","typeNm":"장편","prdtStatNm":"기타","nationAlt":"미국","genreAlt":"어드벤처,드라마,코미디","repNationNm":"미국","repGenreNm":"어드벤처","directors":[{"peopleNm":"라자 고스넬"}],"companys":[]},{"movieCd":"20224409","movieNm":"타임 어파트","movieNmEn":"Time Apart","prdtYear":"2020","openDt":"","typeNm":"장편","prdtStatNm":"기타","nationAlt":"호주","genreAlt":"드라마,멜로/로맨스,SF","repNationNm":"호주","repGenreNm":"드라마","directors":[{"peopleNm":"릭 포스터"}],"companys":[]},{"movieCd":"20224421","movieNm":"더티헤비","movieNmEn":"Heavy","prdtYear":"2019","openDt":"","typeNm":"장편","prdtStatNm":"기타","nationAlt":"미국","genreAlt":"드라마,범죄,스릴러","repNationNm":"미국","repGenreNm":"드라마","directors":[],"companys":[]}]}