{"totCnt":"95385","source":"영화진흥위원회","movieList":[{"movieCd":"20212701","movieNm":"앙코르!","movieNmEn":"ENCORE!","prdtYear":"2021","openDt":"","typeNm":"단편","prdtStatNm":"기타","nationAlt":"한국","genreAlt":"애니메이션,기타","repNationNm":"한국","repGenreNm":"애니메이션","directors":[],"companys":[]},{"movieCd":"20212679","movieNm":"행운을 빌어","movieNmEn":"Wish Me Good Luck","prdtYear":"2021","openDt":"","typeNm":"단편","prdtStatNm":"기타","nationAlt":"한국","genreAlt":"애니메이션,범죄","repNationNm":"한국","repGenreNm":"애니메이션","directors":[{"peopleNm":"전영찬"}],"companys":[]},{"movieCd":"20219904","movieNm":"죽기로 한 날","movieNmEn":"How to use Life","prdtYear":"2020","openDt":"","typeNm":"단편","prdtStatNm":"기타","nationAlt":"한국","genreAlt":"드라마,스릴러,공포(호러)","repNationNm":"한국","repGenreNm":"드라마","directors":[],"companys":[]},{"movieCd":"20212678","movieNm":"왜 독립영화 감독들은 외롭고 또 외롭나","movieNmEn":"Is this my film, right?","prdtYear":"2021","openDt":"","typeNm":"단편","prdtStatNm":"기타","nationAlt":"한국","genreAlt":"기타","repNationNm":"한국","repGenreNm":"기타","directors":[],"companys":[]},{"movieCd":"20212677","movieNm":"불량스완","movieNmEn":"Black Swan","prdtYear":"2020","openDt":"","typeNm":"단편","prdtStatNm":"기타","nationAlt":"한국","genreAlt":"코미디","repNationNm":"한국","repGenreNm":"코미디","directors":[],"companys":[]},{"movieCd":"20218107","movieNm":"새 가족","movieNmEn":"Sweet Home","prdtYear":"2021","openDt":"","typeNm":"단편","prdtStatNm":"기타","nationAlt":"한국","genreAlt":"드라마,가족","repNationNm":"한국","repGenreNm":"드라마","directors":[{"peopleNm":"김규진"}],"companys":[]},{"movieCd":"19998225","movieNm":"어디 갔다 왔니?","movieNmEn":"Where Have You Been?","prdtYear":"1999","openDt":"","typeNm":"단편","prdtStatNm":"기타","nationAlt":"한국","genreAlt":"드라마","repNationNm":"한국","repGenreNm":"드라마","directors":[{"peopleNm":"김진성"}],"companys":[]},{"movieCd":"19990193","movieNm":"매트릭스 ","movieNmEn":"The Matrix","prdtYear":"1999","openDt":"19990515","typeNm":"장편","prdtStatNm":"개봉","nationAlt":"미국","genreAlt":"SF,액션","repNationNm":"미국","repGenreNm":"SF","directors":[{"peopleNm":"릴리 워쇼스키"},{"peopleNm":"라나 워쇼스키"}],"companys":[{"companyCd":"20103668","companyNm":"워너 브러더스 픽쳐스"},{"companyCd":"20101402","companyNm":"빌리지 로드쇼 프로덕션"},{"companyCd":"20111851","companyNm":"그루초 2 필름 파트너쉽"},{"companyCd":"20101256","companyNm":"실버 픽쳐스"}]},{"movieCd":"20200492","movieNm":"개정","movieNmEn":"The Crossroad Within Me","prdtYear":"2020","openDt":"","typeNm":"단편","prdtStatNm":"기타","nationAlt":"한국","genreAlt":"드라마","repNationNm":"한국","repGenreNm":"드라마","directors":[{"peopleNm":"강준하"}],"companys":[]},{"movieCd":"20182530","movieNm":"극한직업","movieNmEn":"Extreme Job","prdtYear":"2018","openDt":"20190123","typeNm":"장편","prdtStatNm":"개봉","nationAlt":"한국","genreAlt":"코미디","repNationNm":"한국","repGenreNm":"코미디","directors":[{"peopleNm":"이병헌"}],"companys":[{"companyCd":"20140742","companyNm":"(주)어바웃잇"},{"companyCd":"20156628","companyNm":"영화사 해그림 주식회사"},{"companyCd":"20110854","companyNm":"(주)씨제이이엔엠"}]}]}