{"totCnt":"95385","source":"영화진흥위원회","movieList":[{"movieCd":"20196609","movieNm":"개와 고양이를 위한 시간","movieNmEn":"A Time for dogs and Cats ","prdtYear":"2019","openDt":"","typeNm":"장편","prdtStatNm":"기타","nationAlt":"한국","genreAlt":"다큐멘터리","repNationNm":"한국","repGenreNm":"다큐멘터리","directors":[{"peopleNm":"임진평"}],"companys":[{"companyCd":"20062552","companyNm":"투아이드 필름"}]},{"movieCd":"20210515","movieNm":"이누가미 일족","movieNmEn":"The Inugami Family","prdtYear":"1976","openDt":"","typeNm":"장편","prdtStatNm":"기타","nationAlt":"일본","genreAlt":"기타","repNationNm":"일본","repGenreNm":"기타","directors":[{"peopleNm":"이치카와 콘"}],"companys":[]},{"movieCd":"20218036","movieNm":"속","movieNmEn":"In","prdtYear":"2020","openDt":"","typeNm":"단편","prdtStatNm":"기타","nationAlt":"한국","genreAlt":"드라마","repNationNm":"한국","repGenreNm":"드라마","directors":[{"peopleNm":"김선우"}],"companys":[]},{"movieCd":"20210576","movieNm":"살인의 형태","movieNmEn":"","prdtYear":"2021","openDt":"","typeNm":"옴니버스","prdtStatNm":"기타","nationAlt":"한국","genreAlt":"스릴러,미스터리,드라마","repNationNm":"한국","repGenreNm":"스릴러","directors":[{"peopleNm":"윤수안"}],"companys":[]},{"movieCd":"20210585","movieNm":"한 끗 차이","movieNmEn":"Wrong Love","prdtYear":"2020","openDt":"","typeNm":"단편","prdtStatNm":"기타","nationAlt":"한국","genreAlt":"스릴러","repNationNm":"한국","repGenreNm":"스릴러","directors":[],"companys":[]},{"movieCd":"20210584","movieNm":"문 틈 사이에","movieNmEn":"","prdtYear":"2018","openDt":"","typeNm":"단편","prdtStatNm":"기타","nationAlt":"한국","genreAlt":"스릴러,드라마","repNationNm":"한국","repGenreNm":"스릴러","directors":[],"companys":[]},{"movieCd":"20219383","movieNm":"올리버 색스: 그의 생애","movieNmEn":"Oliver Sacks: His Own Life","prdtYear":"2019","openDt":"20210826","typeNm":"장편","prdtStatNm":"개봉","nationAlt":"미국","genreAlt":"다큐멘터리","repNationNm":"미국","repGenreNm":"다큐멘터리","directors":[{"peopleNm":"릭 번스"}],"companys":[]},{"movieCd":"20218834","movieNm":"그린 나이트","movieNmEn":"The Green Knight","prdtYear":"2021","openDt":"20210805","typeNm":"장편","prdtStatNm":"개봉","nationAlt":"미국","genreAlt":"어드벤처,드라마,판타지","repNationNm":"미국","repGenreNm":"어드벤처","directors":[{"peopleNm":"데이빗 로워리"}],"companys":[]},{"movieCd":"20030039","movieNm":"링0 - 버스데이","movieNmEn":"Ring0 - Birthday","prdtYear":"2000","openDt":"20030411","typeNm":"장편","prdtStatNm":"개봉","nationAlt":"일본","genreAlt":"공포(호러)","repNationNm":"일본","repGenreNm":"공포(호러)","directors":[{"peopleNm":"츠루타 노리오"}],"companys":[]},{"movieCd":"20210068","movieNm":"몽키킹 : 투신의 부활","movieNmEn":"Revival of the Monkey","prdtYear":"2020","openDt":"","typeNm":"장편","prdtStatNm":"기타","nationAlt":"중국","genreAlt":"액션,어드벤처","repNationNm":"중국","repGenreNm":"액션","directors":[],"companys":[]}]}