{"totCnt":"95385","source":"영화진흥위원회","movieList":[{"movieCd":"20210292","movieNm":"오후 풍경","movieNmEn":"Afternoon Landscape","prdtYear":"2020","openDt":"","typeNm":"장편","prdtStatNm":"기타","nationAlt":"한국","genreAlt":"다큐멘터리","repNationNm":"한국","repGenreNm":"다큐멘터리","directors":[{"peopleNm":"손구용"}],"companys":[]},{"movieCd":"20173502","movieNm":"도돌이 언덕에 난기류","movieNmEn":"Turbulence at Dodoli hill","prdtYear":"2017","openDt":"","typeNm":"장편","prdtStatNm":"기타","nationAlt":"한국","genreAlt":"다큐멘터리","repNationNm":"한국","repGenreNm":"다큐멘터리","directors":[{"peopleNm":"정재훈"}],"companys":[]},{"movieCd":"20119437","movieNm":"호수길","movieNmEn":"Hosu-gil","prdtYear":"2009","openDt":"","typeNm":"장편","prdtStatNm":"기타","nationAlt":"한국","genreAlt":"다큐멘터리","repNationNm":"한국","repGenreNm":"다큐멘터리","directors":[{"peopleNm":"정재훈"}],"companys":[]},{"movieCd":"20111932","movieNm":"환호성","movieNmEn":"Hurrahh!","prdtYear":"2011","openDt":"","typeNm":"장편","prdtStatNm":"기타","nationAlt":"한국","genreAlt":"드라마","repNationNm":"한국","repGenreNm":"드라마","directors":[{"peopleNm":"정재훈"}],"companys":[]},{"movieCd":"20134267","movieNm":"호빗: 스마우그의 폐허","movieNmEn":"The Hobbit: The Desolation of Smaug","prdtYear":"2013","openDt":"20131212","typeNm":"장편","prdtStatNm":"개봉","nationAlt":"미국,뉴질랜드","genreAlt":"어드벤처,드라마,판타지","repNationNm":"미국","repGenreNm":"어드벤처","directors":[{"peopleNm":"피터 잭슨"}],"companys":[]},{"movieCd":"20211681","movieNm":"바람의 아이","movieNmEn":"Daughter of the Wind","prdtYear":"2021","openDt":"","typeNm":"장편","prdtStatNm":"기타","nationAlt":"한국","genreAlt":"뮤지컬","repNationNm":"한국","repGenreNm":"뮤지컬","directors":[{"peopleNm":"김동명"}],"companys":[]},{"movieCd":"20217178","movieNm":"남남","movieNmEn":"Where Is Our Love Song","prdtYear":"2021","openDt":"","typeNm":"단편","prdtStatNm":"기타","nationAlt":"한국","genreAlt":"기타","repNationNm":"한국","repGenreNm":"기타","directors":[{"peopleNm":"고경수"}],"companys":[]},{"movieCd":"20011492","movieNm":"짧은 여행의 기록, 광주","movieNmEn":"My Short Trip in Gwangju","prdtYear":"2001","openDt":"","typeNm":"단편","prdtStatNm":"기타","nationAlt":"한국","genreAlt":"기타","repNationNm":"한국","repGenreNm":"기타","directors":[{"peopleNm":"김백준"}],"companys":[]},{"movieCd":"20060686","movieNm":"집","movieNmEn":"The House","prdtYear":"2000","openDt":"","typeNm":"단편","prdtStatNm":"기타","nationAlt":"한국","genreAlt":"기타","repNationNm":"한국","repGenreNm":"기타","directors":[{"peopleNm":"이정애"}],"companys":[]},{"movieCd":"20135897","movieNm":"상냥한 쪽으로 ","movieNmEn":"Tenderly","prdtYear":"2013","openDt":"","typeNm":"단편","prdtStatNm":"기타","nationAlt":"한국","genreAlt":"기타","repNationNm":"한국","repGenreNm":"기타","directors":[{"peopleNm":"정재훈"}],"companys":[]}]}