{"totCnt":"95385","source":"영화진흥위원회","movieList":[{"movieCd":"19900192","movieNm":"써커스","movieNmEn":"The Circus","prdtYear":"1928","openDt":"19900505","typeNm":"장편","prdtStatNm":"개봉","nationAlt":"미국","genreAlt":"드라마","repNationNm":"미국","repGenreNm":"드라마","directors":[{"peopleNm":"찰리 채플린"}],"companys":[{"companyCd":"20101378","companyNm":"유나이티드 아티스트"}]},{"movieCd":"19900139","movieNm":"황금광 시대","movieNmEn":"The Gold Rush","prdtYear":"1925","openDt":"19900217","typeNm":"장편","prdtStatNm":"개봉","nationAlt":"미국","genreAlt":"어드벤처,코미디,가족","repNationNm":"미국","repGenreNm":"어드벤처","directors":[{"peopleNm":"찰리 채플린 "}],"companys":[{"companyCd":"20102553","companyNm":"찰리채플린프로덕션"}]},{"movieCd":"20230950","movieNm":"로렐과 하디의 외인부대","movieNmEn":"The Flying Deuces","prdtYear":"1939","openDt":"","typeNm":"장편","prdtStatNm":"기타","nationAlt":"미국","genreAlt":"드라마","repNationNm":"미국","repGenreNm":"드라마","directors":[],"companys":[]},{"movieCd":"20230934","movieNm":"세금 절세를 위한 음란 성접대","movieNmEn":"Pay for sex…","prdtYear":"2022","openDt":"","typeNm":"장편","prdtStatNm":"기타","nationAlt":"일본","genreAlt":"성인물(에로),드라마","repNationNm":"일본","repGenreNm":"성인물(에로)","directors":[{"peopleNm":"와레메 사부로"}],"companys":[]},{"movieCd":"20230933","movieNm":"섹스중독 장모님","movieNmEn":"Mother-in-law Seduction","prdtYear":"2022","openDt":"","typeNm":"장편","prdtStatNm":"기타","nationAlt":"일본","genreAlt":"성인물(에로),드라마","repNationNm":"일본","repGenreNm":"성인물(에로)","directors":[{"peopleNm":"오자키 히로코우지"}],"companys":[]},{"movieCd":"20230932","movieNm":"처형 엉덩이에 선 넘은 제부","movieNmEn":"Wife sister","prdtYear":"2022","openDt":"","typeNm":"장편","prdtStatNm":"기타","nationAlt":"일본","genreAlt":"성인물(에로),드라마","repNationNm":"일본","repGenreNm":"성인물(에로)","directors":[{"peopleNm":"사키타마 조지"}],"companys":[]},{"movieCd":"20131087","movieNm":"식은 죽 먹기","movieNmEn":"Duck Soup","prdtYear":"1933","openDt":"","typeNm":"장편","prdtStatNm":"기타","nationAlt":"미국","genreAlt":"코미디,뮤지컬","repNationNm":"미국","repGenreNm":"코미디","directors":[{"peopleNm":"레오 맥커레이"}],"companys":[]},{"movieCd":"20230931","movieNm":"이모 입안 가득 채워준 조카","movieNmEn":"Big tits aunt","prdtYear":"2022","openDt":"","typeNm":"장편","prdtStatNm":"기타","nationAlt":"일본","genreAlt":"성인물(에로),드라마","repNationNm":"일본","repGenreNm":"성인물(에로)","directors":[{"peopleNm":"사키타마 조지"}],"companys":[]},{"movieCd":"20159719","movieNm":"항해자","movieNmEn":"The Navigator","prdtYear":"1924","openDt":"","typeNm":"장편","prdtStatNm":"기타","nationAlt":"미국","genreAlt":"드라마","repNationNm":"미국","repGenreNm":"드라마","directors":[{"peopleNm":"버스터 키튼"},{"peopleNm":"도날드 크리스프"}],"companys":[]},{"movieCd":"20124374","movieNm":"마침내 안전!","movieNmEn":"Safety Last!","prdtYear":"1923","openDt":"","typeNm":"장편","prdtStatNm":"기타","nationAlt":"미국","genreAlt":"코미디,멜로/로맨스","repNationNm":"미국","repGenreNm":"코미디","directors":[{"peopleNm":"프레드 C. 뉴메이어"},{"peopleNm":"샘 테일러"}],"companys":[]}]}