{"totCnt":"95385","source":"영화진흥위원회","movieList":[{"movieCd":"20201564","movieNm":"처남의 여자친구 무삭제","movieNmEn":"","prdtYear":"2020","openDt":"20210914","typeNm":"장편","prdtStatNm":"개봉","nationAlt":"한국","genreAlt":"멜로/로맨스","repNationNm":"한국","repGenreNm":"멜로/로맨스","directors":[{"peopleNm":"한대위"}],"companys":[{"companyCd":"20161021","companyNm":"(주)영화사가을"}]},{"movieCd":"20210571","movieNm":"뜨거운 밤의 창가","movieNmEn":"","prdtYear":"2020","openDt":"20210927","typeNm":"장편","prdtStatNm":"개봉","nationAlt":"한국","genreAlt":"성인물(에로)","repNationNm":"한국","repGenreNm":"성인물(에로)","directors":[{"peopleNm":"정지승"}],"companys":[{"companyCd":"20176162","companyNm":"(주)코빈커뮤니케이션즈"}]},{"movieCd":"20210841","movieNm":"사진사","movieNmEn":"The Photographer","prdtYear":"2018","openDt":"","typeNm":"장편","prdtStatNm":"기타","nationAlt":"중국","genreAlt":"드라마","repNationNm":"중국","repGenreNm":"드라마","directors":[],"companys":[]},{"movieCd":"20210373","movieNm":"첫경험의 날","movieNmEn":"","prdtYear":"2021","openDt":"20210911","typeNm":"장편","prdtStatNm":"개봉","nationAlt":"한국","genreAlt":"성인물(에로)","repNationNm":"한국","repGenreNm":"성인물(에로)","directors":[{"peopleNm":"정승호"}],"companys":[{"companyCd":"20188221","companyNm":"(주)제이엠로드"}]},{"movieCd":"20210389","movieNm":"아내의 여자","movieNmEn":"","prdtYear":"2021","openDt":"20210911","typeNm":"장편","prdtStatNm":"개봉","nationAlt":"한국","genreAlt":"성인물(에로)","repNationNm":"한국","repGenreNm":"성인물(에로)","directors":[{"peopleNm":"정승호"}],"companys":[{"companyCd":"20188221","companyNm":"(주)제이엠로드"}]},{"movieCd":"20219404","movieNm":"위험한 정사 2","movieNmEn":"State Like Sleep","prdtYear":"2019","openDt":"20210908","typeNm":"장편","prdtStatNm":"개봉","nationAlt":"미국","genreAlt":"미스터리,스릴러,드라마","repNationNm":"미국","repGenreNm":"미스터리","directors":[],"companys":[]},{"movieCd":"20218388","movieNm":"섹탐부인","movieNmEn":"","prdtYear":"2020","openDt":"20210909","typeNm":"장편","prdtStatNm":"개봉","nationAlt":"한국","genreAlt":"멜로/로맨스","repNationNm":"한국","repGenreNm":"멜로/로맨스","directors":[{"peopleNm":"김레이"}],"companys":[{"companyCd":"20203961","companyNm":"P&미디어"}]},{"movieCd":"20210387","movieNm":"두자매의 섹시한 변태","movieNmEn":"","prdtYear":"2021","openDt":"20210911","typeNm":"장편","prdtStatNm":"개봉","nationAlt":"한국","genreAlt":"성인물(에로)","repNationNm":"한국","repGenreNm":"성인물(에로)","directors":[{"peopleNm":"정승호"}],"companys":[{"companyCd":"20188221","companyNm":"(주)제이엠로드"}]},{"movieCd":"20210569","movieNm":"S누나","movieNmEn":"","prdtYear":"2021","openDt":"20210927","typeNm":"장편","prdtStatNm":"개봉","nationAlt":"한국","genreAlt":"성인물(에로)","repNationNm":"한국","repGenreNm":"성인물(에로)","directors":[{"peopleNm":"이상영"}],"companys":[{"companyCd":"20216863","companyNm":"블루커뮤니케이션"}]},{"movieCd":"20210082","movieNm":"공손한 마님의 음란한 저택","movieNmEn":"","prdtYear":"2021","openDt":"20210909","typeNm":"장편","prdtStatNm":"개봉","nationAlt":"일본","genreAlt":"드라마","repNationNm":"일본","repGenreNm":"드라마","directors":[{"peopleNm":"아사기리 키요시"}],"companys":[]}]}