{"totCnt":"95385","source":"영화진흥위원회","movieList":[{"movieCd":"20219690","movieNm":"밝히는자매들-무삭제","movieNmEn":"","prdtYear":"2020","openDt":"20210818","typeNm":"장편","prdtStatNm":"개봉","nationAlt":"한국","genreAlt":"멜로/로맨스","repNationNm":"한국","repGenreNm":"멜로/로맨스","directors":[{"peopleNm":"신민철"}],"companys":[{"companyCd":"20130184","companyNm":"스마일컨텐츠"}]},{"movieCd":"20219786","movieNm":"대물에 순종하는 아내","movieNmEn":"","prdtYear":"2019","openDt":"20210818","typeNm":"장편","prdtStatNm":"개봉","nationAlt":"일본","genreAlt":"멜로/로맨스,드라마","repNationNm":"일본","repGenreNm":"멜로/로맨스","directors":[{"peopleNm":"유키히로 나스"}],"companys":[]},{"movieCd":"20219766","movieNm":"낯선 가족 : 인 이어두","movieNmEn":"Iewduh","prdtYear":"2019","openDt":"","typeNm":"장편","prdtStatNm":"기타","nationAlt":"기타","genreAlt":"드라마","repNationNm":"기타","repGenreNm":"드라마","directors":[],"companys":[]},{"movieCd":"20219765","movieNm":"서스펙터","movieNmEn":"Sho Shan and the Dark Woman","prdtYear":"2014","openDt":"","typeNm":"장편","prdtStatNm":"기타","nationAlt":"기타","genreAlt":"가족","repNationNm":"기타","repGenreNm":"가족","directors":[],"companys":[]},{"movieCd":"20219911","movieNm":"기주봉 배우전: 기주봉 단편선","movieNmEn":"","prdtYear":"2021","openDt":"","typeNm":"옴니버스","prdtStatNm":"기타","nationAlt":"한국","genreAlt":"드라마","repNationNm":"한국","repGenreNm":"드라마","directors":[],"companys":[]},{"movieCd":"20135991","movieNm":"꽃피는 철길","movieNmEn":"A Blooming Railroad","prdtYear":"2013","openDt":"","typeNm":"단편","prdtStatNm":"기타","nationAlt":"한국","genreAlt":"드라마","repNationNm":"한국","repGenreNm":"드라마","directors":[],"companys":[]},{"movieCd":"20219908","movieNm":"익스트랙션: 솔져스","movieNmEn":"American Criminal","prdtYear":"2019","openDt":"","typeNm":"장편","prdtStatNm":"기타","nationAlt":"미국","genreAlt":"스릴러","repNationNm":"미국","repGenreNm":"스릴러","directors":[{"peopleNm":"딜란 뱅크"}],"companys":[]},{"movieCd":"20219828","movieNm":"생각의 여름 배우 단편전","movieNmEn":"","prdtYear":"2021","openDt":"","typeNm":"옴니버스","prdtStatNm":"기타","nationAlt":"한국","genreAlt":"기타","repNationNm":"한국","repGenreNm":"기타","directors":[],"companys":[]},{"movieCd":"20219906","movieNm":"퇴마사","movieNmEn":"Zhongkui kills Demon Legend","prdtYear":"2019","openDt":"","typeNm":"장편","prdtStatNm":"기타","nationAlt":"중국","genreAlt":"액션,어드벤처","repNationNm":"중국","repGenreNm":"액션","directors":[{"peopleNm":"이입명"}],"companys":[]},{"movieCd":"20219905","movieNm":"더 인터뷰","movieNmEn":"The interview","prdtYear":"2018","openDt":"","typeNm":"단편","prdtStatNm":"기타","nationAlt":"한국","genreAlt":"판타지,드라마,스릴러","repNationNm":"한국","repGenreNm":"판타지","directors":[{"peopleNm":"임의준"}],"companys":[]}]}