{"totCnt":"95385","source":"영화진흥위원회","movieList":[{"movieCd":"20210202","movieNm":"밀애 2021","movieNmEn":"","prdtYear":"2021","openDt":"20210927","typeNm":"장편","prdtStatNm":"개봉","nationAlt":"한국","genreAlt":"멜로/로맨스,드라마","repNationNm":"한국","repGenreNm":"멜로/로맨스","directors":[{"peopleNm":"김환"}],"companys":[{"companyCd":"20161021","companyNm":"(주)영화사가을"}]},{"movieCd":"20219166","movieNm":"싱싱한 녀석들이 좋아 - 부장아내","movieNmEn":"","prdtYear":"2020","openDt":"","typeNm":"장편","prdtStatNm":"기타","nationAlt":"일본","genreAlt":"성인물(에로)","repNationNm":"일본","repGenreNm":"성인물(에로)","directors":[{"peopleNm":"와타나베 준이치"}],"companys":[]},{"movieCd":"20219160","movieNm":"새엄마가 알려준 최강연애술","movieNmEn":"","prdtYear":"2020","openDt":"","typeNm":"장편","prdtStatNm":"기타","nationAlt":"일본","genreAlt":"성인물(에로)","repNationNm":"일본","repGenreNm":"성인물(에로)","directors":[{"peopleNm":"가토 마사키"}],"companys":[]},{"movieCd":"20219158","movieNm":"상상이상의 근육질에 놀란 노조미","movieNmEn":"","prdtYear":"2020","openDt":"","typeNm":"장편","prdtStatNm":"기타","nationAlt":"일본","genreAlt":"성인물(에로)","repNationNm":"일본","repGenreNm":"성인물(에로)","directors":[{"peopleNm":"코지마 유키오"}],"companys":[]},{"movieCd":"20219155","movieNm":"백합 손가락으로 느낀 오르가즘 마사지","movieNmEn":"","prdtYear":"2020","openDt":"","typeNm":"장편","prdtStatNm":"기타","nationAlt":"일본","genreAlt":"성인물(에로)","repNationNm":"일본","repGenreNm":"성인물(에로)","directors":[{"peopleNm":"코지마 유키오"}],"companys":[]},{"movieCd":"20210753","movieNm":"방문판매 섹스백서","movieNmEn":"","prdtYear":"2019","openDt":"20210930","typeNm":"장편","prdtStatNm":"개봉","nationAlt":"일본","genreAlt":"멜로/로맨스,드라마","repNationNm":"일본","repGenreNm":"멜로/로맨스","directors":[{"peopleNm":"아카바네 키쿠지로"}],"companys":[]},{"movieCd":"20219159","movieNm":"만원전철에서 오르가즘 - 유키짱","movieNmEn":"","prdtYear":"2020","openDt":"","typeNm":"장편","prdtStatNm":"기타","nationAlt":"일본","genreAlt":"성인물(에로)","repNationNm":"일본","repGenreNm":"성인물(에로)","directors":[{"peopleNm":"가토 마사키"}],"companys":[]},{"movieCd":"20219171","movieNm":"레즈 지스팟 마사지","movieNmEn":"","prdtYear":"2020","openDt":"","typeNm":"장편","prdtStatNm":"기타","nationAlt":"일본","genreAlt":"성인물(에로)","repNationNm":"일본","repGenreNm":"성인물(에로)","directors":[{"peopleNm":"코지마 유키오"}],"companys":[]},{"movieCd":"20219165","movieNm":"딥키스로 시작된 새엄마의 입기술","movieNmEn":"","prdtYear":"2020","openDt":"","typeNm":"장편","prdtStatNm":"기타","nationAlt":"일본","genreAlt":"성인물(에로)","repNationNm":"일본","repGenreNm":"성인물(에로)","directors":[{"peopleNm":"와타나베 준이치"}],"companys":[]},{"movieCd":"20219149","movieNm":"대홍수난 새엄마의 성감대","movieNmEn":"","prdtYear":"2020","openDt":"","typeNm":"장편","prdtStatNm":"기타","nationAlt":"일본","genreAlt":"성인물(에로)","repNationNm":"일본","repGenreNm":"성인물(에로)","directors":[{"peopleNm":"코지마 유키오"}],"companys":[]}]}