{"totCnt":"95385","source":"영화진흥위원회","movieList":[{"movieCd":"20210671","movieNm":"오렌지필름 기획전 - 식식[食食]한 사람들","movieNmEn":"","prdtYear":"2021","openDt":"","typeNm":"옴니버스","prdtStatNm":"기타","nationAlt":"한국","genreAlt":"기타","repNationNm":"한국","repGenreNm":"기타","directors":[],"companys":[]},{"movieCd":"20217174","movieNm":"극장판 콩순이: 장난감나라 대모험","movieNmEn":"KONGSUNI the movie : Toy World Adventure","prdtYear":"2020","openDt":"20210505","typeNm":"장편","prdtStatNm":"개봉","nationAlt":"한국","genreAlt":"애니메이션","repNationNm":"한국","repGenreNm":"애니메이션","directors":[{"peopleNm":"이선명"}],"companys":[{"companyCd":"20217163","companyNm":"(주)모꼬지"}]},{"movieCd":"20210667","movieNm":"칠-인의 노숙자","movieNmEn":"Chill-Inn's Bum, 2021","prdtYear":"2021","openDt":"","typeNm":"장편","prdtStatNm":"기타","nationAlt":"한국","genreAlt":"드라마","repNationNm":"한국","repGenreNm":"드라마","directors":[{"peopleNm":"한받"}],"companys":[]},{"movieCd":"20020053","movieNm":"취화선","movieNmEn":"Chihwaseon","prdtYear":"2002","openDt":"20020503","typeNm":"장편","prdtStatNm":"개봉","nationAlt":"한국","genreAlt":"드라마,사극","repNationNm":"한국","repGenreNm":"드라마","directors":[{"peopleNm":"임권택"}],"companys":[{"companyCd":"20100475","companyNm":"태흥영화(주)"}]},{"movieCd":"20218965","movieNm":"로빈의 소원","movieNmEn":"Robin's Wish","prdtYear":"2020","openDt":"20210923","typeNm":"장편","prdtStatNm":"개봉","nationAlt":"미국","genreAlt":"다큐멘터리","repNationNm":"미국","repGenreNm":"다큐멘터리","directors":[{"peopleNm":"테일러 노우드"}],"companys":[]},{"movieCd":"20210574","movieNm":"예쁜 형수:흥건해진 날","movieNmEn":"","prdtYear":"2020","openDt":"20210920","typeNm":"장편","prdtStatNm":"개봉","nationAlt":"일본","genreAlt":"멜로/로맨스,드라마","repNationNm":"일본","repGenreNm":"멜로/로맨스","directors":[{"peopleNm":"버드맨 텟페이"}],"companys":[]},{"movieCd":"20210583","movieNm":"여대생:누드수업","movieNmEn":"","prdtYear":"2020","openDt":"20210920","typeNm":"장편","prdtStatNm":"개봉","nationAlt":"일본","genreAlt":"멜로/로맨스,드라마","repNationNm":"일본","repGenreNm":"멜로/로맨스","directors":[{"peopleNm":"버드맨 텟페이"}],"companys":[]},{"movieCd":"20210573","movieNm":"야한 이야기:질펀한 손맛","movieNmEn":"","prdtYear":"2020","openDt":"20210920","typeNm":"장편","prdtStatNm":"개봉","nationAlt":"일본","genreAlt":"멜로/로맨스,드라마","repNationNm":"일본","repGenreNm":"멜로/로맨스","directors":[{"peopleNm":"히이라기 엔부"}],"companys":[]},{"movieCd":"20210582","movieNm":"가슴 큰 그녀:질펀한 마사지","movieNmEn":"","prdtYear":"2020","openDt":"20210920","typeNm":"장편","prdtStatNm":"개봉","nationAlt":"일본","genreAlt":"멜로/로맨스,드라마","repNationNm":"일본","repGenreNm":"멜로/로맨스","directors":[{"peopleNm":"버드맨 텟페이"}],"companys":[]},{"movieCd":"20219118","movieNm":"마더 아야","movieNmEn":"Mother Aya","prdtYear":"2021","openDt":"","typeNm":"장편","prdtStatNm":"기타","nationAlt":"한국","genreAlt":"다큐멘터리","repNationNm":"한국","repGenreNm":"다큐멘터리","directors":[{"peopleNm":"조현준"}],"companys":[]}]}