{"totCnt":"95385","source":"영화진흥위원회","movieList":[{"movieCd":"20182904","movieNm":"비포 앤 애프터 이시엽","movieNmEn":"","prdtYear":"2018","openDt":"","typeNm":"단편","prdtStatNm":"기타","nationAlt":"한국","genreAlt":"기타","repNationNm":"한국","repGenreNm":"기타","directors":[{"peopleNm":"김다혜"}],"companys":[]},{"movieCd":"20207951","movieNm":"수정","movieNmEn":"Soojeong","prdtYear":"2019","openDt":"","typeNm":"단편","prdtStatNm":"기타","nationAlt":"한국","genreAlt":"기타","repNationNm":"한국","repGenreNm":"기타","directors":[{"peopleNm":"최기윤"}],"companys":[]},{"movieCd":"20212979","movieNm":"온택트","movieNmEn":"Ontact","prdtYear":"2021","openDt":"","typeNm":"단편","prdtStatNm":"기타","nationAlt":"한국","genreAlt":"드라마","repNationNm":"한국","repGenreNm":"드라마","directors":[{"peopleNm":"김정인"}],"companys":[]},{"movieCd":"20210855","movieNm":"BIAF2021 국제경쟁 VR","movieNmEn":"","prdtYear":"2021","openDt":"","typeNm":"옴니버스","prdtStatNm":"기타","nationAlt":"기타","genreAlt":"애니메이션","repNationNm":"기타","repGenreNm":"애니메이션","directors":[],"companys":[]},{"movieCd":"20213006","movieNm":"킹덤스쿨-어둠속의그림자","movieNmEn":"","prdtYear":"2021","openDt":"","typeNm":"장편","prdtStatNm":"기타","nationAlt":"한국","genreAlt":"드라마","repNationNm":"한국","repGenreNm":"드라마","directors":[{"peopleNm":"장동현"}],"companys":[]},{"movieCd":"20213005","movieNm":"무영탑","movieNmEn":"Pagoda of No Shadow","prdtYear":"1957","openDt":"","typeNm":"장편","prdtStatNm":"기타","nationAlt":"한국","genreAlt":"사극,멜로/로맨스","repNationNm":"한국","repGenreNm":"사극","directors":[{"peopleNm":"신상옥"}],"companys":[]},{"movieCd":"20213003","movieNm":"동네 오빠가 알려준 섹스 맛","movieNmEn":"Boyfriend was a virgin","prdtYear":"2021","openDt":"","typeNm":"장편","prdtStatNm":"기타","nationAlt":"일본","genreAlt":"성인물(에로),드라마","repNationNm":"일본","repGenreNm":"성인물(에로)","directors":[{"peopleNm":"츠지 코지"}],"companys":[]},{"movieCd":"20213002","movieNm":"도톰한 속살의 형의 아내","movieNmEn":"Big brother's wife","prdtYear":"2021","openDt":"","typeNm":"장편","prdtStatNm":"기타","nationAlt":"일본","genreAlt":"성인물(에로),드라마","repNationNm":"일본","repGenreNm":"성인물(에로)","directors":[{"peopleNm":"오자키 히로코우지"}],"companys":[]},{"movieCd":"20212977","movieNm":"꽃분홍 속살 애엄마","movieNmEn":"3 days pure love record","prdtYear":"2021","openDt":"","typeNm":"장편","prdtStatNm":"기타","nationAlt":"일본","genreAlt":"성인물(에로),드라마","repNationNm":"일본","repGenreNm":"성인물(에로)","directors":[{"peopleNm":"오자키 히로코우지"}],"companys":[]},{"movieCd":"20212976","movieNm":"남편 몰래 알바 나온 아줌마","movieNmEn":"Detective Alice","prdtYear":"2021","openDt":"","typeNm":"장편","prdtStatNm":"기타","nationAlt":"일본","genreAlt":"성인물(에로),드라마","repNationNm":"일본","repGenreNm":"성인물(에로)","directors":[{"peopleNm":"킨피카하누케마루"}],"companys":[]}]}