{"totCnt":"95385","source":"영화진흥위원회","movieList":[{"movieCd":"20189638","movieNm":"로그북","movieNmEn":"Log Book","prdtYear":"2020","openDt":"20211124","typeNm":"장편","prdtStatNm":"개봉","nationAlt":"한국","genreAlt":"다큐멘터리","repNationNm":"한국","repGenreNm":"다큐멘터리","directors":[{"peopleNm":"복진오"}],"companys":[{"companyCd":"20218343","companyNm":"복미디어"}]},{"movieCd":"20212524","movieNm":"코로나 시대의 사랑","movieNmEn":"Love in the Time of Corona","prdtYear":"2021","openDt":"","typeNm":"단편","prdtStatNm":"기타","nationAlt":"한국","genreAlt":"","repNationNm":"한국","repGenreNm":"","directors":[{"peopleNm":"서은아"}],"companys":[]},{"movieCd":"20212518","movieNm":"레스 러브","movieNmEn":"Less Love","prdtYear":"2021","openDt":"","typeNm":"단편","prdtStatNm":"기타","nationAlt":"한국","genreAlt":"판타지","repNationNm":"한국","repGenreNm":"판타지","directors":[{"peopleNm":"전혜은"}],"companys":[]},{"movieCd":"20212517","movieNm":"카페인","movieNmEn":"Coffee In","prdtYear":"2021","openDt":"","typeNm":"단편","prdtStatNm":"기타","nationAlt":"한국","genreAlt":"","repNationNm":"한국","repGenreNm":"","directors":[{"peopleNm":"김소린"}],"companys":[]},{"movieCd":"20212522","movieNm":"여집합","movieNmEn":"A Complementary Set","prdtYear":"2021","openDt":"","typeNm":"단편","prdtStatNm":"기타","nationAlt":"한국","genreAlt":"드라마","repNationNm":"한국","repGenreNm":"드라마","directors":[],"companys":[]},{"movieCd":"20212500","movieNm":"세 번의 터키 차","movieNmEn":"Three Times of Turkish Tea","prdtYear":"2021","openDt":"","typeNm":"단편","prdtStatNm":"기타","nationAlt":"한국","genreAlt":"다큐멘터리","repNationNm":"한국","repGenreNm":"다큐멘터리","directors":[],"companys":[]},{"movieCd":"20212515","movieNm":"박영길 씨와의 차 한 잔","movieNmEn":"Teatime with Mr.Park","prdtYear":"2021","openDt":"","typeNm":"단편","prdtStatNm":"기타","nationAlt":"한국","genreAlt":"공포(호러)","repNationNm":"한국","repGenreNm":"공포(호러)","directors":[{"peopleNm":"유우일"}],"companys":[]},{"movieCd":"20212514","movieNm":"너의 생일 나의 기일","movieNmEn":"On Time","prdtYear":"2021","openDt":"","typeNm":"단편","prdtStatNm":"기타","nationAlt":"한국","genreAlt":"드라마","repNationNm":"한국","repGenreNm":"드라마","directors":[],"companys":[]},{"movieCd":"20212499","movieNm":"러브 퍼즐","movieNmEn":"Love Puzzle","prdtYear":"2021","openDt":"","typeNm":"단편","prdtStatNm":"기타","nationAlt":"한국","genreAlt":"판타지,멜로/로맨스","repNationNm":"한국","repGenreNm":"판타지","directors":[{"peopleNm":"임현희"}],"companys":[]},{"movieCd":"20212512","movieNm":"오후","movieNmEn":"Afternoon","prdtYear":"2021","openDt":"","typeNm":"단편","prdtStatNm":"기타","nationAlt":"한국","genreAlt":"드라마","repNationNm":"한국","repGenreNm":"드라마","directors":[],"companys":[]}]}