{"totCnt":"95385","source":"영화진흥위원회","movieList":[{"movieCd":"20224319","movieNm":"오 즐거운 나의  집","movieNmEn":"Home Sweet Home","prdtYear":"2022","openDt":"","typeNm":"단편","prdtStatNm":"기타","nationAlt":"한국","genreAlt":"드라마","repNationNm":"한국","repGenreNm":"드라마","directors":[{"peopleNm":"이해지"}],"companys":[]},{"movieCd":"20217027","movieNm":"옆집사람","movieNmEn":"Next Door","prdtYear":"2022","openDt":"20221103","typeNm":"장편","prdtStatNm":"개봉","nationAlt":"한국","genreAlt":"스릴러,코미디","repNationNm":"한국","repGenreNm":"스릴러","directors":[{"peopleNm":"염지호"}],"companys":[{"companyCd":"20229505","companyNm":"한국예술종합학교"}]},{"movieCd":"20212370","movieNm":"엄마, 영순","movieNmEn":"A Mother Youngsoon","prdtYear":"2019","openDt":"","typeNm":"장편","prdtStatNm":"기타","nationAlt":"한국","genreAlt":"다큐멘터리","repNationNm":"한국","repGenreNm":"다큐멘터리","directors":[{"peopleNm":"이창준"}],"companys":[]},{"movieCd":"20225826","movieNm":"양치기","movieNmEn":"A Good Boy","prdtYear":"2022","openDt":"","typeNm":"장편","prdtStatNm":"기타","nationAlt":"한국","genreAlt":"드라마","repNationNm":"한국","repGenreNm":"드라마","directors":[],"companys":[]},{"movieCd":"20200506","movieNm":"섬이없는지도","movieNmEn":"Map without Island","prdtYear":"2021","openDt":"","typeNm":"장편","prdtStatNm":"후반작업","nationAlt":"한국","genreAlt":"다큐멘터리","repNationNm":"한국","repGenreNm":"다큐멘터리","directors":[{"peopleNm":"김성은"}],"companys":[]},{"movieCd":"20212353","movieNm":"생츄어리","movieNmEn":"Sanctuary","prdtYear":"2021","openDt":"","typeNm":"장편","prdtStatNm":"기타","nationAlt":"한국","genreAlt":"다큐멘터리","repNationNm":"한국","repGenreNm":"다큐멘터리","directors":[{"peopleNm":"왕민철"}],"companys":[]},{"movieCd":"20225522","movieNm":"사랑합니다 고객님","movieNmEn":"I Love You, Customer","prdtYear":"2021","openDt":"","typeNm":"단편","prdtStatNm":"기타","nationAlt":"한국","genreAlt":"기타","repNationNm":"한국","repGenreNm":"기타","directors":[{"peopleNm":"김서윤"}],"companys":[]},{"movieCd":"20203148","movieNm":"할머니의 선생님","movieNmEn":"","prdtYear":"2020","openDt":"","typeNm":"단편","prdtStatNm":"기타","nationAlt":"한국","genreAlt":"드라마","repNationNm":"한국","repGenreNm":"드라마","directors":[{"peopleNm":"정효영"}],"companys":[]},{"movieCd":"20204127","movieNm":"가족","movieNmEn":"A Family","prdtYear":"2020","openDt":"","typeNm":"단편","prdtStatNm":"기타","nationAlt":"한국","genreAlt":"가족,드라마,스릴러","repNationNm":"한국","repGenreNm":"가족","directors":[{"peopleNm":"김채린"}],"companys":[]},{"movieCd":"20215868","movieNm":"숨바꼭 질","movieNmEn":"Hide and Sick","prdtYear":"2020","openDt":"","typeNm":"단편","prdtStatNm":"기타","nationAlt":"한국","genreAlt":"드라마","repNationNm":"한국","repGenreNm":"드라마","directors":[{"peopleNm":"이지연"}],"companys":[]}]}