{"totCnt":"95385","source":"영화진흥위원회","movieList":[{"movieCd":"20230267","movieNm":"기억될 기록","movieNmEn":"","prdtYear":"2022","openDt":"","typeNm":"단편","prdtStatNm":"기타","nationAlt":"한국","genreAlt":"드라마,미스터리","repNationNm":"한국","repGenreNm":"드라마","directors":[],"companys":[]},{"movieCd":"20230726","movieNm":"수림의 꽃다발","movieNmEn":"","prdtYear":"2023","openDt":"","typeNm":"단편","prdtStatNm":"기타","nationAlt":"한국","genreAlt":"드라마","repNationNm":"한국","repGenreNm":"드라마","directors":[{"peopleNm":"임시연"}],"companys":[]},{"movieCd":"20230725","movieNm":"너의 집에 데려가줘","movieNmEn":"Take Me to Your Home","prdtYear":"2022","openDt":"","typeNm":"단편","prdtStatNm":"기타","nationAlt":"한국","genreAlt":"멜로/로맨스,드라마","repNationNm":"한국","repGenreNm":"멜로/로맨스","directors":[],"companys":[]},{"movieCd":"20225816","movieNm":"별안간 가족","movieNmEn":"The Last Family","prdtYear":"2021","openDt":"","typeNm":"단편","prdtStatNm":"기타","nationAlt":"한국","genreAlt":"드라마,SF","repNationNm":"한국","repGenreNm":"드라마","directors":[{"peopleNm":"정유재"}],"companys":[]},{"movieCd":"20230724","movieNm":"쥐아내전","movieNmEn":"The New Tale of Rat Wife","prdtYear":"2023","openDt":"","typeNm":"단편","prdtStatNm":"기타","nationAlt":"한국","genreAlt":"스릴러,코미디","repNationNm":"한국","repGenreNm":"스릴러","directors":[],"companys":[]},{"movieCd":"20230713","movieNm":"악몽","movieNmEn":"The Nightmare","prdtYear":"2023","openDt":"","typeNm":"단편","prdtStatNm":"기타","nationAlt":"한국","genreAlt":"판타지,공포(호러),액션","repNationNm":"한국","repGenreNm":"판타지","directors":[{"peopleNm":"한승원"}],"companys":[]},{"movieCd":"20230711","movieNm":"X의 저주","movieNmEn":"","prdtYear":"2023","openDt":"","typeNm":"단편","prdtStatNm":"기타","nationAlt":"한국","genreAlt":"코미디","repNationNm":"한국","repGenreNm":"코미디","directors":[{"peopleNm":"김희수"}],"companys":[]},{"movieCd":"20230723","movieNm":"이어,지다","movieNmEn":"Long for the Missing","prdtYear":"2022","openDt":"","typeNm":"단편","prdtStatNm":"기타","nationAlt":"한국","genreAlt":"공포(호러)","repNationNm":"한국","repGenreNm":"공포(호러)","directors":[],"companys":[]},{"movieCd":"20230710","movieNm":"증후군","movieNmEn":"Syndrome","prdtYear":"2022","openDt":"","typeNm":"단편","prdtStatNm":"기타","nationAlt":"한국","genreAlt":"스릴러","repNationNm":"한국","repGenreNm":"스릴러","directors":[{"peopleNm":"노진"}],"companys":[]},{"movieCd":"20175208","movieNm":"뷰티풀 투모로우","movieNmEn":"Beautiful Tomorrow","prdtYear":"2017","openDt":"20171026","typeNm":"장편","prdtStatNm":"개봉","nationAlt":"한국","genreAlt":"드라마","repNationNm":"한국","repGenreNm":"드라마","directors":[{"peopleNm":"장재혁"}],"companys":[{"companyCd":"20175362","companyNm":"(주)글러브엔터테인먼트"}]}]}