{"totCnt":"95385","source":"영화진흥위원회","movieList":[{"movieCd":"20211571","movieNm":"플레이백","movieNmEn":"Playback","prdtYear":"2012","openDt":"","typeNm":"장편","prdtStatNm":"기타","nationAlt":"일본","genreAlt":"기타","repNationNm":"일본","repGenreNm":"기타","directors":[{"peopleNm":"미야케 쇼"}],"companys":[]},{"movieCd":"20184429","movieNm":"연인처럼 숨을 멈춰","movieNmEn":"Hold Your Breath Like a Lover","prdtYear":"2014","openDt":"","typeNm":"장편","prdtStatNm":"기타","nationAlt":"일본","genreAlt":"드라마","repNationNm":"일본","repGenreNm":"드라마","directors":[{"peopleNm":"이가라시 코헤이"}],"companys":[]},{"movieCd":"19970035","movieNm":"바리케이드","movieNmEn":"Barricade","prdtYear":"1997","openDt":"19970426","typeNm":"장편","prdtStatNm":"개봉","nationAlt":"한국","genreAlt":"드라마","repNationNm":"한국","repGenreNm":"드라마","directors":[{"peopleNm":"윤인호"}],"companys":[{"companyCd":"20100472","companyNm":"(주)제이콤"}]},{"movieCd":"20211569","movieNm":"야나가와","movieNmEn":"Yanagawa","prdtYear":"2021","openDt":"","typeNm":"장편","prdtStatNm":"기타","nationAlt":"중국","genreAlt":"기타","repNationNm":"중국","repGenreNm":"기타","directors":[{"peopleNm":"장률"}],"companys":[]},{"movieCd":"20217839","movieNm":"포옹","movieNmEn":"Hug","prdtYear":"2021","openDt":"","typeNm":"장편","prdtStatNm":"기타","nationAlt":"한국","genreAlt":"기타","repNationNm":"한국","repGenreNm":"기타","directors":[{"peopleNm":"임흥순"}],"companys":[]},{"movieCd":"20209948","movieNm":"바람아 안개를 걷어가다오","movieNmEn":"Mom's Song","prdtYear":"2020","openDt":"20211028","typeNm":"장편","prdtStatNm":"개봉","nationAlt":"한국","genreAlt":"드라마","repNationNm":"한국","repGenreNm":"드라마","directors":[{"peopleNm":"신동민"}],"companys":[{"companyCd":"20101117","companyNm":"(주)모쿠슈라"}]},{"movieCd":"20211563","movieNm":"바운더리","movieNmEn":"Boundary: Flaming Feminist Action","prdtYear":"2021","openDt":"","typeNm":"장편","prdtStatNm":"기타","nationAlt":"한국","genreAlt":"다큐멘터리","repNationNm":"한국","repGenreNm":"다큐멘터리","directors":[{"peopleNm":"윤가현"}],"companys":[]},{"movieCd":"20210709","movieNm":"집에서, 집으로","movieNmEn":"Home away from home","prdtYear":"2021","openDt":"","typeNm":"장편","prdtStatNm":"기타","nationAlt":"한국","genreAlt":"다큐멘터리","repNationNm":"한국","repGenreNm":"다큐멘터리","directors":[{"peopleNm":"지혜원"}],"companys":[]},{"movieCd":"20211512","movieNm":"강진아: 사랑의 모든 것 섹션2","movieNmEn":"","prdtYear":"2021","openDt":"","typeNm":"옴니버스","prdtStatNm":"기타","nationAlt":"한국","genreAlt":"기타","repNationNm":"한국","repGenreNm":"기타","directors":[],"companys":[]},{"movieCd":"20211531","movieNm":"강진아: 사랑의 모든 것 섹션1","movieNmEn":"","prdtYear":"2021","openDt":"","typeNm":"옴니버스","prdtStatNm":"기타","nationAlt":"한국","genreAlt":"기타","repNationNm":"한국","repGenreNm":"기타","directors":[],"companys":[]}]}