{"totCnt":"95385","source":"영화진흥위원회","movieList":[{"movieCd":"20210206","movieNm":"키스의 신","movieNmEn":"","prdtYear":"2021","openDt":"20211022","typeNm":"장편","prdtStatNm":"개봉","nationAlt":"한국","genreAlt":"성인물(에로),코미디","repNationNm":"한국","repGenreNm":"성인물(에로)","directors":[{"peopleNm":"이시영"}],"companys":[{"companyCd":"20122937","companyNm":"(주)룬컴퍼니"}]},{"movieCd":"20210798","movieNm":"사정의 콜센타","movieNmEn":"","prdtYear":"2021","openDt":"20211022","typeNm":"장편","prdtStatNm":"개봉","nationAlt":"한국","genreAlt":"멜로/로맨스,드라마","repNationNm":"한국","repGenreNm":"멜로/로맨스","directors":[{"peopleNm":"윤준세"}],"companys":[{"companyCd":"20114899","companyNm":"(주)영진크리에이티브"}]},{"movieCd":"20211327","movieNm":"세퍼레이션","movieNmEn":"Separation","prdtYear":"2021","openDt":"","typeNm":"장편","prdtStatNm":"기타","nationAlt":"미국","genreAlt":"공포(호러)","repNationNm":"미국","repGenreNm":"공포(호러)","directors":[],"companys":[]},{"movieCd":"20211326","movieNm":"허니 걸스","movieNmEn":"Honey Girls","prdtYear":"2021","openDt":"","typeNm":"장편","prdtStatNm":"기타","nationAlt":"미국","genreAlt":"공연","repNationNm":"미국","repGenreNm":"공연","directors":[],"companys":[]},{"movieCd":"20192596","movieNm":"굴레: 소녀의 눈","movieNmEn":"Abyss: The Girl's Eye","prdtYear":"2018","openDt":"","typeNm":"장편","prdtStatNm":"기타","nationAlt":"한국","genreAlt":"드라마","repNationNm":"한국","repGenreNm":"드라마","directors":[{"peopleNm":"장현상"}],"companys":[]},{"movieCd":"20210141","movieNm":"태백검","movieNmEn":"Taibai Sword","prdtYear":"2019","openDt":"","typeNm":"장편","prdtStatNm":"기타","nationAlt":"중국","genreAlt":"액션","repNationNm":"중국","repGenreNm":"액션","directors":[],"companys":[]},{"movieCd":"20195741","movieNm":"러브 임파서블 ","movieNmEn":"Love Impossible","prdtYear":"2017","openDt":"","typeNm":"단편","prdtStatNm":"기타","nationAlt":"한국","genreAlt":"드라마","repNationNm":"한국","repGenreNm":"드라마","directors":[],"companys":[]},{"movieCd":"20210800","movieNm":"여보 미안해 킬링 캠프","movieNmEn":"Sweetie, You Won't Believe It","prdtYear":"2020","openDt":"","typeNm":"장편","prdtStatNm":"기타","nationAlt":"카자흐스탄","genreAlt":"액션,범죄,공포(호러)","repNationNm":"카자흐스탄","repGenreNm":"액션","directors":[{"peopleNm":"예르나르 누르갈리예프"}],"companys":[]},{"movieCd":"20210955","movieNm":"흑인에게 배우러 간 와이프가 헐렁해진 이유","movieNmEn":"","prdtYear":"2020","openDt":"","typeNm":"장편","prdtStatNm":"기타","nationAlt":"일본","genreAlt":"성인물(에로),드라마","repNationNm":"일본","repGenreNm":"성인물(에로)","directors":[{"peopleNm":"나가에 타카미"}],"companys":[]},{"movieCd":"20210899","movieNm":"탐스러운 친구여친","movieNmEn":"","prdtYear":"2020","openDt":"20211018","typeNm":"장편","prdtStatNm":"개봉","nationAlt":"일본","genreAlt":"멜로/로맨스","repNationNm":"일본","repGenreNm":"멜로/로맨스","directors":[{"peopleNm":"마메자와 마메타로"}],"companys":[]}]}