{"totCnt":"95385","source":"영화진흥위원회","movieList":[{"movieCd":"20224261","movieNm":"새엄마 길들이기","movieNmEn":"","prdtYear":"2020","openDt":"20220323","typeNm":"장편","prdtStatNm":"개봉","nationAlt":"일본","genreAlt":"성인물(에로),드라마,멜로/로맨스","repNationNm":"일본","repGenreNm":"성인물(에로)","directors":[{"peopleNm":"조즈 토코노마"}],"companys":[]},{"movieCd":"20223994","movieNm":"사랑은 쉬지 않는다","movieNmEn":"","prdtYear":"2007","openDt":"","typeNm":"장편","prdtStatNm":"기타","nationAlt":"한국","genreAlt":"드라마","repNationNm":"한국","repGenreNm":"드라마","directors":[{"peopleNm":"이정국"}],"companys":[{"companyCd":"20050075","companyNm":"영화사 혼"}]},{"movieCd":"20224338","movieNm":"오배송","movieNmEn":"Misdelivered","prdtYear":"2020","openDt":"","typeNm":"단편","prdtStatNm":"기타","nationAlt":"한국","genreAlt":"스릴러,드라마","repNationNm":"한국","repGenreNm":"스릴러","directors":[{"peopleNm":"곽재혁"}],"companys":[]},{"movieCd":"20224327","movieNm":"팬데믹에 패닉 된 펭귄 아줌마, 거문고 타고 날다.","movieNmEn":"The Show Must Go on!","prdtYear":"2021","openDt":"","typeNm":"단편","prdtStatNm":"기타","nationAlt":"한국","genreAlt":"다큐멘터리","repNationNm":"한국","repGenreNm":"다큐멘터리","directors":[{"peopleNm":"이인성"}],"companys":[]},{"movieCd":"20224334","movieNm":"다크 인카운터","movieNmEn":"Dark Encounter","prdtYear":"2019","openDt":"","typeNm":"장편","prdtStatNm":"기타","nationAlt":"영국","genreAlt":"미스터리,SF,스릴러","repNationNm":"영국","repGenreNm":"미스터리","directors":[{"peopleNm":"칼 스트레이티"}],"companys":[]},{"movieCd":"20180290","movieNm":"아쿠아맨","movieNmEn":"AQUAMAN","prdtYear":"2018","openDt":"20181219","typeNm":"장편","prdtStatNm":"개봉","nationAlt":"미국,호주","genreAlt":"액션","repNationNm":"미국","repGenreNm":"액션","directors":[{"peopleNm":"제임스 완"}],"companys":[]},{"movieCd":"20191041","movieNm":"축복의 집","movieNmEn":"Dust and Ashes","prdtYear":"2019","openDt":"20220224","typeNm":"장편","prdtStatNm":"개봉","nationAlt":"한국","genreAlt":"가족,드라마","repNationNm":"한국","repGenreNm":"가족","directors":[{"peopleNm":"박희권"}],"companys":[{"companyCd":"20130310","companyNm":"(주)고앤고필름"}]},{"movieCd":"20223326","movieNm":"전투왕","movieNmEn":"The Combat Kings","prdtYear":"2021","openDt":"20220217","typeNm":"장편","prdtStatNm":"개봉","nationAlt":"한국","genreAlt":"다큐멘터리","repNationNm":"한국","repGenreNm":"다큐멘터리","directors":[{"peopleNm":"이상호"}],"companys":[{"companyCd":"20142435","companyNm":"(주)씨네포트"}]},{"movieCd":"20208006","movieNm":"인민을 위해 복무하라","movieNmEn":"SERVE THE PEOPLE","prdtYear":"2020","openDt":"20220223","typeNm":"장편","prdtStatNm":"개봉","nationAlt":"한국","genreAlt":"멜로/로맨스,드라마","repNationNm":"한국","repGenreNm":"멜로/로맨스","directors":[{"peopleNm":"장철수"}],"companys":[{"companyCd":"20140511","companyNm":"주식회사 표범영화사"},{"companyCd":"20142369","companyNm":"(유)조이앤시네마"}]},{"movieCd":"20223404","movieNm":"에펠","movieNmEn":"Eiffel","prdtYear":"2021","openDt":"20220323","typeNm":"장편","prdtStatNm":"개봉","nationAlt":"프랑스","genreAlt":"멜로/로맨스,드라마","repNationNm":"프랑스","repGenreNm":"멜로/로맨스","directors":[{"peopleNm":"마르탱 부르불롱"}],"companys":[]}]}