{"totCnt":"95385","source":"영화진흥위원회","movieList":[{"movieCd":"20224837","movieNm":"마이 차일드","movieNmEn":"My Child","prdtYear":"2022","openDt":"","typeNm":"단편","prdtStatNm":"기타","nationAlt":"한국","genreAlt":"애니메이션","repNationNm":"한국","repGenreNm":"애니메이션","directors":[{"peopleNm":"김현주"}],"companys":[]},{"movieCd":"20127230","movieNm":"야성의 아이","movieNmEn":"The Wild Child","prdtYear":"1970","openDt":"","typeNm":"장편","prdtStatNm":"기타","nationAlt":"프랑스","genreAlt":"드라마","repNationNm":"프랑스","repGenreNm":"드라마","directors":[{"peopleNm":"프랑수아 트뤼포"}],"companys":[]},{"movieCd":"20127229","movieNm":"미시시피의 인어","movieNmEn":"Mississippi Mermaid","prdtYear":"1969","openDt":"","typeNm":"장편","prdtStatNm":"기타","nationAlt":"프랑스,이탈리아","genreAlt":"멜로/로맨스,범죄","repNationNm":"프랑스","repGenreNm":"멜로/로맨스","directors":[{"peopleNm":"프랑수아 트뤼포"}],"companys":[]},{"movieCd":"20127216","movieNm":"부드러운 살결","movieNmEn":"The Soft Skin","prdtYear":"1964","openDt":"","typeNm":"장편","prdtStatNm":"기타","nationAlt":"프랑스,포르투갈","genreAlt":"드라마,멜로/로맨스","repNationNm":"프랑스","repGenreNm":"드라마","directors":[{"peopleNm":"프랑수아 트뤼포"}],"companys":[]},{"movieCd":"20081339","movieNm":"피아니스트를 쏴라","movieNmEn":"Shoot the Piano Player","prdtYear":"1960","openDt":"","typeNm":"장편","prdtStatNm":"기타","nationAlt":"프랑스","genreAlt":"범죄,드라마,스릴러","repNationNm":"프랑스","repGenreNm":"범죄","directors":[{"peopleNm":"프랑수아 트뤼포"}],"companys":[]},{"movieCd":"20224516","movieNm":"아마이아: 뱀파이어 소녀","movieNmEn":"All the Moons","prdtYear":"2020","openDt":"","typeNm":"장편","prdtStatNm":"기타","nationAlt":"스페인,프랑스","genreAlt":"판타지,드라마","repNationNm":"스페인","repGenreNm":"판타지","directors":[{"peopleNm":"이고르 레가레타"}],"companys":[]},{"movieCd":"20224333","movieNm":"더 컨트랙터","movieNmEn":"The Contractor","prdtYear":"2022","openDt":"20220428","typeNm":"장편","prdtStatNm":"개봉","nationAlt":"미국","genreAlt":"액션,스릴러","repNationNm":"미국","repGenreNm":"액션","directors":[{"peopleNm":"타릭 살레"}],"companys":[]},{"movieCd":"20224810","movieNm":"레드 테이블","movieNmEn":"RED TABLE","prdtYear":"2021","openDt":"","typeNm":"단편","prdtStatNm":"기타","nationAlt":"한국","genreAlt":"애니메이션","repNationNm":"한국","repGenreNm":"애니메이션","directors":[{"peopleNm":"김학현"}],"companys":[]},{"movieCd":"20224786","movieNm":"시잉 인 더 다크","movieNmEn":"Seeing in the Dark","prdtYear":"2021","openDt":"","typeNm":"단편","prdtStatNm":"기타","nationAlt":"한국,태국","genreAlt":"기타","repNationNm":"한국","repGenreNm":"기타","directors":[],"companys":[]},{"movieCd":"20224785","movieNm":"스테레오 타입","movieNmEn":"Stereotype ","prdtYear":"2021","openDt":"","typeNm":"단편","prdtStatNm":"기타","nationAlt":"한국","genreAlt":"애니메이션","repNationNm":"한국","repGenreNm":"애니메이션","directors":[],"companys":[]}]}