{"totCnt":"95385","source":"영화진흥위원회","movieList":[{"movieCd":"20212511","movieNm":"배틀 키보드","movieNmEn":"Battle Keyboard","prdtYear":"2021","openDt":"","typeNm":"단편","prdtStatNm":"기타","nationAlt":"한국","genreAlt":"코미디,뮤지컬","repNationNm":"한국","repGenreNm":"코미디","directors":[],"companys":[]},{"movieCd":"20212510","movieNm":"청파동 사람들","movieNmEn":"Cheongpadong Peoples","prdtYear":"2020","openDt":"","typeNm":"단편","prdtStatNm":"기타","nationAlt":"한국","genreAlt":"애니메이션","repNationNm":"한국","repGenreNm":"애니메이션","directors":[{"peopleNm":"김재희"}],"companys":[]},{"movieCd":"20212495","movieNm":"좋은날","movieNmEn":"A Good Day","prdtYear":"2021","openDt":"","typeNm":"단편","prdtStatNm":"기타","nationAlt":"한국","genreAlt":"","repNationNm":"한국","repGenreNm":"","directors":[{"peopleNm":"황슬기"}],"companys":[]},{"movieCd":"20212490","movieNm":"모차르트 죽이기","movieNmEn":"Killing Mozart","prdtYear":"2019","openDt":"","typeNm":"단편","prdtStatNm":"기타","nationAlt":"한국","genreAlt":"","repNationNm":"한국","repGenreNm":"","directors":[{"peopleNm":"유원동"}],"companys":[]},{"movieCd":"20212494","movieNm":"비거닉 제주","movieNmEn":"Veganic Jeju","prdtYear":"2021","openDt":"","typeNm":"단편","prdtStatNm":"기타","nationAlt":"한국","genreAlt":"다큐멘터리","repNationNm":"한국","repGenreNm":"다큐멘터리","directors":[{"peopleNm":"김문경"},{"peopleNm":"허성"}],"companys":[]},{"movieCd":"20212493","movieNm":"베이글","movieNmEn":"Bagel","prdtYear":"2020","openDt":"","typeNm":"단편","prdtStatNm":"기타","nationAlt":"한국","genreAlt":"","repNationNm":"한국","repGenreNm":"","directors":[{"peopleNm":"나지경"}],"companys":[]},{"movieCd":"20212489","movieNm":"맛있는 엔딩","movieNmEn":"Tasty Ending","prdtYear":"2021","openDt":"","typeNm":"단편","prdtStatNm":"기타","nationAlt":"한국","genreAlt":"","repNationNm":"한국","repGenreNm":"","directors":[{"peopleNm":"정소영"}],"companys":[]},{"movieCd":"20212509","movieNm":"라면먹방","movieNmEn":"Ramen Mukbang","prdtYear":"2021","openDt":"","typeNm":"단편","prdtStatNm":"기타","nationAlt":"한국","genreAlt":"","repNationNm":"한국","repGenreNm":"","directors":[{"peopleNm":"김지현"}],"companys":[]},{"movieCd":"20212488","movieNm":"또 하루","movieNmEn":"Another Day","prdtYear":"2020","openDt":"","typeNm":"단편","prdtStatNm":"기타","nationAlt":"한국","genreAlt":"","repNationNm":"한국","repGenreNm":"","directors":[{"peopleNm":"박흥식"}],"companys":[]},{"movieCd":"20212487","movieNm":"가장 개인적인 레시피","movieNmEn":"The Most Personal Recipe","prdtYear":"2021","openDt":"","typeNm":"단편","prdtStatNm":"기타","nationAlt":"한국","genreAlt":"다큐멘터리","repNationNm":"한국","repGenreNm":"다큐멘터리","directors":[{"peopleNm":"김현우"}],"companys":[]}]}