{"totCnt":"95385","source":"영화진흥위원회","movieList":[{"movieCd":"20211061","movieNm":"히트맨: 에이전트 19","movieNmEn":"Abstruse","prdtYear":"2019","openDt":"","typeNm":"장편","prdtStatNm":"기타","nationAlt":"미국","genreAlt":"액션","repNationNm":"미국","repGenreNm":"액션","directors":[{"peopleNm":"할리 웰렌"}],"companys":[]},{"movieCd":"20210973","movieNm":"아내의 직장상사 : 마누라에게는 비밀이야","movieNmEn":"","prdtYear":"2020","openDt":"","typeNm":"장편","prdtStatNm":"기타","nationAlt":"일본","genreAlt":"성인물(에로),드라마","repNationNm":"일본","repGenreNm":"성인물(에로)","directors":[],"companys":[]},{"movieCd":"20211021","movieNm":"육식 유부녀 : 말라 비틀어질 때까지 짜 드립니다","movieNmEn":"","prdtYear":"2020","openDt":"","typeNm":"장편","prdtStatNm":"기타","nationAlt":"일본","genreAlt":"성인물(에로),드라마","repNationNm":"일본","repGenreNm":"성인물(에로)","directors":[{"peopleNm":"나가에 타카미"}],"companys":[]},{"movieCd":"20210990","movieNm":"아내의 야근 : 남편에게는 거짓말","movieNmEn":"","prdtYear":"2020","openDt":"","typeNm":"장편","prdtStatNm":"기타","nationAlt":"일본","genreAlt":"성인물(에로),드라마","repNationNm":"일본","repGenreNm":"성인물(에로)","directors":[{"peopleNm":"쇼오텐시로오"}],"companys":[]},{"movieCd":"20210998","movieNm":"뒤엉켜 탐하는 농후한 중년의 성교","movieNmEn":"","prdtYear":"2020","openDt":"","typeNm":"장편","prdtStatNm":"기타","nationAlt":"일본","genreAlt":"성인물(에로),드라마","repNationNm":"일본","repGenreNm":"성인물(에로)","directors":[],"companys":[]},{"movieCd":"20211022","movieNm":"남편을 위해 아내가 불륜에 빠진 이유2 : 오쿠다 사키","movieNmEn":"","prdtYear":"2020","openDt":"","typeNm":"장편","prdtStatNm":"기타","nationAlt":"일본","genreAlt":"성인물(에로),드라마","repNationNm":"일본","repGenreNm":"성인물(에로)","directors":[],"companys":[]},{"movieCd":"20218480","movieNm":"461개의 도시락","movieNmEn":"461 Days of Bento: A Promise Between Father and Son","prdtYear":"2020","openDt":"","typeNm":"장편","prdtStatNm":"개봉","nationAlt":"일본","genreAlt":"드라마,가족","repNationNm":"일본","repGenreNm":"드라마","directors":[{"peopleNm":"카네시게 아츠시"}],"companys":[]},{"movieCd":"20210865","movieNm":"고장난 론","movieNmEn":"Ron’s Gone Wrong","prdtYear":"2021","openDt":"20211027","typeNm":"장편","prdtStatNm":"개봉","nationAlt":"미국","genreAlt":"애니메이션","repNationNm":"미국","repGenreNm":"애니메이션","directors":[{"peopleNm":"사라 스미스"},{"peopleNm":"장 필립 바인"},{"peopleNm":"옥타비오 E. 로드리게즈"}],"companys":[]},{"movieCd":"20211210","movieNm":"유령선 : 죽은 자의 저주","movieNmEn":"Blood Vessel","prdtYear":"2019","openDt":"","typeNm":"장편","prdtStatNm":"기타","nationAlt":"기타","genreAlt":"공포(호러),액션","repNationNm":"기타","repGenreNm":"공포(호러)","directors":[{"peopleNm":"저스틴 딕스"}],"companys":[]},{"movieCd":"20203221","movieNm":"가슴 큰 친구여친 무삭제","movieNmEn":"","prdtYear":"2020","openDt":"20211002","typeNm":"장편","prdtStatNm":"개봉","nationAlt":"한국","genreAlt":"멜로/로맨스","repNationNm":"한국","repGenreNm":"멜로/로맨스","directors":[{"peopleNm":"한대위"}],"companys":[{"companyCd":"20161021","companyNm":"(주)영화사가을"}]}]}