{"totCnt":"95385","source":"영화진흥위원회","movieList":[{"movieCd":"19779110","movieNm":"무명객","movieNmEn":"Mission Ginseng","prdtYear":"1977","openDt":"","typeNm":"장편","prdtStatNm":"기타","nationAlt":"한국","genreAlt":"액션","repNationNm":"한국","repGenreNm":"액션","directors":[{"peopleNm":"김시현"}],"companys":[{"companyCd":"20100976","companyNm":"남아진흥"}]},{"movieCd":"20125548","movieNm":"팔대장문","movieNmEn":"The Eighth Head","prdtYear":"1978","openDt":"","typeNm":"장편","prdtStatNm":"기타","nationAlt":"","genreAlt":"액션","repNationNm":"","repGenreNm":"액션","directors":[{"peopleNm":"김시현"}],"companys":[{"companyCd":"20100976","companyNm":"남아진흥"}]},{"movieCd":"19820026","movieNm":"친구여 조용히 가다오","movieNmEn":"Dear Friend, Please Leave Quietly","prdtYear":"1982","openDt":"19820326","typeNm":"장편","prdtStatNm":"개봉","nationAlt":"한국","genreAlt":"드라마","repNationNm":"한국","repGenreNm":"드라마","directors":[{"peopleNm":"고영남"}],"companys":[{"companyCd":"20060167","companyNm":"남아진흥(주)"}]},{"movieCd":"19780046","movieNm":"에너지 선생","movieNmEn":"Energy Teacher","prdtYear":"1978","openDt":"19781028","typeNm":"장편","prdtStatNm":"개봉","nationAlt":"한국","genreAlt":"드라마,멜로/로맨스","repNationNm":"한국","repGenreNm":"드라마","directors":[{"peopleNm":"석래명"}],"companys":[{"companyCd":"20100976","companyNm":"남아진흥"}]},{"movieCd":"20219816","movieNm":"인어가 잠든 집","movieNmEn":"The House Where the Mermaid Sleeps","prdtYear":"2018","openDt":"20220128","typeNm":"장편","prdtStatNm":"개봉","nationAlt":"일본","genreAlt":"드라마","repNationNm":"일본","repGenreNm":"드라마","directors":[{"peopleNm":"츠츠미 유키히코"}],"companys":[]},{"movieCd":"20223951","movieNm":"봉신방","movieNmEn":"First Myth: The Clash of Gods","prdtYear":"2021","openDt":"","typeNm":"장편","prdtStatNm":"기타","nationAlt":"중국","genreAlt":"판타지,액션","repNationNm":"중국","repGenreNm":"판타지","directors":[],"companys":[]},{"movieCd":"20223929","movieNm":"뉴욕 42번가 기타샵","movieNmEn":"Carmine Street Guitars","prdtYear":"2018","openDt":"","typeNm":"장편","prdtStatNm":"기타","nationAlt":"캐나다","genreAlt":"다큐멘터리","repNationNm":"캐나다","repGenreNm":"다큐멘터리","directors":[{"peopleNm":"론 만"}],"companys":[]},{"movieCd":"20211213","movieNm":"아웃브레이크 호텔","movieNmEn":"Hall","prdtYear":"2020","openDt":"20220217","typeNm":"장편","prdtStatNm":"개봉","nationAlt":"캐나다","genreAlt":"스릴러","repNationNm":"캐나다","repGenreNm":"스릴러","directors":[{"peopleNm":"프란체스코 지아니니"}],"companys":[]},{"movieCd":"20216375","movieNm":"시크릿 카운터","movieNmEn":"The Town of Headcounts","prdtYear":"2020","openDt":"20220217","typeNm":"장편","prdtStatNm":"개봉","nationAlt":"일본","genreAlt":"기타","repNationNm":"일본","repGenreNm":"기타","directors":[],"companys":[]},{"movieCd":"20211054","movieNm":"스크림","movieNmEn":"Scream","prdtYear":"2021","openDt":"20220217","typeNm":"장편","prdtStatNm":"개봉","nationAlt":"미국","genreAlt":"공포(호러),미스터리,스릴러","repNationNm":"미국","repGenreNm":"공포(호러)","directors":[{"peopleNm":"맷 베티넬리-올핀"}],"companys":[]}]}