{"totCnt":"95385","source":"영화진흥위원회","movieList":[{"movieCd":"20184576","movieNm":"어쌔신 더 엑스","movieNmEn":"ASSASSIN X","prdtYear":"2016","openDt":"20211111","typeNm":"장편","prdtStatNm":"개봉","nationAlt":"미국","genreAlt":"액션","repNationNm":"미국","repGenreNm":"액션","directors":[{"peopleNm":"아트 카마초"}],"companys":[]},{"movieCd":"20203134","movieNm":"승진섹스 - 무삭제판","movieNmEn":"","prdtYear":"2020","openDt":"20211111","typeNm":"장편","prdtStatNm":"개봉","nationAlt":"한국","genreAlt":"멜로/로맨스","repNationNm":"한국","repGenreNm":"멜로/로맨스","directors":[{"peopleNm":"김종석"}],"companys":[{"companyCd":"20176201","companyNm":"모히또필름"}]},{"movieCd":"20219106","movieNm":"그녀의 사정","movieNmEn":"","prdtYear":"2021","openDt":"20211111","typeNm":"장편","prdtStatNm":"개봉","nationAlt":"한국","genreAlt":"성인물(에로)","repNationNm":"한국","repGenreNm":"성인물(에로)","directors":[{"peopleNm":"성운아"}],"companys":[{"companyCd":"20217484","companyNm":"(주)더비에스엔터테인먼트"}]},{"movieCd":"20210799","movieNm":"주신: 제갈정운","movieNmEn":"Lord Fargo 2","prdtYear":"2017","openDt":"20211110","typeNm":"장편","prdtStatNm":"개봉","nationAlt":"홍콩","genreAlt":"판타지,액션,드라마","repNationNm":"홍콩","repGenreNm":"판타지","directors":[],"companys":[]},{"movieCd":"20210103","movieNm":"도굴: 귀취전설","movieNmEn":"Ghost Blows Out the Light 2","prdtYear":"2020","openDt":"20211110","typeNm":"장편","prdtStatNm":"개봉","nationAlt":"중국","genreAlt":"액션,판타지","repNationNm":"중국","repGenreNm":"액션","directors":[{"peopleNm":"조소구"}],"companys":[]},{"movieCd":"20216774","movieNm":"밀애 : 예쁜 며느리 무삭제","movieNmEn":"","prdtYear":"2020","openDt":"20211108","typeNm":"장편","prdtStatNm":"개봉","nationAlt":"한국","genreAlt":"멜로/로맨스,드라마","repNationNm":"한국","repGenreNm":"멜로/로맨스","directors":[{"peopleNm":"최찬호"}],"companys":[{"companyCd":"20161021","companyNm":"(주)영화사가을"}]},{"movieCd":"20211310","movieNm":"어느순간 내 입에 아!오이","movieNmEn":"","prdtYear":"2021","openDt":"20211105","typeNm":"장편","prdtStatNm":"개봉","nationAlt":"일본","genreAlt":"드라마","repNationNm":"일본","repGenreNm":"드라마","directors":[{"peopleNm":"아사기리 키요시"}],"companys":[]},{"movieCd":"20205866","movieNm":"매력적인 장모님 무삭제","movieNmEn":"","prdtYear":"2020","openDt":"20211105","typeNm":"장편","prdtStatNm":"개봉","nationAlt":"한국","genreAlt":"멜로/로맨스","repNationNm":"한국","repGenreNm":"멜로/로맨스","directors":[{"peopleNm":"최찬호"}],"companys":[{"companyCd":"20161021","companyNm":"(주)영화사가을"}]},{"movieCd":"20210595","movieNm":"떡 편한 세상","movieNmEn":"","prdtYear":"2021","openDt":"20211105","typeNm":"장편","prdtStatNm":"개봉","nationAlt":"한국","genreAlt":"성인물(에로)","repNationNm":"한국","repGenreNm":"성인물(에로)","directors":[{"peopleNm":"리윤"}],"companys":[{"companyCd":"20199962","companyNm":"(주)담화"}]},{"movieCd":"20210806","movieNm":"천지열혈 양가장","movieNmEn":"General Yangs","prdtYear":"2017","openDt":"20211103","typeNm":"장편","prdtStatNm":"개봉","nationAlt":"홍콩","genreAlt":"액션,드라마","repNationNm":"홍콩","repGenreNm":"액션","directors":[],"companys":[]}]}