{"totCnt":"95385","source":"영화진흥위원회","movieList":[{"movieCd":"20230722","movieNm":"작두","movieNmEn":"Blades","prdtYear":"2022","openDt":"","typeNm":"단편","prdtStatNm":"기타","nationAlt":"한국","genreAlt":"드라마,공포(호러)","repNationNm":"한국","repGenreNm":"드라마","directors":[{"peopleNm":"정재용"}],"companys":[]},{"movieCd":"20230721","movieNm":"이씨 가문의 형제들","movieNmEn":"","prdtYear":"2023","openDt":"","typeNm":"단편","prdtStatNm":"기타","nationAlt":"한국","genreAlt":"코미디,드라마","repNationNm":"한국","repGenreNm":"코미디","directors":[{"peopleNm":"서정미"}],"companys":[]},{"movieCd":"20230709","movieNm":"매달리기","movieNmEn":"","prdtYear":"2023","openDt":"","typeNm":"단편","prdtStatNm":"기타","nationAlt":"한국","genreAlt":"드라마","repNationNm":"한국","repGenreNm":"드라마","directors":[{"peopleNm":"박지인"}],"companys":[]},{"movieCd":"20230708","movieNm":"불청객","movieNmEn":"","prdtYear":"2022","openDt":"","typeNm":"단편","prdtStatNm":"기타","nationAlt":"한국","genreAlt":"범죄,드라마","repNationNm":"한국","repGenreNm":"범죄","directors":[{"peopleNm":"김중회"}],"companys":[]},{"movieCd":"20230503","movieNm":"이 아이는 사악하다","movieNmEn":"The Good Father","prdtYear":"2022","openDt":"","typeNm":"장편","prdtStatNm":"기타","nationAlt":"일본","genreAlt":"스릴러,공포(호러),미스터리","repNationNm":"일본","repGenreNm":"스릴러","directors":[],"companys":[]},{"movieCd":"2023C783","movieNm":"소림사 : 사대천왕","movieNmEn":"Luban Four Heroes","prdtYear":"2021","openDt":"","typeNm":"온라인전용","prdtStatNm":"기타","nationAlt":"중국","genreAlt":"액션","repNationNm":"중국","repGenreNm":"액션","directors":[],"companys":[]},{"movieCd":"20230492","movieNm":"미용의 기술","movieNmEn":"","prdtYear":"2022","openDt":"20230217","typeNm":"장편","prdtStatNm":"개봉","nationAlt":"한국","genreAlt":"성인물(에로)","repNationNm":"한국","repGenreNm":"성인물(에로)","directors":[{"peopleNm":"현승우"}],"companys":[{"companyCd":"20191101","companyNm":"(주)메이크아트"}]},{"movieCd":"20230311","movieNm":"최면술사 : 몸이 뜨거워요","movieNmEn":"RINNJINNNI AYATURARETA TUMA","prdtYear":"2020","openDt":"20230227","typeNm":"장편","prdtStatNm":"개봉","nationAlt":"일본","genreAlt":"성인물(에로),드라마,멜로/로맨스","repNationNm":"일본","repGenreNm":"성인물(에로)","directors":[{"peopleNm":"사쿠라비토"}],"companys":[]},{"movieCd":"20230325","movieNm":"씨 없는 남편 : 대신 낳아주세요","movieNmEn":"DAKIAXTUTA NIKUTAI","prdtYear":"2021","openDt":"20230227","typeNm":"장편","prdtStatNm":"개봉","nationAlt":"일본","genreAlt":"성인물(에로),드라마,멜로/로맨스","repNationNm":"일본","repGenreNm":"성인물(에로)","directors":[{"peopleNm":"토미죠 타로"}],"companys":[]},{"movieCd":"20230155","movieNm":"소녀탈출 무삭제판","movieNmEn":"","prdtYear":"2021","openDt":"20230210","typeNm":"장편","prdtStatNm":"개봉","nationAlt":"한국","genreAlt":"성인물(에로)","repNationNm":"한국","repGenreNm":"성인물(에로)","directors":[{"peopleNm":"에로핑"}],"companys":[{"companyCd":"20217584","companyNm":"핑크하우스TV"}]}]}