{"totCnt":"95385","source":"영화진흥위원회","movieList":[{"movieCd":"20223885","movieNm":"위로가 필요한 시간","movieNmEn":"It’s All Right","prdtYear":"2021","openDt":"","typeNm":"단편","prdtStatNm":"기타","nationAlt":"한국","genreAlt":"기타","repNationNm":"한국","repGenreNm":"기타","directors":[],"companys":[]},{"movieCd":"20223897","movieNm":"심부름","movieNmEn":"The Errand","prdtYear":"2021","openDt":"","typeNm":"단편","prdtStatNm":"기타","nationAlt":"한국","genreAlt":"기타","repNationNm":"한국","repGenreNm":"기타","directors":[],"companys":[]},{"movieCd":"20223884","movieNm":"트랩드 2","movieNmEn":"Trapped abroad 2","prdtYear":"2016","openDt":"","typeNm":"장편","prdtStatNm":"기타","nationAlt":"몽고","genreAlt":"액션,스릴러","repNationNm":"몽고","repGenreNm":"액션","directors":[],"companys":[]},{"movieCd":"20223883","movieNm":"트랩드","movieNmEn":"Trapped abroad","prdtYear":"2014","openDt":"","typeNm":"장편","prdtStatNm":"기타","nationAlt":"몽고","genreAlt":"액션,스릴러","repNationNm":"몽고","repGenreNm":"액션","directors":[],"companys":[]},{"movieCd":"20204190","movieNm":"비틀즈 겟 백: 루프탑 콘서트","movieNmEn":"The Beatles: Get Back - The Rooftop Concert","prdtYear":"2022","openDt":"20220211","typeNm":"장편","prdtStatNm":"개봉","nationAlt":"미국","genreAlt":"다큐멘터리","repNationNm":"미국","repGenreNm":"다큐멘터리","directors":[{"peopleNm":"피터 잭슨"}],"companys":[]},{"movieCd":"20217204","movieNm":"오토바이와 햄버거 ","movieNmEn":"Vacation Event","prdtYear":"2021","openDt":"","typeNm":"단편","prdtStatNm":"기타","nationAlt":"한국","genreAlt":"드라마","repNationNm":"한국","repGenreNm":"드라마","directors":[],"companys":[]},{"movieCd":"20217207","movieNm":"한비","movieNmEn":"The Gleaming","prdtYear":"2021","openDt":"","typeNm":"단편","prdtStatNm":"기타","nationAlt":"한국","genreAlt":"드라마","repNationNm":"한국","repGenreNm":"드라마","directors":[],"companys":[]},{"movieCd":"20217209","movieNm":"메이•제주•데이","movieNmEn":"May•JEJU•Day","prdtYear":"2021","openDt":"","typeNm":"단편","prdtStatNm":"기타","nationAlt":"한국","genreAlt":"애니메이션","repNationNm":"한국","repGenreNm":"애니메이션","directors":[{"peopleNm":"강희진"}],"companys":[]},{"movieCd":"20223893","movieNm":"비잇, 나무","movieNmEn":"Shine, Tree!","prdtYear":"2020","openDt":"","typeNm":"단편","prdtStatNm":"기타","nationAlt":"한국","genreAlt":"애니메이션","repNationNm":"한국","repGenreNm":"애니메이션","directors":[{"peopleNm":"이현미"}],"companys":[]},{"movieCd":"20223880","movieNm":"운명행, 운명행 열차가 들어오고 있습니다","movieNmEn":"The Train Bound For Destiny is Coming","prdtYear":"2021","openDt":"","typeNm":"단편","prdtStatNm":"기타","nationAlt":"한국","genreAlt":"기타","repNationNm":"한국","repGenreNm":"기타","directors":[{"peopleNm":"서유경"}],"companys":[]}]}