{"totCnt":"95385","source":"영화진흥위원회","movieList":[{"movieCd":"20010017","movieNm":"무사","movieNmEn":"Musa-The Warrior","prdtYear":"2001","openDt":"20010906","typeNm":"장편","prdtStatNm":"개봉","nationAlt":"한국","genreAlt":"드라마,액션","repNationNm":"한국","repGenreNm":"드라마","directors":[{"peopleNm":"김성수"}],"companys":[{"companyCd":"20100123","companyNm":"(주)싸이더스"}]},{"movieCd":"19940020","movieNm":"게임의 법칙","movieNmEn":"The Rules Of The Game","prdtYear":"1994","openDt":"19940917","typeNm":"장편","prdtStatNm":"개봉","nationAlt":"한국","genreAlt":"드라마,액션","repNationNm":"한국","repGenreNm":"드라마","directors":[{"peopleNm":"장현수"}],"companys":[{"companyCd":"20100498","companyNm":"(주)세양필름"}]},{"movieCd":"19980028","movieNm":"남자의 향기","movieNmEn":"Scent of a Man","prdtYear":"1998","openDt":"19980912","typeNm":"장편","prdtStatNm":"개봉","nationAlt":"한국","genreAlt":"멜로/로맨스,액션","repNationNm":"한국","repGenreNm":"멜로/로맨스","directors":[{"peopleNm":"장현수"}],"companys":[{"companyCd":"20100600","companyNm":"(주)원두인컴"}]},{"movieCd":"19960055","movieNm":"본 투 킬","movieNmEn":"Born to Kill","prdtYear":"1996","openDt":"19960420","typeNm":"장편","prdtStatNm":"개봉","nationAlt":"한국","genreAlt":"액션,드라마","repNationNm":"한국","repGenreNm":"액션","directors":[{"peopleNm":"장현수"}],"companys":[{"companyCd":"20100719","companyNm":"(주)순필름"}]},{"movieCd":"20192815","movieNm":"바람의 기억","movieNmEn":"A Memory of the Wind","prdtYear":"2018","openDt":"","typeNm":"단편","prdtStatNm":"기타","nationAlt":"한국","genreAlt":"기타","repNationNm":"한국","repGenreNm":"기타","directors":[{"peopleNm":"박흥식"}],"companys":[{"companyCd":"20100572","companyNm":"한국영화아카데미"}]},{"movieCd":"20192881","movieNm":"웨딩","movieNmEn":"Wedding","prdtYear":"2019","openDt":"","typeNm":"단편","prdtStatNm":"기타","nationAlt":"한국","genreAlt":"기타","repNationNm":"한국","repGenreNm":"기타","directors":[],"companys":[{"companyCd":"20100572","companyNm":"한국영화아카데미"}]},{"movieCd":"20156538","movieNm":"선물","movieNmEn":"Present","prdtYear":"2015","openDt":"","typeNm":"단편","prdtStatNm":"기타","nationAlt":"한국","genreAlt":"멜로/로맨스,코미디","repNationNm":"한국","repGenreNm":"멜로/로맨스","directors":[{"peopleNm":"신현탁"}],"companys":[{"companyCd":"20100572","companyNm":"한국영화아카데미"}]},{"movieCd":"20219351","movieNm":"첫눈이 사라졌다 ","movieNmEn":"Never Gonna Snow Again","prdtYear":"2020","openDt":"20211020","typeNm":"장편","prdtStatNm":"개봉","nationAlt":"폴란드","genreAlt":"판타지","repNationNm":"폴란드","repGenreNm":"판타지","directors":[{"peopleNm":"마우고시카 슈모프스카"},{"peopleNm":"마셀 엔그레르트"}],"companys":[]},{"movieCd":"20219115","movieNm":"라스트 듀얼: 최후의 결투","movieNmEn":"The Last Duel","prdtYear":"2021","openDt":"20211020","typeNm":"장편","prdtStatNm":"개봉","nationAlt":"미국","genreAlt":"액션,스릴러","repNationNm":"미국","repGenreNm":"액션","directors":[{"peopleNm":"리들리 스콧"}],"companys":[]},{"movieCd":"20210489","movieNm":"경고","movieNmEn":"Caveat","prdtYear":"2020","openDt":"20211020","typeNm":"장편","prdtStatNm":"개봉","nationAlt":"영국","genreAlt":"공포(호러)","repNationNm":"영국","repGenreNm":"공포(호러)","directors":[],"companys":[]}]}