{"totCnt":"95385","source":"영화진흥위원회","movieList":[{"movieCd":"20212541","movieNm":"2021 중앙영화제 목성","movieNmEn":"","prdtYear":"2021","openDt":"","typeNm":"옴니버스","prdtStatNm":"기타","nationAlt":"한국","genreAlt":"기타","repNationNm":"한국","repGenreNm":"기타","directors":[],"companys":[]},{"movieCd":"20212520","movieNm":"2021 중앙영화제 화성","movieNmEn":"","prdtYear":"2021","openDt":"","typeNm":"옴니버스","prdtStatNm":"기타","nationAlt":"한국","genreAlt":"기타","repNationNm":"한국","repGenreNm":"기타","directors":[],"companys":[]},{"movieCd":"20212528","movieNm":"2021 중앙영화제 금성","movieNmEn":"","prdtYear":"2021","openDt":"","typeNm":"옴니버스","prdtStatNm":"기타","nationAlt":"한국","genreAlt":"기타","repNationNm":"한국","repGenreNm":"기타","directors":[],"companys":[]},{"movieCd":"20212527","movieNm":"2021 중앙영화제 수성","movieNmEn":"","prdtYear":"2021","openDt":"","typeNm":"옴니버스","prdtStatNm":"기타","nationAlt":"한국","genreAlt":"기타","repNationNm":"한국","repGenreNm":"기타","directors":[],"companys":[]},{"movieCd":"20212525","movieNm":"아임 홈","movieNmEn":"I’m Home","prdtYear":"2021","openDt":"","typeNm":"단편","prdtStatNm":"기타","nationAlt":"멕시코","genreAlt":"다큐멘터리","repNationNm":"멕시코","repGenreNm":"다큐멘터리","directors":[],"companys":[]},{"movieCd":"20212523","movieNm":"취준괴담","movieNmEn":"Employment Race","prdtYear":"2021","openDt":"","typeNm":"단편","prdtStatNm":"기타","nationAlt":"한국","genreAlt":"드라마,판타지","repNationNm":"한국","repGenreNm":"드라마","directors":[],"companys":[]},{"movieCd":"20212521","movieNm":"나방의 궤적","movieNmEn":"The Trace of a Moth","prdtYear":"2021","openDt":"","typeNm":"단편","prdtStatNm":"기타","nationAlt":"한국","genreAlt":"드라마,판타지","repNationNm":"한국","repGenreNm":"드라마","directors":[],"companys":[]},{"movieCd":"20212498","movieNm":"블랙 독","movieNmEn":"Black Dog","prdtYear":"2021","openDt":"","typeNm":"단편","prdtStatNm":"기타","nationAlt":"한국","genreAlt":"드라마","repNationNm":"한국","repGenreNm":"드라마","directors":[],"companys":[]},{"movieCd":"20212513","movieNm":"진동","movieNmEn":"Pulse","prdtYear":"2021","openDt":"","typeNm":"단편","prdtStatNm":"기타","nationAlt":"한국","genreAlt":"드라마,SF","repNationNm":"한국","repGenreNm":"드라마","directors":[{"peopleNm":"서강"}],"companys":[]},{"movieCd":"20217179","movieNm":"농몽","movieNmEn":"Paraffin Dream","prdtYear":"2020","openDt":"","typeNm":"단편","prdtStatNm":"기타","nationAlt":"한국","genreAlt":"다큐멘터리","repNationNm":"한국","repGenreNm":"다큐멘터리","directors":[{"peopleNm":"권순현"}],"companys":[]}]}