{"totCnt":"95385","source":"영화진흥위원회","movieList":[{"movieCd":"20224571","movieNm":"미호의 29금 실제정사 무삭제","movieNmEn":"","prdtYear":"2021","openDt":"","typeNm":"장편","prdtStatNm":"기타","nationAlt":"한국","genreAlt":"성인물(에로),드라마,멜로/로맨스","repNationNm":"한국","repGenreNm":"성인물(에로)","directors":[{"peopleNm":"신승엽"}],"companys":[{"companyCd":"20161021","companyNm":"(주)영화사가을"}]},{"movieCd":"20224562","movieNm":"피임때문에 한달간 금욕한 나를 - 아내의 엄마","movieNmEn":"","prdtYear":"2020","openDt":"","typeNm":"장편","prdtStatNm":"기타","nationAlt":"일본","genreAlt":"성인물(에로)","repNationNm":"일본","repGenreNm":"성인물(에로)","directors":[{"peopleNm":"코지마 유키오"}],"companys":[]},{"movieCd":"20224570","movieNm":"유우짱은 바이브를 못참아","movieNmEn":"","prdtYear":"2020","openDt":"","typeNm":"장편","prdtStatNm":"기타","nationAlt":"일본","genreAlt":"성인물(에로)","repNationNm":"일본","repGenreNm":"성인물(에로)","directors":[{"peopleNm":"코지마 유키오"}],"companys":[]},{"movieCd":"20224561","movieNm":"한번만 참으면 끝난다고 했는데 - 친구엄마","movieNmEn":"","prdtYear":"2020","openDt":"","typeNm":"장편","prdtStatNm":"기타","nationAlt":"일본","genreAlt":"성인물(에로)","repNationNm":"일본","repGenreNm":"성인물(에로)","directors":[{"peopleNm":"코지마 유키오"}],"companys":[]},{"movieCd":"20224549","movieNm":"쌍거유 히나미짱은 새엄마","movieNmEn":"","prdtYear":"2020","openDt":"","typeNm":"장편","prdtStatNm":"기타","nationAlt":"일본","genreAlt":"성인물(에로)","repNationNm":"일본","repGenreNm":"성인물(에로)","directors":[{"peopleNm":"코지마 유키오"}],"companys":[]},{"movieCd":"20216340","movieNm":"행복을 전하는 편지","movieNmEn":"Letters of Happiness","prdtYear":"2020","openDt":"20220413","typeNm":"장편","prdtStatNm":"개봉","nationAlt":"러시아","genreAlt":"드라마","repNationNm":"러시아","repGenreNm":"드라마","directors":[{"peopleNm":"스베틀라나 수하노바"}],"companys":[]},{"movieCd":"20211391","movieNm":"파일럿: 배틀 포 서바이벌","movieNmEn":"The Pilot. A Battle for Survival","prdtYear":"2021","openDt":"20220413","typeNm":"장편","prdtStatNm":"개봉","nationAlt":"러시아","genreAlt":"전쟁,액션","repNationNm":"러시아","repGenreNm":"전쟁","directors":[{"peopleNm":"레나트 다블레티아로프"}],"companys":[]},{"movieCd":"20212725","movieNm":"신비한 동물들과 덤블도어의 비밀","movieNmEn":"Fantastic Beasts: The Secrets of Dumbledore","prdtYear":"2022","openDt":"20220413","typeNm":"장편","prdtStatNm":"개봉","nationAlt":"미국","genreAlt":"어드벤처,가족,판타지","repNationNm":"미국","repGenreNm":"어드벤처","directors":[{"peopleNm":"데이빗 예이츠"}],"companys":[]},{"movieCd":"20224546","movieNm":"4월 수요단편극장: 레디-액션! 메가폰을 잡은 배우들","movieNmEn":"","prdtYear":"2022","openDt":"","typeNm":"옴니버스","prdtStatNm":"기타","nationAlt":"한국","genreAlt":"기타","repNationNm":"한국","repGenreNm":"기타","directors":[],"companys":[]},{"movieCd":"20208360","movieNm":"혈안","movieNmEn":"Bloodshot Eyes","prdtYear":"2020","openDt":"","typeNm":"단편","prdtStatNm":"기타","nationAlt":"한국","genreAlt":"기타","repNationNm":"한국","repGenreNm":"기타","directors":[{"peopleNm":"이주승"}],"companys":[]}]}