{"totCnt":"95385","source":"영화진흥위원회","movieList":[{"movieCd":"20211584","movieNm":"SIFF2021 본선 단편경쟁 4","movieNmEn":"Short Competition 4","prdtYear":"2021","openDt":"","typeNm":"옴니버스","prdtStatNm":"기타","nationAlt":"한국","genreAlt":"기타","repNationNm":"한국","repGenreNm":"기타","directors":[],"companys":[]},{"movieCd":"20211559","movieNm":"크라이 마초","movieNmEn":"Cry Macho","prdtYear":"2021","openDt":"","typeNm":"장편","prdtStatNm":"기타","nationAlt":"미국","genreAlt":"서부극(웨스턴)","repNationNm":"미국","repGenreNm":"서부극(웨스턴)","directors":[{"peopleNm":"클린트 이스트우드"}],"companys":[]},{"movieCd":"20211558","movieNm":"졸라","movieNmEn":"Zola","prdtYear":"2021","openDt":"","typeNm":"장편","prdtStatNm":"기타","nationAlt":"미국","genreAlt":"드라마","repNationNm":"미국","repGenreNm":"드라마","directors":[{"peopleNm":"자니크자 브라보"}],"companys":[]},{"movieCd":"20211557","movieNm":"내 멋대로 사는 소녀들","movieNmEn":"Our Ladies","prdtYear":"2019","openDt":"","typeNm":"장편","prdtStatNm":"기타","nationAlt":"영국","genreAlt":"코미디,드라마","repNationNm":"영국","repGenreNm":"코미디","directors":[{"peopleNm":"마이클 카튼-존스"}],"companys":[]},{"movieCd":"20211555","movieNm":"좋소 좋소 좋소기업 시즌1","movieNmEn":"","prdtYear":"2021","openDt":"","typeNm":"장편","prdtStatNm":"기타","nationAlt":"한국","genreAlt":"드라마","repNationNm":"한국","repGenreNm":"드라마","directors":[],"companys":[]},{"movieCd":"20211580","movieNm":"SBFF2021 개막식","movieNmEn":"","prdtYear":"2021","openDt":"","typeNm":"옴니버스","prdtStatNm":"기타","nationAlt":"한국","genreAlt":"기타","repNationNm":"한국","repGenreNm":"기타","directors":[],"companys":[]},{"movieCd":"20211216","movieNm":"음양사 : 엽요집","movieNmEn":"Demon Hunter","prdtYear":"2021","openDt":"","typeNm":"장편","prdtStatNm":"기타","nationAlt":"중국","genreAlt":"액션","repNationNm":"중국","repGenreNm":"액션","directors":[{"peopleNm":"왕카이"}],"companys":[]},{"movieCd":"20211182","movieNm":"혼신의 격정 성교 : 열과 성을 다해 2번 빼드립니다","movieNmEn":"","prdtYear":"2020","openDt":"","typeNm":"장편","prdtStatNm":"기타","nationAlt":"일본","genreAlt":"성인물(에로),드라마","repNationNm":"일본","repGenreNm":"성인물(에로)","directors":[{"peopleNm":"마메자와 마메타로"}],"companys":[]},{"movieCd":"20211181","movieNm":"실수로 넣어버린 처제와의 쌍방불륜","movieNmEn":"","prdtYear":"2020","openDt":"","typeNm":"장편","prdtStatNm":"기타","nationAlt":"일본","genreAlt":"성인물(에로),드라마","repNationNm":"일본","repGenreNm":"성인물(에로)","directors":[{"peopleNm":"미시마 로쿠사부로"}],"companys":[]},{"movieCd":"20211572","movieNm":"미야모토","movieNmEn":"Miyamoto","prdtYear":"2019","openDt":"","typeNm":"장편","prdtStatNm":"기타","nationAlt":"일본","genreAlt":"기타","repNationNm":"일본","repGenreNm":"기타","directors":[],"companys":[]}]}