{"totCnt":"95385","source":"영화진흥위원회","movieList":[{"movieCd":"20031042","movieNm":"사돈","movieNmEn":"Mothers in Law","prdtYear":"2003","openDt":"","typeNm":"단편","prdtStatNm":"기타","nationAlt":"한국","genreAlt":"드라마","repNationNm":"한국","repGenreNm":"드라마","directors":[{"peopleNm":"신성우"}],"companys":[]},{"movieCd":"20216708","movieNm":"코리아타운","movieNmEn":"Korea Town","prdtYear":"2019","openDt":"","typeNm":"단편","prdtStatNm":"기타","nationAlt":"한국","genreAlt":"드라마","repNationNm":"한국","repGenreNm":"드라마","directors":[{"peopleNm":"안소회"}],"companys":[]},{"movieCd":"20177407","movieNm":"혐오돌기","movieNmEn":"The Insect Woman","prdtYear":"2017","openDt":"","typeNm":"단편","prdtStatNm":"기타","nationAlt":"한국","genreAlt":"공포(호러),판타지","repNationNm":"한국","repGenreNm":"공포(호러)","directors":[{"peopleNm":"김현"}],"companys":[]},{"movieCd":"20212787","movieNm":"미첼 가족과 기계 전쟁","movieNmEn":"The Mitchells vs. the Machines","prdtYear":"2021","openDt":"","typeNm":"장편","prdtStatNm":"기타","nationAlt":"미국","genreAlt":"애니메이션,어드벤처,코미디","repNationNm":"미국","repGenreNm":"애니메이션","directors":[],"companys":[]},{"movieCd":"20212786","movieNm":"노 서든 무브","movieNmEn":"No Sudden Move","prdtYear":"2021","openDt":"","typeNm":"장편","prdtStatNm":"기타","nationAlt":"미국","genreAlt":"범죄,드라마,미스터리","repNationNm":"미국","repGenreNm":"범죄","directors":[{"peopleNm":"스티븐 소더버그"}],"companys":[]},{"movieCd":"20212765","movieNm":"불꽃페미액션 몸의 해방","movieNmEn":"Free Our Bodies: Flaming Feminist Action","prdtYear":"2021","openDt":"","typeNm":"옴니버스","prdtStatNm":"기타","nationAlt":"한국","genreAlt":"다큐멘터리","repNationNm":"한국","repGenreNm":"다큐멘터리","directors":[],"companys":[]},{"movieCd":"20212764","movieNm":"아시타비","movieNmEn":"Double Standard","prdtYear":"2021","openDt":"","typeNm":"단편","prdtStatNm":"기타","nationAlt":"한국","genreAlt":"범죄,드라마","repNationNm":"한국","repGenreNm":"범죄","directors":[{"peopleNm":"김영찬"}],"companys":[]},{"movieCd":"20210588","movieNm":"출사","movieNmEn":"PHOTO SHOOT","prdtYear":"2021","openDt":"","typeNm":"단편","prdtStatNm":"기타","nationAlt":"한국","genreAlt":"스릴러","repNationNm":"한국","repGenreNm":"스릴러","directors":[{"peopleNm":"유호재"}],"companys":[]},{"movieCd":"20211986","movieNm":"젊은 장모님","movieNmEn":"","prdtYear":"2021","openDt":"20211217","typeNm":"장편","prdtStatNm":"개봉","nationAlt":"한국","genreAlt":"멜로/로맨스,드라마","repNationNm":"한국","repGenreNm":"멜로/로맨스","directors":[{"peopleNm":"이영인"}],"companys":[{"companyCd":"20114899","companyNm":"(주)영진크리에이티브"}]},{"movieCd":"20212213","movieNm":"몇번이나 해버리는 딸의 남편 무삭제판","movieNmEn":"","prdtYear":"2020","openDt":"","typeNm":"장편","prdtStatNm":"기타","nationAlt":"일본","genreAlt":"성인물(에로),드라마","repNationNm":"일본","repGenreNm":"성인물(에로)","directors":[],"companys":[]}]}