{"totCnt":"95385","source":"영화진흥위원회","movieList":[{"movieCd":"20194071","movieNm":"소년의 자리","movieNmEn":"Where Boy Belongs","prdtYear":"2018","openDt":"","typeNm":"단편","prdtStatNm":"기타","nationAlt":"한국","genreAlt":"드라마","repNationNm":"한국","repGenreNm":"드라마","directors":[{"peopleNm":"김혜영"}],"companys":[]},{"movieCd":"20211530","movieNm":"귀문: 천년왕릉의 비밀","movieNmEn":"The Mysterious Tomb Adventure","prdtYear":"2019","openDt":"","typeNm":"장편","prdtStatNm":"기타","nationAlt":"중국","genreAlt":"액션","repNationNm":"중국","repGenreNm":"액션","directors":[],"companys":[]},{"movieCd":"20208868","movieNm":"숨은지혜찾기","movieNmEn":"Space Baedari","prdtYear":"2020","openDt":"","typeNm":"장편","prdtStatNm":"기타","nationAlt":"한국","genreAlt":"다큐멘터리","repNationNm":"한국","repGenreNm":"다큐멘터리","directors":[],"companys":[]},{"movieCd":"20211525","movieNm":"비자소","movieNmEn":"The China's Next Top Princess","prdtYear":"2005","openDt":"","typeNm":"장편","prdtStatNm":"기타","nationAlt":"중국,홍콩","genreAlt":"코미디","repNationNm":"중국","repGenreNm":"코미디","directors":[{"peopleNm":"정위문"}],"companys":[]},{"movieCd":"20211524","movieNm":"인간사육","movieNmEn":"Anonymous Animals","prdtYear":"2020","openDt":"","typeNm":"장편","prdtStatNm":"기타","nationAlt":"프랑스","genreAlt":"판타지,공포(호러),스릴러","repNationNm":"프랑스","repGenreNm":"판타지","directors":[{"peopleNm":"뱁티스트 루뷰레"}],"companys":[]},{"movieCd":"20218256","movieNm":"이터널스","movieNmEn":"Eternals","prdtYear":"2021","openDt":"20211103","typeNm":"장편","prdtStatNm":"개봉","nationAlt":"미국","genreAlt":"액션,어드벤처,드라마","repNationNm":"미국","repGenreNm":"액션","directors":[{"peopleNm":"클로이 자오"}],"companys":[]},{"movieCd":"20211503","movieNm":"세상은 요지경","movieNmEn":"","prdtYear":"2021","openDt":"","typeNm":"옴니버스","prdtStatNm":"기타","nationAlt":"한국","genreAlt":"코미디,드라마","repNationNm":"한국","repGenreNm":"코미디","directors":[{"peopleNm":"서동성"},{"peopleNm":"진성원"}],"companys":[]},{"movieCd":"20211523","movieNm":"비너스의 한번의 손길","movieNmEn":"One Touch of Venus","prdtYear":"1948","openDt":"","typeNm":"장편","prdtStatNm":"기타","nationAlt":"미국","genreAlt":"코미디,판타지,뮤지컬,멜로/로맨스","repNationNm":"미국","repGenreNm":"코미디","directors":[{"peopleNm":"윌리엄 A. 사티어"},{"peopleNm":"그레고리 라 카바"}],"companys":[]},{"movieCd":"20211522","movieNm":"타이탄","movieNmEn":"My Son, the Hero","prdtYear":"1962","openDt":"","typeNm":"장편","prdtStatNm":"기타","nationAlt":"이탈리아,프랑스,스페인","genreAlt":"액션,어드벤처,판타지,멜로/로맨스","repNationNm":"이탈리아","repGenreNm":"액션","directors":[{"peopleNm":"두치오 테사리"}],"companys":[]},{"movieCd":"20210027","movieNm":"여배우 노출 오디션 삼순위","movieNmEn":"","prdtYear":"2021","openDt":"","typeNm":"장편","prdtStatNm":"기타","nationAlt":"한국","genreAlt":"드라마","repNationNm":"한국","repGenreNm":"드라마","directors":[{"peopleNm":"이수성"}],"companys":[{"companyCd":"20063099","companyNm":"(주)케이알씨지"}]}]}