{"totCnt":"95385","source":"영화진흥위원회","movieList":[{"movieCd":"20223435","movieNm":"토요일 오후","movieNmEn":"","prdtYear":"2010","openDt":"","typeNm":"단편","prdtStatNm":"기타","nationAlt":"한국","genreAlt":"드라마","repNationNm":"한국","repGenreNm":"드라마","directors":[{"peopleNm":"김경준"}],"companys":[]},{"movieCd":"20223446","movieNm":"우리 아이는 버스를 안 탔어요","movieNmEn":"","prdtYear":"2008","openDt":"","typeNm":"단편","prdtStatNm":"기타","nationAlt":"한국","genreAlt":"다큐멘터리","repNationNm":"한국","repGenreNm":"다큐멘터리","directors":[{"peopleNm":"김경준"}],"companys":[]},{"movieCd":"20223433","movieNm":"발상의 순환","movieNmEn":"The Originality","prdtYear":"2021","openDt":"","typeNm":"단편","prdtStatNm":"기타","nationAlt":"한국","genreAlt":"코미디,드라마,판타지","repNationNm":"한국","repGenreNm":"코미디","directors":[{"peopleNm":"김한"}],"companys":[]},{"movieCd":"20223445","movieNm":"더블오일마사지-손이 네개","movieNmEn":"","prdtYear":"2020","openDt":"","typeNm":"장편","prdtStatNm":"기타","nationAlt":"일본","genreAlt":"성인물(에로)","repNationNm":"일본","repGenreNm":"성인물(에로)","directors":[{"peopleNm":"시로가와 노부"}],"companys":[]},{"movieCd":"20223431","movieNm":"욕실비밀공유-어린이모 아즈사짱","movieNmEn":"","prdtYear":"2020","openDt":"","typeNm":"장편","prdtStatNm":"기타","nationAlt":"일본","genreAlt":"성인물(에로)","repNationNm":"일본","repGenreNm":"성인물(에로)","directors":[{"peopleNm":"시로가와 노부"}],"companys":[]},{"movieCd":"20223430","movieNm":"내욕정도 빨아준 엄마친구","movieNmEn":"","prdtYear":"2020","openDt":"","typeNm":"장편","prdtStatNm":"기타","nationAlt":"일본","genreAlt":"성인물(에로)","repNationNm":"일본","repGenreNm":"성인물(에로)","directors":[{"peopleNm":"시로가와 노부"}],"companys":[]},{"movieCd":"20223429","movieNm":"청바지속의 하얀팬티 카오리짱","movieNmEn":"","prdtYear":"2020","openDt":"","typeNm":"장편","prdtStatNm":"기타","nationAlt":"일본","genreAlt":"성인물(에로)","repNationNm":"일본","repGenreNm":"성인물(에로)","directors":[{"peopleNm":"코지마 유키오"}],"companys":[]},{"movieCd":"20223444","movieNm":"미스피츠 [서울]","movieNmEn":"MISFIT [SEOUL]","prdtYear":"2021","openDt":"","typeNm":"단편","prdtStatNm":"기타","nationAlt":"한국","genreAlt":"드라마","repNationNm":"한국","repGenreNm":"드라마","directors":[],"companys":[]},{"movieCd":"20223427","movieNm":"반찬배달","movieNmEn":"Delivery Service","prdtYear":"2021","openDt":"","typeNm":"단편","prdtStatNm":"기타","nationAlt":"한국","genreAlt":"드라마","repNationNm":"한국","repGenreNm":"드라마","directors":[{"peopleNm":"표국청"}],"companys":[]},{"movieCd":"20223426","movieNm":"당신이 만약 내게 문을 열어주시면","movieNmEn":"If You Open the Door to Me","prdtYear":"2021","openDt":"","typeNm":"단편","prdtStatNm":"기타","nationAlt":"한국","genreAlt":"공연","repNationNm":"한국","repGenreNm":"공연","directors":[{"peopleNm":"박지환"}],"companys":[]}]}