{"totCnt":"95385","source":"영화진흥위원회","movieList":[{"movieCd":"20211822","movieNm":"로맨스 오브 레이디엄","movieNmEn":"Romance of Radium","prdtYear":"1937","openDt":"","typeNm":"단편","prdtStatNm":"기타","nationAlt":"미국","genreAlt":"기타","repNationNm":"미국","repGenreNm":"기타","directors":[{"peopleNm":"자크 투르뇌르"}],"companys":[]},{"movieCd":"20211798","movieNm":"데이 올 컴 아웃","movieNmEn":"They All Come Out","prdtYear":"1939","openDt":"","typeNm":"장편","prdtStatNm":"기타","nationAlt":"미국","genreAlt":"범죄,드라마","repNationNm":"미국","repGenreNm":"범죄","directors":[{"peopleNm":"자크 투르뇌르"}],"companys":[]},{"movieCd":"20201005","movieNm":"사다코","movieNmEn":"Sadako","prdtYear":"2019","openDt":"20210915","typeNm":"장편","prdtStatNm":"개봉","nationAlt":"일본","genreAlt":"공포(호러),스릴러","repNationNm":"일본","repGenreNm":"공포(호러)","directors":[{"peopleNm":"나카타 히데오"}],"companys":[]},{"movieCd":"20218185","movieNm":"준이","movieNmEn":"June","prdtYear":"2019","openDt":"","typeNm":"단편","prdtStatNm":"기타","nationAlt":"한국","genreAlt":"드라마","repNationNm":"한국","repGenreNm":"드라마","directors":[{"peopleNm":"황혜인"}],"companys":[]},{"movieCd":"20129654","movieNm":"그레이트 데이 인 더 모닝","movieNmEn":"Great Day in the Morning","prdtYear":"1956","openDt":"","typeNm":"장편","prdtStatNm":"기타","nationAlt":"미국","genreAlt":"서부극(웨스턴)","repNationNm":"미국","repGenreNm":"서부극(웨스턴)","directors":[{"peopleNm":"자크 투르뇌르"}],"companys":[{"companyCd":"20101168","companyNm":"RKO 라디오 픽쳐스"}]},{"movieCd":"20134727","movieNm":"과거로부터","movieNmEn":"Out of the Past","prdtYear":"1947","openDt":"","typeNm":"장편","prdtStatNm":"기타","nationAlt":"미국","genreAlt":"스릴러,공포(호러),드라마","repNationNm":"미국","repGenreNm":"스릴러","directors":[{"peopleNm":"자크 투르뇌르"}],"companys":[]},{"movieCd":"20183093","movieNm":"영광의 나날","movieNmEn":"Days of Glory","prdtYear":"1944","openDt":"","typeNm":"장편","prdtStatNm":"기타","nationAlt":"미국","genreAlt":"멜로/로맨스,전쟁","repNationNm":"미국","repGenreNm":"멜로/로맨스","directors":[{"peopleNm":"자크 투르뇌르"}],"companys":[]},{"movieCd":"20128933","movieNm":"화염과 화살","movieNmEn":"The Flame and the Arrow","prdtYear":"1950","openDt":"","typeNm":"장편","prdtStatNm":"기타","nationAlt":"미국","genreAlt":"어드벤처,드라마,멜로/로맨스","repNationNm":"미국","repGenreNm":"어드벤처","directors":[{"peopleNm":"자크 투르뇌르"}],"companys":[]},{"movieCd":"2009A136","movieNm":"위험한 실험","movieNmEn":"The Harrad Experiment","prdtYear":"1973","openDt":"","typeNm":"장편","prdtStatNm":"기타","nationAlt":"미국","genreAlt":"코미디,드라마,멜로/로맨스","repNationNm":"미국","repGenreNm":"코미디","directors":[{"peopleNm":"테드 포스트"}],"companys":[]},{"movieCd":"19428015","movieNm":"캣 피플","movieNmEn":"Cat People","prdtYear":"1942","openDt":"","typeNm":"장편","prdtStatNm":"기타","nationAlt":"미국","genreAlt":"공포(호러),미스터리","repNationNm":"미국","repGenreNm":"공포(호러)","directors":[{"peopleNm":"자크 투르뇌르"}],"companys":[]}]}