{"totCnt":"95385","source":"영화진흥위원회","movieList":[{"movieCd":"20224374","movieNm":"청킹맨션","movieNmEn":"Hand Rolled Cigarette","prdtYear":"2020","openDt":"20220421","typeNm":"장편","prdtStatNm":"개봉","nationAlt":"홍콩","genreAlt":"액션,드라마,스릴러","repNationNm":"홍콩","repGenreNm":"액션","directors":[],"companys":[]},{"movieCd":"20224509","movieNm":"다녀와요, 다녀왔습니다","movieNmEn":"See you, I’m home","prdtYear":"2021","openDt":"20220421","typeNm":"장편","prdtStatNm":"개봉","nationAlt":"한국","genreAlt":"공연","repNationNm":"한국","repGenreNm":"공연","directors":[{"peopleNm":"손인영"},{"peopleNm":"윤재원"}],"companys":[{"companyCd":"20218323","companyNm":"문화체육관광부 국립극장"}]},{"movieCd":"20209268","movieNm":"조지아","movieNmEn":"Georgia","prdtYear":"2020","openDt":"","typeNm":"단편","prdtStatNm":"기타","nationAlt":"한국","genreAlt":"가족,범죄,기타","repNationNm":"한국","repGenreNm":"가족","directors":[{"peopleNm":"제이 박"}],"companys":[]},{"movieCd":"20224675","movieNm":"쿠르드 솔저","movieNmEn":"Blackberry Season","prdtYear":"2021","openDt":"","typeNm":"장편","prdtStatNm":"기타","nationAlt":"카자흐스탄","genreAlt":"전쟁,드라마","repNationNm":"카자흐스탄","repGenreNm":"전쟁","directors":[],"companys":[]},{"movieCd":"20224690","movieNm":"카즈밧 솔저","movieNmEn":"The Kazbat Soldiers","prdtYear":"2019","openDt":"","typeNm":"장편","prdtStatNm":"기타","nationAlt":"카자흐스탄","genreAlt":"전쟁,드라마","repNationNm":"카자흐스탄","repGenreNm":"전쟁","directors":[],"companys":[]},{"movieCd":"20224669","movieNm":"젖은 조개로 빡빡하게 물어주는 고향 여친","movieNmEn":"","prdtYear":"2022","openDt":"","typeNm":"장편","prdtStatNm":"기타","nationAlt":"일본","genreAlt":"성인물(에로)","repNationNm":"일본","repGenreNm":"성인물(에로)","directors":[{"peopleNm":"아사기리 키요시"}],"companys":[]},{"movieCd":"19940028","movieNm":"헐리우드 키드의 생애","movieNmEn":"Life Of Hollywood Kid","prdtYear":"1994","openDt":"19940730","typeNm":"장편","prdtStatNm":"개봉","nationAlt":"한국","genreAlt":"드라마","repNationNm":"한국","repGenreNm":"드라마","directors":[{"peopleNm":"정지영"}],"companys":[{"companyCd":"20100205","companyNm":"㈜영화세상"}]},{"movieCd":"20224668","movieNm":"스크린의 풍운아, 영화배우 김일해","movieNmEn":"","prdtYear":"2002","openDt":"","typeNm":"장편","prdtStatNm":"기타","nationAlt":"한국","genreAlt":"다큐멘터리","repNationNm":"한국","repGenreNm":"다큐멘터리","directors":[{"peopleNm":"변석"},{"peopleNm":"김현우"}],"companys":[]},{"movieCd":"20219344","movieNm":"패러렐 마더스","movieNmEn":"Madres paralelas","prdtYear":"2021","openDt":"20220331","typeNm":"장편","prdtStatNm":"개봉","nationAlt":"스페인","genreAlt":"멜로/로맨스,스릴러","repNationNm":"스페인","repGenreNm":"멜로/로맨스","directors":[{"peopleNm":"페드로 알모도바르"}],"companys":[]},{"movieCd":"20223830","movieNm":"유어 러브 송","movieNmEn":"Your Love Song","prdtYear":"2020","openDt":"20220316","typeNm":"장편","prdtStatNm":"개봉","nationAlt":"홍콩","genreAlt":"멜로/로맨스,드라마,뮤지컬","repNationNm":"홍콩","repGenreNm":"멜로/로맨스","directors":[{"peopleNm":"앤드류 첸"}],"companys":[]}]}