{"totCnt":"95385","source":"영화진흥위원회","movieList":[{"movieCd":"20223725","movieNm":"남편이 데려온 나를 괴롭히는 남자","movieNmEn":"","prdtYear":"2021","openDt":"","typeNm":"장편","prdtStatNm":"기타","nationAlt":"일본","genreAlt":"성인물(에로)","repNationNm":"일본","repGenreNm":"성인물(에로)","directors":[],"companys":[]},{"movieCd":"20223674","movieNm":"그녀의 육체 앞에 무너진 이성","movieNmEn":"","prdtYear":"2021","openDt":"20220208","typeNm":"장편","prdtStatNm":"개봉","nationAlt":"한국","genreAlt":"성인물(에로)","repNationNm":"한국","repGenreNm":"성인물(에로)","directors":[{"peopleNm":"강현성"}],"companys":[{"companyCd":"20217881","companyNm":"(주)샤이커뮤니케이션즈"}]},{"movieCd":"20212572","movieNm":"바다 위의 별","movieNmEn":"Stars on the Sea","prdtYear":"2021","openDt":"","typeNm":"단편","prdtStatNm":"기타","nationAlt":"한국","genreAlt":"애니메이션","repNationNm":"한국","repGenreNm":"애니메이션","directors":[{"peopleNm":"장승욱"}],"companys":[]},{"movieCd":"20223826","movieNm":"애완거미","movieNmEn":"Pet Spider","prdtYear":"2020","openDt":"","typeNm":"단편","prdtStatNm":"기타","nationAlt":"한국","genreAlt":"기타","repNationNm":"한국","repGenreNm":"기타","directors":[{"peopleNm":"구소정"}],"companys":[]},{"movieCd":"20223832","movieNm":"소녀,안녕","movieNmEn":"Farewell, Girl","prdtYear":"2021","openDt":"","typeNm":"단편","prdtStatNm":"기타","nationAlt":"한국","genreAlt":"기타","repNationNm":"한국","repGenreNm":"기타","directors":[{"peopleNm":"최윤호"}],"companys":[]},{"movieCd":"20212064","movieNm":"여기, 나의 정원","movieNmEn":"Here, My Garden","prdtYear":"2021","openDt":"","typeNm":"단편","prdtStatNm":"기타","nationAlt":"한국","genreAlt":"다큐멘터리","repNationNm":"한국","repGenreNm":"다큐멘터리","directors":[{"peopleNm":"김지곤"}],"companys":[]},{"movieCd":"20212557","movieNm":"화광: 디아스포라의 묘","movieNmEn":"Harvesting the Light: The Graves of Diaspora","prdtYear":"2021","openDt":"","typeNm":"단편","prdtStatNm":"기타","nationAlt":"한국","genreAlt":"기타","repNationNm":"한국","repGenreNm":"기타","directors":[{"peopleNm":"김소영"},{"peopleNm":"이애림"}],"companys":[]},{"movieCd":"20212584","movieNm":"포리징 삼부작","movieNmEn":"Foraging Trilogy","prdtYear":"2021","openDt":"","typeNm":"단편","prdtStatNm":"기타","nationAlt":"한국","genreAlt":"기타","repNationNm":"한국","repGenreNm":"기타","directors":[{"peopleNm":"서원태"}],"companys":[]},{"movieCd":"20223824","movieNm":"예쁜 동생 아내 무삭제판","movieNmEn":"Propensities of the younger brother's wife","prdtYear":"2020","openDt":"","typeNm":"장편","prdtStatNm":"기타","nationAlt":"일본","genreAlt":"성인물(에로),드라마","repNationNm":"일본","repGenreNm":"성인물(에로)","directors":[{"peopleNm":"오자키 히로코우지"}],"companys":[]},{"movieCd":"20223823","movieNm":"야근의 목적 무삭제판","movieNmEn":"Unequaled man","prdtYear":"2020","openDt":"","typeNm":"장편","prdtStatNm":"기타","nationAlt":"일본","genreAlt":"성인물(에로),드라마","repNationNm":"일본","repGenreNm":"성인물(에로)","directors":[{"peopleNm":"오자키 히로코우지"}],"companys":[]}]}