{"totCnt":"95385","source":"영화진흥위원회","movieList":[{"movieCd":"20212121","movieNm":"청년 윤한봉","movieNmEn":"","prdtYear":"2021","openDt":"","typeNm":"장편","prdtStatNm":"기타","nationAlt":"한국","genreAlt":"다큐멘터리","repNationNm":"한국","repGenreNm":"다큐멘터리","directors":[{"peopleNm":"김경자"}],"companys":[]},{"movieCd":"20212106","movieNm":"2021광주독립영화제-광주, 영화가 필요한 시간","movieNmEn":"","prdtYear":"2012","openDt":"","typeNm":"단편","prdtStatNm":"기타","nationAlt":"한국","genreAlt":"다큐멘터리","repNationNm":"한국","repGenreNm":"다큐멘터리","directors":[],"companys":[]},{"movieCd":"20212105","movieNm":"2021광주독립영화제-넥스트10신작선","movieNmEn":"","prdtYear":"2021","openDt":"","typeNm":"장편","prdtStatNm":"기타","nationAlt":"한국","genreAlt":"드라마","repNationNm":"한국","repGenreNm":"드라마","directors":[],"companys":[]},{"movieCd":"20204665","movieNm":"EBS 댄스파티! ","movieNmEn":"","prdtYear":"2019","openDt":"","typeNm":"장편","prdtStatNm":"기타","nationAlt":"한국","genreAlt":"가족","repNationNm":"한국","repGenreNm":"가족","directors":[],"companys":[{"companyCd":"20173242","companyNm":"(주)에픽캔"}]},{"movieCd":"20211969","movieNm":"카토 츠바키의 동정사냥","movieNmEn":"","prdtYear":"2020","openDt":"20211125","typeNm":"장편","prdtStatNm":"개봉","nationAlt":"일본","genreAlt":"멜로/로맨스,드라마","repNationNm":"일본","repGenreNm":"멜로/로맨스","directors":[{"peopleNm":"타로 타코야키"}],"companys":[]},{"movieCd":"20211724","movieNm":"죽여줘 올리비아 : 뱀파이어 킬러","movieNmEn":"Red Snow","prdtYear":"2021","openDt":"","typeNm":"장편","prdtStatNm":"기타","nationAlt":"미국","genreAlt":"공포(호러),스릴러,코미디","repNationNm":"미국","repGenreNm":"공포(호러)","directors":[],"companys":[]},{"movieCd":"20211821","movieNm":"옆방엄마","movieNmEn":"","prdtYear":"2021","openDt":"20211125","typeNm":"장편","prdtStatNm":"개봉","nationAlt":"한국","genreAlt":"드라마","repNationNm":"한국","repGenreNm":"드라마","directors":[{"peopleNm":"한동호"}],"companys":[{"companyCd":"20176162","companyNm":"(주)코빈커뮤니케이션즈"}]},{"movieCd":"20211967","movieNm":"여상사의 성교육","movieNmEn":"","prdtYear":"2020","openDt":"20211125","typeNm":"장편","prdtStatNm":"개봉","nationAlt":"일본","genreAlt":"멜로/로맨스,드라마","repNationNm":"일본","repGenreNm":"멜로/로맨스","directors":[{"peopleNm":"토미죠 타로"}],"companys":[]},{"movieCd":"20211802","movieNm":"불륜은 또 다른 불륜을 낳고 무삭제판","movieNmEn":"","prdtYear":"2020","openDt":"","typeNm":"장편","prdtStatNm":"기타","nationAlt":"일본","genreAlt":"성인물(에로),드라마","repNationNm":"일본","repGenreNm":"성인물(에로)","directors":[],"companys":[]},{"movieCd":"20211968","movieNm":"모리사와 카나의 동정탈출","movieNmEn":"","prdtYear":"2020","openDt":"20211125","typeNm":"장편","prdtStatNm":"개봉","nationAlt":"일본","genreAlt":"멜로/로맨스,드라마","repNationNm":"일본","repGenreNm":"멜로/로맨스","directors":[{"peopleNm":"쿠도 타이요"}],"companys":[]}]}