{"totCnt":"95385","source":"영화진흥위원회","movieList":[{"movieCd":"20212978","movieNm":"어린소녀들","movieNmEn":"","prdtYear":"2021","openDt":"","typeNm":"장편","prdtStatNm":"기타","nationAlt":"한국","genreAlt":"멜로/로맨스","repNationNm":"한국","repGenreNm":"멜로/로맨스","directors":[{"peopleNm":"김모리"}],"companys":[{"companyCd":"20217184","companyNm":"영화사 레드카펫"}]},{"movieCd":"20212744","movieNm":"오늘은 더 깊숙이 들어와줘 무삭제판","movieNmEn":"","prdtYear":"2020","openDt":"","typeNm":"장편","prdtStatNm":"기타","nationAlt":"일본","genreAlt":"성인물(에로),드라마","repNationNm":"일본","repGenreNm":"성인물(에로)","directors":[],"companys":[]},{"movieCd":"20212646","movieNm":"음탕하게 비벼짜는 욕구불만 거유 유부녀","movieNmEn":"","prdtYear":"2020","openDt":"","typeNm":"장편","prdtStatNm":"기타","nationAlt":"일본","genreAlt":"성인물(에로),드라마","repNationNm":"일본","repGenreNm":"성인물(에로)","directors":[],"companys":[]},{"movieCd":"20212944","movieNm":"프리즌 브레이크 : 이스케이프 플랜","movieNmEn":"Semper Fi","prdtYear":"2019","openDt":"","typeNm":"장편","prdtStatNm":"기타","nationAlt":"미국","genreAlt":"액션","repNationNm":"미국","repGenreNm":"액션","directors":[{"peopleNm":"헨리 알렉스 루빈"}],"companys":[]},{"movieCd":"20212943","movieNm":"사모님 골프 개인교습","movieNmEn":"","prdtYear":"2021","openDt":"20211230","typeNm":"장편","prdtStatNm":"개봉","nationAlt":"한국","genreAlt":"멜로/로맨스","repNationNm":"한국","repGenreNm":"멜로/로맨스","directors":[{"peopleNm":"김호철"}],"companys":[{"companyCd":"20157008","companyNm":"(주)픽쳐레스크"}]},{"movieCd":"20213034","movieNm":"장한몽","movieNmEn":"The Last Walk","prdtYear":"2021","openDt":"","typeNm":"단편","prdtStatNm":"기타","nationAlt":"한국","genreAlt":"드라마","repNationNm":"한국","repGenreNm":"드라마","directors":[],"companys":[]},{"movieCd":"20217177","movieNm":"나랑 아니면","movieNmEn":"Without You","prdtYear":"2021","openDt":"","typeNm":"단편","prdtStatNm":"기타","nationAlt":"한국","genreAlt":"드라마","repNationNm":"한국","repGenreNm":"드라마","directors":[{"peopleNm":"박재현"}],"companys":[]},{"movieCd":"20202768","movieNm":"오빠 한번 믿어봐 - 무삭제판","movieNmEn":"","prdtYear":"2020","openDt":"20211223","typeNm":"장편","prdtStatNm":"개봉","nationAlt":"한국","genreAlt":"멜로/로맨스","repNationNm":"한국","repGenreNm":"멜로/로맨스","directors":[{"peopleNm":"김종석"}],"companys":[{"companyCd":"20173121","companyNm":"너바나 필름"}]},{"movieCd":"20212349","movieNm":"에로틱 두피 관리샵","movieNmEn":"","prdtYear":"2021","openDt":"20211217","typeNm":"장편","prdtStatNm":"개봉","nationAlt":"한국","genreAlt":"멜로/로맨스,드라마","repNationNm":"한국","repGenreNm":"멜로/로맨스","directors":[{"peopleNm":"김태훈"}],"companys":[{"companyCd":"20157008","companyNm":"(주)픽쳐레스크"}]},{"movieCd":"20211528","movieNm":"어쩌다 유모!","movieNmEn":"Granny Nanny!","prdtYear":"2020","openDt":"","typeNm":"장편","prdtStatNm":"기타","nationAlt":"독일","genreAlt":"코미디","repNationNm":"독일","repGenreNm":"코미디","directors":[{"peopleNm":"볼프강 그루스"}],"companys":[]}]}