{"totCnt":"95385","source":"영화진흥위원회","movieList":[{"movieCd":"20212043","movieNm":"디케이드 레코딩 (부산 다큐 디케이드)","movieNmEn":"","prdtYear":"2021","openDt":"","typeNm":"옴니버스","prdtStatNm":"기타","nationAlt":"한국","genreAlt":"다큐멘터리","repNationNm":"한국","repGenreNm":"다큐멘터리","directors":[],"companys":[]},{"movieCd":"20212063","movieNm":"라스트 나이트","movieNmEn":"Last Night","prdtYear":"2015","openDt":"","typeNm":"단편","prdtStatNm":"기타","nationAlt":"한국","genreAlt":"다큐멘터리","repNationNm":"한국","repGenreNm":"다큐멘터리","directors":[{"peopleNm":"오민욱"}],"companys":[]},{"movieCd":"20212042","movieNm":"도림로 29길","movieNmEn":"Thick Forest","prdtYear":"2019","openDt":"","typeNm":"단편","prdtStatNm":"기타","nationAlt":"한국","genreAlt":"다큐멘터리","repNationNm":"한국","repGenreNm":"다큐멘터리","directors":[{"peopleNm":"오민욱"}],"companys":[]},{"movieCd":"20212062","movieNm":"추격의 목적","movieNmEn":"Purpose of Pursuit","prdtYear":"2021","openDt":"","typeNm":"단편","prdtStatNm":"기타","nationAlt":"한국","genreAlt":"다큐멘터리","repNationNm":"한국","repGenreNm":"다큐멘터리","directors":[{"peopleNm":"손호목"}],"companys":[]},{"movieCd":"20212061","movieNm":"밀양의 얼굴 (부산 다큐 디케이드)","movieNmEn":"","prdtYear":"2021","openDt":"","typeNm":"옴니버스","prdtStatNm":"기타","nationAlt":"한국","genreAlt":"다큐멘터리","repNationNm":"한국","repGenreNm":"다큐멘터리","directors":[],"companys":[]},{"movieCd":"20212041","movieNm":"월간-할매","movieNmEn":"Monthly-Grandma","prdtYear":"2021","openDt":"","typeNm":"장편","prdtStatNm":"기타","nationAlt":"한국","genreAlt":"다큐멘터리","repNationNm":"한국","repGenreNm":"다큐멘터리","directors":[{"peopleNm":"김지곤"}],"companys":[]},{"movieCd":"20136895","movieNm":"가족초상화 (리덕스)","movieNmEn":"My Family Portait (Redux)","prdtYear":"2013","openDt":"","typeNm":"장편","prdtStatNm":"기타","nationAlt":"한국","genreAlt":"다큐멘터리","repNationNm":"한국","repGenreNm":"다큐멘터리","directors":[{"peopleNm":"김영조"}],"companys":[]},{"movieCd":"20219869","movieNm":"중독: 윗집 아가씨","movieNmEn":"","prdtYear":"2021","openDt":"20211122","typeNm":"장편","prdtStatNm":"개봉","nationAlt":"한국","genreAlt":"성인물(에로)","repNationNm":"한국","repGenreNm":"성인물(에로)","directors":[{"peopleNm":"리윤"}],"companys":[{"companyCd":"20199962","companyNm":"(주)담화"}]},{"movieCd":"20216561","movieNm":"조개의 맛 무삭제","movieNmEn":"","prdtYear":"2021","openDt":"20211121","typeNm":"장편","prdtStatNm":"개봉","nationAlt":"한국","genreAlt":"멜로/로맨스,드라마","repNationNm":"한국","repGenreNm":"멜로/로맨스","directors":[{"peopleNm":"조태호"}],"companys":[{"companyCd":"20161021","companyNm":"(주)영화사가을"}]},{"movieCd":"20211520","movieNm":"수상한마사지샵-무삭제","movieNmEn":"","prdtYear":"2020","openDt":"20211120","typeNm":"장편","prdtStatNm":"개봉","nationAlt":"한국","genreAlt":"멜로/로맨스","repNationNm":"한국","repGenreNm":"멜로/로맨스","directors":[{"peopleNm":"천성준"}],"companys":[{"companyCd":"20173662","companyNm":"에이원 미디어"}]}]}