{"totCnt":"95385","source":"영화진흥위원회","movieList":[{"movieCd":"20230945","movieNm":"부장앞에서 스타킹 벗는 아내 무삭제판","movieNmEn":"","prdtYear":"2022","openDt":"","typeNm":"장편","prdtStatNm":"기타","nationAlt":"일본","genreAlt":"성인물(에로),드라마","repNationNm":"일본","repGenreNm":"성인물(에로)","directors":[{"peopleNm":"토미죠 타로"}],"companys":[]},{"movieCd":"20230944","movieNm":"담임선생님 앞에서 젖은 유부녀 무삭제판","movieNmEn":"","prdtYear":"2022","openDt":"","typeNm":"장편","prdtStatNm":"기타","nationAlt":"일본","genreAlt":"성인물(에로),드라마","repNationNm":"일본","repGenreNm":"성인물(에로)","directors":[{"peopleNm":"미시마 로쿠사부로"}],"companys":[]},{"movieCd":"20230942","movieNm":"나를 좋아한 처형 미유키짱","movieNmEn":"","prdtYear":"2021","openDt":"","typeNm":"장편","prdtStatNm":"기타","nationAlt":"일본","genreAlt":"성인물(에로)","repNationNm":"일본","repGenreNm":"성인물(에로)","directors":[{"peopleNm":"니시다 류지"}],"companys":[]},{"movieCd":"2023C963","movieNm":"오 머시!","movieNmEn":"Oh Mercy!","prdtYear":"2019","openDt":"","typeNm":"온라인전용","prdtStatNm":"기타","nationAlt":"프랑스","genreAlt":"범죄","repNationNm":"프랑스","repGenreNm":"범죄","directors":[{"peopleNm":"아르노 데스플레생"}],"companys":[]},{"movieCd":"2023C962","movieNm":"뱀에 물린 자들","movieNmEn":"Inherit the Viper","prdtYear":"2019","openDt":"","typeNm":"온라인전용","prdtStatNm":"기타","nationAlt":"기타","genreAlt":"범죄","repNationNm":"기타","repGenreNm":"범죄","directors":[],"companys":[]},{"movieCd":"20230922","movieNm":"이한주 배우전(인디스데이)","movieNmEn":"","prdtYear":"2023","openDt":"","typeNm":"옴니버스","prdtStatNm":"기타","nationAlt":"한국","genreAlt":"기타","repNationNm":"한국","repGenreNm":"기타","directors":[],"companys":[]},{"movieCd":"20230082","movieNm":"6번 칸","movieNmEn":"Compartment No. 6","prdtYear":"2021","openDt":"20230308","typeNm":"장편","prdtStatNm":"개봉","nationAlt":"독일,핀란드,러시아,에스토니아","genreAlt":"드라마,멜로/로맨스","repNationNm":"독일","repGenreNm":"드라마","directors":[{"peopleNm":"유호 쿠오스마넨"}],"companys":[]},{"movieCd":"20229551","movieNm":"상견니","movieNmEn":"Someday or One Day","prdtYear":"2022","openDt":"20230125","typeNm":"장편","prdtStatNm":"개봉","nationAlt":"대만","genreAlt":"드라마,판타지,멜로/로맨스","repNationNm":"대만","repGenreNm":"드라마","directors":[{"peopleNm":"황천인"}],"companys":[]},{"movieCd":"2023C921","movieNm":"배틀 포 사이판","movieNmEn":"Battle for Saipan","prdtYear":"2022","openDt":"","typeNm":"온라인전용","prdtStatNm":"기타","nationAlt":"미국","genreAlt":"전쟁,액션","repNationNm":"미국","repGenreNm":"전쟁","directors":[{"peopleNm":"브랜던 슬래글"}],"companys":[]},{"movieCd":"20230826","movieNm":"홍콩 가자!남자를 너무 잘 알아","movieNmEn":"","prdtYear":"2022","openDt":"20230312","typeNm":"장편","prdtStatNm":"개봉","nationAlt":"일본","genreAlt":"성인물(에로),드라마,멜로/로맨스","repNationNm":"일본","repGenreNm":"성인물(에로)","directors":[{"peopleNm":"사쿠라비토"}],"companys":[]}]}