{"totCnt":"95385","source":"영화진흥위원회","movieList":[{"movieCd":"20193666","movieNm":"오! 문희","movieNmEn":"Oh! My Gran","prdtYear":"2020","openDt":"20200902","typeNm":"장편","prdtStatNm":"개봉","nationAlt":"한국","genreAlt":"코미디,드라마","repNationNm":"한국","repGenreNm":"코미디","directors":[{"peopleNm":"정세교"}],"companys":[{"companyCd":"20123063","companyNm":"(주)빅스톤픽쳐스"}]},{"movieCd":"20219853","movieNm":"자유로부인의 절정시대","movieNmEn":"","prdtYear":"2020","openDt":"20210824","typeNm":"장편","prdtStatNm":"개봉","nationAlt":"한국","genreAlt":"성인물(에로),드라마","repNationNm":"한국","repGenreNm":"성인물(에로)","directors":[{"peopleNm":"정지승"}],"companys":[{"companyCd":"20176162","companyNm":"(주)코빈커뮤니케이션즈"}]},{"movieCd":"20219889","movieNm":"까진 친구 이모","movieNmEn":"","prdtYear":"2019","openDt":"20210824","typeNm":"장편","prdtStatNm":"개봉","nationAlt":"일본","genreAlt":"성인물(에로)","repNationNm":"일본","repGenreNm":"성인물(에로)","directors":[{"peopleNm":"사루"}],"companys":[]},{"movieCd":"20219635","movieNm":"교회누나랑 첫 여자","movieNmEn":"","prdtYear":"2021","openDt":"20210820","typeNm":"장편","prdtStatNm":"개봉","nationAlt":"한국","genreAlt":"성인물(에로)","repNationNm":"한국","repGenreNm":"성인물(에로)","directors":[{"peopleNm":"김성현"}],"companys":[{"companyCd":"20199962","companyNm":"(주)담화"}]},{"movieCd":"20219060","movieNm":"이젠 스네요","movieNmEn":"A Wife Next Door","prdtYear":"2020","openDt":"20210819","typeNm":"장편","prdtStatNm":"개봉","nationAlt":"일본","genreAlt":"드라마","repNationNm":"일본","repGenreNm":"드라마","directors":[],"companys":[]},{"movieCd":"20215720","movieNm":"여배우의 스와핑","movieNmEn":"","prdtYear":"2020","openDt":"20210819","typeNm":"장편","prdtStatNm":"개봉","nationAlt":"한국","genreAlt":"멜로/로맨스","repNationNm":"한국","repGenreNm":"멜로/로맨스","directors":[{"peopleNm":"김종석"}],"companys":[{"companyCd":"20176201","companyNm":"모히또필름"}]},{"movieCd":"20215805","movieNm":"자매 돌려먹기","movieNmEn":"","prdtYear":"2020","openDt":"20210819","typeNm":"장편","prdtStatNm":"개봉","nationAlt":"한국","genreAlt":"멜로/로맨스","repNationNm":"한국","repGenreNm":"멜로/로맨스","directors":[{"peopleNm":"김종석"}],"companys":[{"companyCd":"20203087","companyNm":"컨텐츠레드"}]},{"movieCd":"20218261","movieNm":"자매덮밥: 처제사냥","movieNmEn":"","prdtYear":"2021","openDt":"20210818","typeNm":"장편","prdtStatNm":"개봉","nationAlt":"한국","genreAlt":"성인물(에로)","repNationNm":"한국","repGenreNm":"성인물(에로)","directors":[{"peopleNm":"남정호"}],"companys":[{"companyCd":"20199962","companyNm":"(주)담화"}]},{"movieCd":"20219851","movieNm":"아들의 첫사랑","movieNmEn":"","prdtYear":"2021","openDt":"20210818","typeNm":"장편","prdtStatNm":"개봉","nationAlt":"한국","genreAlt":"성인물(에로),드라마","repNationNm":"한국","repGenreNm":"성인물(에로)","directors":[{"peopleNm":"이로운"}],"companys":[{"companyCd":"20136715","companyNm":"(주)영화사히트"}]},{"movieCd":"20219872","movieNm":"새엄마지만 괜찮아","movieNmEn":"","prdtYear":"2021","openDt":"20210818","typeNm":"장편","prdtStatNm":"개봉","nationAlt":"한국","genreAlt":"성인물(에로),드라마","repNationNm":"한국","repGenreNm":"성인물(에로)","directors":[{"peopleNm":"이로운"}],"companys":[{"companyCd":"20136715","companyNm":"(주)영화사히트"}]}]}