{"totCnt":"95385","source":"영화진흥위원회","movieList":[{"movieCd":"20210395","movieNm":"싸버린 관리인 무삭제판","movieNmEn":"","prdtYear":"2021","openDt":"20210915","typeNm":"장편","prdtStatNm":"개봉","nationAlt":"일본","genreAlt":"멜로/로맨스","repNationNm":"일본","repGenreNm":"멜로/로맨스","directors":[{"peopleNm":"아나콘다 아나키"}],"companys":[]},{"movieCd":"20210459","movieNm":"성인용품사용설명서2 : 성인용품여사장","movieNmEn":"","prdtYear":"2021","openDt":"20210915","typeNm":"장편","prdtStatNm":"개봉","nationAlt":"한국","genreAlt":"멜로/로맨스,드라마","repNationNm":"한국","repGenreNm":"멜로/로맨스","directors":[{"peopleNm":"강백호"}],"companys":[{"companyCd":"20154968","companyNm":"(주)로드하우스"}]},{"movieCd":"20210396","movieNm":"성욕터진 유부녀 무삭제판","movieNmEn":"","prdtYear":"2021","openDt":"20210915","typeNm":"장편","prdtStatNm":"개봉","nationAlt":"일본","genreAlt":"멜로/로맨스","repNationNm":"일본","repGenreNm":"멜로/로맨스","directors":[{"peopleNm":"아나콘다 아나키"}],"companys":[]},{"movieCd":"20184641","movieNm":"세이브 미","movieNmEn":"Save Me","prdtYear":"2018","openDt":"","typeNm":"단편","prdtStatNm":"기타","nationAlt":"한국","genreAlt":"드라마","repNationNm":"한국","repGenreNm":"드라마","directors":[{"peopleNm":"전윤수"}],"companys":[]},{"movieCd":"20219769","movieNm":"아임 유어 맨","movieNmEn":"I’m Your Man","prdtYear":"2021","openDt":"20210916","typeNm":"장편","prdtStatNm":"개봉","nationAlt":"독일","genreAlt":"코미디,멜로/로맨스,SF","repNationNm":"독일","repGenreNm":"코미디","directors":[{"peopleNm":"마리아 슈라더"}],"companys":[]},{"movieCd":"20210378","movieNm":"성욕에 눈뜬 아내 무삭제판","movieNmEn":"","prdtYear":"2021","openDt":"20210915","typeNm":"장편","prdtStatNm":"개봉","nationAlt":"일본","genreAlt":"멜로/로맨스","repNationNm":"일본","repGenreNm":"멜로/로맨스","directors":[{"peopleNm":"아나콘다 아나키"}],"companys":[]},{"movieCd":"20210377","movieNm":"발정난 전업주부 무삭제판","movieNmEn":"","prdtYear":"2021","openDt":"20210915","typeNm":"장편","prdtStatNm":"개봉","nationAlt":"일본","genreAlt":"멜로/로맨스","repNationNm":"일본","repGenreNm":"멜로/로맨스","directors":[],"companys":[]},{"movieCd":"20218779","movieNm":"미인도-황제의 시녀","movieNmEn":"Portrait of a Beauty","prdtYear":"2017","openDt":"20210915","typeNm":"장편","prdtStatNm":"개봉","nationAlt":"홍콩","genreAlt":"드라마","repNationNm":"홍콩","repGenreNm":"드라마","directors":[],"companys":[]},{"movieCd":"20218266","movieNm":"니꺼 내꺼 다 내꺼","movieNmEn":"","prdtYear":"2021","openDt":"20210915","typeNm":"장편","prdtStatNm":"개봉","nationAlt":"한국","genreAlt":"성인물(에로)","repNationNm":"한국","repGenreNm":"성인물(에로)","directors":[{"peopleNm":"캡틴김"}],"companys":[{"companyCd":"20199962","companyNm":"(주)담화"}]},{"movieCd":"20218735","movieNm":"국제불륜","movieNmEn":"","prdtYear":"2021","openDt":"20210915","typeNm":"장편","prdtStatNm":"개봉","nationAlt":"한국","genreAlt":"성인물(에로)","repNationNm":"한국","repGenreNm":"성인물(에로)","directors":[{"peopleNm":"이정훈"}],"companys":[{"companyCd":"20199962","companyNm":"(주)담화"}]}]}