{"totCnt":"95385","source":"영화진흥위원회","movieList":[{"movieCd":"20223654","movieNm":"더루머","movieNmEn":"The Rumor","prdtYear":"2020","openDt":"","typeNm":"단편","prdtStatNm":"기타","nationAlt":"한국","genreAlt":"드라마","repNationNm":"한국","repGenreNm":"드라마","directors":[{"peopleNm":"주시현"}],"companys":[{"companyCd":"20175641","companyNm":"(주)디엔와이"}]},{"movieCd":"20223642","movieNm":"국화의 틈","movieNmEn":"The Very Rose","prdtYear":"2021","openDt":"","typeNm":"단편","prdtStatNm":"기타","nationAlt":"한국","genreAlt":"기타","repNationNm":"한국","repGenreNm":"기타","directors":[{"peopleNm":"박시현"}],"companys":[]},{"movieCd":"20223640","movieNm":"문래동 메들리","movieNmEn":"Mullae-dong Medley","prdtYear":"2021","openDt":"","typeNm":"단편","prdtStatNm":"기타","nationAlt":"한국","genreAlt":"다큐멘터리","repNationNm":"한국","repGenreNm":"다큐멘터리","directors":[],"companys":[]},{"movieCd":"20223651","movieNm":"증발","movieNmEn":"Evanescent","prdtYear":"2021","openDt":"","typeNm":"단편","prdtStatNm":"기타","nationAlt":"한국","genreAlt":"스릴러","repNationNm":"한국","repGenreNm":"스릴러","directors":[{"peopleNm":"형슬우"}],"companys":[]},{"movieCd":"20223638","movieNm":"소년","movieNmEn":"Boy","prdtYear":"2021","openDt":"","typeNm":"단편","prdtStatNm":"기타","nationAlt":"한국","genreAlt":"드라마","repNationNm":"한국","repGenreNm":"드라마","directors":[],"companys":[]},{"movieCd":"20223637","movieNm":"김공주들","movieNmEn":"Killing Kim Gongjoo","prdtYear":"2021","openDt":"","typeNm":"단편","prdtStatNm":"기타","nationAlt":"한국","genreAlt":"기타","repNationNm":"한국","repGenreNm":"기타","directors":[{"peopleNm":"이아린"}],"companys":[]},{"movieCd":"20223575","movieNm":"아버지의 섬 유부도","movieNmEn":"","prdtYear":"2021","openDt":"","typeNm":"단편","prdtStatNm":"기타","nationAlt":"한국","genreAlt":"다큐멘터리","repNationNm":"한국","repGenreNm":"다큐멘터리","directors":[{"peopleNm":"이정우"}],"companys":[]},{"movieCd":"20209404","movieNm":"아담","movieNmEn":"Adam","prdtYear":"2019","openDt":"20210825","typeNm":"장편","prdtStatNm":"개봉","nationAlt":"모로코,프랑스,벨기에","genreAlt":"드라마","repNationNm":"모로코","repGenreNm":"드라마","directors":[{"peopleNm":"마리암 투자니"}],"companys":[]},{"movieCd":"20223588","movieNm":"타인의 삶","movieNmEn":"Someone else's life","prdtYear":"2018","openDt":"","typeNm":"단편","prdtStatNm":"기타","nationAlt":"한국,일본","genreAlt":"드라마","repNationNm":"한국","repGenreNm":"드라마","directors":[{"peopleNm":"이영곤"}],"companys":[]},{"movieCd":"20217309","movieNm":"레퀴엠 포 허스토리","movieNmEn":"Requiem for Herstory","prdtYear":"2011","openDt":"","typeNm":"단편","prdtStatNm":"기타","nationAlt":"한국","genreAlt":"드라마","repNationNm":"한국","repGenreNm":"드라마","directors":[{"peopleNm":"강민지"}],"companys":[]}]}