{"totCnt":"95385","source":"영화진흥위원회","movieList":[{"movieCd":"20230463","movieNm":"김씨네 수경이","movieNmEn":"Su-Kyung, KIM","prdtYear":"2021","openDt":"","typeNm":"단편","prdtStatNm":"기타","nationAlt":"한국","genreAlt":"가족,드라마","repNationNm":"한국","repGenreNm":"가족","directors":[{"peopleNm":"정윤지"}],"companys":[]},{"movieCd":"20215705","movieNm":"어느 시골 소녀의 일기","movieNmEn":"Diary of a Country Girl","prdtYear":"2020","openDt":"","typeNm":"단편","prdtStatNm":"기타","nationAlt":"한국","genreAlt":"드라마","repNationNm":"한국","repGenreNm":"드라마","directors":[],"companys":[]},{"movieCd":"20229552","movieNm":"선주씨의 비밀정원","movieNmEn":"Mrs. Sunju's Secret Garden","prdtYear":"2021","openDt":"","typeNm":"단편","prdtStatNm":"기타","nationAlt":"한국","genreAlt":"드라마","repNationNm":"한국","repGenreNm":"드라마","directors":[{"peopleNm":"이지원"}],"companys":[]},{"movieCd":"2023C986","movieNm":"휴먼 어페어스","movieNmEn":"Human Affairs","prdtYear":"2017","openDt":"","typeNm":"온라인전용","prdtStatNm":"기타","nationAlt":"미국","genreAlt":"드라마,멜로/로맨스","repNationNm":"미국","repGenreNm":"드라마","directors":[],"companys":[]},{"movieCd":"2023C985","movieNm":"호스타일 보더","movieNmEn":"Hostile Border","prdtYear":"2015","openDt":"","typeNm":"온라인전용","prdtStatNm":"기타","nationAlt":"미국","genreAlt":"드라마,스릴러","repNationNm":"미국","repGenreNm":"드라마","directors":[],"companys":[]},{"movieCd":"2023C003","movieNm":"포켓 리스팅","movieNmEn":"Pocket Listing","prdtYear":"2014","openDt":"","typeNm":"온라인전용","prdtStatNm":"기타","nationAlt":"미국","genreAlt":"액션,코미디,범죄,스릴러","repNationNm":"미국","repGenreNm":"액션","directors":[{"peopleNm":"코너 알린"}],"companys":[]},{"movieCd":"2022C001","movieNm":"이츠 어 디재스터","movieNmEn":"It's a Disaster","prdtYear":"2012","openDt":"","typeNm":"온라인전용","prdtStatNm":"기타","nationAlt":"미국","genreAlt":"코미디,드라마","repNationNm":"미국","repGenreNm":"코미디","directors":[],"companys":[]},{"movieCd":"2023C984","movieNm":"올 쉬 캔","movieNmEn":"All She Can","prdtYear":"2011","openDt":"","typeNm":"온라인전용","prdtStatNm":"기타","nationAlt":"미국","genreAlt":"드라마","repNationNm":"미국","repGenreNm":"드라마","directors":[],"companys":[]},{"movieCd":"2023C002","movieNm":"언러버블","movieNmEn":"Unlovable","prdtYear":"2018","openDt":"","typeNm":"온라인전용","prdtStatNm":"기타","nationAlt":"미국","genreAlt":"코미디,드라마","repNationNm":"미국","repGenreNm":"코미디","directors":[],"companys":[]},{"movieCd":"2023C001","movieNm":"스텔라의 마지막 주말","movieNmEn":"Stella's Last Weekend","prdtYear":"2017","openDt":"","typeNm":"온라인전용","prdtStatNm":"기타","nationAlt":"미국","genreAlt":"코미디,드라마","repNationNm":"미국","repGenreNm":"코미디","directors":[],"companys":[]}]}