{"totCnt":"95385","source":"영화진흥위원회","movieList":[{"movieCd":"19950123","movieNm":"가을의 전설 ","movieNmEn":"Legends Of The Fall","prdtYear":"1994","openDt":"19950318","typeNm":"장편","prdtStatNm":"개봉","nationAlt":"미국","genreAlt":"멜로/로맨스","repNationNm":"미국","repGenreNm":"멜로/로맨스","directors":[{"peopleNm":"에드워드 즈윅"}],"companys":[{"companyCd":"20102087","companyNm":"베드포드폴스프로덕션즈"},{"companyCd":"20101356","companyNm":"트라이스타 픽쳐스"}]},{"movieCd":"20211046","movieNm":"인디그라운드X독립영화전용관 특별기획전 섹션6","movieNmEn":"","prdtYear":"2021","openDt":"","typeNm":"옴니버스","prdtStatNm":"기타","nationAlt":"한국","genreAlt":"기타","repNationNm":"한국","repGenreNm":"기타","directors":[],"companys":[]},{"movieCd":"20211045","movieNm":"인디그라운드X독립영화전용관 특별기획전 섹션5","movieNmEn":"","prdtYear":"2021","openDt":"","typeNm":"옴니버스","prdtStatNm":"기타","nationAlt":"한국","genreAlt":"드라마","repNationNm":"한국","repGenreNm":"드라마","directors":[],"companys":[]},{"movieCd":"20211044","movieNm":"인디그라운드X독립영화전용관 특별기획전 섹션4","movieNmEn":"","prdtYear":"2021","openDt":"","typeNm":"옴니버스","prdtStatNm":"기타","nationAlt":"한국","genreAlt":"기타","repNationNm":"한국","repGenreNm":"기타","directors":[],"companys":[]},{"movieCd":"20211043","movieNm":"인디그라운드X독립영화전용관 특별기획전 섹션3","movieNmEn":"","prdtYear":"2021","openDt":"","typeNm":"옴니버스","prdtStatNm":"기타","nationAlt":"한국","genreAlt":"드라마","repNationNm":"한국","repGenreNm":"드라마","directors":[],"companys":[]},{"movieCd":"20211042","movieNm":"인디그라운드X독립영화전용관 특별기획전 섹션2","movieNmEn":"","prdtYear":"2021","openDt":"","typeNm":"옴니버스","prdtStatNm":"기타","nationAlt":"한국","genreAlt":"기타","repNationNm":"한국","repGenreNm":"기타","directors":[],"companys":[]},{"movieCd":"20211027","movieNm":"인디그라운드X독립영화전용관 특별기획전 섹션1","movieNmEn":"","prdtYear":"2021","openDt":"","typeNm":"옴니버스","prdtStatNm":"기타","nationAlt":"한국","genreAlt":"기타","repNationNm":"한국","repGenreNm":"기타","directors":[],"companys":[]},{"movieCd":"20060586","movieNm":"빵과 우유","movieNmEn":"Bread and Milk","prdtYear":"2003","openDt":"","typeNm":"단편","prdtStatNm":"기타","nationAlt":"한국","genreAlt":"드라마","repNationNm":"한국","repGenreNm":"드라마","directors":[{"peopleNm":"원신연"}],"companys":[]},{"movieCd":"20070279","movieNm":"잘돼가? 무엇이든 ","movieNmEn":"Feel Good Story","prdtYear":"2004","openDt":"","typeNm":"단편","prdtStatNm":"기타","nationAlt":"한국","genreAlt":"드라마","repNationNm":"한국","repGenreNm":"드라마","directors":[{"peopleNm":"이경미"}],"companys":[]},{"movieCd":"20021326","movieNm":"폐허, 숨을 쉬다","movieNmEn":"Breathing","prdtYear":"2002","openDt":"","typeNm":"단편","prdtStatNm":"기타","nationAlt":"한국","genreAlt":"다큐멘터리","repNationNm":"한국","repGenreNm":"다큐멘터리","directors":[{"peopleNm":"이승준"}],"companys":[]}]}