{"totCnt":"95385","source":"영화진흥위원회","movieList":[{"movieCd":"20223541","movieNm":"좋아좋아 에로모드 - 더 이상 참지마","movieNmEn":"","prdtYear":"2020","openDt":"","typeNm":"장편","prdtStatNm":"기타","nationAlt":"일본","genreAlt":"성인물(에로)","repNationNm":"일본","repGenreNm":"성인물(에로)","directors":[],"companys":[]},{"movieCd":"20223556","movieNm":"그녀의 한계를 돌파한 피스톨섹스","movieNmEn":"","prdtYear":"2020","openDt":"","typeNm":"장편","prdtStatNm":"기타","nationAlt":"일본","genreAlt":"성인물(에로)","repNationNm":"일본","repGenreNm":"성인물(에로)","directors":[],"companys":[]},{"movieCd":"20223540","movieNm":"여름, 캠프 그리고 넝쿨어린이작은도서관","movieNmEn":"A Ivy Forest","prdtYear":"2018","openDt":"","typeNm":"단편","prdtStatNm":"기타","nationAlt":"한국","genreAlt":"다큐멘터리","repNationNm":"한국","repGenreNm":"다큐멘터리","directors":[],"companys":[]},{"movieCd":"20223539","movieNm":"콩쥐 팥쥐","movieNmEn":"Kongjwi and Patjwi","prdtYear":"1977","openDt":"","typeNm":"장편","prdtStatNm":"기타","nationAlt":"한국","genreAlt":"애니메이션","repNationNm":"한국","repGenreNm":"애니메이션","directors":[{"peopleNm":"강태웅"}],"companys":[]},{"movieCd":"20223538","movieNm":"미즈나짱의 풍속점 - 새엄마의 알바","movieNmEn":"","prdtYear":"2020","openDt":"","typeNm":"장편","prdtStatNm":"기타","nationAlt":"일본","genreAlt":"성인물(에로)","repNationNm":"일본","repGenreNm":"성인물(에로)","directors":[],"companys":[]},{"movieCd":"20223555","movieNm":"1급수 인간","movieNmEn":"","prdtYear":"2021","openDt":"","typeNm":"단편","prdtStatNm":"기타","nationAlt":"한국","genreAlt":"드라마,판타지","repNationNm":"한국","repGenreNm":"드라마","directors":[{"peopleNm":"이진영"}],"companys":[]},{"movieCd":"20223554","movieNm":"신지끼","movieNmEn":"SINJIGI","prdtYear":"2021","openDt":"","typeNm":"장편","prdtStatNm":"기타","nationAlt":"한국","genreAlt":"판타지,멜로/로맨스,사극","repNationNm":"한국","repGenreNm":"판타지","directors":[],"companys":[]},{"movieCd":"20223537","movieNm":"숨쉬기","movieNmEn":"","prdtYear":"2008","openDt":"","typeNm":"장편","prdtStatNm":"기타","nationAlt":"한국","genreAlt":"드라마","repNationNm":"한국","repGenreNm":"드라마","directors":[],"companys":[]},{"movieCd":"20223536","movieNm":"사랑에 관한 짧은 명상","movieNmEn":"","prdtYear":"2021","openDt":"","typeNm":"단편","prdtStatNm":"기타","nationAlt":"한국","genreAlt":"다큐멘터리","repNationNm":"한국","repGenreNm":"다큐멘터리","directors":[],"companys":[]},{"movieCd":"20223535","movieNm":"학의 날개","movieNmEn":"","prdtYear":"2020","openDt":"","typeNm":"단편","prdtStatNm":"기타","nationAlt":"한국","genreAlt":"드라마","repNationNm":"한국","repGenreNm":"드라마","directors":[],"companys":[]}]}