{"totCnt":"95385","source":"영화진흥위원회","movieList":[{"movieCd":"20000243","movieNm":"버팔로 `66","movieNmEn":"Buffalo `66","prdtYear":"1998","openDt":"20000923","typeNm":"장편","prdtStatNm":"개봉","nationAlt":"미국","genreAlt":"코미디,드라마","repNationNm":"미국","repGenreNm":"코미디","directors":[{"peopleNm":"빈센트 갈로"}],"companys":[{"companyCd":"20104247","companyNm":"라이온스 게이트 필름즈"}]},{"movieCd":"19870154","movieNm":"로보캅","movieNmEn":"Robocop","prdtYear":"1987","openDt":"19871225","typeNm":"장편","prdtStatNm":"개봉","nationAlt":"미국","genreAlt":"SF,액션","repNationNm":"미국","repGenreNm":"SF","directors":[{"peopleNm":"폴 베고벤"}],"companys":[]},{"movieCd":"20211402","movieNm":"666번 방","movieNmEn":"Room 666","prdtYear":"1982","openDt":"","typeNm":"장편","prdtStatNm":"기타","nationAlt":"프랑스,서독","genreAlt":"다큐멘터리","repNationNm":"프랑스","repGenreNm":"다큐멘터리","directors":[{"peopleNm":"빔 벤더스"}],"companys":[]},{"movieCd":"20159294","movieNm":"지옥의 영웅들","movieNmEn":"The Big Red One","prdtYear":"1980","openDt":"","typeNm":"장편","prdtStatNm":"기타","nationAlt":"미국","genreAlt":"액션,드라마,전쟁","repNationNm":"미국","repGenreNm":"액션","directors":[{"peopleNm":"사무엘 풀러"}],"companys":[]},{"movieCd":"19790106","movieNm":"지옥의 사자들","movieNmEn":"Avalanche Express","prdtYear":"1979","openDt":"19790927","typeNm":"장편","prdtStatNm":"개봉","nationAlt":"미국","genreAlt":"액션","repNationNm":"미국","repGenreNm":"액션","directors":[{"peopleNm":"마크 로브슨"},{"peopleNm":"몬테 헬만"}],"companys":[{"companyCd":"20101016","companyNm":"우성사"}]},{"movieCd":"19778076","movieNm":"무하마드 알리","movieNmEn":"The Greatest","prdtYear":"1977","openDt":"","typeNm":"장편","prdtStatNm":"기타","nationAlt":"영국,미국","genreAlt":"드라마","repNationNm":"영국","repGenreNm":"드라마","directors":[{"peopleNm":"몬테 헬만"}],"companys":[]},{"movieCd":"20211400","movieNm":"테러","movieNmEn":"The Terror","prdtYear":"1963","openDt":"","typeNm":"장편","prdtStatNm":"기타","nationAlt":"미국","genreAlt":"공포(호러),스릴러","repNationNm":"미국","repGenreNm":"공포(호러)","directors":[{"peopleNm":"로저 코만"},{"peopleNm":"몬테 헬만"}],"companys":[]},{"movieCd":"20211399","movieNm":"갈 수 없는 길","movieNmEn":"Road to Nowhere","prdtYear":"2010","openDt":"","typeNm":"장편","prdtStatNm":"기타","nationAlt":"미국","genreAlt":"멜로/로맨스,스릴러","repNationNm":"미국","repGenreNm":"멜로/로맨스","directors":[{"peopleNm":"몬테 헬만"}],"companys":[]},{"movieCd":"20211398","movieNm":"닭싸움꾼","movieNmEn":"Cockfighter","prdtYear":"1974","openDt":"","typeNm":"장편","prdtStatNm":"기타","nationAlt":"미국","genreAlt":"드라마","repNationNm":"미국","repGenreNm":"드라마","directors":[{"peopleNm":"몬테 헬만"}],"companys":[]},{"movieCd":"20125314","movieNm":"자유의 이차선","movieNmEn":"Two-Lane Blacktop","prdtYear":"1971","openDt":"","typeNm":"장편","prdtStatNm":"기타","nationAlt":"미국","genreAlt":"드라마","repNationNm":"미국","repGenreNm":"드라마","directors":[{"peopleNm":"몬테 헬만"}],"companys":[]}]}