{"totCnt":"95385","source":"영화진흥위원회","movieList":[{"movieCd":"20219927","movieNm":"섹스 24시 편의점: 카드 말고 다른 거 넣어주세요","movieNmEn":"","prdtYear":"2021","openDt":"20210930","typeNm":"장편","prdtStatNm":"개봉","nationAlt":"일본","genreAlt":"드라마","repNationNm":"일본","repGenreNm":"드라마","directors":[],"companys":[]},{"movieCd":"20209857","movieNm":"새엄마4 무삭제","movieNmEn":"","prdtYear":"2020","openDt":"20210928","typeNm":"장편","prdtStatNm":"개봉","nationAlt":"한국","genreAlt":"성인물(에로)","repNationNm":"한국","repGenreNm":"성인물(에로)","directors":[{"peopleNm":"최찬호"}],"companys":[{"companyCd":"20161021","companyNm":"(주)영화사가을"}]},{"movieCd":"20210717","movieNm":"맨디 : 귀신들린 인형","movieNmEn":"Mandy the Haunted Doll","prdtYear":"2018","openDt":"20210928","typeNm":"장편","prdtStatNm":"개봉","nationAlt":"영국","genreAlt":"공포(호러)","repNationNm":"영국","repGenreNm":"공포(호러)","directors":[{"peopleNm":"제이미 웨스턴"}],"companys":[]},{"movieCd":"20210845","movieNm":"당인가탐안 3 : 밀실 살인사건","movieNmEn":"Detective Chinatown 3","prdtYear":"2021","openDt":"","typeNm":"장편","prdtStatNm":"기타","nationAlt":"중국","genreAlt":"코미디","repNationNm":"중국","repGenreNm":"코미디","directors":[{"peopleNm":"진사성"}],"companys":[]},{"movieCd":"20210716","movieNm":"마녀의 저주","movieNmEn":"American Poltergeist The Curse Of Lilith Ratchet","prdtYear":"2018","openDt":"20210928","typeNm":"장편","prdtStatNm":"개봉","nationAlt":"미국","genreAlt":"공포(호러)","repNationNm":"미국","repGenreNm":"공포(호러)","directors":[{"peopleNm":"에디 렝겔"}],"companys":[]},{"movieCd":"20210085","movieNm":"암스테르담 호스트","movieNmEn":"The Host","prdtYear":"2020","openDt":"","typeNm":"장편","prdtStatNm":"기타","nationAlt":"미국","genreAlt":"스릴러","repNationNm":"미국","repGenreNm":"스릴러","directors":[],"companys":[]},{"movieCd":"20219269","movieNm":"싸면 뭐하니? 무삭제","movieNmEn":"","prdtYear":"2021","openDt":"","typeNm":"장편","prdtStatNm":"기타","nationAlt":"한국","genreAlt":"드라마","repNationNm":"한국","repGenreNm":"드라마","directors":[{"peopleNm":"이로운"}],"companys":[{"companyCd":"20136715","companyNm":"(주)영화사히트"}]},{"movieCd":"20219881","movieNm":"뷰티풀 다크니스","movieNmEn":"Love Is Blind","prdtYear":"2019","openDt":"","typeNm":"장편","prdtStatNm":"기타","nationAlt":"미국","genreAlt":"드라마,멜로/로맨스","repNationNm":"미국","repGenreNm":"드라마","directors":[{"peopleNm":"앤디 델라니"},{"peopleNm":"몬티 화이트블룸"}],"companys":[]},{"movieCd":"20219268","movieNm":"벗네 마네 무삭제 ","movieNmEn":"","prdtYear":"2021","openDt":"","typeNm":"장편","prdtStatNm":"기타","nationAlt":"한국","genreAlt":"드라마","repNationNm":"한국","repGenreNm":"드라마","directors":[{"peopleNm":"이로운"}],"companys":[{"companyCd":"20136715","companyNm":"(주)영화사히트"}]},{"movieCd":"20219288","movieNm":"미호의 섹스 스캔들 무삭제","movieNmEn":"","prdtYear":"2021","openDt":"","typeNm":"장편","prdtStatNm":"기타","nationAlt":"한국","genreAlt":"드라마","repNationNm":"한국","repGenreNm":"드라마","directors":[{"peopleNm":"이로운"}],"companys":[{"companyCd":"20136715","companyNm":"(주)영화사히트"}]}]}