{"totCnt":"95385","source":"영화진흥위원회","movieList":[{"movieCd":"20219257","movieNm":"결혼 2년차 유부녀 - 남편은 늦는 날","movieNmEn":"","prdtYear":"2020","openDt":"","typeNm":"장편","prdtStatNm":"기타","nationAlt":"일본","genreAlt":"성인물(에로)","repNationNm":"일본","repGenreNm":"성인물(에로)","directors":[{"peopleNm":"나베 아츠시"}],"companys":[]},{"movieCd":"20203442","movieNm":"연애 : 섹스의 기술 무삭제","movieNmEn":"","prdtYear":"2020","openDt":"20211029","typeNm":"장편","prdtStatNm":"개봉","nationAlt":"한국","genreAlt":"멜로/로맨스","repNationNm":"한국","repGenreNm":"멜로/로맨스","directors":[{"peopleNm":"한대위"}],"companys":[{"companyCd":"20161021","companyNm":"(주)영화사가을"}]},{"movieCd":"20219353","movieNm":"신용문 무림","movieNmEn":"The Last Wulin","prdtYear":"2017","openDt":"20211028","typeNm":"장편","prdtStatNm":"개봉","nationAlt":"홍콩","genreAlt":"액션","repNationNm":"홍콩","repGenreNm":"액션","directors":[],"companys":[]},{"movieCd":"20211088","movieNm":"고스트 라이트","movieNmEn":"Ghost Light","prdtYear":"2020","openDt":"","typeNm":"장편","prdtStatNm":"기타","nationAlt":"미국","genreAlt":"스릴러,공포(호러),범죄","repNationNm":"미국","repGenreNm":"스릴러","directors":[{"peopleNm":"가브리엘 세인트"}],"companys":[]},{"movieCd":"20210577","movieNm":"양방언과 국립국악관현악단-인투 더 라이트","movieNmEn":"Yang Bang-ean and the National Orchestra of Korea-Into the Light","prdtYear":"2019","openDt":"20211026","typeNm":"장편","prdtStatNm":"개봉","nationAlt":"한국","genreAlt":"공연","repNationNm":"한국","repGenreNm":"공연","directors":[{"peopleNm":"양방언"}],"companys":[{"companyCd":"20218323","companyNm":"문화체육관광부 국립극장"},{"companyCd":"20218324","companyNm":"국립국악관현악단"}]},{"movieCd":"20210210","movieNm":"장모 무릎위 사위","movieNmEn":"","prdtYear":"2021","openDt":"20211025","typeNm":"장편","prdtStatNm":"개봉","nationAlt":"일본","genreAlt":"멜로/로맨스","repNationNm":"일본","repGenreNm":"멜로/로맨스","directors":[],"companys":[]},{"movieCd":"20211081","movieNm":"월세대신 몸세","movieNmEn":"","prdtYear":"2021","openDt":"20211025","typeNm":"장편","prdtStatNm":"개봉","nationAlt":"일본","genreAlt":"멜로/로맨스","repNationNm":"일본","repGenreNm":"멜로/로맨스","directors":[],"companys":[]},{"movieCd":"20211201","movieNm":"욕정 다이어리 : 에로부부 무삭제판","movieNmEn":"","prdtYear":"2021","openDt":"20211025","typeNm":"장편","prdtStatNm":"개봉","nationAlt":"일본","genreAlt":"멜로/로맨스","repNationNm":"일본","repGenreNm":"멜로/로맨스","directors":[],"companys":[]},{"movieCd":"20210797","movieNm":"스타킹 : 그녀의 음모","movieNmEn":"","prdtYear":"2021","openDt":"20211025","typeNm":"장편","prdtStatNm":"개봉","nationAlt":"한국","genreAlt":"멜로/로맨스","repNationNm":"한국","repGenreNm":"멜로/로맨스","directors":[{"peopleNm":"윤수현"}],"companys":[{"companyCd":"20189621","companyNm":"(주)라온컴퍼니플러스"}]},{"movieCd":"20219317","movieNm":"섹스를 달리는 비행소녀 무삭제판","movieNmEn":"","prdtYear":"2021","openDt":"20211025","typeNm":"장편","prdtStatNm":"개봉","nationAlt":"한국","genreAlt":"멜로/로맨스","repNationNm":"한국","repGenreNm":"멜로/로맨스","directors":[{"peopleNm":"핑크라이더"}],"companys":[{"companyCd":"20189621","companyNm":"(주)라온컴퍼니플러스"}]}]}