{"totCnt":"95385","source":"영화진흥위원회","movieList":[{"movieCd":"20223763","movieNm":"스포트라이트","movieNmEn":"Spotlight","prdtYear":"2021","openDt":"","typeNm":"장편","prdtStatNm":"기타","nationAlt":"일본","genreAlt":"성인물(에로),멜로/로맨스,애니메이션","repNationNm":"일본","repGenreNm":"성인물(에로)","directors":[],"companys":[]},{"movieCd":"20223771","movieNm":"섹스 메이드","movieNmEn":"Semechichi","prdtYear":"2010","openDt":"","typeNm":"장편","prdtStatNm":"기타","nationAlt":"일본","genreAlt":"성인물(에로),멜로/로맨스,애니메이션","repNationNm":"일본","repGenreNm":"성인물(에로)","directors":[],"companys":[]},{"movieCd":"20223761","movieNm":"여름눈","movieNmEn":"Summer Snow","prdtYear":"2020","openDt":"","typeNm":"단편","prdtStatNm":"기타","nationAlt":"한국","genreAlt":"애니메이션,드라마,판타지","repNationNm":"한국","repGenreNm":"애니메이션","directors":[{"peopleNm":"원희수"}],"companys":[{"companyCd":"20228785","companyNm":"서머 로운 스튜디오"}]},{"movieCd":"20223770","movieNm":"잎의 여름","movieNmEn":"Summer Grass","prdtYear":"2021","openDt":"","typeNm":"단편","prdtStatNm":"기타","nationAlt":"한국","genreAlt":"기타","repNationNm":"한국","repGenreNm":"기타","directors":[],"companys":[]},{"movieCd":"20223749","movieNm":"봄 올림","movieNmEn":"Sincerely Yours","prdtYear":"2021","openDt":"","typeNm":"단편","prdtStatNm":"기타","nationAlt":"한국","genreAlt":"애니메이션","repNationNm":"한국","repGenreNm":"애니메이션","directors":[],"companys":[]},{"movieCd":"20175203","movieNm":"보호자","movieNmEn":"Helper","prdtYear":"2017","openDt":"","typeNm":"단편","prdtStatNm":"기타","nationAlt":"한국","genreAlt":"드라마","repNationNm":"한국","repGenreNm":"드라마","directors":[{"peopleNm":"최은우"}],"companys":[]},{"movieCd":"20223760","movieNm":"아내의엄마 - 관능적 색기란 이런것","movieNmEn":"","prdtYear":"2020","openDt":"","typeNm":"장편","prdtStatNm":"기타","nationAlt":"일본","genreAlt":"성인물(에로)","repNationNm":"일본","repGenreNm":"성인물(에로)","directors":[{"peopleNm":"와타나베 준이치"}],"companys":[]},{"movieCd":"20196264","movieNm":"유체이탈자","movieNmEn":"Spiritwalker","prdtYear":"2020","openDt":"20211124","typeNm":"장편","prdtStatNm":"개봉","nationAlt":"한국","genreAlt":"판타지,액션","repNationNm":"한국","repGenreNm":"판타지","directors":[{"peopleNm":"윤재근"}],"companys":[{"companyCd":"20138935","companyNm":"(주)비에이엔터테인먼트"},{"companyCd":"20122494","companyNm":"(주)사람엔터테인먼트"}]},{"movieCd":"20223746","movieNm":"스폰지밥 무비: 핑핑이 구출 대작전","movieNmEn":"The SpongeBob Movie: Sponge on the Run","prdtYear":"2020","openDt":"","typeNm":"장편","prdtStatNm":"기타","nationAlt":"미국","genreAlt":"애니메이션","repNationNm":"미국","repGenreNm":"애니메이션","directors":[{"peopleNm":"팀 힐"}],"companys":[]},{"movieCd":"20223757","movieNm":"오렌지필름 7주년, mixtape vol.7 (오렌지필름기획전)","movieNmEn":"","prdtYear":"2022","openDt":"","typeNm":"옴니버스","prdtStatNm":"기타","nationAlt":"한국","genreAlt":"기타","repNationNm":"한국","repGenreNm":"기타","directors":[],"companys":[]}]}