{"totCnt":"95385","source":"영화진흥위원회","movieList":[{"movieCd":"20217197","movieNm":"끝없음에 관하여","movieNmEn":"About Endlessness","prdtYear":"2019","openDt":"20211216","typeNm":"장편","prdtStatNm":"개봉","nationAlt":"기타","genreAlt":"기타","repNationNm":"기타","repGenreNm":"기타","directors":[{"peopleNm":"로이 안데르손"}],"companys":[]},{"movieCd":"20212496","movieNm":"모녀의교환섹스-무삭제","movieNmEn":"","prdtYear":"2020","openDt":"","typeNm":"장편","prdtStatNm":"기타","nationAlt":"한국","genreAlt":"성인물(에로)","repNationNm":"한국","repGenreNm":"성인물(에로)","directors":[{"peopleNm":"천성준"}],"companys":[{"companyCd":"20173662","companyNm":"에이원 미디어"}]},{"movieCd":"20210819","movieNm":"하우스 오브 스네일스","movieNmEn":"The House of Snails","prdtYear":"2021","openDt":"","typeNm":"장편","prdtStatNm":"기타","nationAlt":"스페인","genreAlt":"미스터리,스릴러","repNationNm":"스페인","repGenreNm":"미스터리","directors":[],"companys":[]},{"movieCd":"20210794","movieNm":"리버","movieNmEn":"River","prdtYear":"2015","openDt":"20211216","typeNm":"장편","prdtStatNm":"개봉","nationAlt":"캐나다","genreAlt":"드라마,스릴러","repNationNm":"캐나다","repGenreNm":"드라마","directors":[{"peopleNm":"제이미 M. 대그"}],"companys":[]},{"movieCd":"20212723","movieNm":"제24회 동아방송예술대학교 방송보도제작과 영상제 BAVA","movieNmEn":"","prdtYear":"2021","openDt":"","typeNm":"옴니버스","prdtStatNm":"기타","nationAlt":"한국","genreAlt":"기타","repNationNm":"한국","repGenreNm":"기타","directors":[],"companys":[]},{"movieCd":"20212722","movieNm":"무림 당문비독 ","movieNmEn":"","prdtYear":"2019","openDt":"","typeNm":"장편","prdtStatNm":"기타","nationAlt":"중국","genreAlt":"액션","repNationNm":"중국","repGenreNm":"액션","directors":[],"companys":[]},{"movieCd":"20191243","movieNm":"장르만 로맨스","movieNmEn":"Perhaps Love","prdtYear":"2021","openDt":"20211117","typeNm":"장편","prdtStatNm":"개봉","nationAlt":"한국","genreAlt":"드라마,코미디","repNationNm":"한국","repGenreNm":"드라마","directors":[{"peopleNm":"조은지"}],"companys":[{"companyCd":"20160281","companyNm":"(주)비리프"}]},{"movieCd":"20210028","movieNm":"스파이더맨: 노 웨이 홈","movieNmEn":"Spider-Man: No Way Home","prdtYear":"2021","openDt":"20211215","typeNm":"장편","prdtStatNm":"개봉","nationAlt":"미국","genreAlt":"액션,어드벤처,SF","repNationNm":"미국","repGenreNm":"액션","directors":[{"peopleNm":"존 왓츠"}],"companys":[]},{"movieCd":"20212680","movieNm":"그렇게 아무것도 하지 않았다","movieNmEn":"As before, I didn’t do anything","prdtYear":"2020","openDt":"","typeNm":"단편","prdtStatNm":"기타","nationAlt":"한국","genreAlt":"기타","repNationNm":"한국","repGenreNm":"기타","directors":[],"companys":[]},{"movieCd":"20212702","movieNm":"Temporary Solution for the Permanent Problems: #1","movieNmEn":"Temporary Solution for the Permanent Problems: #1","prdtYear":"2019","openDt":"","typeNm":"단편","prdtStatNm":"기타","nationAlt":"한국","genreAlt":"기타","repNationNm":"한국","repGenreNm":"기타","directors":[],"companys":[]}]}