{"totCnt":"95385","source":"영화진흥위원회","movieList":[{"movieCd":"20210325","movieNm":"SESIFF2021 개막식","movieNmEn":"Opening Ceremony","prdtYear":"2021","openDt":"","typeNm":"옴니버스","prdtStatNm":"기타","nationAlt":"기타","genreAlt":"기타","repNationNm":"기타","repGenreNm":"기타","directors":[],"companys":[]},{"movieCd":"20210324","movieNm":"SESIFF2021 우리집 이야기_초단편영화 아카데미","movieNmEn":"Home Story_Extreme-Short Film Academy","prdtYear":"2021","openDt":"","typeNm":"옴니버스","prdtStatNm":"기타","nationAlt":"한국","genreAlt":"다큐멘터리","repNationNm":"한국","repGenreNm":"다큐멘터리","directors":[],"companys":[]},{"movieCd":"20210317","movieNm":"SESIFF2021 다양한 이야기_초단편영화 아카데미","movieNmEn":"Diverse Story_Extreme-Short Film Academy","prdtYear":"2021","openDt":"","typeNm":"옴니버스","prdtStatNm":"기타","nationAlt":"한국","genreAlt":"다큐멘터리","repNationNm":"한국","repGenreNm":"다큐멘터리","directors":[{"peopleNm":"김동겸"}],"companys":[]},{"movieCd":"20210323","movieNm":"SESIFF2021 영등포 이야기_초단편영화 아카데미","movieNmEn":"Yeondeungpo Story_Extreme-Short Film Academy","prdtYear":"2021","openDt":"","typeNm":"옴니버스","prdtStatNm":"기타","nationAlt":"한국","genreAlt":"다큐멘터리","repNationNm":"한국","repGenreNm":"다큐멘터리","directors":[],"companys":[]},{"movieCd":"20210322","movieNm":"SESIFF2021 90초 국내경쟁 + 90초 특별전","movieNmEn":"90 seconds Korean Competition + 90 seconds Special Screening","prdtYear":"2021","openDt":"","typeNm":"옴니버스","prdtStatNm":"기타","nationAlt":"한국","genreAlt":"기타","repNationNm":"한국","repGenreNm":"기타","directors":[],"companys":[]},{"movieCd":"20210316","movieNm":"SESIFF2021 90초 국제경쟁","movieNmEn":"90 seconds International Competition","prdtYear":"2021","openDt":"","typeNm":"옴니버스","prdtStatNm":"기타","nationAlt":"기타","genreAlt":"기타","repNationNm":"기타","repGenreNm":"기타","directors":[],"companys":[]},{"movieCd":"20210315","movieNm":"SESIFF2021 끌레르몽 페랑에서 온 동화","movieNmEn":"Fairytales from Clermont-Ferrand","prdtYear":"2021","openDt":"","typeNm":"옴니버스","prdtStatNm":"기타","nationAlt":"기타","genreAlt":"기타","repNationNm":"기타","repGenreNm":"기타","directors":[],"companys":[]},{"movieCd":"20210314","movieNm":"SESIFF2021 블러디 나잇","movieNmEn":"Bloody Night","prdtYear":"2021","openDt":"","typeNm":"옴니버스","prdtStatNm":"기타","nationAlt":"기타","genreAlt":"기타","repNationNm":"기타","repGenreNm":"기타","directors":[],"companys":[]},{"movieCd":"20210321","movieNm":"SESIFF2021 문화다양성 특별전","movieNmEn":"Cultural Diversity Focus","prdtYear":"2021","openDt":"","typeNm":"옴니버스","prdtStatNm":"기타","nationAlt":"기타","genreAlt":"기타","repNationNm":"기타","repGenreNm":"기타","directors":[],"companys":[]},{"movieCd":"20210313","movieNm":"SESIFF2021 임선우 배우 특별전","movieNmEn":"Actor Focus: LIM Sunwoo","prdtYear":"2021","openDt":"","typeNm":"옴니버스","prdtStatNm":"기타","nationAlt":"한국","genreAlt":"기타","repNationNm":"한국","repGenreNm":"기타","directors":[],"companys":[]}]}