{"totCnt":"95385","source":"영화진흥위원회","movieList":[{"movieCd":"20223185","movieNm":"교환일기","movieNmEn":"Exchange Diary","prdtYear":"2021","openDt":"","typeNm":"단편","prdtStatNm":"기타","nationAlt":"한국","genreAlt":"기타","repNationNm":"한국","repGenreNm":"기타","directors":[{"peopleNm":"김희진"}],"companys":[]},{"movieCd":"20223159","movieNm":"리토와 펭찌: 무모한 모험","movieNmEn":"Rito & Pengjji","prdtYear":"2021","openDt":"","typeNm":"단편","prdtStatNm":"기타","nationAlt":"한국","genreAlt":"애니메이션","repNationNm":"한국","repGenreNm":"애니메이션","directors":[],"companys":[]},{"movieCd":"20223158","movieNm":"여름, 그날","movieNmEn":"First Menstrual","prdtYear":"2021","openDt":"","typeNm":"단편","prdtStatNm":"기타","nationAlt":"한국","genreAlt":"기타","repNationNm":"한국","repGenreNm":"기타","directors":[{"peopleNm":"박경원"}],"companys":[]},{"movieCd":"20223156","movieNm":"아시타비(我是他非)","movieNmEn":"Double Standard","prdtYear":"2021","openDt":"","typeNm":"단편","prdtStatNm":"기타","nationAlt":"한국","genreAlt":"기타","repNationNm":"한국","repGenreNm":"기타","directors":[],"companys":[]},{"movieCd":"20223155","movieNm":"엄마의 선물","movieNmEn":"The Gift from Mom","prdtYear":"2021","openDt":"","typeNm":"단편","prdtStatNm":"기타","nationAlt":"한국","genreAlt":"애니메이션","repNationNm":"한국","repGenreNm":"애니메이션","directors":[],"companys":[]},{"movieCd":"20223153","movieNm":"그라운드","movieNmEn":"GROUND","prdtYear":"2021","openDt":"","typeNm":"단편","prdtStatNm":"기타","nationAlt":"한국","genreAlt":"기타","repNationNm":"한국","repGenreNm":"기타","directors":[],"companys":[]},{"movieCd":"20223182","movieNm":"게으른 타코씨, 아임 파인 땡큐!","movieNmEn":"Lazy Mr.TACO, I'm Fine Thank You!","prdtYear":"2021","openDt":"","typeNm":"단편","prdtStatNm":"기타","nationAlt":"한국","genreAlt":"애니메이션","repNationNm":"한국","repGenreNm":"애니메이션","directors":[],"companys":[]},{"movieCd":"20223181","movieNm":"열대야의 바다","movieNmEn":"The Tropical Night","prdtYear":"2021","openDt":"","typeNm":"장편","prdtStatNm":"기타","nationAlt":"한국","genreAlt":"기타","repNationNm":"한국","repGenreNm":"기타","directors":[],"companys":[]},{"movieCd":"20223151","movieNm":"저수지로 가자","movieNmEn":"Give Me a Hug","prdtYear":"2021","openDt":"","typeNm":"단편","prdtStatNm":"기타","nationAlt":"한국","genreAlt":"기타","repNationNm":"한국","repGenreNm":"기타","directors":[],"companys":[]},{"movieCd":"20223164","movieNm":"웰다잉 컴퍼니","movieNmEn":"Well Dying Company","prdtYear":"2021","openDt":"","typeNm":"장편","prdtStatNm":"기타","nationAlt":"한국","genreAlt":"기타","repNationNm":"한국","repGenreNm":"기타","directors":[],"companys":[]}]}