{"totCnt":"95385","source":"영화진흥위원회","movieList":[{"movieCd":"19548013","movieNm":"다이얼 M을 돌려라","movieNmEn":"Dial M For Murder","prdtYear":"1954","openDt":"","typeNm":"장편","prdtStatNm":"기타","nationAlt":"미국","genreAlt":"범죄,미스터리,스릴러","repNationNm":"미국","repGenreNm":"범죄","directors":[{"peopleNm":"알프레드 히치콕"}],"companys":[{"companyCd":"20103668","companyNm":"워너 브러더스 픽쳐스"}]},{"movieCd":"20230699","movieNm":"새엄마의 속살체험 - 미치는 혀놀림","movieNmEn":"","prdtYear":"2021","openDt":"","typeNm":"장편","prdtStatNm":"기타","nationAlt":"일본","genreAlt":"성인물(에로)","repNationNm":"일본","repGenreNm":"성인물(에로)","directors":[{"peopleNm":"코지마 유키오"}],"companys":[]},{"movieCd":"20230698","movieNm":"회사보감","movieNmEn":"","prdtYear":"2023","openDt":"","typeNm":"단편","prdtStatNm":"기타","nationAlt":"한국","genreAlt":"코미디","repNationNm":"한국","repGenreNm":"코미디","directors":[{"peopleNm":"권용재"}],"companys":[]},{"movieCd":"20230697","movieNm":"신혼인데 숙부를 유혹하는 유이짱","movieNmEn":"","prdtYear":"2021","openDt":"","typeNm":"장편","prdtStatNm":"기타","nationAlt":"일본","genreAlt":"성인물(에로)","repNationNm":"일본","repGenreNm":"성인물(에로)","directors":[{"peopleNm":"코지마 유키오"}],"companys":[]},{"movieCd":"20230707","movieNm":"하부구조의 친구들","movieNmEn":"","prdtYear":"2022","openDt":"","typeNm":"단편","prdtStatNm":"기타","nationAlt":"한국","genreAlt":"코미디","repNationNm":"한국","repGenreNm":"코미디","directors":[],"companys":[]},{"movieCd":"20230695","movieNm":"가장 보통의 하루","movieNmEn":"An Ordinary Day","prdtYear":"2022","openDt":"","typeNm":"단편","prdtStatNm":"기타","nationAlt":"한국","genreAlt":"드라마","repNationNm":"한국","repGenreNm":"드라마","directors":[],"companys":[]},{"movieCd":"20230706","movieNm":"엑스마키나","movieNmEn":"Ex Machina","prdtYear":"2022","openDt":"","typeNm":"단편","prdtStatNm":"기타","nationAlt":"한국","genreAlt":"SF,드라마","repNationNm":"한국","repGenreNm":"SF","directors":[],"companys":[]},{"movieCd":"20230693","movieNm":"다운 다운 에프티에이!","movieNmEn":"Down Down FTA!","prdtYear":"2006","openDt":"","typeNm":"단편","prdtStatNm":"기타","nationAlt":"한국","genreAlt":"다큐멘터리","repNationNm":"한국","repGenreNm":"다큐멘터리","directors":[],"companys":[]},{"movieCd":"20230704","movieNm":"컬러러쉬2","movieNmEn":"","prdtYear":"2022","openDt":"","typeNm":"장편","prdtStatNm":"기타","nationAlt":"한국","genreAlt":"멜로/로맨스","repNationNm":"한국","repGenreNm":"멜로/로맨스","directors":[{"peopleNm":"박선재"}],"companys":[]},{"movieCd":"20230703","movieNm":"칭찬과 돈","movieNmEn":"The Price of Praise","prdtYear":"2022","openDt":"","typeNm":"단편","prdtStatNm":"기타","nationAlt":"한국","genreAlt":"기타","repNationNm":"한국","repGenreNm":"기타","directors":[{"peopleNm":"한창록"}],"companys":[]}]}