{"totCnt":"95385","source":"영화진흥위원회","movieList":[{"movieCd":"20224174","movieNm":"배달의 만족 : 그여자의 자취방","movieNmEn":"","prdtYear":"2022","openDt":"20220318","typeNm":"장편","prdtStatNm":"개봉","nationAlt":"한국","genreAlt":"성인물(에로),드라마","repNationNm":"한국","repGenreNm":"성인물(에로)","directors":[{"peopleNm":"송정규"}],"companys":[{"companyCd":"20100142","companyNm":"(주)씨맥스커뮤니케이션즈"}]},{"movieCd":"20224157","movieNm":"과장님의 여직원 사용기","movieNmEn":"","prdtYear":"2022","openDt":"20220318","typeNm":"장편","prdtStatNm":"개봉","nationAlt":"한국","genreAlt":"성인물(에로),드라마","repNationNm":"한국","repGenreNm":"성인물(에로)","directors":[{"peopleNm":"송정규"}],"companys":[{"companyCd":"20100142","companyNm":"(주)씨맥스커뮤니케이션즈"}]},{"movieCd":"20224177","movieNm":"한 번 할 때마다 새로 피는 꽃","movieNmEn":"","prdtYear":"2022","openDt":"20220317","typeNm":"장편","prdtStatNm":"개봉","nationAlt":"일본","genreAlt":"성인물(에로),드라마","repNationNm":"일본","repGenreNm":"성인물(에로)","directors":[],"companys":[]},{"movieCd":"20224158","movieNm":"전세 역전: 너도 당해봐","movieNmEn":"","prdtYear":"2022","openDt":"20220317","typeNm":"장편","prdtStatNm":"개봉","nationAlt":"일본","genreAlt":"성인물(에로),드라마","repNationNm":"일본","repGenreNm":"성인물(에로)","directors":[{"peopleNm":"마메자와 마메타로"}],"companys":[]},{"movieCd":"20212909","movieNm":"우주에서 가장 밝은 지붕","movieNmEn":"The Brightest Roof in the Universe","prdtYear":"2020","openDt":"20220317","typeNm":"장편","prdtStatNm":"개봉","nationAlt":"일본","genreAlt":"판타지,드라마","repNationNm":"일본","repGenreNm":"판타지","directors":[{"peopleNm":"후지이 미치히토"}],"companys":[]},{"movieCd":"20223998","movieNm":"빨래방 유부녀 속옷","movieNmEn":"","prdtYear":"2021","openDt":"20220317","typeNm":"장편","prdtStatNm":"개봉","nationAlt":"일본","genreAlt":"성인물(에로),멜로/로맨스","repNationNm":"일본","repGenreNm":"성인물(에로)","directors":[],"companys":[]},{"movieCd":"20224175","movieNm":"당신은 나에게 관심이 없다","movieNmEn":"","prdtYear":"2022","openDt":"20220317","typeNm":"장편","prdtStatNm":"개봉","nationAlt":"일본","genreAlt":"성인물(에로),드라마","repNationNm":"일본","repGenreNm":"성인물(에로)","directors":[],"companys":[]},{"movieCd":"20223997","movieNm":"노가다꾼에 길들여진 아내","movieNmEn":"","prdtYear":"2021","openDt":"20220317","typeNm":"장편","prdtStatNm":"개봉","nationAlt":"일본","genreAlt":"성인물(에로),멜로/로맨스","repNationNm":"일본","repGenreNm":"성인물(에로)","directors":[],"companys":[]},{"movieCd":"20224176","movieNm":"꼬여버린 부부: 피곤한 유부녀","movieNmEn":"","prdtYear":"2022","openDt":"20220317","typeNm":"장편","prdtStatNm":"개봉","nationAlt":"일본","genreAlt":"성인물(에로),드라마","repNationNm":"일본","repGenreNm":"성인물(에로)","directors":[],"companys":[]},{"movieCd":"20224222","movieNm":"이스케이프 룸: 공포의 퍼즐","movieNmEn":"Escape: Puzzle of Fear","prdtYear":"2020","openDt":"20220316","typeNm":"장편","prdtStatNm":"개봉","nationAlt":"미국","genreAlt":"공포(호러)","repNationNm":"미국","repGenreNm":"공포(호러)","directors":[{"peopleNm":"리즈 고든"}],"companys":[]}]}