{"totCnt":"95385","source":"영화진흥위원회","movieList":[{"movieCd":"20224489","movieNm":"란제리섹스 확장판","movieNmEn":"","prdtYear":"2020","openDt":"","typeNm":"장편","prdtStatNm":"기타","nationAlt":"일본","genreAlt":"성인물(에로)","repNationNm":"일본","repGenreNm":"성인물(에로)","directors":[{"peopleNm":"코지마 유키오"}],"companys":[]},{"movieCd":"20224511","movieNm":"문학계인 엄마가 내친구를 찍은 날","movieNmEn":"","prdtYear":"2020","openDt":"","typeNm":"장편","prdtStatNm":"기타","nationAlt":"일본","genreAlt":"성인물(에로)","repNationNm":"일본","repGenreNm":"성인물(에로)","directors":[{"peopleNm":"니시다 류지"}],"companys":[]},{"movieCd":"20224485","movieNm":"관객과의 대화","movieNmEn":"Q&A","prdtYear":"2009","openDt":"","typeNm":"장편","prdtStatNm":"기타","nationAlt":"한국","genreAlt":"코미디","repNationNm":"한국","repGenreNm":"코미디","directors":[{"peopleNm":"정은경"}],"companys":[]},{"movieCd":"20223614","movieNm":"루이스 웨인: 사랑을 그린 고양이 화가","movieNmEn":"The Electrical Life of Louis Wain","prdtYear":"2020","openDt":"20220406","typeNm":"장편","prdtStatNm":"개봉","nationAlt":"미국","genreAlt":"드라마,멜로/로맨스","repNationNm":"미국","repGenreNm":"드라마","directors":[],"companys":[]},{"movieCd":"20224315","movieNm":"맛있게 익은 유부녀와 달콤한 여행 무삭제판","movieNmEn":"","prdtYear":"2020","openDt":"","typeNm":"장편","prdtStatNm":"기타","nationAlt":"일본","genreAlt":"성인물(에로),드라마","repNationNm":"일본","repGenreNm":"성인물(에로)","directors":[{"peopleNm":"마메자와 마메타로"}],"companys":[]},{"movieCd":"20224337","movieNm":"어라이즈","movieNmEn":"Risen","prdtYear":"2021","openDt":"20220407","typeNm":"장편","prdtStatNm":"개봉","nationAlt":"호주","genreAlt":"미스터리,SF","repNationNm":"호주","repGenreNm":"미스터리","directors":[],"companys":[]},{"movieCd":"20219401","movieNm":"약속의 네버랜드","movieNmEn":"The Promised Neverland","prdtYear":"2020","openDt":"20220407","typeNm":"장편","prdtStatNm":"개봉","nationAlt":"일본","genreAlt":"판타지,미스터리","repNationNm":"일본","repGenreNm":"판타지","directors":[{"peopleNm":"히라카와 유이치로"}],"companys":[]},{"movieCd":"20224268","movieNm":"아메리칸 저스티스","movieNmEn":"American Siege","prdtYear":"2021","openDt":"20220407","typeNm":"장편","prdtStatNm":"개봉","nationAlt":"미국","genreAlt":"액션,스릴러","repNationNm":"미국","repGenreNm":"액션","directors":[],"companys":[]},{"movieCd":"20224479","movieNm":"김재화 배우전 - 단편모음","movieNmEn":"","prdtYear":"2022","openDt":"","typeNm":"옴니버스","prdtStatNm":"기타","nationAlt":"한국","genreAlt":"기타","repNationNm":"한국","repGenreNm":"기타","directors":[],"companys":[]},{"movieCd":"20224502","movieNm":"후배위를 좋아한 숙모 하루카짱","movieNmEn":"","prdtYear":"2020","openDt":"","typeNm":"장편","prdtStatNm":"기타","nationAlt":"일본","genreAlt":"성인물(에로)","repNationNm":"일본","repGenreNm":"성인물(에로)","directors":[{"peopleNm":"니시다 류지"}],"companys":[]}]}