{"totCnt":"95385","source":"영화진흥위원회","movieList":[{"movieCd":"20164621","movieNm":"덩케르크","movieNmEn":"Dunkirk","prdtYear":"2017","openDt":"20170720","typeNm":"장편","prdtStatNm":"개봉","nationAlt":"미국,영국","genreAlt":"액션,드라마,스릴러,전쟁","repNationNm":"미국","repGenreNm":"액션","directors":[{"peopleNm":"크리스토퍼 놀란"}],"companys":[]},{"movieCd":"20210087","movieNm":"듄","movieNmEn":"DUNE","prdtYear":"2021","openDt":"20211020","typeNm":"장편","prdtStatNm":"개봉","nationAlt":"미국","genreAlt":"SF","repNationNm":"미국","repGenreNm":"SF","directors":[{"peopleNm":"드니 빌뇌브"}],"companys":[]},{"movieCd":"20223636","movieNm":" 두 번째 엄마2: 엄마의 손님","movieNmEn":"","prdtYear":"2021","openDt":"20220120","typeNm":"장편","prdtStatNm":"개봉","nationAlt":"한국","genreAlt":"성인물(에로),멜로/로맨스","repNationNm":"한국","repGenreNm":"성인물(에로)","directors":[{"peopleNm":"최환"}],"companys":[{"companyCd":"20063099","companyNm":"(주)케이알씨지"}]},{"movieCd":"20212948","movieNm":"장모님의 좋지 않은 망상 무삭제판","movieNmEn":"","prdtYear":"2020","openDt":"","typeNm":"장편","prdtStatNm":"기타","nationAlt":"일본","genreAlt":"성인물(에로),드라마","repNationNm":"일본","repGenreNm":"성인물(에로)","directors":[],"companys":[]},{"movieCd":"20223100","movieNm":"남편없는 10분만에 사정 완료 무삭제판","movieNmEn":"","prdtYear":"2020","openDt":"","typeNm":"장편","prdtStatNm":"기타","nationAlt":"일본","genreAlt":"성인물(에로),드라마","repNationNm":"일본","repGenreNm":"성인물(에로)","directors":[{"peopleNm":"잠파"}],"companys":[]},{"movieCd":"20223363","movieNm":"구멍을 믿지 마세요","movieNmEn":"","prdtYear":"2021","openDt":"20220121","typeNm":"장편","prdtStatNm":"개봉","nationAlt":"한국","genreAlt":"성인물(에로),드라마","repNationNm":"한국","repGenreNm":"성인물(에로)","directors":[{"peopleNm":"야신수"}],"companys":[{"companyCd":"20061917","companyNm":"(주)이십일세기미디어"}]},{"movieCd":"20212386","movieNm":"장갑을 사러","movieNmEn":"A Winter Glove","prdtYear":"2021","openDt":"","typeNm":"단편","prdtStatNm":"기타","nationAlt":"한국","genreAlt":"멜로/로맨스","repNationNm":"한국","repGenreNm":"멜로/로맨스","directors":[{"peopleNm":"이현주"}],"companys":[]},{"movieCd":"20212535","movieNm":"습지 장례법","movieNmEn":"Swamp Legacy","prdtYear":"2020","openDt":"","typeNm":"단편","prdtStatNm":"기타","nationAlt":"한국","genreAlt":"기타","repNationNm":"한국","repGenreNm":"기타","directors":[{"peopleNm":"신종원"}],"companys":[]},{"movieCd":"20223666","movieNm":"인사과장 포박사건","movieNmEn":"Accident","prdtYear":"2021","openDt":"","typeNm":"단편","prdtStatNm":"기타","nationAlt":"한국","genreAlt":"드라마,범죄,가족","repNationNm":"한국","repGenreNm":"드라마","directors":[{"peopleNm":"박범진"}],"companys":[]},{"movieCd":"20223669","movieNm":"두부","movieNmEn":"","prdtYear":"2018","openDt":"","typeNm":"단편","prdtStatNm":"기타","nationAlt":"한국","genreAlt":"드라마","repNationNm":"한국","repGenreNm":"드라마","directors":[],"companys":[]}]}