{"totCnt":"95385","source":"영화진흥위원회","movieList":[{"movieCd":"20219729","movieNm":"아자르와 벤테케의 브로맨스","movieNmEn":"Eden Hazard and Christian Benteke, a Bromance","prdtYear":"2019","openDt":"","typeNm":"장편","prdtStatNm":"기타","nationAlt":"벨기에","genreAlt":"다큐멘터리","repNationNm":"벨기에","repGenreNm":"다큐멘터리","directors":[],"companys":[]},{"movieCd":"20219720","movieNm":"아이비리그 캐슬","movieNmEn":"Try Harder!","prdtYear":"2021","openDt":"","typeNm":"장편","prdtStatNm":"기타","nationAlt":"미국","genreAlt":"다큐멘터리","repNationNm":"미국","repGenreNm":"다큐멘터리","directors":[],"companys":[]},{"movieCd":"20219728","movieNm":"우리들의 길","movieNmEn":"Our Road","prdtYear":"2020","openDt":"","typeNm":"장편","prdtStatNm":"기타","nationAlt":"이탈리아","genreAlt":"기타","repNationNm":"이탈리아","repGenreNm":"기타","directors":[],"companys":[]},{"movieCd":"20199022","movieNm":"관계의 가나다에 있는 우리는","movieNmEn":"The ABCs of Our Relationship","prdtYear":"2019","openDt":"20210128","typeNm":"장편","prdtStatNm":"개봉","nationAlt":"한국","genreAlt":"드라마","repNationNm":"한국","repGenreNm":"드라마","directors":[{"peopleNm":"이인의"}],"companys":[{"companyCd":"20216761","companyNm":"굿인스토리"}]},{"movieCd":"20219717","movieNm":"니가 일주일 넘게 연락이 없어서","movieNmEn":"Cause you ghosted for a week","prdtYear":"2021","openDt":"","typeNm":"단편","prdtStatNm":"기타","nationAlt":"한국","genreAlt":"드라마","repNationNm":"한국","repGenreNm":"드라마","directors":[{"peopleNm":"황다슬"}],"companys":[]},{"movieCd":"20219725","movieNm":"걸어도 걸어도","movieNmEn":"Nice to meet you","prdtYear":"2021","openDt":"","typeNm":"단편","prdtStatNm":"기타","nationAlt":"한국","genreAlt":"드라마","repNationNm":"한국","repGenreNm":"드라마","directors":[{"peopleNm":"김태희"}],"companys":[]},{"movieCd":"20219724","movieNm":"섹떡궁합 2 ","movieNmEn":"","prdtYear":"2021","openDt":"","typeNm":"장편","prdtStatNm":"기타","nationAlt":"한국","genreAlt":"성인물(에로)","repNationNm":"한국","repGenreNm":"성인물(에로)","directors":[{"peopleNm":"김동해"}],"companys":[{"companyCd":"20217221","companyNm":"라이어 시네마"}]},{"movieCd":"20219712","movieNm":"오촌","movieNmEn":"Ohchon","prdtYear":"2021","openDt":"","typeNm":"단편","prdtStatNm":"기타","nationAlt":"한국","genreAlt":"드라마","repNationNm":"한국","repGenreNm":"드라마","directors":[{"peopleNm":"장현빈"}],"companys":[]},{"movieCd":"20219236","movieNm":"미녀 아나운서의 비밀","movieNmEn":"","prdtYear":"2019","openDt":"","typeNm":"장편","prdtStatNm":"기타","nationAlt":"일본","genreAlt":"성인물(에로),멜로/로맨스","repNationNm":"일본","repGenreNm":"성인물(에로)","directors":[{"peopleNm":"카즈마"}],"companys":[]},{"movieCd":"20217986","movieNm":"맛있는 영화","movieNmEn":"Tasty Ending","prdtYear":"","openDt":"","typeNm":"장편","prdtStatNm":"기타","nationAlt":"한국","genreAlt":"기타","repNationNm":"한국","repGenreNm":"기타","directors":[{"peopleNm":"정소영"},{"peopleNm":"황슬기"},{"peopleNm":"김정인"}],"companys":[{"companyCd":"20141655","companyNm":"(주)아토"}]}]}