{"totCnt":"95385","source":"영화진흥위원회","movieList":[{"movieCd":"20212684","movieNm":"섹스지옥에 빠져버린 이혼녀","movieNmEn":"","prdtYear":"2021","openDt":"","typeNm":"장편","prdtStatNm":"기타","nationAlt":"일본","genreAlt":"성인물(에로)","repNationNm":"일본","repGenreNm":"성인물(에로)","directors":[{"peopleNm":"타케다 케이시"}],"companys":[]},{"movieCd":"20212683","movieNm":"음란한 젖치기로 합격시킨 유부녀 여선생","movieNmEn":"","prdtYear":"2021","openDt":"","typeNm":"장편","prdtStatNm":"기타","nationAlt":"일본","genreAlt":"성인물(에로)","repNationNm":"일본","repGenreNm":"성인물(에로)","directors":[{"peopleNm":"아사기리 키요시"}],"companys":[]},{"movieCd":"20212669","movieNm":"잘물고 잘벌려주는 신도시 새댁","movieNmEn":"","prdtYear":"2021","openDt":"","typeNm":"장편","prdtStatNm":"기타","nationAlt":"일본","genreAlt":"성인물(에로)","repNationNm":"일본","repGenreNm":"성인물(에로)","directors":[{"peopleNm":"나카메구로 코우지"}],"companys":[]},{"movieCd":"20212682","movieNm":"부끄러운 성인식 시큼한 처녀의 맛","movieNmEn":"","prdtYear":"2021","openDt":"","typeNm":"장편","prdtStatNm":"기타","nationAlt":"일본","genreAlt":"성인물(에로)","repNationNm":"일본","repGenreNm":"성인물(에로)","directors":[],"companys":[]},{"movieCd":"20212681","movieNm":"페이백","movieNmEn":"Payback","prdtYear":"2021","openDt":"","typeNm":"장편","prdtStatNm":"기타","nationAlt":"미국","genreAlt":"액션,범죄","repNationNm":"미국","repGenreNm":"액션","directors":[],"companys":[]},{"movieCd":"20203286","movieNm":"강릉","movieNmEn":"Tomb of the River","prdtYear":"2021","openDt":"20211110","typeNm":"장편","prdtStatNm":"개봉","nationAlt":"한국","genreAlt":"범죄,액션","repNationNm":"한국","repGenreNm":"범죄","directors":[{"peopleNm":"윤영빈"}],"companys":[{"companyCd":"20217061","companyNm":"(주)아센디오"},{"companyCd":"20217062","companyNm":"(주)본팩토리"},{"companyCd":"20188142","companyNm":"(주)데이드림엔터테인먼트"},{"companyCd":"20142369","companyNm":"(유)조이앤시네마"}]},{"movieCd":"20125989","movieNm":"개구장이 도련님","movieNmEn":"Young Master the Urchin","prdtYear":"1969","openDt":"","typeNm":"장편","prdtStatNm":"기타","nationAlt":"한국","genreAlt":"코미디","repNationNm":"한국","repGenreNm":"코미디","directors":[{"peopleNm":"박문수"}],"companys":[{"companyCd":"20114665","companyNm":"남화"}]},{"movieCd":"20212326","movieNm":"초류향","movieNmEn":"Chief of Thieves: Chu Liu Xiang","prdtYear":"2021","openDt":"","typeNm":"장편","prdtStatNm":"기타","nationAlt":"중국","genreAlt":"액션","repNationNm":"중국","repGenreNm":"액션","directors":[{"peopleNm":"동위"}],"companys":[]},{"movieCd":"20212648","movieNm":"도굴꾼: 대룡성의 전설","movieNmEn":"The Dragon Tomb","prdtYear":"2020","openDt":"","typeNm":"장편","prdtStatNm":"기타","nationAlt":"중국","genreAlt":"액션,어드벤처","repNationNm":"중국","repGenreNm":"액션","directors":[],"companys":[]},{"movieCd":"20218258","movieNm":"왕십리 김종분","movieNmEn":"Kim Jong-boon of Wangshimni ","prdtYear":"2021","openDt":"20211111","typeNm":"장편","prdtStatNm":"개봉","nationAlt":"한국","genreAlt":"다큐멘터리","repNationNm":"한국","repGenreNm":"다큐멘터리","directors":[{"peopleNm":"김진열"}],"companys":[{"companyCd":"20100036","companyNm":"㈜인디스토리"}]}]}