{"totCnt":"95385","source":"영화진흥위원회","movieList":[{"movieCd":"20209111","movieNm":"슈퍼펫","movieNmEn":"Stardog and Turbocat","prdtYear":"2019","openDt":"20200813","typeNm":"장편","prdtStatNm":"개봉","nationAlt":"영국","genreAlt":"애니메이션","repNationNm":"영국","repGenreNm":"애니메이션","directors":[{"peopleNm":"벤 스미스"}],"companys":[]},{"movieCd":"20197394","movieNm":"체크 히어로","movieNmEn":"Checkered Ninja","prdtYear":"2018","openDt":"20191023","typeNm":"장편","prdtStatNm":"개봉","nationAlt":"덴마크","genreAlt":"애니메이션,액션,어드벤처","repNationNm":"덴마크","repGenreNm":"애니메이션","directors":[{"peopleNm":"앤더스 마테센"},{"peopleNm":"토르비욘 크리스토퍼센"}],"companys":[]},{"movieCd":"20197601","movieNm":"마법안개의 비밀: 황금 보물선을 찾아라","movieNmEn":"Captain Morten and the Spider Queen","prdtYear":"2018","openDt":"20191114","typeNm":"장편","prdtStatNm":"개봉","nationAlt":"에스토니아,아일랜드,영국,벨기에","genreAlt":"애니메이션","repNationNm":"에스토니아","repGenreNm":"애니메이션","directors":[{"peopleNm":"카스파 앤시스"}],"companys":[]},{"movieCd":"20172309","movieNm":"앤트보이: 최후의 대결","movieNmEn":"ANTBOY 3","prdtYear":"2016","openDt":"","typeNm":"장편","prdtStatNm":"기타","nationAlt":"덴마크","genreAlt":"어드벤처,코미디,가족","repNationNm":"덴마크","repGenreNm":"어드벤처","directors":[{"peopleNm":"애스크 해쎌바르크"}],"companys":[]},{"movieCd":"20202792","movieNm":"스트레스 제로","movieNmEn":"","prdtYear":"2020","openDt":"20210203","typeNm":"장편","prdtStatNm":"개봉","nationAlt":"한국","genreAlt":"애니메이션","repNationNm":"한국","repGenreNm":"애니메이션","directors":[{"peopleNm":"이대희"}],"companys":[{"companyCd":"20122976","companyNm":"(주)이대희 애니메이션스튜디오"},{"companyCd":"20203884","companyNm":"(주)302플래닛"}]},{"movieCd":"20217950","movieNm":"킬러의 보디가드 2","movieNmEn":"Hitman's Wife's Bodyguard","prdtYear":"2021","openDt":"20210623","typeNm":"장편","prdtStatNm":"개봉","nationAlt":"미국","genreAlt":"액션,코미디,범죄","repNationNm":"미국","repGenreNm":"액션","directors":[{"peopleNm":"패트릭 휴즈"}],"companys":[]},{"movieCd":"20190861","movieNm":"트리플 스렛","movieNmEn":"Triple Threat","prdtYear":"2019","openDt":"20190605","typeNm":"장편","prdtStatNm":"개봉","nationAlt":"태국,중국,미국","genreAlt":"액션,스릴러","repNationNm":"태국","repGenreNm":"액션","directors":[{"peopleNm":"제시 V. 존슨"}],"companys":[]},{"movieCd":"20205262","movieNm":"엽문4: 더 파이널","movieNmEn":"Ip Man4: The Finale","prdtYear":"2019","openDt":"20200401","typeNm":"장편","prdtStatNm":"개봉","nationAlt":"홍콩","genreAlt":"액션,드라마","repNationNm":"홍콩","repGenreNm":"액션","directors":[{"peopleNm":"엽위신"}],"companys":[]},{"movieCd":"20175302","movieNm":"스페셜포스: 블러드마운틴","movieNmEn":"The mountain 2","prdtYear":"2016","openDt":"20170727","typeNm":"장편","prdtStatNm":"개봉","nationAlt":"터키","genreAlt":"드라마,전쟁","repNationNm":"터키","repGenreNm":"드라마","directors":[{"peopleNm":"알페르 카글라"}],"companys":[]},{"movieCd":"20217542","movieNm":"적호서생","movieNmEn":"Soul Snatcher","prdtYear":"2020","openDt":"20210429","typeNm":"장편","prdtStatNm":"개봉","nationAlt":"중국","genreAlt":"액션,어드벤처,코미디","repNationNm":"중국","repGenreNm":"액션","directors":[],"companys":[]}]}