{"totCnt":"95385","source":"영화진흥위원회","movieList":[{"movieCd":"20218736","movieNm":"타짜: 백마의 올인","movieNmEn":"","prdtYear":"2021","openDt":"20211112","typeNm":"장편","prdtStatNm":"개봉","nationAlt":"한국","genreAlt":"성인물(에로)","repNationNm":"한국","repGenreNm":"성인물(에로)","directors":[{"peopleNm":"김동현"}],"companys":[{"companyCd":"20199962","companyNm":"(주)담화"}]},{"movieCd":"20211466","movieNm":"일장춘몽: 결혼 후에도 잊지 못한 섹스","movieNmEn":"","prdtYear":"2021","openDt":"20211112","typeNm":"장편","prdtStatNm":"개봉","nationAlt":"일본","genreAlt":"드라마","repNationNm":"일본","repGenreNm":"드라마","directors":[{"peopleNm":"비바 곤조"}],"companys":[]},{"movieCd":"20199962","movieNm":"이스케이프 슬립","movieNmEn":"200 Hours","prdtYear":"2017","openDt":"20211112","typeNm":"장편","prdtStatNm":"개봉","nationAlt":"미국","genreAlt":"공포(호러)","repNationNm":"미국","repGenreNm":"공포(호러)","directors":[{"peopleNm":"필립 구즈먼"}],"companys":[]},{"movieCd":"20211978","movieNm":"축니호운","movieNmEn":"Lucky Diamond","prdtYear":"1985","openDt":"","typeNm":"장편","prdtStatNm":"기타","nationAlt":"홍콩","genreAlt":"코미디","repNationNm":"홍콩","repGenreNm":"코미디","directors":[{"peopleNm":"원상인"}],"companys":[]},{"movieCd":"20211993","movieNm":"거꾸로","movieNmEn":"Upside Down","prdtYear":"2021","openDt":"","typeNm":"단편","prdtStatNm":"기타","nationAlt":"한국","genreAlt":"드라마","repNationNm":"한국","repGenreNm":"드라마","directors":[{"peopleNm":"서은유"}],"companys":[]},{"movieCd":"20211977","movieNm":"라 플로르 3부","movieNmEn":"La flor 3","prdtYear":"2018","openDt":"","typeNm":"장편","prdtStatNm":"기타","nationAlt":"아르헨티나","genreAlt":"드라마,판타지,뮤지컬","repNationNm":"아르헨티나","repGenreNm":"드라마","directors":[],"companys":[]},{"movieCd":"20211976","movieNm":"라 플로르 2부","movieNmEn":"La flor 2","prdtYear":"2018","openDt":"","typeNm":"장편","prdtStatNm":"기타","nationAlt":"아르헨티나","genreAlt":"드라마,판타지,뮤지컬","repNationNm":"아르헨티나","repGenreNm":"드라마","directors":[],"companys":[]},{"movieCd":"20211991","movieNm":"라 플로르 1부","movieNmEn":"La flor 1","prdtYear":"2018","openDt":"","typeNm":"장편","prdtStatNm":"기타","nationAlt":"아르헨티나","genreAlt":"드라마,판타지,뮤지컬","repNationNm":"아르헨티나","repGenreNm":"드라마","directors":[],"companys":[]},{"movieCd":"20201876","movieNm":"1984 최동원","movieNmEn":"1984, CHOI Dong-won","prdtYear":"2020","openDt":"20211111","typeNm":"장편","prdtStatNm":"개봉","nationAlt":"한국","genreAlt":"다큐멘터리","repNationNm":"한국","repGenreNm":"다큐멘터리","directors":[{"peopleNm":"조은성"}],"companys":[{"companyCd":"20175721","companyNm":"(주)영화사진"},{"companyCd":"20162241","companyNm":"엠앤씨에프"}]},{"movieCd":"20211989","movieNm":"심용결2: 신의 무덤","movieNmEn":"Mojin","prdtYear":"2020","openDt":"","typeNm":"장편","prdtStatNm":"기타","nationAlt":"중국","genreAlt":"액션","repNationNm":"중국","repGenreNm":"액션","directors":[],"companys":[]}]}