{"totCnt":"95385","source":"영화진흥위원회","movieList":[{"movieCd":"20223819","movieNm":"말할 수 없는 비밀","movieNmEn":"","prdtYear":"2022","openDt":"","typeNm":"장편","prdtStatNm":"후반작업","nationAlt":"한국","genreAlt":"판타지,멜로/로맨스","repNationNm":"한국","repGenreNm":"판타지","directors":[{"peopleNm":"서유민"}],"companys":[{"companyCd":"2016841","companyNm":"(주)하이브미디어코프"},{"companyCd":"20229525","companyNm":"(주)하이그라운드"}]},{"movieCd":"20225184","movieNm":"히든 페이스","movieNmEn":"","prdtYear":"2022","openDt":"","typeNm":"장편","prdtStatNm":"후반작업","nationAlt":"한국","genreAlt":"미스터리,스릴러","repNationNm":"한국","repGenreNm":"미스터리","directors":[{"peopleNm":"김대우"}],"companys":[{"companyCd":"20161781","companyNm":"(주)스튜디오앤뉴"}]},{"movieCd":"20230588","movieNm":"패왕무공팔괘장","movieNmEn":"The opera house","prdtYear":"2022","openDt":"","typeNm":"장편","prdtStatNm":"기타","nationAlt":"중국","genreAlt":"액션,드라마","repNationNm":"중국","repGenreNm":"액션","directors":[{"peopleNm":"장지량"}],"companys":[]},{"movieCd":"20230504","movieNm":"1986 그 여름, 그리고 고등어통조림","movieNmEn":"Sabakan","prdtYear":"2022","openDt":"","typeNm":"장편","prdtStatNm":"기타","nationAlt":"일본","genreAlt":"드라마,가족,코미디","repNationNm":"일본","repGenreNm":"드라마","directors":[],"companys":[]},{"movieCd":"20223525","movieNm":"미로","movieNmEn":"Maze","prdtYear":"2022","openDt":"","typeNm":"장편","prdtStatNm":"기타","nationAlt":"한국","genreAlt":"범죄,액션,드라마","repNationNm":"한국","repGenreNm":"범죄","directors":[{"peopleNm":"이민규"}],"companys":[{"companyCd":"20188483","companyNm":"독립영화사B1"}]},{"movieCd":"20226070","movieNm":"아지트: 잃어버린 패치를 찾아서","movieNmEn":"The Adventurers, 2021","prdtYear":"2021","openDt":"","typeNm":"단편","prdtStatNm":"기타","nationAlt":"한국","genreAlt":"드라마","repNationNm":"한국","repGenreNm":"드라마","directors":[],"companys":[]},{"movieCd":"20216552","movieNm":"얼음","movieNmEn":"Ice","prdtYear":"2021","openDt":"","typeNm":"단편","prdtStatNm":"기타","nationAlt":"한국","genreAlt":"드라마","repNationNm":"한국","repGenreNm":"드라마","directors":[{"peopleNm":"곽새미"}],"companys":[{"companyCd":"20229505","companyNm":"한국예술종합학교"}]},{"movieCd":"20230081","movieNm":"샤잠! 신들의 분노","movieNmEn":"Shazam! Fury of the Gods","prdtYear":"2023","openDt":"20230315","typeNm":"장편","prdtStatNm":"개봉","nationAlt":"미국","genreAlt":"액션,어드벤처","repNationNm":"미국","repGenreNm":"액션","directors":[{"peopleNm":"데이비드 F. 샌드버그"}],"companys":[]},{"movieCd":"20211544","movieNm":"컨버세이션","movieNmEn":"Conversation","prdtYear":"2021","openDt":"20230223","typeNm":"장편","prdtStatNm":"개봉","nationAlt":"한국","genreAlt":"기타","repNationNm":"한국","repGenreNm":"기타","directors":[{"peopleNm":"김덕중"}],"companys":[{"companyCd":"20239941","companyNm":"풀잎필름"}]},{"movieCd":"20239884","movieNm":"우리 사랑이 향기로 남을 때","movieNmEn":"Love My Scent","prdtYear":"2022","openDt":"20230208","typeNm":"장편","prdtStatNm":"개봉","nationAlt":"한국","genreAlt":"멜로/로맨스,코미디,드라마","repNationNm":"한국","repGenreNm":"멜로/로맨스","directors":[{"peopleNm":"임성용"}],"companys":[{"companyCd":"20217665","companyNm":"(주)도깨비미디어"},{"companyCd":"20239668","companyNm":"주식회사 콘텐츠존"}]}]}