{"totCnt":"95385","source":"영화진흥위원회","movieList":[{"movieCd":"20188441","movieNm":"킹메이커","movieNmEn":"Kingmaker","prdtYear":"2021","openDt":"20220126","typeNm":"장편","prdtStatNm":"개봉","nationAlt":"한국","genreAlt":"드라마","repNationNm":"한국","repGenreNm":"드라마","directors":[{"peopleNm":"변성현"}],"companys":[{"companyCd":"20188261","companyNm":"(주)씨앗필름"}]},{"movieCd":"20211801","movieNm":"꽃은 피는가","movieNmEn":"Does the Flower Bloom?","prdtYear":"2019","openDt":"","typeNm":"장편","prdtStatNm":"기타","nationAlt":"일본","genreAlt":"멜로/로맨스","repNationNm":"일본","repGenreNm":"멜로/로맨스","directors":[],"companys":[]},{"movieCd":"20211688","movieNm":"성의 극약","movieNmEn":"Dangerous Drugs of Sex","prdtYear":"2020","openDt":"","typeNm":"장편","prdtStatNm":"기타","nationAlt":"일본","genreAlt":"멜로/로맨스,드라마","repNationNm":"일본","repGenreNm":"멜로/로맨스","directors":[{"peopleNm":"조조 히데오"}],"companys":[]},{"movieCd":"20223936","movieNm":"음흉한 아저씨","movieNmEn":"","prdtYear":"2022","openDt":"20220317","typeNm":"장편","prdtStatNm":"개봉","nationAlt":"한국","genreAlt":"성인물(에로)","repNationNm":"한국","repGenreNm":"성인물(에로)","directors":[{"peopleNm":"강현성"}],"companys":[{"companyCd":"20217881","companyNm":"(주)샤이커뮤니케이션즈"}]},{"movieCd":"20224199","movieNm":"육덕장모:참을 수 없는 날","movieNmEn":"","prdtYear":"2020","openDt":"20220317","typeNm":"장편","prdtStatNm":"개봉","nationAlt":"일본","genreAlt":"성인물(에로),드라마,멜로/로맨스","repNationNm":"일본","repGenreNm":"성인물(에로)","directors":[{"peopleNm":"나카노 야요이"}],"companys":[]},{"movieCd":"20224200","movieNm":"아내의 첫경험:진짜 해도 되죠?","movieNmEn":"","prdtYear":"2021","openDt":"20220317","typeNm":"장편","prdtStatNm":"개봉","nationAlt":"일본","genreAlt":"성인물(에로),드라마,멜로/로맨스","repNationNm":"일본","repGenreNm":"성인물(에로)","directors":[{"peopleNm":"나가에 타카미"}],"companys":[]},{"movieCd":"20224202","movieNm":"새엄마의 뜨거운 손기술","movieNmEn":"","prdtYear":"2020","openDt":"20220317","typeNm":"장편","prdtStatNm":"개봉","nationAlt":"일본","genreAlt":"성인물(에로),드라마,멜로/로맨스","repNationNm":"일본","repGenreNm":"성인물(에로)","directors":[{"peopleNm":"나카노 야요이"}],"companys":[]},{"movieCd":"20223933","movieNm":"과외 선생과 어머니","movieNmEn":"","prdtYear":"2022","openDt":"20220317","typeNm":"장편","prdtStatNm":"개봉","nationAlt":"한국","genreAlt":"성인물(에로)","repNationNm":"한국","repGenreNm":"성인물(에로)","directors":[{"peopleNm":"강현성"}],"companys":[{"companyCd":"20217881","companyNm":"(주)샤이커뮤니케이션즈"}]},{"movieCd":"20224201","movieNm":"F컵 도우미의 질펀한 서비스","movieNmEn":"","prdtYear":"2020","openDt":"20220317","typeNm":"장편","prdtStatNm":"개봉","nationAlt":"일본","genreAlt":"성인물(에로),드라마,멜로/로맨스","repNationNm":"일본","repGenreNm":"성인물(에로)","directors":[{"peopleNm":"호소카와 켄"}],"companys":[]},{"movieCd":"20223402","movieNm":"나이트 레이더스","movieNmEn":"Night Raiders","prdtYear":"2021","openDt":"20220303","typeNm":"장편","prdtStatNm":"개봉","nationAlt":"뉴질랜드","genreAlt":"스릴러,미스터리,드라마,SF","repNationNm":"뉴질랜드","repGenreNm":"스릴러","directors":[{"peopleNm":"다니스 고렛"}],"companys":[]}]}