{"totCnt":"95385","source":"영화진흥위원회","movieList":[{"movieCd":"20218472","movieNm":"남편의 화풀이로 나를 품은 엄마친구","movieNmEn":"","prdtYear":"2020","openDt":"","typeNm":"장편","prdtStatNm":"기타","nationAlt":"일본","genreAlt":"성인물(에로)","repNationNm":"일본","repGenreNm":"성인물(에로)","directors":[{"peopleNm":"코지마 유키오"}],"companys":[]},{"movieCd":"20218471","movieNm":"그녀를 간호하러 갔다가 속옷차림을 보고 그만","movieNmEn":"","prdtYear":"2020","openDt":"","typeNm":"장편","prdtStatNm":"기타","nationAlt":"일본","genreAlt":"성인물(에로)","repNationNm":"일본","repGenreNm":"성인물(에로)","directors":[{"peopleNm":"와타나베 준이치"}],"companys":[]},{"movieCd":"20218871","movieNm":"건담 G의 레콘기스타 2: 벨리 격진","movieNmEn":"Reconguista in G the Movie II Bellri's Fierce Charge","prdtYear":"2020","openDt":"","typeNm":"장편","prdtStatNm":"기타","nationAlt":"일본","genreAlt":"애니메이션,SF,액션","repNationNm":"일본","repGenreNm":"애니메이션","directors":[{"peopleNm":"토미노 요시유키"}],"companys":[]},{"movieCd":"20218455","movieNm":"거유음란처 더블F컵 유즈키","movieNmEn":"","prdtYear":"2020","openDt":"","typeNm":"장편","prdtStatNm":"기타","nationAlt":"일본","genreAlt":"성인물(에로)","repNationNm":"일본","repGenreNm":"성인물(에로)","directors":[{"peopleNm":"가토 마사키"}],"companys":[]},{"movieCd":"20219665","movieNm":"밤의 아이들","movieNmEn":"Children of the Night","prdtYear":"2020","openDt":"","typeNm":"장편","prdtStatNm":"기타","nationAlt":"이란","genreAlt":"다큐멘터리","repNationNm":"이란","repGenreNm":"다큐멘터리","directors":[],"companys":[]},{"movieCd":"20219664","movieNm":"열한 살","movieNmEn":"At Eleven","prdtYear":"2020","openDt":"","typeNm":"단편","prdtStatNm":"기타","nationAlt":"멕시코","genreAlt":"다큐멘터리","repNationNm":"멕시코","repGenreNm":"다큐멘터리","directors":[],"companys":[]},{"movieCd":"20219652","movieNm":"체르노빌: 지옥의 묵시록","movieNmEn":"Stalking Chernobyl: Exploration After Apocalypse","prdtYear":"2020","openDt":"","typeNm":"장편","prdtStatNm":"기타","nationAlt":"우크라이나","genreAlt":"다큐멘터리","repNationNm":"우크라이나","repGenreNm":"다큐멘터리","directors":[{"peopleNm":"이아라 리"}],"companys":[]},{"movieCd":"20219643","movieNm":"한 시대의 끝에서","movieNmEn":"My Disappearing Generation","prdtYear":"2020","openDt":"","typeNm":"단편","prdtStatNm":"기타","nationAlt":"일본","genreAlt":"다큐멘터리","repNationNm":"일본","repGenreNm":"다큐멘터리","directors":[],"companys":[]},{"movieCd":"20219642","movieNm":"오만 속 화성","movieNmEn":"Mars, Oman","prdtYear":"2019","openDt":"","typeNm":"단편","prdtStatNm":"기타","nationAlt":"벨기에","genreAlt":"다큐멘터리","repNationNm":"벨기에","repGenreNm":"다큐멘터리","directors":[],"companys":[]},{"movieCd":"20207585","movieNm":"위안","movieNmEn":"Comfort","prdtYear":"2020","openDt":"","typeNm":"장편","prdtStatNm":"기타","nationAlt":"한국","genreAlt":"다큐멘터리","repNationNm":"한국","repGenreNm":"다큐멘터리","directors":[{"peopleNm":"이혜린"}],"companys":[]}]}