{"totCnt":"95385","source":"영화진흥위원회","movieList":[{"movieCd":"20210711","movieNm":"11번가청순글래머오피스걸-무삭제 ","movieNmEn":"","prdtYear":"2021","openDt":"20210929","typeNm":"장편","prdtStatNm":"개봉","nationAlt":"한국","genreAlt":"성인물(에로)","repNationNm":"한국","repGenreNm":"성인물(에로)","directors":[{"peopleNm":"이희성"}],"companys":[{"companyCd":"20130184","companyNm":"스마일컨텐츠"}]},{"movieCd":"20210613","movieNm":"스코치드 어스: 분노의 추격자","movieNmEn":"Scorched Earth","prdtYear":"2018","openDt":"20210930","typeNm":"장편","prdtStatNm":"개봉","nationAlt":"캐나다","genreAlt":"액션","repNationNm":"캐나다","repGenreNm":"액션","directors":[{"peopleNm":"피터 호윗"}],"companys":[]},{"movieCd":"20210109","movieNm":"로스트 인 런던","movieNmEn":"Lost in London","prdtYear":"2017","openDt":"20210930","typeNm":"장편","prdtStatNm":"개봉","nationAlt":"영국","genreAlt":"코미디","repNationNm":"영국","repGenreNm":"코미디","directors":[{"peopleNm":"우디 해럴슨"}],"companys":[]},{"movieCd":"20210201","movieNm":"영희와 만수의 음란스케치","movieNmEn":"","prdtYear":"2020","openDt":"20210906","typeNm":"장편","prdtStatNm":"개봉","nationAlt":"한국","genreAlt":"성인물(에로)","repNationNm":"한국","repGenreNm":"성인물(에로)","directors":[{"peopleNm":"정지승"}],"companys":[{"companyCd":"20176162","companyNm":"(주)코빈커뮤니케이션즈"}]},{"movieCd":"20210174","movieNm":"부장의 부인","movieNmEn":"","prdtYear":"2019","openDt":"20210906","typeNm":"장편","prdtStatNm":"개봉","nationAlt":"일본","genreAlt":"성인물(에로)","repNationNm":"일본","repGenreNm":"성인물(에로)","directors":[],"companys":[]},{"movieCd":"20219249","movieNm":"아는사이 무삭제판","movieNmEn":"","prdtYear":"2020","openDt":"20210906","typeNm":"장편","prdtStatNm":"개봉","nationAlt":"한국","genreAlt":"성인물(에로),멜로/로맨스","repNationNm":"한국","repGenreNm":"성인물(에로)","directors":[{"peopleNm":"에로핑"}],"companys":[{"companyCd":"20202961","companyNm":"비스킷미디어"}]},{"movieCd":"20219286","movieNm":"여대생들 : 스폰을 찾아서","movieNmEn":"","prdtYear":"2021","openDt":"20210905","typeNm":"장편","prdtStatNm":"개봉","nationAlt":"한국","genreAlt":"멜로/로맨스,드라마","repNationNm":"한국","repGenreNm":"멜로/로맨스","directors":[{"peopleNm":"신승엽"}],"companys":[{"companyCd":"20161021","companyNm":"(주)영화사가을"}]},{"movieCd":"20218838","movieNm":"처제길들이기 오리진","movieNmEn":"","prdtYear":"2021","openDt":"20210903","typeNm":"장편","prdtStatNm":"개봉","nationAlt":"한국","genreAlt":"성인물(에로),멜로/로맨스","repNationNm":"한국","repGenreNm":"성인물(에로)","directors":[{"peopleNm":"패콘"}],"companys":[{"companyCd":"20206041","companyNm":"주식회사 패콘"}]},{"movieCd":"20216067","movieNm":"아내의 이중생활 무삭제","movieNmEn":"","prdtYear":"2020","openDt":"20210903","typeNm":"장편","prdtStatNm":"개봉","nationAlt":"한국","genreAlt":"멜로/로맨스,드라마","repNationNm":"한국","repGenreNm":"멜로/로맨스","directors":[{"peopleNm":"최찬호"}],"companys":[{"companyCd":"20161021","companyNm":"(주)영화사가을"}]},{"movieCd":"20219634","movieNm":"새아빠와 모녀","movieNmEn":"","prdtYear":"2021","openDt":"20210903","typeNm":"장편","prdtStatNm":"개봉","nationAlt":"한국","genreAlt":"성인물(에로)","repNationNm":"한국","repGenreNm":"성인물(에로)","directors":[{"peopleNm":"이하"}],"companys":[{"companyCd":"20189421","companyNm":"(주)디에이치미디어"}]}]}