{"totCnt":"95385","source":"영화진흥위원회","movieList":[{"movieCd":"20223407","movieNm":"시카리오: 나이트 오브 이스케이프","movieNmEn":"Blindsided","prdtYear":"2021","openDt":"20220125","typeNm":"장편","prdtStatNm":"개봉","nationAlt":"미국","genreAlt":"액션","repNationNm":"미국","repGenreNm":"액션","directors":[],"companys":[]},{"movieCd":"20212983","movieNm":"콜로니: 지구 귀환 프로젝트","movieNmEn":"Haven - Above Sky","prdtYear":"2021","openDt":"","typeNm":"장편","prdtStatNm":"기타","nationAlt":"독일","genreAlt":"SF,액션,어드벤처","repNationNm":"독일","repGenreNm":"SF","directors":[{"peopleNm":"팀 펠바움"}],"companys":[]},{"movieCd":"20223457","movieNm":"새엄마:같이 목욕할래?","movieNmEn":"","prdtYear":"2020","openDt":"20220124","typeNm":"장편","prdtStatNm":"개봉","nationAlt":"일본","genreAlt":"성인물(에로),드라마,멜로/로맨스","repNationNm":"일본","repGenreNm":"성인물(에로)","directors":[{"peopleNm":"히로아키"}],"companys":[]},{"movieCd":"20223481","movieNm":"관음:아내의 외도","movieNmEn":"","prdtYear":"2020","openDt":"20220124","typeNm":"장편","prdtStatNm":"개봉","nationAlt":"일본","genreAlt":"성인물(에로),드라마,멜로/로맨스","repNationNm":"일본","repGenreNm":"성인물(에로)","directors":[{"peopleNm":"나가에 타카미"}],"companys":[]},{"movieCd":"20223716","movieNm":"오오극장 개관 7주년 특별전 - 대구독립단편신작","movieNmEn":"","prdtYear":"2022","openDt":"","typeNm":"옴니버스","prdtStatNm":"기타","nationAlt":"한국","genreAlt":"드라마","repNationNm":"한국","repGenreNm":"드라마","directors":[],"companys":[]},{"movieCd":"20223715","movieNm":"잿더미","movieNmEn":"","prdtYear":"2021","openDt":"","typeNm":"단편","prdtStatNm":"기타","nationAlt":"한국","genreAlt":"드라마","repNationNm":"한국","repGenreNm":"드라마","directors":[],"companys":[]},{"movieCd":"20219450","movieNm":"리어왕","movieNmEn":"King Lear","prdtYear":"2019","openDt":"","typeNm":"단편","prdtStatNm":"기타","nationAlt":"한국","genreAlt":"드라마","repNationNm":"한국","repGenreNm":"드라마","directors":[{"peopleNm":"김지혜"}],"companys":[{"companyCd":"20186741","companyNm":"한국영상대학교"}]},{"movieCd":"20196718","movieNm":"마이 리틀 텔레비전","movieNmEn":"My Little Television","prdtYear":"2019","openDt":"","typeNm":"단편","prdtStatNm":"기타","nationAlt":"한국","genreAlt":"드라마","repNationNm":"한국","repGenreNm":"드라마","directors":[{"peopleNm":"이홍매"}],"companys":[]},{"movieCd":"20202365","movieNm":"둥지","movieNmEn":"Nest","prdtYear":"2020","openDt":"","typeNm":"단편","prdtStatNm":"기타","nationAlt":"한국","genreAlt":"기타","repNationNm":"한국","repGenreNm":"기타","directors":[{"peopleNm":"김경묵"}],"companys":[]},{"movieCd":"20147269","movieNm":"레이디 퍼스트","movieNmEn":"Lady First","prdtYear":"2006","openDt":"","typeNm":"단편","prdtStatNm":"기타","nationAlt":"한국","genreAlt":"드라마","repNationNm":"한국","repGenreNm":"드라마","directors":[{"peopleNm":"이진우"}],"companys":[]}]}