{"totCnt":"95385","source":"영화진흥위원회","movieList":[{"movieCd":"20216741","movieNm":"안녕, 영화씨","movieNmEn":"Hello, Mr. Movie","prdtYear":"2020","openDt":"","typeNm":"단편","prdtStatNm":"기타","nationAlt":"한국","genreAlt":"드라마","repNationNm":"한국","repGenreNm":"드라마","directors":[],"companys":[]},{"movieCd":"20204942","movieNm":"오오극장 개관5주년 특별전 – 오렌지필름","movieNmEn":"","prdtYear":"2020","openDt":"","typeNm":"옴니버스","prdtStatNm":"기타","nationAlt":"한국","genreAlt":"드라마","repNationNm":"한국","repGenreNm":"드라마","directors":[],"companys":[]},{"movieCd":"20199816","movieNm":"담보","movieNmEn":"Pawn","prdtYear":"2020","openDt":"20200929","typeNm":"장편","prdtStatNm":"개봉","nationAlt":"한국","genreAlt":"드라마","repNationNm":"한국","repGenreNm":"드라마","directors":[{"peopleNm":"강대규"}],"companys":[{"companyCd":"20100278","companyNm":"(주)제이케이필름"},{"companyCd":"20111482","companyNm":"(주)레드로버"},{"companyCd":"20110854","companyNm":"(주)씨제이이엔엠"},{"companyCd":"20141909","companyNm":"(주)영화사연"}]},{"movieCd":"20219814","movieNm":"구독할수록","movieNmEn":"","prdtYear":"2021","openDt":"","typeNm":"단편","prdtStatNm":"기타","nationAlt":"한국","genreAlt":"기타","repNationNm":"한국","repGenreNm":"기타","directors":[{"peopleNm":"김보라"}],"companys":[]},{"movieCd":"20101013","movieNm":"소셜 네트워크","movieNmEn":"The Social Network","prdtYear":"2010","openDt":"20101118","typeNm":"장편","prdtStatNm":"개봉","nationAlt":"미국","genreAlt":"드라마","repNationNm":"미국","repGenreNm":"드라마","directors":[{"peopleNm":"데이빗 핀처"}],"companys":[{"companyCd":"20102771","companyNm":"콜럼비아 픽쳐스 코포레이션"}]},{"movieCd":"20218149","movieNm":"유포리아","movieNmEn":"Euphoria","prdtYear":"2017","openDt":"","typeNm":"장편","prdtStatNm":"기타","nationAlt":"미국","genreAlt":"드라마","repNationNm":"미국","repGenreNm":"드라마","directors":[{"peopleNm":"리사 랑세트"}],"companys":[]},{"movieCd":"20218104","movieNm":"암살자들","movieNmEn":"Assassins","prdtYear":"2020","openDt":"20210812","typeNm":"장편","prdtStatNm":"개봉","nationAlt":"미국","genreAlt":"다큐멘터리","repNationNm":"미국","repGenreNm":"다큐멘터리","directors":[],"companys":[]},{"movieCd":"20219579","movieNm":"마이 네버 리스트","movieNmEn":"The Never List","prdtYear":"2020","openDt":"","typeNm":"장편","prdtStatNm":"기타","nationAlt":"미국","genreAlt":"드라마","repNationNm":"미국","repGenreNm":"드라마","directors":[],"companys":[]},{"movieCd":"20219632","movieNm":"리벤지 오브 인사이트","movieNmEn":"Insight","prdtYear":"2021","openDt":"20210812","typeNm":"장편","prdtStatNm":"개봉","nationAlt":"미국","genreAlt":"액션","repNationNm":"미국","repGenreNm":"액션","directors":[{"peopleNm":"리비 쳉"},{"peopleNm":"켄 쳉"}],"companys":[]},{"movieCd":"20196862","movieNm":"더 톨: 함정","movieNmEn":"The Toll","prdtYear":"2020","openDt":"","typeNm":"장편","prdtStatNm":"기타","nationAlt":"미국","genreAlt":"공포(호러)","repNationNm":"미국","repGenreNm":"공포(호러)","directors":[{"peopleNm":"마이클 네이더"}],"companys":[]}]}