{"totCnt":"95385","source":"영화진흥위원회","movieList":[{"movieCd":"20224185","movieNm":"하루","movieNmEn":"One day","prdtYear":"2021","openDt":"","typeNm":"단편","prdtStatNm":"기타","nationAlt":"한국","genreAlt":"판타지","repNationNm":"한국","repGenreNm":"판타지","directors":[{"peopleNm":"윤산"}],"companys":[]},{"movieCd":"20224124","movieNm":"이프 쉬 스크림","movieNmEn":"If She Screams","prdtYear":"2021","openDt":"","typeNm":"장편","prdtStatNm":"기타","nationAlt":"미국","genreAlt":"드라마,공포(호러),미스터리","repNationNm":"미국","repGenreNm":"드라마","directors":[{"peopleNm":"스테픈 가넷"}],"companys":[]},{"movieCd":"20224166","movieNm":"초거유 엄마친구는 37살 시즈카짱","movieNmEn":"","prdtYear":"2020","openDt":"","typeNm":"장편","prdtStatNm":"기타","nationAlt":"일본","genreAlt":"성인물(에로)","repNationNm":"일본","repGenreNm":"성인물(에로)","directors":[{"peopleNm":"니시다 류지"}],"companys":[]},{"movieCd":"20224165","movieNm":"남편을 위해 마네킹이 된 아내","movieNmEn":"","prdtYear":"2020","openDt":"","typeNm":"장편","prdtStatNm":"기타","nationAlt":"일본","genreAlt":"성인물(에로)","repNationNm":"일본","repGenreNm":"성인물(에로)","directors":[{"peopleNm":"니시다 류지"}],"companys":[]},{"movieCd":"20224164","movieNm":"문학계 엄마친구의 수치심","movieNmEn":"","prdtYear":"2020","openDt":"","typeNm":"장편","prdtStatNm":"기타","nationAlt":"일본","genreAlt":"성인물(에로)","repNationNm":"일본","repGenreNm":"성인물(에로)","directors":[{"peopleNm":"니시다 류지"}],"companys":[]},{"movieCd":"20224163","movieNm":"장모님의 가슴을 노리는 사위 무삭제판","movieNmEn":"Wife's mother","prdtYear":"2020","openDt":"","typeNm":"장편","prdtStatNm":"기타","nationAlt":"일본","genreAlt":"성인물(에로),드라마","repNationNm":"일본","repGenreNm":"성인물(에로)","directors":[{"peopleNm":"세미 슈헤이"}],"companys":[]},{"movieCd":"20224162","movieNm":"엄마친구와 첫경험 무삭제판","movieNmEn":"Sex education","prdtYear":"2020","openDt":"","typeNm":"장편","prdtStatNm":"기타","nationAlt":"일본","genreAlt":"성인물(에로),드라마","repNationNm":"일본","repGenreNm":"성인물(에로)","directors":[{"peopleNm":"사키타마 조지"}],"companys":[]},{"movieCd":"20224161","movieNm":"48시간 연속 즐기는 유부녀 무삭제판","movieNmEn":"Love affair of 48 hours","prdtYear":"2020","openDt":"","typeNm":"장편","prdtStatNm":"기타","nationAlt":"일본","genreAlt":"성인물(에로),드라마","repNationNm":"일본","repGenreNm":"성인물(에로)","directors":[{"peopleNm":"오자키 히로코우지"}],"companys":[]},{"movieCd":"20224180","movieNm":"자세가 좋았던 전 여친 무삭제판","movieNmEn":"Pure love","prdtYear":"2020","openDt":"","typeNm":"장편","prdtStatNm":"기타","nationAlt":"일본","genreAlt":"성인물(에로),드라마","repNationNm":"일본","repGenreNm":"성인물(에로)","directors":[{"peopleNm":"오자키 히로코우지"}],"companys":[]},{"movieCd":"20224179","movieNm":"마스크가 필요해","movieNmEn":"We need Masks","prdtYear":"2021","openDt":"","typeNm":"단편","prdtStatNm":"기타","nationAlt":"한국","genreAlt":"기타","repNationNm":"한국","repGenreNm":"기타","directors":[{"peopleNm":"손현록"}],"companys":[]}]}