{"totCnt":"95385","source":"영화진흥위원회","movieList":[{"movieCd":"20217427","movieNm":"메모리: 조작살인","movieNmEn":"Memory","prdtYear":"2021","openDt":"20211229","typeNm":"장편","prdtStatNm":"개봉","nationAlt":"한국","genreAlt":"미스터리","repNationNm":"한국","repGenreNm":"미스터리","directors":[{"peopleNm":"김현우"}],"companys":[{"companyCd":"20141516","companyNm":"걸리버 픽처스"}]},{"movieCd":"20173081","movieNm":"엔트리","movieNmEn":"Entry","prdtYear":"2013","openDt":"","typeNm":"단편","prdtStatNm":"기타","nationAlt":"한국","genreAlt":"애니메이션","repNationNm":"한국","repGenreNm":"애니메이션","directors":[{"peopleNm":"김현우"}],"companys":[{"companyCd":"20141516","companyNm":"걸리버 픽처스"}]},{"movieCd":"20152329","movieNm":"외계인이다","movieNmEn":"Man and Wife","prdtYear":"2015","openDt":"","typeNm":"단편","prdtStatNm":"기타","nationAlt":"한국","genreAlt":"","repNationNm":"한국","repGenreNm":"","directors":[{"peopleNm":"김현우"}],"companys":[]},{"movieCd":"20173082","movieNm":"손가락질","movieNmEn":"Pointing Fingers","prdtYear":"2014","openDt":"","typeNm":"단편","prdtStatNm":"기타","nationAlt":"한국","genreAlt":"액션,코미디,드라마","repNationNm":"한국","repGenreNm":"액션","directors":[{"peopleNm":"김현우"}],"companys":[{"companyCd":"20141516","companyNm":"걸리버 픽처스"}]},{"movieCd":"20224482","movieNm":"옆집누나 옆집여자","movieNmEn":"","prdtYear":"2021","openDt":"20220416","typeNm":"장편","prdtStatNm":"개봉","nationAlt":"한국","genreAlt":"성인물(에로)","repNationNm":"한국","repGenreNm":"성인물(에로)","directors":[{"peopleNm":"이상영"}],"companys":[{"companyCd":"20216863","companyNm":"블루커뮤니케이션"}]},{"movieCd":"20224368","movieNm":"앞뒤로 더럽혀진 약점잡힌 신혼새댁 무삭제판","movieNmEn":"","prdtYear":"2020","openDt":"","typeNm":"장편","prdtStatNm":"기타","nationAlt":"일본","genreAlt":"성인물(에로),드라마","repNationNm":"일본","repGenreNm":"성인물(에로)","directors":[{"peopleNm":"마메자와 마메타로"}],"companys":[]},{"movieCd":"20224484","movieNm":"아내와 바람난 변태 선배","movieNmEn":"","prdtYear":"2020","openDt":"20220416","typeNm":"장편","prdtStatNm":"개봉","nationAlt":"일본","genreAlt":"성인물(에로)","repNationNm":"일본","repGenreNm":"성인물(에로)","directors":[{"peopleNm":"류타"}],"companys":[]},{"movieCd":"20224365","movieNm":"내가 넣고 싶은건 남편이 아닌 형님의 대물","movieNmEn":"","prdtYear":"2020","openDt":"","typeNm":"장편","prdtStatNm":"기타","nationAlt":"일본","genreAlt":"성인물(에로),드라마","repNationNm":"일본","repGenreNm":"성인물(에로)","directors":[{"peopleNm":"아사기리 키요시"}],"companys":[]},{"movieCd":"20224483","movieNm":"내 와이프를 빼앗은 옆집 그놈","movieNmEn":"","prdtYear":"2020","openDt":"20220416","typeNm":"장편","prdtStatNm":"개봉","nationAlt":"일본","genreAlt":"성인물(에로)","repNationNm":"일본","repGenreNm":"성인물(에로)","directors":[],"companys":[]},{"movieCd":"20224583","movieNm":"며느리 아이리짱의 체취중독","movieNmEn":"","prdtYear":"2020","openDt":"","typeNm":"장편","prdtStatNm":"기타","nationAlt":"일본","genreAlt":"성인물(에로)","repNationNm":"일본","repGenreNm":"성인물(에로)","directors":[{"peopleNm":"니시다 류지"}],"companys":[]}]}