{"totCnt":"95385","source":"영화진흥위원회","movieList":[{"movieCd":"19770058","movieNm":"사랑의 원자탄","movieNmEn":"The Atom Bomb Of Love","prdtYear":"1977","openDt":"19771109","typeNm":"장편","prdtStatNm":"개봉","nationAlt":"한국","genreAlt":"사극","repNationNm":"한국","repGenreNm":"사극","directors":[{"peopleNm":"강대진"}],"companys":[{"companyCd":"20100976","companyNm":"남아진흥"}]},{"movieCd":"20194400","movieNm":"파문","movieNmEn":"Scandal","prdtYear":"1968","openDt":"","typeNm":"장편","prdtStatNm":"기타","nationAlt":"한국","genreAlt":"멜로/로맨스,드라마","repNationNm":"한국","repGenreNm":"멜로/로맨스","directors":[{"peopleNm":"최훈"}],"companys":[]},{"movieCd":"20101435","movieNm":"사나이 삼대","movieNmEn":"Three Generations of Men","prdtYear":"1969","openDt":"","typeNm":"장편","prdtStatNm":"기타","nationAlt":"한국","genreAlt":"드라마","repNationNm":"한국","repGenreNm":"드라마","directors":[{"peopleNm":"임권택"}],"companys":[]},{"movieCd":"19710022","movieNm":"개구장이 도련님","movieNmEn":"Young Master the Urchin","prdtYear":"1971","openDt":"","typeNm":"장편","prdtStatNm":"기타","nationAlt":"한국","genreAlt":"드라마,코미디","repNationNm":"한국","repGenreNm":"드라마","directors":[{"peopleNm":"박문수"}],"companys":[{"companyCd":"19990071","companyNm":"동양영화사"}]},{"movieCd":"20101394","movieNm":"7인의 말괄량이","movieNmEn":"Seven Tomboys","prdtYear":"1976","openDt":"19760115","typeNm":"장편","prdtStatNm":"개봉","nationAlt":"한국","genreAlt":"드라마","repNationNm":"한국","repGenreNm":"드라마","directors":[{"peopleNm":"김수형"}],"companys":[{"companyCd":"20100976","companyNm":"남아진흥"}]},{"movieCd":"19790061","movieNm":"제3한강교","movieNmEn":"The Third Han-Gang Bridge","prdtYear":"1979","openDt":"19791108","typeNm":"장편","prdtStatNm":"개봉","nationAlt":"한국","genreAlt":"드라마,멜로/로맨스","repNationNm":"한국","repGenreNm":"드라마","directors":[{"peopleNm":"김정현"}],"companys":[{"companyCd":"20060167","companyNm":"남아진흥(주)"}]},{"movieCd":"20133055","movieNm":"황야의 독수리","movieNmEn":"Eagle of Wild Field","prdtYear":"1969","openDt":"","typeNm":"장편","prdtStatNm":"기타","nationAlt":"한국","genreAlt":"서부극(웨스턴)","repNationNm":"한국","repGenreNm":"서부극(웨스턴)","directors":[{"peopleNm":"임권택"}],"companys":[]},{"movieCd":"19708101","movieNm":"처와 처","movieNmEn":"Two Wives","prdtYear":"1970","openDt":"","typeNm":"장편","prdtStatNm":"기타","nationAlt":"한국","genreAlt":"드라마,멜로/로맨스","repNationNm":"한국","repGenreNm":"드라마","directors":[{"peopleNm":"최훈"}],"companys":[]},{"movieCd":"19820066","movieNm":"내가 사랑했다","movieNmEn":"Did Love","prdtYear":"1982","openDt":"19820919","typeNm":"장편","prdtStatNm":"개봉","nationAlt":"한국","genreAlt":"드라마,범죄","repNationNm":"한국","repGenreNm":"드라마","directors":[{"peopleNm":"고영남"}],"companys":[{"companyCd":"20060167","companyNm":"남아진흥(주)"}]},{"movieCd":"20211366","movieNm":"사비나: 그리스도를 위한 고난, 나치 시대","movieNmEn":"Sabina: Tortured for Christ, the Nazi Years","prdtYear":"2021","openDt":"20211125","typeNm":"장편","prdtStatNm":"개봉","nationAlt":"미국","genreAlt":"드라마","repNationNm":"미국","repGenreNm":"드라마","directors":[{"peopleNm":"존 그루터스"}],"companys":[]}]}