{"totCnt":"95385","source":"영화진흥위원회","movieList":[{"movieCd":"20231662","movieNm":"땀과 체액에 흠뻑 젖은 요가강사 무삭제판","movieNmEn":"","prdtYear":"2022","openDt":"","typeNm":"장편","prdtStatNm":"개봉예정","nationAlt":"일본","genreAlt":"성인물(에로)","repNationNm":"일본","repGenreNm":"성인물(에로)","directors":[],"companys":[]},{"movieCd":"20231676","movieNm":"동물 왕국","movieNmEn":"","prdtYear":"2023","openDt":"","typeNm":"장편","prdtStatNm":"개봉예정","nationAlt":"한국","genreAlt":"성인물(에로),드라마,코미디","repNationNm":"한국","repGenreNm":"성인물(에로)","directors":[{"peopleNm":"리차드 킴"}],"companys":[{"companyCd":"20202841","companyNm":"영화사 산들바람"}]},{"movieCd":"2023C262","movieNm":"자이언트 스네이크","movieNmEn":"Rising Boas in a Girl's School","prdtYear":"2022","openDt":"","typeNm":"온라인전용","prdtStatNm":"기타","nationAlt":"중국","genreAlt":"액션,어드벤처","repNationNm":"중국","repGenreNm":"액션","directors":[],"companys":[]},{"movieCd":"20231675","movieNm":"말괄량이 길들이기","movieNmEn":"John Cranko's The Taming of the Shrew","prdtYear":"2022","openDt":"","typeNm":"장편","prdtStatNm":"기타","nationAlt":"독일","genreAlt":"공연","repNationNm":"독일","repGenreNm":"공연","directors":[{"peopleNm":"존 크랑코"}],"companys":[]},{"movieCd":"20231661","movieNm":"로미오와 줄리엣","movieNmEn":"John Cranko's Romeo and Juliet","prdtYear":"2019","openDt":"","typeNm":"장편","prdtStatNm":"기타","nationAlt":"독일","genreAlt":"공연","repNationNm":"독일","repGenreNm":"공연","directors":[{"peopleNm":"존 크랑코"}],"companys":[]},{"movieCd":"20231660","movieNm":"오네긴","movieNmEn":"John Cranko's Onegin","prdtYear":"2018","openDt":"","typeNm":"장편","prdtStatNm":"기타","nationAlt":"독일","genreAlt":"공연","repNationNm":"독일","repGenreNm":"공연","directors":[{"peopleNm":"존 크랑코"}],"companys":[]},{"movieCd":"20239611","movieNm":"너의 눈을 들여다보면","movieNmEn":"Small, Slow but Steady","prdtYear":"2021","openDt":"","typeNm":"장편","prdtStatNm":"개봉예정","nationAlt":"프랑스","genreAlt":"드라마","repNationNm":"프랑스","repGenreNm":"드라마","directors":[{"peopleNm":"미야케 쇼"}],"companys":[]},{"movieCd":"2023C401","movieNm":"비하인드 디 아이즈","movieNmEn":"Dawn Breaks Behind the Eyes","prdtYear":"2021","openDt":"","typeNm":"온라인전용","prdtStatNm":"기타","nationAlt":"독일","genreAlt":"미스터리,액션,공포(호러)","repNationNm":"독일","repGenreNm":"미스터리","directors":[],"companys":[]},{"movieCd":"20231603","movieNm":"라이드 온","movieNmEn":"Ride On","prdtYear":"2022","openDt":"20230531","typeNm":"장편","prdtStatNm":"개봉예정","nationAlt":"중국","genreAlt":"액션,코미디,드라마","repNationNm":"중국","repGenreNm":"액션","directors":[{"peopleNm":"래리 양"}],"companys":[]},{"movieCd":"20228959","movieNm":"이윽고 바다에 닿다","movieNmEn":"One day, You will Reach the Sea","prdtYear":"2022","openDt":"20230607","typeNm":"장편","prdtStatNm":"개봉예정","nationAlt":"일본","genreAlt":"드라마","repNationNm":"일본","repGenreNm":"드라마","directors":[{"peopleNm":"나카가와 류타로"}],"companys":[]}]}