{"totCnt":"95385","source":"영화진흥위원회","movieList":[{"movieCd":"20211988","movieNm":"그림자 노동","movieNmEn":"","prdtYear":"2021","openDt":"","typeNm":"단편","prdtStatNm":"기타","nationAlt":"한국","genreAlt":"다큐멘터리","repNationNm":"한국","repGenreNm":"다큐멘터리","directors":[],"companys":[]},{"movieCd":"20211987","movieNm":"너의 재생목록","movieNmEn":"Your Playlist","prdtYear":"2021","openDt":"","typeNm":"장편","prdtStatNm":"기타","nationAlt":"한국","genreAlt":"멜로/로맨스","repNationNm":"한국","repGenreNm":"멜로/로맨스","directors":[{"peopleNm":"곽봉철"}],"companys":[]},{"movieCd":"20196006","movieNm":"그림자꽃","movieNmEn":"Shadow Flowers","prdtYear":"2019","openDt":"20211027","typeNm":"장편","prdtStatNm":"개봉","nationAlt":"한국","genreAlt":"다큐멘터리","repNationNm":"한국","repGenreNm":"다큐멘터리","directors":[{"peopleNm":"이승준"}],"companys":[{"companyCd":"20192162","companyNm":"블루버드픽처스"}]},{"movieCd":"20210178","movieNm":"남녀상열지사:오피스 편","movieNmEn":"","prdtYear":"2019","openDt":"","typeNm":"장편","prdtStatNm":"기타","nationAlt":"일본","genreAlt":"성인물(에로),멜로/로맨스","repNationNm":"일본","repGenreNm":"성인물(에로)","directors":[],"companys":[]},{"movieCd":"20184970","movieNm":"위자 하우스","movieNmEn":"Ouija House","prdtYear":"2018","openDt":"","typeNm":"장편","prdtStatNm":"기타","nationAlt":"미국","genreAlt":"공포(호러)","repNationNm":"미국","repGenreNm":"공포(호러)","directors":[{"peopleNm":"벤 드마리"}],"companys":[]},{"movieCd":"20218389","movieNm":"완벽한 섹파","movieNmEn":"","prdtYear":"2020","openDt":"20211112","typeNm":"장편","prdtStatNm":"개봉","nationAlt":"한국","genreAlt":"멜로/로맨스","repNationNm":"한국","repGenreNm":"멜로/로맨스","directors":[{"peopleNm":"김레이"}],"companys":[{"companyCd":"20203961","companyNm":"P&미디어"}]},{"movieCd":"20219868","movieNm":"섹스라이팅","movieNmEn":"","prdtYear":"2021","openDt":"20211112","typeNm":"장편","prdtStatNm":"개봉","nationAlt":"한국","genreAlt":"성인물(에로)","repNationNm":"한국","repGenreNm":"성인물(에로)","directors":[{"peopleNm":"성이성"}],"companys":[{"companyCd":"20199962","companyNm":"(주)담화"}]},{"movieCd":"20210808","movieNm":"흑협: 무림영웅단","movieNmEn":"Through the Borobudur","prdtYear":"2017","openDt":"20211111","typeNm":"장편","prdtStatNm":"개봉","nationAlt":"홍콩","genreAlt":"액션,드라마","repNationNm":"홍콩","repGenreNm":"액션","directors":[],"companys":[]},{"movieCd":"20180759","movieNm":"홍콩 리벤지","movieNmEn":"Hong Kong Rebels","prdtYear":"2015","openDt":"20211111","typeNm":"장편","prdtStatNm":"개봉","nationAlt":"미국","genreAlt":"범죄,드라마,스릴러","repNationNm":"미국","repGenreNm":"범죄","directors":[{"peopleNm":"유리 L. 슈바르츠"}],"companys":[]},{"movieCd":"20215806","movieNm":"자매 돌려먹기 - 무삭제판","movieNmEn":"","prdtYear":"2020","openDt":"20211111","typeNm":"장편","prdtStatNm":"개봉","nationAlt":"한국","genreAlt":"멜로/로맨스","repNationNm":"한국","repGenreNm":"멜로/로맨스","directors":[{"peopleNm":"김종석"}],"companys":[{"companyCd":"20203087","companyNm":"컨텐츠레드"}]}]}