{"totCnt":"95385","source":"영화진흥위원회","movieList":[{"movieCd":"20210822","movieNm":"부적절한 삽입","movieNmEn":"","prdtYear":"2021","openDt":"20211013","typeNm":"장편","prdtStatNm":"개봉","nationAlt":"한국","genreAlt":"성인물(에로)","repNationNm":"한국","repGenreNm":"성인물(에로)","directors":[{"peopleNm":"강현성"}],"companys":[{"companyCd":"20217881","companyNm":"(주)샤이커뮤니케이션즈"}]},{"movieCd":"20194921","movieNm":"100일 동안 100가지로 100퍼센트 행복찾기","movieNmEn":"100 dinge","prdtYear":"2018","openDt":"20190912","typeNm":"장편","prdtStatNm":"개봉","nationAlt":"독일","genreAlt":"코미디","repNationNm":"독일","repGenreNm":"코미디","directors":[{"peopleNm":"플로리안 데이비드 핏츠"}],"companys":[]},{"movieCd":"20217372","movieNm":"토토리! 우리 둘만의 여름","movieNmEn":"Tottori! Sommeren Vi Var Alene","prdtYear":"2020","openDt":"20210519","typeNm":"장편","prdtStatNm":"개봉","nationAlt":"노르웨이","genreAlt":"어드벤처","repNationNm":"노르웨이","repGenreNm":"어드벤처","directors":[{"peopleNm":"실리에 살로몬센"},{"peopleNm":"아릴드 오스틴 아문센"}],"companys":[]},{"movieCd":"20198432","movieNm":"선물","movieNmEn":"The Present","prdtYear":"2019","openDt":"","typeNm":"장편","prdtStatNm":"기타","nationAlt":"한국","genreAlt":"코미디","repNationNm":"한국","repGenreNm":"코미디","directors":[{"peopleNm":"허진호"}],"companys":[{"companyCd":"20100720","companyNm":"(주)제일기획"},{"companyCd":"20040117","companyNm":"(주)영화사호필름 "}]},{"movieCd":"20211057","movieNm":"2021 청주영상위원회 '영화와 함께하는 11월' 관객과의 대화(GV)","movieNmEn":"","prdtYear":"2021","openDt":"","typeNm":"옴니버스","prdtStatNm":"기타","nationAlt":"한국","genreAlt":"드라마","repNationNm":"한국","repGenreNm":"드라마","directors":[],"companys":[]},{"movieCd":"20211056","movieNm":"청대 테스형","movieNmEn":"","prdtYear":"2021","openDt":"","typeNm":"단편","prdtStatNm":"기타","nationAlt":"한국","genreAlt":"드라마,코미디","repNationNm":"한국","repGenreNm":"드라마","directors":[],"companys":[]},{"movieCd":"20211068","movieNm":"난 김치가 싫어","movieNmEn":"I Hate Kimchi","prdtYear":"2020","openDt":"","typeNm":"단편","prdtStatNm":"기타","nationAlt":"한국","genreAlt":"드라마","repNationNm":"한국","repGenreNm":"드라마","directors":[],"companys":[]},{"movieCd":"20209294","movieNm":"셀프-포트레이트 2020","movieNmEn":"Self-portrait 2020","prdtYear":"2020","openDt":"","typeNm":"장편","prdtStatNm":"기타","nationAlt":"한국","genreAlt":"다큐멘터리","repNationNm":"한국","repGenreNm":"다큐멘터리","directors":[{"peopleNm":"이동우"}],"companys":[{"companyCd":"20217063","companyNm":"부기"}]},{"movieCd":"20211067","movieNm":"압구리길다방","movieNmEn":"","prdtYear":"2019","openDt":"","typeNm":"장편","prdtStatNm":"기타","nationAlt":"한국","genreAlt":"드라마","repNationNm":"한국","repGenreNm":"드라마","directors":[{"peopleNm":"김문학"}],"companys":[]},{"movieCd":"20204132","movieNm":"꿈꾸는 고양이","movieNmEn":"Dreaming Cat","prdtYear":"2020","openDt":"20210909","typeNm":"장편","prdtStatNm":"개봉","nationAlt":"한국","genreAlt":"다큐멘터리","repNationNm":"한국","repGenreNm":"다큐멘터리","directors":[{"peopleNm":"지원"},{"peopleNm":"강민현"}],"companys":[{"companyCd":"20187281","companyNm":"시네마 달래"}]}]}