{"totCnt":"95385","source":"영화진흥위원회","movieList":[{"movieCd":"20213025","movieNm":"일년만에 터진 성욕 - 특정부위","movieNmEn":"","prdtYear":"2020","openDt":"","typeNm":"장편","prdtStatNm":"기타","nationAlt":"일본","genreAlt":"성인물(에로)","repNationNm":"일본","repGenreNm":"성인물(에로)","directors":[{"peopleNm":"코지마 유키오"}],"companys":[]},{"movieCd":"20213012","movieNm":"이사","movieNmEn":"Home","prdtYear":"2021","openDt":"","typeNm":"단편","prdtStatNm":"기타","nationAlt":"한국","genreAlt":"다큐멘터리","repNationNm":"한국","repGenreNm":"다큐멘터리","directors":[],"companys":[]},{"movieCd":"20213011","movieNm":"오리 꽥꽥","movieNmEn":"Shape of Hearing","prdtYear":"2021","openDt":"","typeNm":"단편","prdtStatNm":"기타","nationAlt":"한국","genreAlt":"드라마","repNationNm":"한국","repGenreNm":"드라마","directors":[],"companys":[]},{"movieCd":"20216575","movieNm":"반신불수가족","movieNmEn":"Stumbling Family","prdtYear":"2021","openDt":"","typeNm":"단편","prdtStatNm":"기타","nationAlt":"한국","genreAlt":"드라마","repNationNm":"한국","repGenreNm":"드라마","directors":[{"peopleNm":"류연수"}],"companys":[]},{"movieCd":"20201367","movieNm":"도시락","movieNmEn":"Lunch Box","prdtYear":"2020","openDt":"","typeNm":"단편","prdtStatNm":"기타","nationAlt":"한국","genreAlt":"드라마","repNationNm":"한국","repGenreNm":"드라마","directors":[{"peopleNm":"오한울"}],"companys":[]},{"movieCd":"20210043","movieNm":"필로포비아","movieNmEn":"Philophobia","prdtYear":"2019","openDt":"20211230","typeNm":"장편","prdtStatNm":"개봉","nationAlt":"영국","genreAlt":"코미디,드라마,멜로/로맨스","repNationNm":"영국","repGenreNm":"코미디","directors":[],"companys":[]},{"movieCd":"20211945","movieNm":"숏버스 배우행","movieNmEn":"Short Bus: NG or OK","prdtYear":"2021","openDt":"20211230","typeNm":"옴니버스","prdtStatNm":"개봉","nationAlt":"한국","genreAlt":"드라마,다큐멘터리","repNationNm":"한국","repGenreNm":"드라마","directors":[{"peopleNm":"이건휘"},{"peopleNm":"김내리"},{"peopleNm":"황지현"},{"peopleNm":"서태범"},{"peopleNm":"황재필"},{"peopleNm":"김효준"}],"companys":[{"companyCd":"20136939","companyNm":"서울국제초단편영화제"}]},{"movieCd":"20211630","movieNm":"카렌짱과 새아들의 음란본능","movieNmEn":"","prdtYear":"2020","openDt":"","typeNm":"장편","prdtStatNm":"기타","nationAlt":"일본","genreAlt":"성인물(에로)","repNationNm":"일본","repGenreNm":"성인물(에로)","directors":[{"peopleNm":"코지마 유키오"}],"companys":[]},{"movieCd":"20211645","movieNm":"최강육덕 나호의 성레슨","movieNmEn":"","prdtYear":"2020","openDt":"","typeNm":"장편","prdtStatNm":"기타","nationAlt":"일본","genreAlt":"성인물(에로)","repNationNm":"일본","repGenreNm":"성인물(에로)","directors":[{"peopleNm":"코지마 유키오"}],"companys":[]},{"movieCd":"20211597","movieNm":"초거유 장모님의 욕정도발","movieNmEn":"","prdtYear":"2020","openDt":"","typeNm":"장편","prdtStatNm":"기타","nationAlt":"일본","genreAlt":"성인물(에로)","repNationNm":"일본","repGenreNm":"성인물(에로)","directors":[],"companys":[]}]}