{"totCnt":"95385","source":"영화진흥위원회","movieList":[{"movieCd":"20212924","movieNm":"울다","movieNmEn":"Cry her heart out","prdtYear":"2010","openDt":"","typeNm":"단편","prdtStatNm":"기타","nationAlt":"한국","genreAlt":"기타","repNationNm":"한국","repGenreNm":"기타","directors":[{"peopleNm":"궁유정"}],"companys":[]},{"movieCd":"20212942","movieNm":"여의사 : 잘세움병원 무삭제","movieNmEn":"","prdtYear":"2021","openDt":"","typeNm":"장편","prdtStatNm":"기타","nationAlt":"한국","genreAlt":"드라마,멜로/로맨스,코미디","repNationNm":"한국","repGenreNm":"드라마","directors":[{"peopleNm":"최제승"}],"companys":[{"companyCd":"20154968","companyNm":"(주)로드하우스"}]},{"movieCd":"20212923","movieNm":"야설쓰는 착한이모 무삭제","movieNmEn":"","prdtYear":"2021","openDt":"","typeNm":"장편","prdtStatNm":"기타","nationAlt":"한국","genreAlt":"멜로/로맨스,드라마,코미디","repNationNm":"한국","repGenreNm":"멜로/로맨스","directors":[{"peopleNm":"강백호"}],"companys":[{"companyCd":"20154968","companyNm":"(주)로드하우스"}]},{"movieCd":"20212941","movieNm":"거울 마이너스","movieNmEn":"Mirror Minus","prdtYear":"2021","openDt":"","typeNm":"단편","prdtStatNm":"기타","nationAlt":"한국","genreAlt":"스릴러,드라마,판타지","repNationNm":"한국","repGenreNm":"스릴러","directors":[],"companys":[]},{"movieCd":"19488007","movieNm":"안나 카레니나","movieNmEn":"Tolstoy's Anna Karenina","prdtYear":"1948","openDt":"","typeNm":"장편","prdtStatNm":"기타","nationAlt":"영국","genreAlt":"드라마","repNationNm":"영국","repGenreNm":"드라마","directors":[{"peopleNm":"줄리앙 뒤비비에르"}],"companys":[]},{"movieCd":"20212834","movieNm":"오리지널 갱스터","movieNmEn":"Original Gangster","prdtYear":"2020","openDt":"","typeNm":"장편","prdtStatNm":"기타","nationAlt":"영국","genreAlt":"범죄","repNationNm":"영국","repGenreNm":"범죄","directors":[],"companys":[]},{"movieCd":"20211314","movieNm":"호두까기 인형","movieNmEn":"THE NUTCRACKER","prdtYear":"2021","openDt":"","typeNm":"장편","prdtStatNm":"기타","nationAlt":"러시아","genreAlt":"공연","repNationNm":"러시아","repGenreNm":"공연","directors":[],"companys":[]},{"movieCd":"20212662","movieNm":"캐디의 목적","movieNmEn":"","prdtYear":"2021","openDt":"20211224","typeNm":"장편","prdtStatNm":"개봉","nationAlt":"한국","genreAlt":"멜로/로맨스","repNationNm":"한국","repGenreNm":"멜로/로맨스","directors":[{"peopleNm":"이정석"}],"companys":[{"companyCd":"20130184","companyNm":"스마일컨텐츠"}]},{"movieCd":"20212345","movieNm":"청초한 아내가 거근만 탐하게 된 이유","movieNmEn":"","prdtYear":"2020","openDt":"","typeNm":"장편","prdtStatNm":"기타","nationAlt":"일본","genreAlt":"성인물(에로),드라마","repNationNm":"일본","repGenreNm":"성인물(에로)","directors":[],"companys":[]},{"movieCd":"20212663","movieNm":"음란문학선생 무삭제판","movieNmEn":"","prdtYear":"2019","openDt":"","typeNm":"장편","prdtStatNm":"기타","nationAlt":"일본","genreAlt":"성인물(에로),드라마","repNationNm":"일본","repGenreNm":"성인물(에로)","directors":[{"peopleNm":"카즈마"}],"companys":[]}]}