{"totCnt":"95385","source":"영화진흥위원회","movieList":[{"movieCd":"20224714","movieNm":"오프 더 레코드","movieNmEn":"Off the Record","prdtYear":"2021","openDt":"","typeNm":"단편","prdtStatNm":"기타","nationAlt":"한국","genreAlt":"드라마","repNationNm":"한국","repGenreNm":"드라마","directors":[],"companys":[]},{"movieCd":"20224736","movieNm":"배웅","movieNmEn":"","prdtYear":"2021","openDt":"","typeNm":"단편","prdtStatNm":"기타","nationAlt":"한국","genreAlt":"드라마","repNationNm":"한국","repGenreNm":"드라마","directors":[],"companys":[]},{"movieCd":"20224735","movieNm":"E:/말똥가리/사용불가 좌석이라도 앉고 싶…","movieNmEn":"","prdtYear":"2021","openDt":"","typeNm":"단편","prdtStatNm":"기타","nationAlt":"한국","genreAlt":"드라마","repNationNm":"한국","repGenreNm":"드라마","directors":[{"peopleNm":"김선빈"}],"companys":[]},{"movieCd":"20219713","movieNm":"현주의 집","movieNmEn":"At home","prdtYear":"2020","openDt":"","typeNm":"단편","prdtStatNm":"기타","nationAlt":"한국","genreAlt":"드라마","repNationNm":"한국","repGenreNm":"드라마","directors":[],"companys":[]},{"movieCd":"20224734","movieNm":"희망은 손이 닿지 않는 곳에서 공전한다","movieNmEn":"","prdtYear":"2021","openDt":"","typeNm":"단편","prdtStatNm":"기타","nationAlt":"한국","genreAlt":"드라마","repNationNm":"한국","repGenreNm":"드라마","directors":[{"peopleNm":"정민우"}],"companys":[]},{"movieCd":"20224680","movieNm":"니콜","movieNmEn":"Nicole","prdtYear":"2019","openDt":"","typeNm":"장편","prdtStatNm":"기타","nationAlt":"미국","genreAlt":"드라마,공포(호러)","repNationNm":"미국","repGenreNm":"드라마","directors":[{"peopleNm":"제임스 슈로더"}],"companys":[]},{"movieCd":"20224191","movieNm":"야설 에이에스엠알","movieNmEn":"","prdtYear":"2021","openDt":"20220318","typeNm":"장편","prdtStatNm":"개봉","nationAlt":"한국","genreAlt":"성인물(에로),드라마,멜로/로맨스","repNationNm":"한국","repGenreNm":"성인물(에로)","directors":[{"peopleNm":"김태훈"}],"companys":[{"companyCd":"20157008","companyNm":"(주)픽쳐레스크"}]},{"movieCd":"20224258","movieNm":"외로움에 벌어진 여자","movieNmEn":"","prdtYear":"2022","openDt":"20220421","typeNm":"장편","prdtStatNm":"개봉","nationAlt":"한국","genreAlt":"성인물(에로)","repNationNm":"한국","repGenreNm":"성인물(에로)","directors":[{"peopleNm":"강현성"}],"companys":[{"companyCd":"20217881","companyNm":"(주)샤이커뮤니케이션즈"}]},{"movieCd":"20224281","movieNm":"능숙하게 넣어준 그녀","movieNmEn":"","prdtYear":"2022","openDt":"20220421","typeNm":"장편","prdtStatNm":"개봉","nationAlt":"한국","genreAlt":"성인물(에로)","repNationNm":"한국","repGenreNm":"성인물(에로)","directors":[{"peopleNm":"강현성"}],"companys":[{"companyCd":"20217881","companyNm":"(주)샤이커뮤니케이션즈"}]},{"movieCd":"20224636","movieNm":"화","movieNmEn":"flow","prdtYear":"2021","openDt":"","typeNm":"단편","prdtStatNm":"기타","nationAlt":"한국","genreAlt":"기타","repNationNm":"한국","repGenreNm":"기타","directors":[{"peopleNm":"나아리"}],"companys":[]}]}