{"totCnt":"95385","source":"영화진흥위원회","movieList":[{"movieCd":"20211199","movieNm":"헌터 헌터","movieNmEn":"Hunter Hunter","prdtYear":"2020","openDt":"","typeNm":"장편","prdtStatNm":"기타","nationAlt":"미국","genreAlt":"스릴러,공포(호러)","repNationNm":"미국","repGenreNm":"스릴러","directors":[],"companys":[]},{"movieCd":"20210302","movieNm":"퍼스트 카우","movieNmEn":"First Cow","prdtYear":"2019","openDt":"20211104","typeNm":"장편","prdtStatNm":"개봉","nationAlt":"미국","genreAlt":"드라마,서부극(웨스턴)","repNationNm":"미국","repGenreNm":"드라마","directors":[{"peopleNm":"켈리 레인하르트"}],"companys":[]},{"movieCd":"20211369","movieNm":"투신","movieNmEn":"Quan Dao: The Journey of a Boxer","prdtYear":"2019","openDt":"","typeNm":"장편","prdtStatNm":"기타","nationAlt":"홍콩","genreAlt":"액션","repNationNm":"홍콩","repGenreNm":"액션","directors":[],"companys":[]},{"movieCd":"20210601","movieNm":"크림","movieNmEn":"Cream","prdtYear":"2021","openDt":"20211104","typeNm":"장편","prdtStatNm":"개봉","nationAlt":"헝가리","genreAlt":"멜로/로맨스,드라마,코미디","repNationNm":"헝가리","repGenreNm":"멜로/로맨스","directors":[{"peopleNm":"노라 라코스"}],"companys":[]},{"movieCd":"20210702","movieNm":"침묵의 숲","movieNmEn":"The Silent Forest","prdtYear":"2020","openDt":"20211104","typeNm":"장편","prdtStatNm":"개봉","nationAlt":"기타","genreAlt":"드라마","repNationNm":"기타","repGenreNm":"드라마","directors":[],"companys":[]},{"movieCd":"20219627","movieNm":"시그널 X: 영혼의 구역","movieNmEn":"Demonic","prdtYear":"2021","openDt":"20211104","typeNm":"장편","prdtStatNm":"개봉","nationAlt":"미국","genreAlt":"미스터리,SF","repNationNm":"미국","repGenreNm":"미스터리","directors":[{"peopleNm":"닐 블롬캠프"}],"companys":[]},{"movieCd":"20211239","movieNm":"사대명포: 제국의 비밀","movieNmEn":"The Four - Dreamed of Evil Spirits","prdtYear":"2018","openDt":"20211104","typeNm":"장편","prdtStatNm":"개봉","nationAlt":"중국","genreAlt":"액션,미스터리","repNationNm":"중국","repGenreNm":"액션","directors":[],"companys":[]},{"movieCd":"20211387","movieNm":"아낌없이 주는 거유 새엄마","movieNmEn":"","prdtYear":"2020","openDt":"20211103","typeNm":"장편","prdtStatNm":"개봉","nationAlt":"일본","genreAlt":"멜로/로맨스,드라마","repNationNm":"일본","repGenreNm":"멜로/로맨스","directors":[{"peopleNm":"사쿠라비토"}],"companys":[]},{"movieCd":"20156531","movieNm":"원 플러스 원","movieNmEn":"Buy One, Get One Free","prdtYear":"2015","openDt":"","typeNm":"단편","prdtStatNm":"기타","nationAlt":"한국","genreAlt":"애니메이션","repNationNm":"한국","repGenreNm":"애니메이션","directors":[{"peopleNm":"허수영"}],"companys":[{"companyCd":"20100572","companyNm":"한국영화아카데미"}]},{"movieCd":"20211510","movieNm":"프랜시스 베이킹","movieNmEn":"Francis Baking","prdtYear":"2021","openDt":"","typeNm":"단편","prdtStatNm":"기타","nationAlt":"한국","genreAlt":"드라마","repNationNm":"한국","repGenreNm":"드라마","directors":[{"peopleNm":"노영미"}],"companys":[]}]}