{"totCnt":"95385","source":"영화진흥위원회","movieList":[{"movieCd":"20223787","movieNm":"퀸 아노: 칸의 후예","movieNmEn":"Queen Ahno – Spirit of a Warrior","prdtYear":"2013","openDt":"","typeNm":"장편","prdtStatNm":"기타","nationAlt":"몽고","genreAlt":"전쟁,액션,드라마,사극","repNationNm":"몽고","repGenreNm":"전쟁","directors":[],"companys":[]},{"movieCd":"20223095","movieNm":"모든 것은 숲으로 돌아간다","movieNmEn":"Show Your Role","prdtYear":"2021","openDt":"","typeNm":"단편","prdtStatNm":"기타","nationAlt":"한국","genreAlt":"드라마","repNationNm":"한국","repGenreNm":"드라마","directors":[{"peopleNm":"오륭"}],"companys":[]},{"movieCd":"20223786","movieNm":"피터 래빗 2: 파 프롬 가든","movieNmEn":"Peter Rabbit 2: The Runaway","prdtYear":"2021","openDt":"","typeNm":"장편","prdtStatNm":"기타","nationAlt":"미국,호주","genreAlt":"애니메이션,어드벤처,코미디","repNationNm":"미국","repGenreNm":"애니메이션","directors":[{"peopleNm":"윌 글럭"}],"companys":[]},{"movieCd":"20223785","movieNm":"임플란티드","movieNmEn":"Implanted","prdtYear":"2021","openDt":"","typeNm":"장편","prdtStatNm":"기타","nationAlt":"미국","genreAlt":"SF,스릴러","repNationNm":"미국","repGenreNm":"SF","directors":[{"peopleNm":"파비앙 듀필"}],"companys":[]},{"movieCd":"20223795","movieNm":"쇼 미 더 파더","movieNmEn":"Show Me the Father","prdtYear":"2021","openDt":"","typeNm":"장편","prdtStatNm":"기타","nationAlt":"미국","genreAlt":"다큐멘터리","repNationNm":"미국","repGenreNm":"다큐멘터리","directors":[{"peopleNm":"릭 알티저"}],"companys":[]},{"movieCd":"20223783","movieNm":"헬프","movieNmEn":"Help","prdtYear":"2021","openDt":"","typeNm":"단편","prdtStatNm":"기타","nationAlt":"한국","genreAlt":"드라마","repNationNm":"한국","repGenreNm":"드라마","directors":[],"companys":[]},{"movieCd":"20211303","movieNm":"여타짜","movieNmEn":"","prdtYear":"2021","openDt":"20211208","typeNm":"장편","prdtStatNm":"개봉","nationAlt":"한국","genreAlt":"범죄,드라마","repNationNm":"한국","repGenreNm":"범죄","directors":[{"peopleNm":"이지승"}],"companys":[{"companyCd":"20217901","companyNm":"하이컨셉픽쳐스(주)"},{"companyCd":"20157209","companyNm":"(주)더그레이트컴퍼니"}]},{"movieCd":"20223794","movieNm":"탈피","movieNmEn":"Breakaway","prdtYear":"2021","openDt":"","typeNm":"단편","prdtStatNm":"기타","nationAlt":"한국","genreAlt":"드라마,액션","repNationNm":"한국","repGenreNm":"드라마","directors":[{"peopleNm":"이상인"}],"companys":[]},{"movieCd":"20214726","movieNm":"이추룩 썬샤인","movieNmEn":"It's look sunshine","prdtYear":"2020","openDt":"","typeNm":"단편","prdtStatNm":"기타","nationAlt":"한국","genreAlt":"드라마","repNationNm":"한국","repGenreNm":"드라마","directors":[{"peopleNm":"김승환"}],"companys":[{"companyCd":"20205561","companyNm":"오디오라디오 스튜디오"}]},{"movieCd":"20210970","movieNm":"GCFFF2021 경쟁 6","movieNmEn":"","prdtYear":"2021","openDt":"","typeNm":"옴니버스","prdtStatNm":"기타","nationAlt":"한국","genreAlt":"기타","repNationNm":"한국","repGenreNm":"기타","directors":[],"companys":[]}]}