{"totCnt":"95385","source":"영화진흥위원회","movieList":[{"movieCd":"20212202","movieNm":"SOS 일촉즉발","movieNmEn":"Le Gentleman de Cocody","prdtYear":"1965","openDt":"","typeNm":"장편","prdtStatNm":"기타","nationAlt":"프랑스","genreAlt":"어드벤처","repNationNm":"프랑스","repGenreNm":"어드벤처","directors":[{"peopleNm":"크리스티앙 자크"}],"companys":[]},{"movieCd":"20212201","movieNm":"비우","movieNmEn":"Mayerling","prdtYear":"1968","openDt":"","typeNm":"장편","prdtStatNm":"기타","nationAlt":"프랑스","genreAlt":"드라마,멜로/로맨스","repNationNm":"프랑스","repGenreNm":"드라마","directors":[{"peopleNm":"테렌스 영"}],"companys":[]},{"movieCd":"20217009","movieNm":"유령 이미지","movieNmEn":"","prdtYear":"2020","openDt":"","typeNm":"장편","prdtStatNm":"기타","nationAlt":"한국","genreAlt":"멜로/로맨스","repNationNm":"한국","repGenreNm":"멜로/로맨스","directors":[{"peopleNm":"이상준"}],"companys":[{"companyCd":"20188161","companyNm":"후앤유아츠(주)"}]},{"movieCd":"20218198","movieNm":"요시찰","movieNmEn":"The blacklist","prdtYear":"2021","openDt":"","typeNm":"장편","prdtStatNm":"기타","nationAlt":"한국","genreAlt":"코미디","repNationNm":"한국","repGenreNm":"코미디","directors":[{"peopleNm":"김성한"}],"companys":[{"companyCd":"20154728","companyNm":"주식회사 씨엠닉스"}]},{"movieCd":"20202927","movieNm":"발레리나","movieNmEn":"ballerina","prdtYear":"2020","openDt":"","typeNm":"장편","prdtStatNm":"기타","nationAlt":"한국","genreAlt":"드라마","repNationNm":"한국","repGenreNm":"드라마","directors":[{"peopleNm":"조병호"}],"companys":[{"companyCd":"20218224","companyNm":"액터앤필름"}]},{"movieCd":"20218197","movieNm":"연애의 숲","movieNmEn":"","prdtYear":"2021","openDt":"","typeNm":"단편","prdtStatNm":"기타","nationAlt":"한국","genreAlt":"드라마","repNationNm":"한국","repGenreNm":"드라마","directors":[{"peopleNm":"박동기"}],"companys":[]},{"movieCd":"20219602","movieNm":"아! 꽃이여 별이여","movieNmEn":"","prdtYear":"2020","openDt":"","typeNm":"장편","prdtStatNm":"기타","nationAlt":"한국","genreAlt":"다큐멘터리","repNationNm":"한국","repGenreNm":"다큐멘터리","directors":[{"peopleNm":"이창주"}],"companys":[{"companyCd":"20217941","companyNm":"리치컴"}]},{"movieCd":"20200526","movieNm":"내 이름은 졸자야","movieNmEn":"","prdtYear":"2020","openDt":"","typeNm":"장편","prdtStatNm":"기타","nationAlt":"한국","genreAlt":"다큐멘터리","repNationNm":"한국","repGenreNm":"다큐멘터리","directors":[{"peopleNm":"곽동철"}],"companys":[]},{"movieCd":"20196376","movieNm":"긴 밤","movieNmEn":"","prdtYear":"2019","openDt":"","typeNm":"단편","prdtStatNm":"기타","nationAlt":"한국","genreAlt":"드라마","repNationNm":"한국","repGenreNm":"드라마","directors":[{"peopleNm":"김승연"}],"companys":[]},{"movieCd":"20211934","movieNm":"진혼법사","movieNmEn":"","prdtYear":"2017","openDt":"20211130","typeNm":"장편","prdtStatNm":"개봉","nationAlt":"중국","genreAlt":"액션","repNationNm":"중국","repGenreNm":"액션","directors":[],"companys":[]}]}