{"totCnt":"95385","source":"영화진흥위원회","movieList":[{"movieCd":"20211229","movieNm":"CIMAFF2021 경쟁 단편 1","movieNmEn":"","prdtYear":"2021","openDt":"","typeNm":"옴니버스","prdtStatNm":"기타","nationAlt":"기타","genreAlt":"기타","repNationNm":"기타","repGenreNm":"기타","directors":[],"companys":[]},{"movieCd":"20195002","movieNm":"블랙머니","movieNmEn":"BLACK MONEY","prdtYear":"2019","openDt":"20191113","typeNm":"장편","prdtStatNm":"개봉","nationAlt":"한국","genreAlt":"범죄,드라마","repNationNm":"한국","repGenreNm":"범죄","directors":[{"peopleNm":"정지영"}],"companys":[{"companyCd":"20190561","companyNm":"유한회사 질라라비"},{"companyCd":"20062550","companyNm":"(주)아우라픽처스"}]},{"movieCd":"20219710","movieNm":"공작조: 현애지상","movieNmEn":"Cliff Walkers","prdtYear":"2021","openDt":"20210916","typeNm":"장편","prdtStatNm":"개봉","nationAlt":"중국","genreAlt":"액션,스릴러","repNationNm":"중국","repGenreNm":"액션","directors":[{"peopleNm":"장예모"}],"companys":[]},{"movieCd":"20125467","movieNm":"레이드 : 첫번째 습격","movieNmEn":"The Raid : Redemption","prdtYear":"2012","openDt":"20120517","typeNm":"장편","prdtStatNm":"개봉","nationAlt":"인도네시아","genreAlt":"액션,범죄,스릴러","repNationNm":"인도네시아","repGenreNm":"액션","directors":[{"peopleNm":"가렛 에반스"}],"companys":[]},{"movieCd":"20030440","movieNm":"자토이치","movieNmEn":"Zatoichi","prdtYear":"2003","openDt":"20040130","typeNm":"장편","prdtStatNm":"개봉","nationAlt":"일본","genreAlt":"액션","repNationNm":"일본","repGenreNm":"액션","directors":[{"peopleNm":"기타노 다케시"}],"companys":[]},{"movieCd":"20147788","movieNm":"영웅: 천하의 시작","movieNmEn":"Hero","prdtYear":"2002","openDt":"20140320","typeNm":"장편","prdtStatNm":"개봉","nationAlt":"중국","genreAlt":"액션,드라마,전쟁","repNationNm":"중국","repGenreNm":"액션","directors":[{"peopleNm":"장예모"}],"companys":[]},{"movieCd":"19930086","movieNm":"무장원 소걸아","movieNmEn":"King Of Begger","prdtYear":"1993","openDt":"19930220","typeNm":"장편","prdtStatNm":"개봉","nationAlt":"홍콩","genreAlt":"액션,코미디","repNationNm":"홍콩","repGenreNm":"액션","directors":[{"peopleNm":"진가상"}],"companys":[{"companyCd":"20103893","companyNm":"골든하베스트"},{"companyCd":"20111893","companyNm":"영성전영공사"}]},{"movieCd":"19869057","movieNm":"영웅본색","movieNmEn":"A Better Tomorrow","prdtYear":"1986","openDt":"19870523","typeNm":"장편","prdtStatNm":"개봉","nationAlt":"홍콩","genreAlt":"액션,범죄","repNationNm":"홍콩","repGenreNm":"액션","directors":[{"peopleNm":"오우삼"}],"companys":[{"companyCd":"20102554","companyNm":"이니그마 프로덕션"}]},{"movieCd":"20050031","movieNm":"무등산 타잔, 박흥숙","movieNmEn":"","prdtYear":"2005","openDt":"","typeNm":"장편","prdtStatNm":"기타","nationAlt":"한국","genreAlt":"액션,드라마","repNationNm":"한국","repGenreNm":"액션","directors":[{"peopleNm":"박우상"}],"companys":[{"companyCd":"20100263","companyNm":"(주)백상시네마"}]},{"movieCd":"19850019","movieNm":"차이나타운","movieNmEn":"Chinatown","prdtYear":"1984","openDt":"19850323","typeNm":"장편","prdtStatNm":"개봉","nationAlt":"한국","genreAlt":"드라마","repNationNm":"한국","repGenreNm":"드라마","directors":[{"peopleNm":"박우상"}],"companys":[{"companyCd":"20100008","companyNm":"(주)삼영필림"}]}]}