{"totCnt":"95385","source":"영화진흥위원회","movieList":[{"movieCd":"20210562","movieNm":"GISFF2021 국제경쟁 그룹3","movieNmEn":"","prdtYear":"2021","openDt":"","typeNm":"옴니버스","prdtStatNm":"기타","nationAlt":"기타","genreAlt":"기타","repNationNm":"기타","repGenreNm":"기타","directors":[],"companys":[]},{"movieCd":"20210561","movieNm":"GISFF2021 국제경쟁 그룹2","movieNmEn":"","prdtYear":"2021","openDt":"","typeNm":"옴니버스","prdtStatNm":"기타","nationAlt":"기타","genreAlt":"기타","repNationNm":"기타","repGenreNm":"기타","directors":[],"companys":[]},{"movieCd":"20210552","movieNm":"GISFF2021 국제경쟁 그룹1","movieNmEn":"","prdtYear":"2021","openDt":"","typeNm":"옴니버스","prdtStatNm":"기타","nationAlt":"기타","genreAlt":"기타","repNationNm":"기타","repGenreNm":"기타","directors":[],"companys":[]},{"movieCd":"20210494","movieNm":"여동생 빌려드립니다","movieNmEn":"Rental daughter","prdtYear":"2020","openDt":"","typeNm":"장편","prdtStatNm":"기타","nationAlt":"일본","genreAlt":"성인물(에로),드라마","repNationNm":"일본","repGenreNm":"성인물(에로)","directors":[{"peopleNm":"사키타마 조지"}],"companys":[]},{"movieCd":"20210493","movieNm":"새엄마는 연하를 좋아해","movieNmEn":"Stepmother likes virginity","prdtYear":"2020","openDt":"","typeNm":"장편","prdtStatNm":"기타","nationAlt":"일본","genreAlt":"성인물(에로),드라마","repNationNm":"일본","repGenreNm":"성인물(에로)","directors":[{"peopleNm":"나기사 아쿠"}],"companys":[]},{"movieCd":"20210492","movieNm":"새엄마의 딸","movieNmEn":"Stepmother's daughter","prdtYear":"2020","openDt":"","typeNm":"장편","prdtStatNm":"기타","nationAlt":"일본","genreAlt":"성인물(에로),드라마","repNationNm":"일본","repGenreNm":"성인물(에로)","directors":[{"peopleNm":"사키타마 조지"}],"companys":[]},{"movieCd":"20210548","movieNm":"내 아내를 탐하는 친구","movieNmEn":"Wife who became a model","prdtYear":"2020","openDt":"","typeNm":"장편","prdtStatNm":"기타","nationAlt":"일본","genreAlt":"성인물(에로),드라마","repNationNm":"일본","repGenreNm":"성인물(에로)","directors":[{"peopleNm":"나기사 아쿠"}],"companys":[]},{"movieCd":"20210491","movieNm":"섹스 전문 큐레이터","movieNmEn":"Gallery lyre","prdtYear":"2020","openDt":"","typeNm":"장편","prdtStatNm":"기타","nationAlt":"일본","genreAlt":"성인물(에로),드라마","repNationNm":"일본","repGenreNm":"성인물(에로)","directors":[{"peopleNm":"히로아키"}],"companys":[]},{"movieCd":"20210490","movieNm":"파르티잔 워","movieNmEn":"Berenshtein","prdtYear":"2021","openDt":"","typeNm":"장편","prdtStatNm":"기타","nationAlt":"이스라엘","genreAlt":"전쟁,액션","repNationNm":"이스라엘","repGenreNm":"전쟁","directors":[{"peopleNm":"로만 슈므노프"}],"companys":[]},{"movieCd":"20210363","movieNm":"가디언","movieNmEn":"Savage Man","prdtYear":"2020","openDt":"","typeNm":"장편","prdtStatNm":"기타","nationAlt":"중국","genreAlt":"액션,어드벤처","repNationNm":"중국","repGenreNm":"액션","directors":[],"companys":[]}]}