{"totCnt":"95385","source":"영화진흥위원회","movieList":[{"movieCd":"20224087","movieNm":"인천 로컬단편 1 (인디플러스 영화의전당 개관 6주년 기획전)","movieNmEn":"","prdtYear":"2022","openDt":"","typeNm":"옴니버스","prdtStatNm":"기타","nationAlt":"한국","genreAlt":"기타","repNationNm":"한국","repGenreNm":"기타","directors":[],"companys":[]},{"movieCd":"20224106","movieNm":"신호등 경주 ","movieNmEn":"","prdtYear":"2020","openDt":"","typeNm":"단편","prdtStatNm":"기타","nationAlt":"한국","genreAlt":"코미디","repNationNm":"한국","repGenreNm":"코미디","directors":[{"peopleNm":"전승훈"}],"companys":[]},{"movieCd":"20224086","movieNm":"인천 로컬단편 2 (인디플러스 영화의전당 개관 6주년 기획전)","movieNmEn":"","prdtYear":"2022","openDt":"","typeNm":"옴니버스","prdtStatNm":"기타","nationAlt":"한국","genreAlt":"기타","repNationNm":"한국","repGenreNm":"기타","directors":[],"companys":[]},{"movieCd":"20126626","movieNm":"지각생들","movieNmEn":"Lateness","prdtYear":"2012","openDt":"","typeNm":"단편","prdtStatNm":"기타","nationAlt":"한국","genreAlt":"드라마","repNationNm":"한국","repGenreNm":"드라마","directors":[{"peopleNm":"백승화"}],"companys":[]},{"movieCd":"20224085","movieNm":"권다함 배우 단편전 (인디플러스 영화의전당 개관 6주년 기획전)","movieNmEn":"","prdtYear":"2022","openDt":"","typeNm":"옴니버스","prdtStatNm":"기타","nationAlt":"한국","genreAlt":"드라마","repNationNm":"한국","repGenreNm":"드라마","directors":[],"companys":[]},{"movieCd":"20206538","movieNm":"사원증","movieNmEn":"ID Card","prdtYear":"2020","openDt":"","typeNm":"단편","prdtStatNm":"기타","nationAlt":"한국","genreAlt":"드라마","repNationNm":"한국","repGenreNm":"드라마","directors":[{"peopleNm":"윤혜성"}],"companys":[]},{"movieCd":"20212741","movieNm":"안테벨룸","movieNmEn":"Antebellum","prdtYear":"2020","openDt":"20220223","typeNm":"장편","prdtStatNm":"개봉","nationAlt":"미국","genreAlt":"미스터리,스릴러","repNationNm":"미국","repGenreNm":"미스터리","directors":[{"peopleNm":"제라드 부시"},{"peopleNm":"크리스토퍼 렌즈"}],"companys":[]},{"movieCd":"20223877","movieNm":"ATM : 현금강탈 대소동","movieNmEn":"ATM","prdtYear":"2019","openDt":"","typeNm":"장편","prdtStatNm":"기타","nationAlt":"홍콩,중국","genreAlt":"코미디,액션","repNationNm":"홍콩","repGenreNm":"코미디","directors":[],"companys":[]},{"movieCd":"20219506","movieNm":"아빠의 4중주","movieNmEn":"","prdtYear":"2020","openDt":"","typeNm":"장편","prdtStatNm":"기타","nationAlt":"한국","genreAlt":"가족,뮤지컬,공연,드라마","repNationNm":"한국","repGenreNm":"가족","directors":[{"peopleNm":"김나윤"},{"peopleNm":"양재철"}],"companys":[{"companyCd":"20204543","companyNm":"희원극단"}]},{"movieCd":"20224098","movieNm":"비하인드 컷","movieNmEn":"","prdtYear":"2021","openDt":"","typeNm":"장편","prdtStatNm":"기타","nationAlt":"한국","genreAlt":"드라마","repNationNm":"한국","repGenreNm":"드라마","directors":[{"peopleNm":"한우림"}],"companys":[]}]}