{"totCnt":"95385","source":"영화진흥위원회","movieList":[{"movieCd":"20210587","movieNm":"아네트","movieNmEn":"Annette","prdtYear":"2021","openDt":"20211027","typeNm":"장편","prdtStatNm":"개봉","nationAlt":"프랑스","genreAlt":"드라마,뮤지컬,멜로/로맨스","repNationNm":"프랑스","repGenreNm":"드라마","directors":[{"peopleNm":"레오스 카락스"}],"companys":[]},{"movieCd":"20210388","movieNm":"당신얼굴 앞에서","movieNmEn":"IN FRONT OF YOUR FACE","prdtYear":"2020","openDt":"20211021","typeNm":"장편","prdtStatNm":"개봉","nationAlt":"한국","genreAlt":"드라마","repNationNm":"한국","repGenreNm":"드라마","directors":[{"peopleNm":"홍상수"}],"companys":[{"companyCd":"20100332","companyNm":"(주)영화제작전원사 "}]},{"movieCd":"20218789","movieNm":"피어썸","movieNmEn":"","prdtYear":"2021","openDt":"20211007","typeNm":"장편","prdtStatNm":"개봉","nationAlt":"한국","genreAlt":"공포(호러),미스터리","repNationNm":"한국","repGenreNm":"공포(호러)","directors":[{"peopleNm":"이상헌"}],"companys":[{"companyCd":"20218221","companyNm":"㈜에스에이치엔터앤컴퍼니"},{"companyCd":"20161341","companyNm":"(주)스토리제이"}]},{"movieCd":"20211479","movieNm":"매일 밤 흥건한 유부녀","movieNmEn":"","prdtYear":"2020","openDt":"20211108","typeNm":"장편","prdtStatNm":"개봉","nationAlt":"일본","genreAlt":"드라마","repNationNm":"일본","repGenreNm":"드라마","directors":[{"peopleNm":"아사기리 키요시"}],"companys":[]},{"movieCd":"20211478","movieNm":"끝내주는 명기 여상사","movieNmEn":"","prdtYear":"2020","openDt":"20211108","typeNm":"장편","prdtStatNm":"개봉","nationAlt":"일본","genreAlt":"드라마","repNationNm":"일본","repGenreNm":"드라마","directors":[{"peopleNm":"아사기리 키요시"}],"companys":[]},{"movieCd":"20211265","movieNm":"킬러는 메이드 사마","movieNmEn":"BABY ASSASSINS","prdtYear":"2021","openDt":"","typeNm":"장편","prdtStatNm":"기타","nationAlt":"일본","genreAlt":"드라마","repNationNm":"일본","repGenreNm":"드라마","directors":[{"peopleNm":"사카모토 유고"}],"companys":[]},{"movieCd":"20211649","movieNm":"젖어버린 구멍친구","movieNmEn":"","prdtYear":"2021","openDt":"","typeNm":"장편","prdtStatNm":"기타","nationAlt":"한국","genreAlt":"멜로/로맨스","repNationNm":"한국","repGenreNm":"멜로/로맨스","directors":[{"peopleNm":"김동해"}],"companys":[{"companyCd":"20217221","companyNm":"라이어 시네마"}]},{"movieCd":"20211648","movieNm":"섹스소녀 14","movieNmEn":"","prdtYear":"2021","openDt":"","typeNm":"장편","prdtStatNm":"기타","nationAlt":"한국","genreAlt":"멜로/로맨스","repNationNm":"한국","repGenreNm":"멜로/로맨스","directors":[{"peopleNm":"김동해"}],"companys":[{"companyCd":"20217221","companyNm":"라이어 시네마"}]},{"movieCd":"20211633","movieNm":"18 여사친 성율의 비밀섹스","movieNmEn":"","prdtYear":"2021","openDt":"","typeNm":"장편","prdtStatNm":"기타","nationAlt":"한국","genreAlt":"멜로/로맨스","repNationNm":"한국","repGenreNm":"멜로/로맨스","directors":[{"peopleNm":"김동해"}],"companys":[{"companyCd":"20217221","companyNm":"라이어 시네마"}]},{"movieCd":"20211632","movieNm":"스토커 그녀의 은밀한 섹스","movieNmEn":"","prdtYear":"2021","openDt":"","typeNm":"장편","prdtStatNm":"기타","nationAlt":"한국","genreAlt":"멜로/로맨스","repNationNm":"한국","repGenreNm":"멜로/로맨스","directors":[{"peopleNm":"김동해"}],"companys":[{"companyCd":"20217221","companyNm":"라이어 시네마"}]}]}