{"totCnt":"95385","source":"영화진흥위원회","movieList":[{"movieCd":"20209186","movieNm":"태어나길 잘했어","movieNmEn":"The Slug","prdtYear":"2020","openDt":"20220414","typeNm":"장편","prdtStatNm":"개봉","nationAlt":"한국","genreAlt":"드라마","repNationNm":"한국","repGenreNm":"드라마","directors":[{"peopleNm":"최진영"}],"companys":[{"companyCd":"20217744","companyNm":"대장정"}]},{"movieCd":"20224341","movieNm":"웨이트: 감각에 눈뜰 때","movieNmEn":"The Wait","prdtYear":"2022","openDt":"20220414","typeNm":"장편","prdtStatNm":"개봉","nationAlt":"핀란드","genreAlt":"드라마","repNationNm":"핀란드","repGenreNm":"드라마","directors":[{"peopleNm":"아쿠 로히미스"}],"companys":[]},{"movieCd":"20217023","movieNm":"그리스도 디 오리진","movieNmEn":"The Savior","prdtYear":"2013","openDt":"20220414","typeNm":"장편","prdtStatNm":"개봉","nationAlt":"기타","genreAlt":"드라마","repNationNm":"기타","repGenreNm":"드라마","directors":[],"companys":[]},{"movieCd":"20223389","movieNm":"고스팅 글로리아","movieNmEn":"Ghosting Gloria","prdtYear":"2021","openDt":"20220414","typeNm":"장편","prdtStatNm":"개봉","nationAlt":"우루과이","genreAlt":"멜로/로맨스,코미디,판타지","repNationNm":"우루과이","repGenreNm":"멜로/로맨스","directors":[],"companys":[]},{"movieCd":"20224506","movieNm":"이웃집 아저씨와 밀회","movieNmEn":"","prdtYear":"2022","openDt":"","typeNm":"장편","prdtStatNm":"기타","nationAlt":"일본","genreAlt":"성인물(에로),멜로/로맨스","repNationNm":"일본","repGenreNm":"성인물(에로)","directors":[],"companys":[]},{"movieCd":"20224392","movieNm":"마술거울 : 아내 도둑","movieNmEn":"","prdtYear":"2020","openDt":"","typeNm":"장편","prdtStatNm":"기타","nationAlt":"일본","genreAlt":"성인물(에로),멜로/로맨스","repNationNm":"일본","repGenreNm":"성인물(에로)","directors":[],"companys":[]},{"movieCd":"20224507","movieNm":"내아내의 임신목적","movieNmEn":"","prdtYear":"2021","openDt":"","typeNm":"장편","prdtStatNm":"기타","nationAlt":"일본","genreAlt":"성인물(에로),멜로/로맨스","repNationNm":"일본","repGenreNm":"성인물(에로)","directors":[],"companys":[]},{"movieCd":"20224575","movieNm":"로리타: 버려진 소녀들2","movieNmEn":"Girl Lost: A Hollywood Story","prdtYear":"2020","openDt":"","typeNm":"장편","prdtStatNm":"기타","nationAlt":"미국","genreAlt":"드라마","repNationNm":"미국","repGenreNm":"드라마","directors":[],"companys":[]},{"movieCd":"20224567","movieNm":"로리타: 버려진 소녀들","movieNmEn":"Girl Lost","prdtYear":"2016","openDt":"","typeNm":"장편","prdtStatNm":"기타","nationAlt":"미국","genreAlt":"드라마","repNationNm":"미국","repGenreNm":"드라마","directors":[],"companys":[]},{"movieCd":"20224573","movieNm":"신인류 전쟁: 부활남 (가제)","movieNmEn":"","prdtYear":"2023","openDt":"","typeNm":"장편","prdtStatNm":"촬영준비","nationAlt":"한국","genreAlt":"액션","repNationNm":"한국","repGenreNm":"액션","directors":[{"peopleNm":"백"}],"companys":[{"companyCd":"20137896","companyNm":"(주)용필름"},{"companyCd":"20157909","companyNm":"주식회사 슈퍼픽션"}]}]}