{"totCnt":"95385","source":"영화진흥위원회","movieList":[{"movieCd":"20212870","movieNm":"이웃남자:한번 해보고 싶어","movieNmEn":"","prdtYear":"2020","openDt":"20220106","typeNm":"장편","prdtStatNm":"개봉","nationAlt":"일본","genreAlt":"성인물(에로),드라마,멜로/로맨스","repNationNm":"일본","repGenreNm":"성인물(에로)","directors":[{"peopleNm":"야마구치 다이"}],"companys":[]},{"movieCd":"20212914","movieNm":"새엄마의 섹다른 밤","movieNmEn":"","prdtYear":"2020","openDt":"20220106","typeNm":"장편","prdtStatNm":"개봉","nationAlt":"일본","genreAlt":"성인물(에로),드라마,멜로/로맨스","repNationNm":"일본","repGenreNm":"성인물(에로)","directors":[{"peopleNm":"히로아키"}],"companys":[]},{"movieCd":"20212906","movieNm":"새엄마는 내 여자","movieNmEn":"","prdtYear":"2020","openDt":"20220106","typeNm":"장편","prdtStatNm":"개봉","nationAlt":"일본","genreAlt":"성인물(에로),드라마,멜로/로맨스","repNationNm":"일본","repGenreNm":"성인물(에로)","directors":[{"peopleNm":"히로아키"}],"companys":[]},{"movieCd":"20213013","movieNm":"아내의 쉴틈 없는 가랑이","movieNmEn":"","prdtYear":"2020","openDt":"20220104","typeNm":"장편","prdtStatNm":"개봉","nationAlt":"일본","genreAlt":"성인물(에로),드라마","repNationNm":"일본","repGenreNm":"성인물(에로)","directors":[],"companys":[]},{"movieCd":"20213024","movieNm":"몸으로 월세 내는 예쁜 세입자","movieNmEn":"","prdtYear":"2020","openDt":"20220104","typeNm":"장편","prdtStatNm":"개봉","nationAlt":"일본","genreAlt":"성인물(에로),드라마","repNationNm":"일본","repGenreNm":"성인물(에로)","directors":[],"companys":[]},{"movieCd":"20212763","movieNm":"우리 바꿔서 할래요?(감독판)","movieNmEn":"","prdtYear":"2021","openDt":"20220103","typeNm":"장편","prdtStatNm":"개봉","nationAlt":"한국","genreAlt":"성인물(에로),멜로/로맨스","repNationNm":"한국","repGenreNm":"성인물(에로)","directors":[{"peopleNm":"김감독"}],"companys":[{"companyCd":"20216641","companyNm":"(주)더레드엔터테인먼트"}]},{"movieCd":"20213004","movieNm":"천년의 노래, 리버스","movieNmEn":"Sound of Millennium Rebirth","prdtYear":"2021","openDt":"20220113","typeNm":"장편","prdtStatNm":"개봉","nationAlt":"한국","genreAlt":"공연","repNationNm":"한국","repGenreNm":"공연","directors":[{"peopleNm":"성유진"}],"companys":[{"companyCd":"20218323","companyNm":"문화체육관광부 국립극장"}]},{"movieCd":"20223210","movieNm":"욕정 섹파 소굴","movieNmEn":"","prdtYear":"2020","openDt":"20220121","typeNm":"장편","prdtStatNm":"개봉","nationAlt":"일본","genreAlt":"성인물(에로)","repNationNm":"일본","repGenreNm":"성인물(에로)","directors":[],"companys":[]},{"movieCd":"20223458","movieNm":"민감한 카나의 섹스 라이프","movieNmEn":"","prdtYear":"2020","openDt":"20220124","typeNm":"장편","prdtStatNm":"개봉","nationAlt":"일본","genreAlt":"성인물(에로),드라마,멜로/로맨스","repNationNm":"일본","repGenreNm":"성인물(에로)","directors":[{"peopleNm":"코메이"}],"companys":[]},{"movieCd":"20223797","movieNm":"안아줘, 독바로 안아줘!","movieNmEn":"Hug Me, Hug Me Right!","prdtYear":"2021","openDt":"","typeNm":"단편","prdtStatNm":"기타","nationAlt":"한국","genreAlt":"기타","repNationNm":"한국","repGenreNm":"기타","directors":[{"peopleNm":"이지안"}],"companys":[]}]}