{"totCnt":"95385","source":"영화진흥위원회","movieList":[{"movieCd":"20210005","movieNm":"이웃 여자:맛 보실래요?","movieNmEn":"","prdtYear":"2020","openDt":"20210826","typeNm":"장편","prdtStatNm":"개봉","nationAlt":"일본","genreAlt":"멜로/로맨스,드라마","repNationNm":"일본","repGenreNm":"멜로/로맨스","directors":[{"peopleNm":"버드맨 텟페이"}],"companys":[]},{"movieCd":"20210022","movieNm":"방문 판매원의 기막힌 스킬","movieNmEn":"","prdtYear":"2019","openDt":"20210826","typeNm":"장편","prdtStatNm":"개봉","nationAlt":"일본","genreAlt":"멜로/로맨스,드라마","repNationNm":"일본","repGenreNm":"멜로/로맨스","directors":[{"peopleNm":"아카바네 키쿠지로"}],"companys":[]},{"movieCd":"20149933","movieNm":"못생긴발","movieNmEn":"UGLY FOOT","prdtYear":"2014","openDt":"","typeNm":"단편","prdtStatNm":"기타","nationAlt":"한국","genreAlt":"드라마","repNationNm":"한국","repGenreNm":"드라마","directors":[{"peopleNm":"임윤기"}],"companys":[{"companyCd":"20155548","companyNm":"와이키 픽쳐스"}]},{"movieCd":"20210006","movieNm":"꽃꽂이 교실:깊숙이 꽂아주세요","movieNmEn":"","prdtYear":"2019","openDt":"20210826","typeNm":"장편","prdtStatNm":"개봉","nationAlt":"일본","genreAlt":"멜로/로맨스,드라마","repNationNm":"일본","repGenreNm":"멜로/로맨스","directors":[{"peopleNm":"아카바네 키쿠지로"}],"companys":[]},{"movieCd":"20210132","movieNm":"마등위문","movieNmEn":"Oh, My Cops","prdtYear":"1983","openDt":"","typeNm":"장편","prdtStatNm":"기타","nationAlt":"홍콩","genreAlt":"액션,코미디","repNationNm":"홍콩","repGenreNm":"액션","directors":[],"companys":[]},{"movieCd":"20210147","movieNm":"추귀칠웅","movieNmEn":"The Trail","prdtYear":"1983","openDt":"","typeNm":"장편","prdtStatNm":"기타","nationAlt":"홍콩","genreAlt":"어드벤처,코미디,공포(호러)","repNationNm":"홍콩","repGenreNm":"어드벤처","directors":[{"peopleNm":"우인태"}],"companys":[]},{"movieCd":"20210146","movieNm":"단신귀족","movieNmEn":"The Nobles","prdtYear":"1989","openDt":"","typeNm":"장편","prdtStatNm":"기타","nationAlt":"홍콩","genreAlt":"코미디,멜로/로맨스","repNationNm":"홍콩","repGenreNm":"코미디","directors":[],"companys":[]},{"movieCd":"20210145","movieNm":"환락정당","movieNmEn":"Happy Din Don","prdtYear":"1986","openDt":"","typeNm":"장편","prdtStatNm":"기타","nationAlt":"홍콩","genreAlt":"코미디,멜로/로맨스","repNationNm":"홍콩","repGenreNm":"코미디","directors":[{"peopleNm":"허관문"}],"companys":[]},{"movieCd":"20210131","movieNm":"합초대장부","movieNmEn":"Goodbye Darling","prdtYear":"1987","openDt":"","typeNm":"장편","prdtStatNm":"기타","nationAlt":"홍콩","genreAlt":"코미디","repNationNm":"홍콩","repGenreNm":"코미디","directors":[{"peopleNm":"황백명"}],"companys":[]},{"movieCd":"20210130","movieNm":"아애야래향","movieNmEn":"All The Wrong Spies","prdtYear":"1983","openDt":"","typeNm":"장편","prdtStatNm":"기타","nationAlt":"홍콩","genreAlt":"액션,코미디","repNationNm":"홍콩","repGenreNm":"액션","directors":[{"peopleNm":"태적라빈"}],"companys":[]}]}