{"totCnt":"95385","source":"영화진흥위원회","movieList":[{"movieCd":"20212363","movieNm":"뼈","movieNmEn":"The Bone","prdtYear":"2019","openDt":"","typeNm":"장편","prdtStatNm":"기타","nationAlt":"한국","genreAlt":"다큐멘터리","repNationNm":"한국","repGenreNm":"다큐멘터리","directors":[{"peopleNm":"신나리"}],"companys":[]},{"movieCd":"20230905","movieNm":"반짝다큐페스티발 개막작(신나리 감독 특별전)","movieNmEn":"","prdtYear":"2023","openDt":"","typeNm":"옴니버스","prdtStatNm":"기타","nationAlt":"한국","genreAlt":"다큐멘터리","repNationNm":"한국","repGenreNm":"다큐멘터리","directors":[],"companys":[]},{"movieCd":"20230888","movieNm":"교대","movieNmEn":"Rotation","prdtYear":"2021","openDt":"","typeNm":"단편","prdtStatNm":"기타","nationAlt":"한국","genreAlt":"다큐멘터리","repNationNm":"한국","repGenreNm":"다큐멘터리","directors":[],"companys":[]},{"movieCd":"20230887","movieNm":"행진대오의 죽은 원혼들","movieNmEn":"A Dog and Spirits in the Rally","prdtYear":"2022","openDt":"","typeNm":"단편","prdtStatNm":"기타","nationAlt":"한국","genreAlt":"다큐멘터리,드라마","repNationNm":"한국","repGenreNm":"다큐멘터리","directors":[{"peopleNm":"안지환"}],"companys":[]},{"movieCd":"20230904","movieNm":"변명하지 않는 당신","movieNmEn":"Dear Who Don’t Make Excuses","prdtYear":"2021","openDt":"","typeNm":"단편","prdtStatNm":"기타","nationAlt":"한국","genreAlt":"다큐멘터리,가족,드라마","repNationNm":"한국","repGenreNm":"다큐멘터리","directors":[],"companys":[]},{"movieCd":"20230903","movieNm":"아무도 나를 부르지 않았네","movieNmEn":"Nobody Called Me","prdtYear":"2022","openDt":"","typeNm":"단편","prdtStatNm":"기타","nationAlt":"한국","genreAlt":"다큐멘터리","repNationNm":"한국","repGenreNm":"다큐멘터리","directors":[],"companys":[]},{"movieCd":"20230886","movieNm":"암란의 버스 3","movieNmEn":"Amran’s Bus 3","prdtYear":"2021","openDt":"","typeNm":"단편","prdtStatNm":"기타","nationAlt":"한국","genreAlt":"다큐멘터리","repNationNm":"한국","repGenreNm":"다큐멘터리","directors":[],"companys":[]},{"movieCd":"20230884","movieNm":"꿈, 아래, 꿈","movieNmEn":"Dream, Below, Dream","prdtYear":"2023","openDt":"","typeNm":"단편","prdtStatNm":"기타","nationAlt":"한국","genreAlt":"다큐멘터리,드라마","repNationNm":"한국","repGenreNm":"다큐멘터리","directors":[],"companys":[]},{"movieCd":"20230902","movieNm":"옥순의 조각","movieNmEn":"Pieces of Oksoon","prdtYear":"2022","openDt":"","typeNm":"단편","prdtStatNm":"기타","nationAlt":"한국","genreAlt":"다큐멘터리,드라마","repNationNm":"한국","repGenreNm":"다큐멘터리","directors":[],"companys":[]},{"movieCd":"20230883","movieNm":"어느 날, 나이테가 생겼다","movieNmEn":"And There were Our Annual Rings","prdtYear":"2022","openDt":"","typeNm":"단편","prdtStatNm":"기타","nationAlt":"한국","genreAlt":"다큐멘터리,드라마","repNationNm":"한국","repGenreNm":"다큐멘터리","directors":[],"companys":[]}]}