{"totCnt":"95385","source":"영화진흥위원회","movieList":[{"movieCd":"20219368","movieNm":"[네마프2021] 한국신작전4","movieNmEn":"","prdtYear":"2021","openDt":"","typeNm":"옴니버스","prdtStatNm":"기타","nationAlt":"한국","genreAlt":"기타","repNationNm":"한국","repGenreNm":"기타","directors":[],"companys":[]},{"movieCd":"20210231","movieNm":"피로스마니","movieNmEn":"Pirosmani","prdtYear":"1969","openDt":"","typeNm":"장편","prdtStatNm":"기타","nationAlt":"기타","genreAlt":"드라마","repNationNm":"기타","repGenreNm":"드라마","directors":[],"companys":[]},{"movieCd":"20210234","movieNm":"스케어리 마더","movieNmEn":"Scary Mother","prdtYear":"2017","openDt":"","typeNm":"장편","prdtStatNm":"기타","nationAlt":"기타","genreAlt":"드라마","repNationNm":"기타","repGenreNm":"드라마","directors":[],"companys":[]},{"movieCd":"20210233","movieNm":"데데","movieNmEn":"Dede","prdtYear":"2017","openDt":"","typeNm":"장편","prdtStatNm":"기타","nationAlt":"기타","genreAlt":"드라마","repNationNm":"기타","repGenreNm":"드라마","directors":[],"companys":[]},{"movieCd":"20210248","movieNm":"하우스 오브 아더스","movieNmEn":"House of Others","prdtYear":"2017","openDt":"","typeNm":"장편","prdtStatNm":"기타","nationAlt":"기타","genreAlt":"드라마","repNationNm":"기타","repGenreNm":"드라마","directors":[],"companys":[]},{"movieCd":"20210232","movieNm":"모이라","movieNmEn":"Moira","prdtYear":"2015","openDt":"","typeNm":"장편","prdtStatNm":"기타","nationAlt":"기타","genreAlt":"드라마","repNationNm":"기타","repGenreNm":"드라마","directors":[],"companys":[]},{"movieCd":"19930125","movieNm":"흐르는 강물처럼","movieNmEn":"A River Runs Through It","prdtYear":"1992","openDt":"19930424","typeNm":"장편","prdtStatNm":"개봉","nationAlt":"미국","genreAlt":"드라마","repNationNm":"미국","repGenreNm":"드라마","directors":[{"peopleNm":"로버트 레드포드"}],"companys":[{"companyCd":"20101708","companyNm":"얼라이드필름메이커스"}]},{"movieCd":"20210245","movieNm":"스카이 파이터즈","movieNmEn":"Sky Fighters","prdtYear":"2011","openDt":"","typeNm":"장편","prdtStatNm":"기타","nationAlt":"중국","genreAlt":"드라마","repNationNm":"중국","repGenreNm":"드라마","directors":[],"companys":[]},{"movieCd":"20210229","movieNm":"블러디 마리","movieNmEn":"Bloody Marie","prdtYear":"2019","openDt":"","typeNm":"장편","prdtStatNm":"기타","nationAlt":"네덜란드","genreAlt":"액션,드라마","repNationNm":"네덜란드","repGenreNm":"액션","directors":[],"companys":[]},{"movieCd":"20210228","movieNm":"우리 동네 기사단","movieNmEn":"Benji the Dove","prdtYear":"2018","openDt":"","typeNm":"장편","prdtStatNm":"기타","nationAlt":"미국","genreAlt":"드라마,가족","repNationNm":"미국","repGenreNm":"드라마","directors":[],"companys":[]}]}