{"totCnt":"95385","source":"영화진흥위원회","movieList":[{"movieCd":"20212478","movieNm":"모어 댄 섹스","movieNmEn":"Bliss","prdtYear":"2020","openDt":"","typeNm":"장편","prdtStatNm":"기타","nationAlt":"독일","genreAlt":"멜로/로맨스,드라마","repNationNm":"독일","repGenreNm":"멜로/로맨스","directors":[],"companys":[]},{"movieCd":"20212477","movieNm":"누가 총통을 쏘았나","movieNmEn":"The Shooting of 319","prdtYear":"2019","openDt":"","typeNm":"장편","prdtStatNm":"기타","nationAlt":"대만","genreAlt":"스릴러","repNationNm":"대만","repGenreNm":"스릴러","directors":[],"companys":[]},{"movieCd":"20212475","movieNm":"아임 쏘 쏘리","movieNmEn":"I'm So Sorry","prdtYear":"2021","openDt":"","typeNm":"장편","prdtStatNm":"기타","nationAlt":"프랑스,홍콩,네덜란드,중국","genreAlt":"다큐멘터리","repNationNm":"프랑스","repGenreNm":"다큐멘터리","directors":[],"companys":[]},{"movieCd":"20212483","movieNm":"거짓말","movieNmEn":"Lie","prdtYear":"2020","openDt":"","typeNm":"단편","prdtStatNm":"기타","nationAlt":"한국","genreAlt":"기타","repNationNm":"한국","repGenreNm":"기타","directors":[{"peopleNm":"손선희"}],"companys":[]},{"movieCd":"20204708","movieNm":"약속 220km","movieNmEn":"","prdtYear":"2019","openDt":"","typeNm":"단편","prdtStatNm":"기타","nationAlt":"한국","genreAlt":"드라마","repNationNm":"한국","repGenreNm":"드라마","directors":[{"peopleNm":"오덕환"}],"companys":[]},{"movieCd":"20212433","movieNm":"한 남자 달린다","movieNmEn":"A Man Runs","prdtYear":"2021","openDt":"","typeNm":"단편","prdtStatNm":"기타","nationAlt":"한국","genreAlt":"기타","repNationNm":"한국","repGenreNm":"기타","directors":[{"peopleNm":"함혜경"},{"peopleNm":"안지혜"}],"companys":[]},{"movieCd":"20211159","movieNm":"스카이파이어","movieNmEn":"Skyfire","prdtYear":"2020","openDt":"20211208","typeNm":"장편","prdtStatNm":"개봉","nationAlt":"미국","genreAlt":"액션,어드벤처","repNationNm":"미국","repGenreNm":"액션","directors":[{"peopleNm":"사이먼 웨스트"}],"companys":[]},{"movieCd":"20211413","movieNm":"몬스타엑스 : 더 드리밍","movieNmEn":"MONSTA X : THE DREAMING","prdtYear":"2021","openDt":"20211208","typeNm":"장편","prdtStatNm":"개봉","nationAlt":"한국","genreAlt":"다큐멘터리","repNationNm":"한국","repGenreNm":"다큐멘터리","directors":[{"peopleNm":"오윤동"}],"companys":[{"companyCd":"20203082","companyNm":"씨제이포디플렉스 주식회사"}]},{"movieCd":"20212055","movieNm":"덫에 걸린 아내","movieNmEn":"","prdtYear":"2021","openDt":"20211207","typeNm":"장편","prdtStatNm":"개봉","nationAlt":"한국","genreAlt":"성인물(에로)","repNationNm":"한국","repGenreNm":"성인물(에로)","directors":[{"peopleNm":"강현성"}],"companys":[{"companyCd":"20217881","companyNm":"(주)샤이커뮤니케이션즈"}]},{"movieCd":"20212054","movieNm":"다시 젖은 그녀","movieNmEn":"","prdtYear":"2021","openDt":"20211207","typeNm":"장편","prdtStatNm":"개봉","nationAlt":"한국","genreAlt":"성인물(에로)","repNationNm":"한국","repGenreNm":"성인물(에로)","directors":[{"peopleNm":"강현성"}],"companys":[{"companyCd":"20217881","companyNm":"(주)샤이커뮤니케이션즈"}]}]}