{"totCnt":"95385","source":"영화진흥위원회","movieList":[{"movieCd":"20211972","movieNm":"타이거마스크","movieNmEn":"","prdtYear":"2021","openDt":"20211230","typeNm":"장편","prdtStatNm":"개봉","nationAlt":"한국","genreAlt":"코미디,액션","repNationNm":"한국","repGenreNm":"코미디","directors":[{"peopleNm":"염정원"}],"companys":[{"companyCd":"20186901","companyNm":"(주)그노스"},{"companyCd":"20188601","companyNm":"(주)파이브데이"},{"companyCd":"20203581","companyNm":"꿀잼컴퍼니(주)"}]},{"movieCd":"20223775","movieNm":"화끈한 새엄마:온천여행","movieNmEn":"","prdtYear":"2020","openDt":"20220205","typeNm":"장편","prdtStatNm":"개봉","nationAlt":"일본","genreAlt":"성인물(에로),드라마,멜로/로맨스","repNationNm":"일본","repGenreNm":"성인물(에로)","directors":[{"peopleNm":"히로아키"}],"companys":[]},{"movieCd":"20223778","movieNm":"세 여자의 질펀한 서비스","movieNmEn":"","prdtYear":"2020","openDt":"20220205","typeNm":"장편","prdtStatNm":"개봉","nationAlt":"일본","genreAlt":"성인물(에로),드라마,멜로/로맨스","repNationNm":"일본","repGenreNm":"성인물(에로)","directors":[{"peopleNm":"야마구치 다이"}],"companys":[]},{"movieCd":"20223766","movieNm":"형수의 달아오른 몸","movieNmEn":"","prdtYear":"2020","openDt":"20220204","typeNm":"장편","prdtStatNm":"개봉","nationAlt":"일본","genreAlt":"성인물(에로),드라마,멜로/로맨스","repNationNm":"일본","repGenreNm":"성인물(에로)","directors":[{"peopleNm":"스이세이 아카이"}],"companys":[]},{"movieCd":"20223767","movieNm":"위아래 출렁대는 착한 며느리","movieNmEn":"","prdtYear":"2020","openDt":"20220204","typeNm":"장편","prdtStatNm":"개봉","nationAlt":"일본","genreAlt":"성인물(에로),드라마,멜로/로맨스","repNationNm":"일본","repGenreNm":"성인물(에로)","directors":[{"peopleNm":"코고로 킨다이치"}],"companys":[]},{"movieCd":"20223448","movieNm":"옆집 부부와 구멍 깐부","movieNmEn":"","prdtYear":"2021","openDt":"20220204","typeNm":"장편","prdtStatNm":"개봉","nationAlt":"한국","genreAlt":"성인물(에로)","repNationNm":"한국","repGenreNm":"성인물(에로)","directors":[{"peopleNm":"문정동 쪼형"}],"companys":[{"companyCd":"19990110","companyNm":"두리컴"}]},{"movieCd":"20223364","movieNm":"여선배를 움켜쥔 열정 무삭제판","movieNmEn":"","prdtYear":"2020","openDt":"","typeNm":"장편","prdtStatNm":"기타","nationAlt":"일본","genreAlt":"성인물(에로),드라마","repNationNm":"일본","repGenreNm":"성인물(에로)","directors":[{"peopleNm":"마메자와 마메타로"}],"companys":[]},{"movieCd":"20223765","movieNm":"아는 여자:지금 하고 싶어","movieNmEn":"","prdtYear":"2020","openDt":"20220204","typeNm":"장편","prdtStatNm":"개봉","nationAlt":"일본","genreAlt":"성인물(에로),드라마,멜로/로맨스","repNationNm":"일본","repGenreNm":"성인물(에로)","directors":[{"peopleNm":"에도마사"}],"companys":[]},{"movieCd":"20223776","movieNm":"세 자매:바꿔서 해볼까?","movieNmEn":"","prdtYear":"2020","openDt":"20220204","typeNm":"장편","prdtStatNm":"개봉","nationAlt":"일본","genreAlt":"성인물(에로),드라마,멜로/로맨스","repNationNm":"일본","repGenreNm":"성인물(에로)","directors":[{"peopleNm":"코메이"}],"companys":[]},{"movieCd":"20223577","movieNm":"선을 넘은 아내의 방문판매 무삭제판","movieNmEn":"","prdtYear":"2020","openDt":"","typeNm":"장편","prdtStatNm":"기타","nationAlt":"일본","genreAlt":"성인물(에로),드라마","repNationNm":"일본","repGenreNm":"성인물(에로)","directors":[],"companys":[]}]}