{"totCnt":"95385","source":"영화진흥위원회","movieList":[{"movieCd":"20212383","movieNm":"꿈의 자격","movieNmEn":"","prdtYear":"2020","openDt":"","typeNm":"단편","prdtStatNm":"기타","nationAlt":"한국","genreAlt":"","repNationNm":"한국","repGenreNm":"","directors":[{"peopleNm":"심지현"}],"companys":[]},{"movieCd":"20212362","movieNm":"개 나리","movieNmEn":"","prdtYear":"2019","openDt":"","typeNm":"단편","prdtStatNm":"기타","nationAlt":"한국","genreAlt":"","repNationNm":"한국","repGenreNm":"","directors":[{"peopleNm":"김현준"}],"companys":[]},{"movieCd":"20212361","movieNm":"보트피플","movieNmEn":"","prdtYear":"2019","openDt":"","typeNm":"단편","prdtStatNm":"기타","nationAlt":"한국","genreAlt":"","repNationNm":"한국","repGenreNm":"","directors":[{"peopleNm":"신윤호"}],"companys":[]},{"movieCd":"20212340","movieNm":"강복","movieNmEn":"","prdtYear":"2019","openDt":"","typeNm":"단편","prdtStatNm":"기타","nationAlt":"한국","genreAlt":"","repNationNm":"한국","repGenreNm":"","directors":[{"peopleNm":"이승현"}],"companys":[]},{"movieCd":"20212359","movieNm":"가능의 세계","movieNmEn":"","prdtYear":"2019","openDt":"","typeNm":"단편","prdtStatNm":"기타","nationAlt":"한국","genreAlt":"","repNationNm":"한국","repGenreNm":"","directors":[{"peopleNm":"박지인"}],"companys":[]},{"movieCd":"20212358","movieNm":"봄처녀","movieNmEn":"","prdtYear":"2019","openDt":"","typeNm":"단편","prdtStatNm":"기타","nationAlt":"한국","genreAlt":"","repNationNm":"한국","repGenreNm":"","directors":[{"peopleNm":"이해지"}],"companys":[]},{"movieCd":"20212337","movieNm":"샬롬 아인","movieNmEn":"","prdtYear":"2019","openDt":"","typeNm":"단편","prdtStatNm":"기타","nationAlt":"한국","genreAlt":"","repNationNm":"한국","repGenreNm":"","directors":[{"peopleNm":"권성모"}],"companys":[]},{"movieCd":"20212356","movieNm":"내일로 가는 오늘 밤","movieNmEn":"","prdtYear":"2019","openDt":"","typeNm":"단편","prdtStatNm":"기타","nationAlt":"한국","genreAlt":"","repNationNm":"한국","repGenreNm":"","directors":[{"peopleNm":"최범찬"}],"companys":[]},{"movieCd":"20207587","movieNm":"청춘선거","movieNmEn":"Vote Young Ones","prdtYear":"2021","openDt":"20210617","typeNm":"장편","prdtStatNm":"개봉","nationAlt":"한국","genreAlt":"다큐멘터리","repNationNm":"한국","repGenreNm":"다큐멘터리","directors":[{"peopleNm":"민환기"}],"companys":[{"companyCd":"20217661","companyNm":"오프 램프"}]},{"movieCd":"20212336","movieNm":"수카바티","movieNmEn":"","prdtYear":"2019","openDt":"","typeNm":"장편","prdtStatNm":"","nationAlt":"한국","genreAlt":"","repNationNm":"한국","repGenreNm":"","directors":[{"peopleNm":"나바루"},{"peopleNm":"선호빈"}],"companys":[]}]}