{"totCnt":"95385","source":"영화진흥위원회","movieList":[{"movieCd":"20219601","movieNm":"소림사2 : 항마대전","movieNmEn":"Vanquishing the Demon","prdtYear":"2020","openDt":"","typeNm":"장편","prdtStatNm":"기타","nationAlt":"중국","genreAlt":"액션","repNationNm":"중국","repGenreNm":"액션","directors":[],"companys":[]},{"movieCd":"20210035","movieNm":"메이드 인 아메리카","movieNmEn":"Made in America","prdtYear":"2013","openDt":"20211008","typeNm":"장편","prdtStatNm":"개봉","nationAlt":"미국","genreAlt":"다큐멘터리","repNationNm":"미국","repGenreNm":"다큐멘터리","directors":[{"peopleNm":"론 하워드"}],"companys":[]},{"movieCd":"20210681","movieNm":"신혼여행중에 친구에게 길들여진 아내","movieNmEn":"","prdtYear":"2020","openDt":"","typeNm":"장편","prdtStatNm":"기타","nationAlt":"일본","genreAlt":"성인물(에로),드라마","repNationNm":"일본","repGenreNm":"성인물(에로)","directors":[{"peopleNm":"쇼오텐시로오"}],"companys":[]},{"movieCd":"20210621","movieNm":"숨겨지지 않는 거래처 사장과의 욕구 무삭제판","movieNmEn":"","prdtYear":"2019","openDt":"","typeNm":"장편","prdtStatNm":"기타","nationAlt":"일본","genreAlt":"성인물(에로),드라마","repNationNm":"일본","repGenreNm":"성인물(에로)","directors":[],"companys":[]},{"movieCd":"20210361","movieNm":"본 어 챔피언","movieNmEn":"Born a Champion","prdtYear":"2021","openDt":"","typeNm":"장편","prdtStatNm":"기타","nationAlt":"미국","genreAlt":"액션","repNationNm":"미국","repGenreNm":"액션","directors":[{"peopleNm":"알렉스 라나리벨로"}],"companys":[]},{"movieCd":"20210863","movieNm":"만족한 장모님","movieNmEn":"","prdtYear":"2020","openDt":"20211001","typeNm":"장편","prdtStatNm":"개봉","nationAlt":"일본","genreAlt":"멜로/로맨스","repNationNm":"일본","repGenreNm":"멜로/로맨스","directors":[{"peopleNm":"마메자와 마메타로"}],"companys":[]},{"movieCd":"20210617","movieNm":"남편은 모르는 음란한 욕망과 비밀 무삭제판","movieNmEn":"","prdtYear":"2019","openDt":"","typeNm":"장편","prdtStatNm":"기타","nationAlt":"일본","genreAlt":"성인물(에로),드라마","repNationNm":"일본","repGenreNm":"성인물(에로)","directors":[],"companys":[]},{"movieCd":"20210665","movieNm":"남편보다 훨씬 좋은 시아버지 대물","movieNmEn":"","prdtYear":"2020","openDt":"","typeNm":"장편","prdtStatNm":"기타","nationAlt":"일본","genreAlt":"성인물(에로),드라마","repNationNm":"일본","repGenreNm":"성인물(에로)","directors":[{"peopleNm":"아사기리 키요시"}],"companys":[]},{"movieCd":"20210862","movieNm":"기운센 새아들","movieNmEn":"","prdtYear":"2020","openDt":"20211001","typeNm":"장편","prdtStatNm":"개봉","nationAlt":"일본","genreAlt":"멜로/로맨스","repNationNm":"일본","repGenreNm":"멜로/로맨스","directors":[],"companys":[]},{"movieCd":"20209949","movieNm":"생각의 여름","movieNmEn":"Midsummer Madness","prdtYear":"2020","openDt":"20210812","typeNm":"장편","prdtStatNm":"개봉","nationAlt":"한국","genreAlt":"드라마","repNationNm":"한국","repGenreNm":"드라마","directors":[{"peopleNm":"김종재"}],"companys":[{"companyCd":"20217982","companyNm":"너드 조크 필름"}]}]}