{"totCnt":"95385","source":"영화진흥위원회","movieList":[{"movieCd":"20230880","movieNm":"아침 출근 지하철에 문이 열리면...","movieNmEn":"On My Way to Work in the Morning, When the Subway Door Opens...","prdtYear":"2022","openDt":"","typeNm":"단편","prdtStatNm":"기타","nationAlt":"한국","genreAlt":"다큐멘터리","repNationNm":"한국","repGenreNm":"다큐멘터리","directors":[{"peopleNm":"안창규"}],"companys":[]},{"movieCd":"20230879","movieNm":"쓰리썸 ： 내 아내의 친구 무삭제","movieNmEn":"","prdtYear":"2023","openDt":"","typeNm":"장편","prdtStatNm":"기타","nationAlt":"한국","genreAlt":"성인물(에로)","repNationNm":"한국","repGenreNm":"성인물(에로)","directors":[{"peopleNm":"민정현"}],"companys":[{"companyCd":"20161021","companyNm":"(주)영화사가을"}]},{"movieCd":"20230882","movieNm":"편지","movieNmEn":"Letter","prdtYear":"2022","openDt":"","typeNm":"단편","prdtStatNm":"기타","nationAlt":"한국","genreAlt":"다큐멘터리,드라마","repNationNm":"한국","repGenreNm":"다큐멘터리","directors":[],"companys":[]},{"movieCd":"20230878","movieNm":"쓰리썸 ： 내 아내의 친구","movieNmEn":"","prdtYear":"2023","openDt":"","typeNm":"장편","prdtStatNm":"기타","nationAlt":"한국","genreAlt":"성인물(에로)","repNationNm":"한국","repGenreNm":"성인물(에로)","directors":[{"peopleNm":"민정현"}],"companys":[{"companyCd":"20161021","companyNm":"(주)영화사가을"}]},{"movieCd":"20230881","movieNm":"한빛","movieNmEn":"With Hanbit","prdtYear":"2023","openDt":"","typeNm":"장편","prdtStatNm":"기타","nationAlt":"한국","genreAlt":"다큐멘터리,드라마","repNationNm":"한국","repGenreNm":"다큐멘터리","directors":[],"companys":[]},{"movieCd":"20228555","movieNm":"더 퍼스트 슬램덩크","movieNmEn":"The First Slam Dunk","prdtYear":"2022","openDt":"20230104","typeNm":"장편","prdtStatNm":"개봉","nationAlt":"일본","genreAlt":"애니메이션","repNationNm":"일본","repGenreNm":"애니메이션","directors":[{"peopleNm":"이노우에 다케히코"}],"companys":[]},{"movieCd":"20230877","movieNm":"관","movieNmEn":"Coffin","prdtYear":"2021","openDt":"","typeNm":"단편","prdtStatNm":"기타","nationAlt":"한국","genreAlt":"다큐멘터리","repNationNm":"한국","repGenreNm":"다큐멘터리","directors":[{"peopleNm":"류승진"}],"companys":[]},{"movieCd":"20230860","movieNm":"협박 : 변태섹스에 길들여진 여자","movieNmEn":"","prdtYear":"2022","openDt":"","typeNm":"장편","prdtStatNm":"기타","nationAlt":"일본","genreAlt":"성인물(에로)","repNationNm":"일본","repGenreNm":"성인물(에로)","directors":[{"peopleNm":"비바 곤조"}],"companys":[]},{"movieCd":"20230876","movieNm":"우리는 어떤 음악을 만들 거거든요?","movieNmEn":"We're Going to Make Some Kind of Music","prdtYear":"2020","openDt":"","typeNm":"단편","prdtStatNm":"기타","nationAlt":"한국","genreAlt":"다큐멘터리,드라마","repNationNm":"한국","repGenreNm":"다큐멘터리","directors":[],"companys":[]},{"movieCd":"20230875","movieNm":"코랄 러브","movieNmEn":"Coral Love","prdtYear":"2023","openDt":"","typeNm":"장편","prdtStatNm":"기타","nationAlt":"한국","genreAlt":"다큐멘터리","repNationNm":"한국","repGenreNm":"다큐멘터리","directors":[{"peopleNm":"이소정"}],"companys":[]}]}