{"totCnt":"95385","source":"영화진흥위원회","movieList":[{"movieCd":"20224641","movieNm":"차이나는 형수님","movieNmEn":"","prdtYear":"2022","openDt":"20220422","typeNm":"장편","prdtStatNm":"개봉","nationAlt":"한국","genreAlt":"성인물(에로),드라마","repNationNm":"한국","repGenreNm":"성인물(에로)","directors":[{"peopleNm":"이로운"}],"companys":[{"companyCd":"20136715","companyNm":"(주)영화사히트"}]},{"movieCd":"20224644","movieNm":"집사내일체","movieNmEn":"","prdtYear":"2022","openDt":"20220422","typeNm":"장편","prdtStatNm":"개봉","nationAlt":"한국","genreAlt":"성인물(에로),드라마","repNationNm":"한국","repGenreNm":"성인물(에로)","directors":[{"peopleNm":"이로운"}],"companys":[{"companyCd":"20136715","companyNm":"(주)영화사히트"}]},{"movieCd":"20224642","movieNm":"아낌없이 주는 처제","movieNmEn":"","prdtYear":"2022","openDt":"20220422","typeNm":"장편","prdtStatNm":"개봉","nationAlt":"한국","genreAlt":"성인물(에로),드라마","repNationNm":"한국","repGenreNm":"성인물(에로)","directors":[{"peopleNm":"이로운"}],"companys":[{"companyCd":"20136715","companyNm":"(주)영화사히트"}]},{"movieCd":"20224593","movieNm":"붉은 앙마 리부트","movieNmEn":"","prdtYear":"2021","openDt":"20220422","typeNm":"장편","prdtStatNm":"개봉","nationAlt":"한국","genreAlt":"성인물(에로),드라마,멜로/로맨스","repNationNm":"한국","repGenreNm":"성인물(에로)","directors":[{"peopleNm":"장선호"}],"companys":[{"companyCd":"20157008","companyNm":"(주)픽쳐레스크"}]},{"movieCd":"20224486","movieNm":"더 러브 비치","movieNmEn":"The love beach","prdtYear":"2021","openDt":"","typeNm":"장편","prdtStatNm":"기타","nationAlt":"기타","genreAlt":"성인물(에로),드라마","repNationNm":"기타","repGenreNm":"성인물(에로)","directors":[],"companys":[]},{"movieCd":"20224425","movieNm":"남편이 없는 오후, 빨아주는 여자","movieNmEn":"","prdtYear":"2020","openDt":"","typeNm":"장편","prdtStatNm":"기타","nationAlt":"일본","genreAlt":"성인물(에로),드라마","repNationNm":"일본","repGenreNm":"성인물(에로)","directors":[],"companys":[{"companyCd":"20186981","companyNm":"주식회사 플릭스코"}]},{"movieCd":"20224718","movieNm":"나이트메어 위치","movieNmEn":"Pungo: A Witch's Tale","prdtYear":"2020","openDt":"","typeNm":"장편","prdtStatNm":"기타","nationAlt":"미국","genreAlt":"판타지,공포(호러)","repNationNm":"미국","repGenreNm":"판타지","directors":[{"peopleNm":"필립 J. 쿡"}],"companys":[]},{"movieCd":"20224744","movieNm":"송 투 유","movieNmEn":"Sold Out","prdtYear":"2021","openDt":"","typeNm":"장편","prdtStatNm":"기타","nationAlt":"미국","genreAlt":"드라마,뮤지컬,멜로/로맨스","repNationNm":"미국","repGenreNm":"드라마","directors":[{"peopleNm":"팀 달세이드"}],"companys":[]},{"movieCd":"20190280","movieNm":"날씨의 아이","movieNmEn":"Weathering With You","prdtYear":"2019","openDt":"20191030","typeNm":"장편","prdtStatNm":"개봉","nationAlt":"일본","genreAlt":"애니메이션,판타지,멜로/로맨스","repNationNm":"일본","repGenreNm":"애니메이션","directors":[{"peopleNm":"신카이 마코토"}],"companys":[]},{"movieCd":"20212482","movieNm":"대구독립영화 연말정산 2021 - 단편5","movieNmEn":"","prdtYear":"2021","openDt":"","typeNm":"옴니버스","prdtStatNm":"기타","nationAlt":"한국","genreAlt":"기타","repNationNm":"한국","repGenreNm":"기타","directors":[],"companys":[]}]}