{"totCnt":"95385","source":"영화진흥위원회","movieList":[{"movieCd":"20211388","movieNm":"손오공6: 화염산 전투","movieNmEn":"Monkey King: The Volcano","prdtYear":"2019","openDt":"","typeNm":"장편","prdtStatNm":"기타","nationAlt":"중국","genreAlt":"액션","repNationNm":"중국","repGenreNm":"액션","directors":[{"peopleNm":"임진소"}],"companys":[]},{"movieCd":"20211373","movieNm":"호러 샤크","movieNmEn":"Horror Shark","prdtYear":"2020","openDt":"","typeNm":"장편","prdtStatNm":"기타","nationAlt":"중국","genreAlt":"액션","repNationNm":"중국","repGenreNm":"액션","directors":[],"companys":[]},{"movieCd":"20211372","movieNm":"섹스소녀 13","movieNmEn":"","prdtYear":"2021","openDt":"","typeNm":"장편","prdtStatNm":"기타","nationAlt":"한국","genreAlt":"멜로/로맨스","repNationNm":"한국","repGenreNm":"멜로/로맨스","directors":[{"peopleNm":"알렉사 박"}],"companys":[{"companyCd":"20217521","companyNm":"타히티 필름"}]},{"movieCd":"20211371","movieNm":"가슴 큰 모델","movieNmEn":"","prdtYear":"2021","openDt":"","typeNm":"장편","prdtStatNm":"기타","nationAlt":"한국","genreAlt":"멜로/로맨스","repNationNm":"한국","repGenreNm":"멜로/로맨스","directors":[{"peopleNm":"알렉사 박"}],"companys":[{"companyCd":"20217521","companyNm":"타히티 필름"}]},{"movieCd":"20211370","movieNm":"18 초보모델 화영의 유혹","movieNmEn":"","prdtYear":"2021","openDt":"","typeNm":"장편","prdtStatNm":"기타","nationAlt":"한국","genreAlt":"멜로/로맨스","repNationNm":"한국","repGenreNm":"멜로/로맨스","directors":[{"peopleNm":"알렉사 박"}],"companys":[{"companyCd":"20217521","companyNm":"타히티 필름"}]},{"movieCd":"20210662","movieNm":"애프터: 관계의 함정","movieNmEn":"After We Fell","prdtYear":"2021","openDt":"20211027","typeNm":"장편","prdtStatNm":"개봉","nationAlt":"미국","genreAlt":"멜로/로맨스","repNationNm":"미국","repGenreNm":"멜로/로맨스","directors":[{"peopleNm":"캐스틸 랜던"}],"companys":[]},{"movieCd":"20210683","movieNm":"할로윈 킬즈","movieNmEn":"Halloween Kills","prdtYear":"2020","openDt":"20211027","typeNm":"장편","prdtStatNm":"개봉","nationAlt":"미국","genreAlt":"공포(호러)","repNationNm":"미국","repGenreNm":"공포(호러)","directors":[{"peopleNm":"데이빗 고든 그린"}],"companys":[]},{"movieCd":"20217172","movieNm":"센코롤 커넥트","movieNmEn":"Cencoroll Connect","prdtYear":"2019","openDt":"20211027","typeNm":"장편","prdtStatNm":"개봉","nationAlt":"일본","genreAlt":"애니메이션","repNationNm":"일본","repGenreNm":"애니메이션","directors":[],"companys":[]},{"movieCd":"20210682","movieNm":"바다 탐험대 옥토넛 : 육지수호 대작전","movieNmEn":"OCTONAUTS : Above & Beyond","prdtYear":"2021","openDt":"20211027","typeNm":"장편","prdtStatNm":"개봉","nationAlt":"영국","genreAlt":"애니메이션,액션,어드벤처","repNationNm":"영국","repGenreNm":"애니메이션","directors":[],"companys":[]},{"movieCd":"20211287","movieNm":"형수 안에 들락날락","movieNmEn":"","prdtYear":"2020","openDt":"20211026","typeNm":"장편","prdtStatNm":"개봉","nationAlt":"일본","genreAlt":"멜로/로맨스,드라마","repNationNm":"일본","repGenreNm":"멜로/로맨스","directors":[{"peopleNm":"버드맨 텟페이"}],"companys":[]}]}