{"totCnt":"95385","source":"영화진흥위원회","movieList":[{"movieCd":"20219170","movieNm":"대실금 - 굴욕의 방수명령","movieNmEn":"","prdtYear":"2020","openDt":"","typeNm":"장편","prdtStatNm":"기타","nationAlt":"일본","genreAlt":"성인물(에로)","repNationNm":"일본","repGenreNm":"성인물(에로)","directors":[{"peopleNm":"코지마 유키오"}],"companys":[]},{"movieCd":"20219153","movieNm":"대낮공원에서 조교당한 새엄마","movieNmEn":"","prdtYear":"2020","openDt":"","typeNm":"장편","prdtStatNm":"기타","nationAlt":"일본","genreAlt":"성인물(에로)","repNationNm":"일본","repGenreNm":"성인물(에로)","directors":[{"peopleNm":"와타나베 준이치"}],"companys":[]},{"movieCd":"20219157","movieNm":"내침대에서 같이 보는 야한영화","movieNmEn":"","prdtYear":"2020","openDt":"","typeNm":"장편","prdtStatNm":"기타","nationAlt":"일본","genreAlt":"성인물(에로)","repNationNm":"일본","repGenreNm":"성인물(에로)","directors":[{"peopleNm":"코지마 유키오"}],"companys":[]},{"movieCd":"20210615","movieNm":"남편의 사정 후 들어오는 시아버지 무삭제판","movieNmEn":"","prdtYear":"2019","openDt":"","typeNm":"장편","prdtStatNm":"기타","nationAlt":"일본","genreAlt":"성인물(에로),드라마","repNationNm":"일본","repGenreNm":"성인물(에로)","directors":[],"companys":[]},{"movieCd":"20219147","movieNm":"남자복터진 새엄마 아이짱","movieNmEn":"","prdtYear":"2020","openDt":"","typeNm":"장편","prdtStatNm":"기타","nationAlt":"일본","genreAlt":"성인물(에로)","repNationNm":"일본","repGenreNm":"성인물(에로)","directors":[{"peopleNm":"코지마 유키오"}],"companys":[]},{"movieCd":"20210754","movieNm":"과부 형수 치마 벗는 날","movieNmEn":"","prdtYear":"2020","openDt":"20210930","typeNm":"장편","prdtStatNm":"개봉","nationAlt":"일본","genreAlt":"멜로/로맨스,드라마","repNationNm":"일본","repGenreNm":"멜로/로맨스","directors":[{"peopleNm":"쿠도 타이요"}],"companys":[]},{"movieCd":"20219162","movieNm":"갸루걸과 오르가즘","movieNmEn":"","prdtYear":"2020","openDt":"","typeNm":"장편","prdtStatNm":"기타","nationAlt":"일본","genreAlt":"성인물(에로)","repNationNm":"일본","repGenreNm":"성인물(에로)","directors":[{"peopleNm":"코지마 유키오"}],"companys":[]},{"movieCd":"20205287","movieNm":"내 여자친구의 동생 무삭제","movieNmEn":"","prdtYear":"2020","openDt":"20210926","typeNm":"장편","prdtStatNm":"개봉","nationAlt":"한국","genreAlt":"멜로/로맨스","repNationNm":"한국","repGenreNm":"멜로/로맨스","directors":[{"peopleNm":"한대위"}],"companys":[{"companyCd":"20161021","companyNm":"(주)영화사가을"}]},{"movieCd":"20210065","movieNm":"여대괴담","movieNmEn":"Girl Dorm","prdtYear":"2019","openDt":"","typeNm":"장편","prdtStatNm":"기타","nationAlt":"중국","genreAlt":"공포(호러),스릴러","repNationNm":"중국","repGenreNm":"공포(호러)","directors":[],"companys":[]},{"movieCd":"20210246","movieNm":"우리가 죽기를 바라는 사람들","movieNmEn":"Rushed","prdtYear":"2021","openDt":"","typeNm":"장편","prdtStatNm":"기타","nationAlt":"미국","genreAlt":"스릴러","repNationNm":"미국","repGenreNm":"스릴러","directors":[{"peopleNm":"비베케 무아샤"}],"companys":[]}]}