{"totCnt":"95385","source":"영화진흥위원회","movieList":[{"movieCd":"20210502","movieNm":"교도소의 G.K.","movieNmEn":"G.K.","prdtYear":"2019","openDt":"","typeNm":"단편","prdtStatNm":"기타","nationAlt":"터키","genreAlt":"기타","repNationNm":"터키","repGenreNm":"기타","directors":[],"companys":[]},{"movieCd":"20210501","movieNm":"추첨","movieNmEn":"Lucky Draw","prdtYear":"2019","openDt":"","typeNm":"단편","prdtStatNm":"기타","nationAlt":"대만","genreAlt":"기타","repNationNm":"대만","repGenreNm":"기타","directors":[],"companys":[]},{"movieCd":"20210483","movieNm":"나인 샷","movieNmEn":"Nine Shots","prdtYear":"2019","openDt":"","typeNm":"단편","prdtStatNm":"기타","nationAlt":"대만","genreAlt":"기타","repNationNm":"대만","repGenreNm":"기타","directors":[],"companys":[]},{"movieCd":"20210482","movieNm":"어둠의 시간들","movieNmEn":"The Darkest Night","prdtYear":"2019","openDt":"","typeNm":"단편","prdtStatNm":"기타","nationAlt":"대만","genreAlt":"기타","repNationNm":"대만","repGenreNm":"기타","directors":[],"companys":[]},{"movieCd":"20207023","movieNm":"리틀 힐리","movieNmEn":"Little Hilly","prdtYear":"2020","openDt":"","typeNm":"단편","prdtStatNm":"기타","nationAlt":"대만","genreAlt":"애니메이션","repNationNm":"대만","repGenreNm":"애니메이션","directors":[],"companys":[]},{"movieCd":"20210481","movieNm":"벗어날 수 없는 자물쇠","movieNmEn":"A Lock with No Key","prdtYear":"2020","openDt":"","typeNm":"단편","prdtStatNm":"기타","nationAlt":"대만","genreAlt":"기타","repNationNm":"대만","repGenreNm":"기타","directors":[],"companys":[]},{"movieCd":"20210460","movieNm":"소원","movieNmEn":"One to Ten","prdtYear":"2019","openDt":"","typeNm":"단편","prdtStatNm":"기타","nationAlt":"대만","genreAlt":"기타","repNationNm":"대만","repGenreNm":"기타","directors":[],"companys":[]},{"movieCd":"20191962","movieNm":"제8일의 밤","movieNmEn":"THE 8TH NIGHT","prdtYear":"2021","openDt":"","typeNm":"장편","prdtStatNm":"기타","nationAlt":"한국","genreAlt":"미스터리,스릴러","repNationNm":"한국","repGenreNm":"미스터리","directors":[{"peopleNm":"김태형"}],"companys":[{"companyCd":"20156929","companyNm":"(주)빅오션이엔엠"},{"companyCd":"20217743","companyNm":"(주)고고스튜디오"}]},{"movieCd":"20219185","movieNm":"건파우더 밀크셰이크","movieNmEn":"Gunpowder Milkshake","prdtYear":"2020","openDt":"20210908","typeNm":"장편","prdtStatNm":"개봉","nationAlt":"프랑스","genreAlt":"액션","repNationNm":"프랑스","repGenreNm":"액션","directors":[{"peopleNm":"나봇 파푸샤도"}],"companys":[]},{"movieCd":"20210461","movieNm":"비호기병","movieNmEn":"City Hero","prdtYear":"1985","openDt":"","typeNm":"장편","prdtStatNm":"기타","nationAlt":"홍콩","genreAlt":"범죄,드라마,액션","repNationNm":"홍콩","repGenreNm":"범죄","directors":[],"companys":[]}]}