{"totCnt":"95385","source":"영화진흥위원회","movieList":[{"movieCd":"20211984","movieNm":"파이어 셧 업 인 마이 본즈","movieNmEn":"Fire Shut Up in My Bones","prdtYear":"2022","openDt":"20220201","typeNm":"장편","prdtStatNm":"개봉","nationAlt":"미국","genreAlt":"공연","repNationNm":"미국","repGenreNm":"공연","directors":[],"companys":[]},{"movieCd":"20223306","movieNm":"아빠의 여자친구","movieNmEn":"","prdtYear":"2021","openDt":"20220114","typeNm":"장편","prdtStatNm":"개봉","nationAlt":"한국","genreAlt":"성인물(에로),멜로/로맨스","repNationNm":"한국","repGenreNm":"성인물(에로)","directors":[{"peopleNm":"이로운"}],"companys":[{"companyCd":"20136715","companyNm":"(주)영화사히트"}]},{"movieCd":"20212915","movieNm":"흥건한 유부녀들:발정난 하루","movieNmEn":"","prdtYear":"2020","openDt":"20220107","typeNm":"장편","prdtStatNm":"개봉","nationAlt":"일본","genreAlt":"성인물(에로),드라마,멜로/로맨스","repNationNm":"일본","repGenreNm":"성인물(에로)","directors":[{"peopleNm":"나베"}],"companys":[]},{"movieCd":"20212972","movieNm":"옆집여자:치마 벗는 날","movieNmEn":"","prdtYear":"2020","openDt":"20220115","typeNm":"장편","prdtStatNm":"개봉","nationAlt":"일본","genreAlt":"성인물(에로),드라마,멜로/로맨스","repNationNm":"일본","repGenreNm":"성인물(에로)","directors":[{"peopleNm":"디렉터 O"}],"companys":[]},{"movieCd":"20212721","movieNm":"에스코트","movieNmEn":"","prdtYear":"2021","openDt":"20220107","typeNm":"장편","prdtStatNm":"개봉","nationAlt":"한국","genreAlt":"성인물(에로),드라마,멜로/로맨스","repNationNm":"한국","repGenreNm":"성인물(에로)","directors":[{"peopleNm":"이영인"}],"companys":[{"companyCd":"20114899","companyNm":"(주)영진크리에이티브"}]},{"movieCd":"20212879","movieNm":"스와핑:변태 부부","movieNmEn":"","prdtYear":"2020","openDt":"20220107","typeNm":"장편","prdtStatNm":"개봉","nationAlt":"일본","genreAlt":"성인물(에로),드라마,멜로/로맨스","repNationNm":"일본","repGenreNm":"성인물(에로)","directors":[{"peopleNm":"나가에 타카미"}],"companys":[]},{"movieCd":"20212880","movieNm":"간병인들:농익은 서비스","movieNmEn":"","prdtYear":"2020","openDt":"20220107","typeNm":"장편","prdtStatNm":"개봉","nationAlt":"일본","genreAlt":"성인물(에로),드라마,멜로/로맨스","repNationNm":"일본","repGenreNm":"성인물(에로)","directors":[{"peopleNm":"나베"}],"companys":[]},{"movieCd":"20212878","movieNm":"형수와 도련님:형이 잠에 들면","movieNmEn":"","prdtYear":"2020","openDt":"20220106","typeNm":"장편","prdtStatNm":"개봉","nationAlt":"일본","genreAlt":"성인물(에로),드라마,멜로/로맨스","repNationNm":"일본","repGenreNm":"성인물(에로)","directors":[{"peopleNm":"디렉터 O"}],"companys":[]},{"movieCd":"19838068","movieNm":"해탄적일천","movieNmEn":"That Day, on the Beach","prdtYear":"1983","openDt":"20220106","typeNm":"장편","prdtStatNm":"개봉","nationAlt":"대만","genreAlt":"드라마","repNationNm":"대만","repGenreNm":"드라마","directors":[{"peopleNm":"에드워드 양"}],"companys":[]},{"movieCd":"20212877","movieNm":"질펀한 헬스장:섹시 트레이너","movieNmEn":"","prdtYear":"2020","openDt":"20220106","typeNm":"장편","prdtStatNm":"개봉","nationAlt":"일본","genreAlt":"성인물(에로),드라마,멜로/로맨스","repNationNm":"일본","repGenreNm":"성인물(에로)","directors":[{"peopleNm":"하만"}],"companys":[]}]}