{"totCnt":"95385","source":"영화진흥위원회","movieList":[{"movieCd":"20215891","movieNm":"정브르의 동물일기","movieNmEn":"","prdtYear":"2021","openDt":"20210224","typeNm":"장편","prdtStatNm":"개봉","nationAlt":"한국","genreAlt":"다큐멘터리","repNationNm":"한국","repGenreNm":"다큐멘터리","directors":[{"peopleNm":"박동훈"}],"companys":[{"companyCd":"20216902","companyNm":"(주)샌드박스네트워크"}]},{"movieCd":"20198053","movieNm":"나는 나를 해고하지 않는다","movieNmEn":"I Don’t Fire Myself","prdtYear":"2020","openDt":"20210128","typeNm":"장편","prdtStatNm":"개봉","nationAlt":"한국","genreAlt":"드라마","repNationNm":"한국","repGenreNm":"드라마","directors":[{"peopleNm":"이태겸"}],"companys":[{"companyCd":"20174882","companyNm":"(주)홍시쥔"},{"companyCd":"20188001","companyNm":"아트 윙"}]},{"movieCd":"20060423","movieNm":"드림걸즈","movieNmEn":"Dreamgirls","prdtYear":"2006","openDt":"20070222","typeNm":"장편","prdtStatNm":"개봉","nationAlt":"미국","genreAlt":"드라마,뮤지컬","repNationNm":"미국","repGenreNm":"드라마","directors":[{"peopleNm":"빌 콘돈"}],"companys":[{"companyCd":"20102885","companyNm":"드림웍스 SKG"},{"companyCd":"20104469","companyNm":"파라마운트 픽쳐스"}]},{"movieCd":"20219768","movieNm":"하방신성","movieNmEn":"The Crazy Chase","prdtYear":"1981","openDt":"","typeNm":"장편","prdtStatNm":"기타","nationAlt":"홍콩","genreAlt":"코미디,액션","repNationNm":"홍콩","repGenreNm":"코미디","directors":[{"peopleNm":"증지위"}],"companys":[]},{"movieCd":"20219743","movieNm":"타공황제","movieNmEn":"Working Class","prdtYear":"1985","openDt":"","typeNm":"장편","prdtStatNm":"기타","nationAlt":"홍콩","genreAlt":"코미디,드라마","repNationNm":"홍콩","repGenreNm":"코미디","directors":[{"peopleNm":"서극"}],"companys":[]},{"movieCd":"20219742","movieNm":"위험인물","movieNmEn":"Undercover","prdtYear":"2007","openDt":"","typeNm":"장편","prdtStatNm":"기타","nationAlt":"홍콩","genreAlt":"스릴러,범죄","repNationNm":"홍콩","repGenreNm":"스릴러","directors":[{"peopleNm":"종소웅"}],"companys":[]},{"movieCd":"20219740","movieNm":"삼부관","movieNmEn":"Chaos","prdtYear":"1984","openDt":"","typeNm":"장편","prdtStatNm":"기타","nationAlt":"홍콩","genreAlt":"액션","repNationNm":"홍콩","repGenreNm":"액션","directors":[{"peopleNm":"구예도"}],"companys":[]},{"movieCd":"20219764","movieNm":"코만도 인 런던","movieNmEn":"","prdtYear":"2019","openDt":"","typeNm":"장편","prdtStatNm":"기타","nationAlt":"기타","genreAlt":"드라마","repNationNm":"기타","repGenreNm":"드라마","directors":[{"peopleNm":"아딧야 대트"}],"companys":[]},{"movieCd":"20192986","movieNm":"프리 가이 ","movieNmEn":"Free Guy","prdtYear":"2021","openDt":"20210811","typeNm":"장편","prdtStatNm":"개봉","nationAlt":"미국","genreAlt":"액션,어드벤처","repNationNm":"미국","repGenreNm":"액션","directors":[{"peopleNm":"숀 레비"}],"companys":[]},{"movieCd":"20218243","movieNm":"도신-천하지독존","movieNmEn":"God of Gamblers","prdtYear":"2017","openDt":"20210811","typeNm":"장편","prdtStatNm":"개봉","nationAlt":"홍콩","genreAlt":"액션","repNationNm":"홍콩","repGenreNm":"액션","directors":[],"companys":[]}]}