{"totCnt":"95385","source":"영화진흥위원회","movieList":[{"movieCd":"20212573","movieNm":"나쁜 친구","movieNmEn":"Bad Buddy","prdtYear":"2021","openDt":"","typeNm":"단편","prdtStatNm":"기타","nationAlt":"한국","genreAlt":"애니메이션","repNationNm":"한국","repGenreNm":"애니메이션","directors":[{"peopleNm":"한병아"}],"companys":[]},{"movieCd":"20212537","movieNm":"씨티백","movieNmEn":"CITI-100","prdtYear":"2021","openDt":"","typeNm":"단편","prdtStatNm":"기타","nationAlt":"한국","genreAlt":"다큐멘터리","repNationNm":"한국","repGenreNm":"다큐멘터리","directors":[{"peopleNm":"황선영"}],"companys":[]},{"movieCd":"20212533","movieNm":"퇴직금","movieNmEn":"Severance Pay","prdtYear":"2021","openDt":"","typeNm":"단편","prdtStatNm":"기타","nationAlt":"한국","genreAlt":"드라마","repNationNm":"한국","repGenreNm":"드라마","directors":[{"peopleNm":"전재연"}],"companys":[]},{"movieCd":"20212243","movieNm":"건전지 아빠","movieNmEn":"Battery Daddy","prdtYear":"2021","openDt":"","typeNm":"단편","prdtStatNm":"기타","nationAlt":"한국","genreAlt":"애니메이션","repNationNm":"한국","repGenreNm":"애니메이션","directors":[{"peopleNm":"전승배"}],"companys":[]},{"movieCd":"20224225","movieNm":"코로나 이펙트","movieNmEn":"All in My Power","prdtYear":"2022","openDt":"","typeNm":"장편","prdtStatNm":"기타","nationAlt":"미국","genreAlt":"다큐멘터리","repNationNm":"미국","repGenreNm":"다큐멘터리","directors":[{"peopleNm":"챈들러 클라크"}],"companys":[]},{"movieCd":"20211725","movieNm":"엣지 오브 더 월드","movieNmEn":"Edge of the World","prdtYear":"2021","openDt":"","typeNm":"장편","prdtStatNm":"기타","nationAlt":"미국","genreAlt":"어드벤처,전쟁,액션","repNationNm":"미국","repGenreNm":"어드벤처","directors":[{"peopleNm":"마이클 하우스만"}],"companys":[]},{"movieCd":"20224170","movieNm":"핫바디 유이의 섹스 라이프","movieNmEn":"","prdtYear":"2020","openDt":"20220314","typeNm":"장편","prdtStatNm":"개봉","nationAlt":"일본","genreAlt":"성인물(에로),드라마,멜로/로맨스","repNationNm":"일본","repGenreNm":"성인물(에로)","directors":[{"peopleNm":"아베 신야"}],"companys":[]},{"movieCd":"20224154","movieNm":"수영강사의 젖은 성교육","movieNmEn":"","prdtYear":"2020","openDt":"20220314","typeNm":"장편","prdtStatNm":"개봉","nationAlt":"일본","genreAlt":"성인물(에로),드라마,멜로/로맨스","repNationNm":"일본","repGenreNm":"성인물(에로)","directors":[{"peopleNm":"빈센트 갸루"}],"companys":[]},{"movieCd":"20224153","movieNm":"새엄마:질펀한 원나잇","movieNmEn":"","prdtYear":"2020","openDt":"20220314","typeNm":"장편","prdtStatNm":"개봉","nationAlt":"일본","genreAlt":"성인물(에로),드라마,멜로/로맨스","repNationNm":"일본","repGenreNm":"성인물(에로)","directors":[{"peopleNm":"히로아키"}],"companys":[]},{"movieCd":"20224074","movieNm":"상식개변 성욕 처리는 당연한 일","movieNmEn":"","prdtYear":"2021","openDt":"20220314","typeNm":"장편","prdtStatNm":"개봉","nationAlt":"한국","genreAlt":"성인물(에로)","repNationNm":"한국","repGenreNm":"성인물(에로)","directors":[{"peopleNm":"제너럴리스트"}],"companys":[{"companyCd":"20141911","companyNm":"(주)뮤직엔닷컴"}]}]}