{"totCnt":"95385","source":"영화진흥위원회","movieList":[{"movieCd":"20219096","movieNm":"타다: 대한민국 스타트업의 초상","movieNmEn":"TADA: A Portrait of Korean Startups","prdtYear":"2021","openDt":"20211014","typeNm":"장편","prdtStatNm":"개봉","nationAlt":"한국","genreAlt":"다큐멘터리","repNationNm":"한국","repGenreNm":"다큐멘터리","directors":[{"peopleNm":"권명국"}],"companys":[{"companyCd":"20217663","companyNm":"(주)시네마틱퍼슨"}]},{"movieCd":"20211394","movieNm":"오렌지필름 기획전 - (  )하다","movieNmEn":"","prdtYear":"2021","openDt":"","typeNm":"옴니버스","prdtStatNm":"기타","nationAlt":"한국","genreAlt":"드라마","repNationNm":"한국","repGenreNm":"드라마","directors":[],"companys":[]},{"movieCd":"20211393","movieNm":"적어도 끝까지 걷지는 않았다","movieNmEn":"","prdtYear":"2018","openDt":"","typeNm":"단편","prdtStatNm":"기타","nationAlt":"한국","genreAlt":"드라마","repNationNm":"한국","repGenreNm":"드라마","directors":[],"companys":[]},{"movieCd":"20211376","movieNm":"우리는 서로 사랑해야 한다","movieNmEn":"We have to love each other","prdtYear":"2021","openDt":"","typeNm":"단편","prdtStatNm":"기타","nationAlt":"한국","genreAlt":"드라마","repNationNm":"한국","repGenreNm":"드라마","directors":[],"companys":[]},{"movieCd":"20211375","movieNm":"일과 나날 2부","movieNmEn":"The Works and Days","prdtYear":"2020","openDt":"","typeNm":"장편","prdtStatNm":"기타","nationAlt":"미국,스웨덴,일본,영국","genreAlt":"드라마","repNationNm":"미국","repGenreNm":"드라마","directors":[],"companys":[]},{"movieCd":"20211374","movieNm":"일과 나날 1부","movieNmEn":"The Works and Days","prdtYear":"2020","openDt":"","typeNm":"장편","prdtStatNm":"기타","nationAlt":"미국,스웨덴,일본,영국","genreAlt":"드라마","repNationNm":"미국","repGenreNm":"드라마","directors":[],"companys":[]},{"movieCd":"20210614","movieNm":"퍼펙트 스틸","movieNmEn":"Naked Singularity","prdtYear":"2021","openDt":"20211028","typeNm":"장편","prdtStatNm":"개봉","nationAlt":"영국","genreAlt":"범죄,액션","repNationNm":"영국","repGenreNm":"범죄","directors":[],"companys":[]},{"movieCd":"20210382","movieNm":"클리너:살인마의 집","movieNmEn":"One Must Fall","prdtYear":"2018","openDt":"20211028","typeNm":"장편","prdtStatNm":"개봉","nationAlt":"미국","genreAlt":"스릴러","repNationNm":"미국","repGenreNm":"스릴러","directors":[{"peopleNm":"안토니오 판토하"}],"companys":[]},{"movieCd":"20211158","movieNm":"쥬라기 헌트","movieNmEn":"Jurassic Hunt","prdtYear":"2020","openDt":"","typeNm":"장편","prdtStatNm":"기타","nationAlt":"미국","genreAlt":"어드벤처,SF,스릴러","repNationNm":"미국","repGenreNm":"어드벤처","directors":[{"peopleNm":"행크 브랙스톤"}],"companys":[]},{"movieCd":"20210923","movieNm":"올 어바웃 섹스","movieNmEn":"All About Sex","prdtYear":"2020","openDt":"","typeNm":"장편","prdtStatNm":"기타","nationAlt":"미국","genreAlt":"드라마","repNationNm":"미국","repGenreNm":"드라마","directors":[],"companys":[]}]}