{"totCnt":"95385","source":"영화진흥위원회","movieList":[{"movieCd":"20211970","movieNm":"며느리의 벗방","movieNmEn":"","prdtYear":"2020","openDt":"20211125","typeNm":"장편","prdtStatNm":"개봉","nationAlt":"일본","genreAlt":"멜로/로맨스,드라마","repNationNm":"일본","repGenreNm":"멜로/로맨스","directors":[{"peopleNm":"사쿠라비토"}],"companys":[]},{"movieCd":"20211518","movieNm":"또 다른 사육 (무삭제)","movieNmEn":"","prdtYear":"2021","openDt":"","typeNm":"장편","prdtStatNm":"기타","nationAlt":"한국","genreAlt":"성인물(에로),드라마","repNationNm":"한국","repGenreNm":"성인물(에로)","directors":[{"peopleNm":"야신수"}],"companys":[{"companyCd":"20061917","companyNm":"(주)이십일세기미디어"}]},{"movieCd":"20216710","movieNm":"명탐정 코난: 비색의 탄환","movieNmEn":"Detective Conan: The Scarlet Bullet","prdtYear":"2020","openDt":"20210416","typeNm":"장편","prdtStatNm":"개봉","nationAlt":"일본","genreAlt":"애니메이션","repNationNm":"일본","repGenreNm":"애니메이션","directors":[{"peopleNm":"나가오카 치카"}],"companys":[]},{"movieCd":"20212102","movieNm":"단편영화의 매력속으로 IV","movieNmEn":"","prdtYear":"2021","openDt":"","typeNm":"옴니버스","prdtStatNm":"기타","nationAlt":"한국","genreAlt":"기타","repNationNm":"한국","repGenreNm":"기타","directors":[],"companys":[]},{"movieCd":"20212101","movieNm":"단편영화의 매력속으로 III","movieNmEn":"","prdtYear":"2021","openDt":"","typeNm":"옴니버스","prdtStatNm":"기타","nationAlt":"한국","genreAlt":"기타","repNationNm":"한국","repGenreNm":"기타","directors":[],"companys":[]},{"movieCd":"20212060","movieNm":"혈액형","movieNmEn":"","prdtYear":"2021","openDt":"","typeNm":"장편","prdtStatNm":"기타","nationAlt":"한국","genreAlt":"드라마","repNationNm":"한국","repGenreNm":"드라마","directors":[],"companys":[]},{"movieCd":"20212081","movieNm":"친구 엄마는 섹스 친구","movieNmEn":"My Friend of the mother is Sex Friend","prdtYear":"2021","openDt":"","typeNm":"장편","prdtStatNm":"기타","nationAlt":"일본","genreAlt":"성인물(에로),드라마","repNationNm":"일본","repGenreNm":"성인물(에로)","directors":[{"peopleNm":"몬도 카사"}],"companys":[]},{"movieCd":"20212080","movieNm":"시아버지와 변태 며느리","movieNmEn":"Every Tuesday","prdtYear":"2021","openDt":"","typeNm":"장편","prdtStatNm":"기타","nationAlt":"일본","genreAlt":"성인물(에로),드라마","repNationNm":"일본","repGenreNm":"성인물(에로)","directors":[{"peopleNm":"오자키 히로코우지"}],"companys":[]},{"movieCd":"20212059","movieNm":"남편 동료와 섹파된 가정주부","movieNmEn":"Sex slave","prdtYear":"2021","openDt":"","typeNm":"장편","prdtStatNm":"기타","nationAlt":"일본","genreAlt":"성인물(에로),드라마","repNationNm":"일본","repGenreNm":"성인물(에로)","directors":[{"peopleNm":"오자키 히로코우지"}],"companys":[]},{"movieCd":"20212058","movieNm":"서른 살 사모님 엉덩이 첫 경험","movieNmEn":"Temptation of a slut","prdtYear":"2021","openDt":"","typeNm":"장편","prdtStatNm":"기타","nationAlt":"일본","genreAlt":"성인물(에로),드라마","repNationNm":"일본","repGenreNm":"성인물(에로)","directors":[{"peopleNm":"킨피카하누케마루"}],"companys":[]}]}