{"totCnt":"95385","source":"영화진흥위원회","movieList":[{"movieCd":"20223943","movieNm":"넣으러 가는길 무삭제판","movieNmEn":"AH 40DAI","prdtYear":"2022","openDt":"20220303","typeNm":"장편","prdtStatNm":"개봉","nationAlt":"일본","genreAlt":"성인물(에로),멜로/로맨스","repNationNm":"일본","repGenreNm":"성인물(에로)","directors":[],"companys":[]},{"movieCd":"20224068","movieNm":"욕정 채운 수업","movieNmEn":"","prdtYear":"2020","openDt":"20220301","typeNm":"장편","prdtStatNm":"개봉","nationAlt":"일본","genreAlt":"성인물(에로)","repNationNm":"일본","repGenreNm":"성인물(에로)","directors":[],"companys":[]},{"movieCd":"20224071","movieNm":"옆집 유부녀의 몸부림","movieNmEn":"","prdtYear":"2020","openDt":"20220301","typeNm":"장편","prdtStatNm":"개봉","nationAlt":"일본","genreAlt":"성인물(에로)","repNationNm":"일본","repGenreNm":"성인물(에로)","directors":[],"companys":[]},{"movieCd":"20224092","movieNm":"비대면 정사 무삭제판","movieNmEn":"","prdtYear":"2021","openDt":"20220301","typeNm":"장편","prdtStatNm":"개봉","nationAlt":"한국","genreAlt":"성인물(에로),멜로/로맨스","repNationNm":"한국","repGenreNm":"성인물(에로)","directors":[{"peopleNm":"이상수"}],"companys":[{"companyCd":"20161342","companyNm":"선셋 시네마"}]},{"movieCd":"20200703","movieNm":"극장판 귀멸의 칼날: 무한열차편","movieNmEn":"Demon Slayer: Kimetsu no Yaiba the Movie - Mugen Train","prdtYear":"2020","openDt":"20210127","typeNm":"장편","prdtStatNm":"개봉","nationAlt":"일본","genreAlt":"애니메이션","repNationNm":"일본","repGenreNm":"애니메이션","directors":[{"peopleNm":"소토자키 하루오"}],"companys":[]},{"movieCd":"20224266","movieNm":"아이다 레드","movieNmEn":"Ida Red","prdtYear":"2021","openDt":"","typeNm":"장편","prdtStatNm":"기타","nationAlt":"미국","genreAlt":"액션,범죄","repNationNm":"미국","repGenreNm":"액션","directors":[],"companys":[]},{"movieCd":"20223403","movieNm":"극장판 시그널","movieNmEn":"SIGNAL The Movie Cold Case Investigation Unit","prdtYear":"2021","openDt":"20220331","typeNm":"장편","prdtStatNm":"개봉","nationAlt":"일본","genreAlt":"드라마,범죄","repNationNm":"일본","repGenreNm":"드라마","directors":[{"peopleNm":"하시모토 하지메"}],"companys":[]},{"movieCd":"20161797","movieNm":"곡녀","movieNmEn":"","prdtYear":"2017","openDt":"20220331","typeNm":"장편","prdtStatNm":"개봉","nationAlt":"한국","genreAlt":"드라마,멜로/로맨스","repNationNm":"한국","repGenreNm":"드라마","directors":[{"peopleNm":"정인철"}],"companys":[{"companyCd":"20100586","companyNm":"대성필름"}]},{"movieCd":"20224325","movieNm":"장모의 유혹은 정당하다","movieNmEn":"","prdtYear":"2020","openDt":"","typeNm":"장편","prdtStatNm":"기타","nationAlt":"일본","genreAlt":"성인물(에로),멜로/로맨스","repNationNm":"일본","repGenreNm":"성인물(에로)","directors":[],"companys":[]},{"movieCd":"20224370","movieNm":"화냥녀","movieNmEn":"","prdtYear":"2021","openDt":"20220325","typeNm":"장편","prdtStatNm":"개봉","nationAlt":"한국","genreAlt":"성인물(에로),멜로/로맨스","repNationNm":"한국","repGenreNm":"성인물(에로)","directors":[{"peopleNm":"윤신"}],"companys":[{"companyCd":"20157008","companyNm":"(주)픽쳐레스크"}]}]}