{"totCnt":"95385","source":"영화진흥위원회","movieList":[{"movieCd":"20223574","movieNm":"법","movieNmEn":"law","prdtYear":"2017","openDt":"","typeNm":"단편","prdtStatNm":"기타","nationAlt":"미국","genreAlt":"다큐멘터리,드라마,뮤지컬","repNationNm":"미국","repGenreNm":"다큐멘터리","directors":[],"companys":[]},{"movieCd":"20211950","movieNm":"탈명검: 풍운재기","movieNmEn":"Sword of Destiny 1","prdtYear":"2018","openDt":"20220118","typeNm":"장편","prdtStatNm":"개봉","nationAlt":"중국","genreAlt":"액션","repNationNm":"중국","repGenreNm":"액션","directors":[],"companys":[]},{"movieCd":"20211368","movieNm":"워 서바이버","movieNmEn":"Edge of Extinction","prdtYear":"2020","openDt":"20220118","typeNm":"장편","prdtStatNm":"개봉","nationAlt":"미국","genreAlt":"액션,스릴러","repNationNm":"미국","repGenreNm":"액션","directors":[{"peopleNm":"앤드류 길버트"}],"companys":[]},{"movieCd":"20223090","movieNm":"참을 수 없는 형수의 질내음","movieNmEn":"","prdtYear":"2021","openDt":"20220117","typeNm":"장편","prdtStatNm":"개봉","nationAlt":"일본","genreAlt":"성인물(에로)","repNationNm":"일본","repGenreNm":"성인물(에로)","directors":[],"companys":[]},{"movieCd":"20223127","movieNm":"왕젖 누드 가정부","movieNmEn":"","prdtYear":"2020","openDt":"20220117","typeNm":"장편","prdtStatNm":"개봉","nationAlt":"일본","genreAlt":"성인물(에로)","repNationNm":"일본","repGenreNm":"성인물(에로)","directors":[],"companys":[]},{"movieCd":"20223091","movieNm":"맛이 다른 농익은 유부녀","movieNmEn":"","prdtYear":"2021","openDt":"20220117","typeNm":"장편","prdtStatNm":"개봉","nationAlt":"일본","genreAlt":"성인물(에로)","repNationNm":"일본","repGenreNm":"성인물(에로)","directors":[],"companys":[]},{"movieCd":"20223128","movieNm":"남편보다 딱딱한 시아버지","movieNmEn":"","prdtYear":"2021","openDt":"20220117","typeNm":"장편","prdtStatNm":"개봉","nationAlt":"일본","genreAlt":"성인물(에로)","repNationNm":"일본","repGenreNm":"성인물(에로)","directors":[],"companys":[]},{"movieCd":"20223491","movieNm":"더 커플","movieNmEn":"The Couple","prdtYear":"2002","openDt":"","typeNm":"단편","prdtStatNm":"기타","nationAlt":"미국","genreAlt":"스릴러","repNationNm":"미국","repGenreNm":"스릴러","directors":[],"companys":[]},{"movieCd":"20149506","movieNm":"코인룸","movieNmEn":"Coinroom","prdtYear":"2014","openDt":"","typeNm":"단편","prdtStatNm":"기타","nationAlt":"한국","genreAlt":"기타","repNationNm":"한국","repGenreNm":"기타","directors":[{"peopleNm":"송정우"}],"companys":[]},{"movieCd":"20223564","movieNm":"그 노래를 찾아라","movieNmEn":"","prdtYear":"2021","openDt":"","typeNm":"단편","prdtStatNm":"기타","nationAlt":"한국","genreAlt":"드라마","repNationNm":"한국","repGenreNm":"드라마","directors":[{"peopleNm":"조용환"}],"companys":[]}]}