{"totCnt":"95385","source":"영화진흥위원회","movieList":[{"movieCd":"20223579","movieNm":"막장가족 : 처형과 흥분 격정정사","movieNmEn":"","prdtYear":"2020","openDt":"","typeNm":"장편","prdtStatNm":"기타","nationAlt":"일본","genreAlt":"성인물(에로),드라마","repNationNm":"일본","repGenreNm":"성인물(에로)","directors":[],"companys":[]},{"movieCd":"20223816","movieNm":"도련님과의 잊지 못할 7일 무삭제판","movieNmEn":"","prdtYear":"2020","openDt":"","typeNm":"장편","prdtStatNm":"기타","nationAlt":"일본","genreAlt":"성인물(에로),드라마","repNationNm":"일본","repGenreNm":"성인물(에로)","directors":[{"peopleNm":"오자키 히로코우지"}],"companys":[]},{"movieCd":"20223590","movieNm":"남 몰래 빚 갚는 유부녀 무삭제판","movieNmEn":"","prdtYear":"2020","openDt":"","typeNm":"장편","prdtStatNm":"기타","nationAlt":"일본","genreAlt":"성인물(에로),드라마","repNationNm":"일본","repGenreNm":"성인물(에로)","directors":[{"peopleNm":"카와이 조지"}],"companys":[]},{"movieCd":"20223695","movieNm":"꾼들의 삽입 법칙","movieNmEn":"","prdtYear":"2021","openDt":"20220204","typeNm":"장편","prdtStatNm":"개봉","nationAlt":"한국","genreAlt":"성인물(에로),드라마","repNationNm":"한국","repGenreNm":"성인물(에로)","directors":[{"peopleNm":"야신수"}],"companys":[{"companyCd":"20061917","companyNm":"(주)이십일세기미디어"}]},{"movieCd":"20223814","movieNm":"한걸음 뒤로 물러서 주시기 바랍니다","movieNmEn":"Please take a step back","prdtYear":"2018","openDt":"","typeNm":"단편","prdtStatNm":"기타","nationAlt":"한국","genreAlt":"드라마","repNationNm":"한국","repGenreNm":"드라마","directors":[],"companys":[]},{"movieCd":"20212829","movieNm":"뭉치","movieNmEn":"","prdtYear":"2019","openDt":"","typeNm":"단편","prdtStatNm":"기타","nationAlt":"한국","genreAlt":"멜로/로맨스,드라마","repNationNm":"한국","repGenreNm":"멜로/로맨스","directors":[{"peopleNm":"김아솔"}],"companys":[]},{"movieCd":"20223817","movieNm":"라우드앤프라우드","movieNmEn":"LOUD&PROUD","prdtYear":"2021","openDt":"","typeNm":"장편","prdtStatNm":"기타","nationAlt":"한국","genreAlt":"다큐멘터리","repNationNm":"한국","repGenreNm":"다큐멘터리","directors":[],"companys":[]},{"movieCd":"20217127","movieNm":"코리도라스 ","movieNmEn":"Corydoras","prdtYear":"2021","openDt":"","typeNm":"장편","prdtStatNm":"기타","nationAlt":"한국","genreAlt":"다큐멘터리","repNationNm":"한국","repGenreNm":"다큐멘터리","directors":[{"peopleNm":"류형석"}],"companys":[{"companyCd":"20123217","companyNm":"(주)시네마달"}]},{"movieCd":"20223711","movieNm":"곶의 마요이가","movieNmEn":"The house of the lost on the cape","prdtYear":"2021","openDt":"","typeNm":"장편","prdtStatNm":"기타","nationAlt":"일본","genreAlt":"가족,판타지,드라마","repNationNm":"일본","repGenreNm":"가족","directors":[],"companys":[]},{"movieCd":"20223673","movieNm":"여대생의 풋풋한 섹스 이야기","movieNmEn":"","prdtYear":"2021","openDt":"20220203","typeNm":"장편","prdtStatNm":"개봉","nationAlt":"한국","genreAlt":"성인물(에로)","repNationNm":"한국","repGenreNm":"성인물(에로)","directors":[{"peopleNm":"강현성"}],"companys":[{"companyCd":"20217881","companyNm":"(주)샤이커뮤니케이션즈"}]}]}