{"totCnt":"95385","source":"영화진흥위원회","movieList":[{"movieCd":"20210676","movieNm":"어 굿 맨","movieNmEn":"A Good Man","prdtYear":"2020","openDt":"20211118","typeNm":"장편","prdtStatNm":"개봉","nationAlt":"프랑스","genreAlt":"드라마","repNationNm":"프랑스","repGenreNm":"드라마","directors":[{"peopleNm":"마리-캐스틸 멘션-솨아"}],"companys":[]},{"movieCd":"20210752","movieNm":"뱅드림! 필름 라이브 세컨드 스테이지","movieNmEn":"BanG Dream! FILM LIVE 2nd Stage","prdtYear":"2020","openDt":"20211118","typeNm":"장편","prdtStatNm":"개봉","nationAlt":"일본","genreAlt":"애니메이션,공연","repNationNm":"일본","repGenreNm":"애니메이션","directors":[{"peopleNm":"우메츠 토모미"}],"companys":[]},{"movieCd":"20211412","movieNm":"밀리터리 맨","movieNmEn":"Tourist","prdtYear":"2021","openDt":"20211118","typeNm":"장편","prdtStatNm":"개봉","nationAlt":"러시아","genreAlt":"전쟁,액션","repNationNm":"러시아","repGenreNm":"전쟁","directors":[],"companys":[]},{"movieCd":"20200627","movieNm":"나의 끝, 당신의 시작","movieNmEn":"Relativity","prdtYear":"2019","openDt":"20211118","typeNm":"장편","prdtStatNm":"개봉","nationAlt":"독일","genreAlt":"드라마,미스터리","repNationNm":"독일","repGenreNm":"드라마","directors":[],"companys":[]},{"movieCd":"20210177","movieNm":"잘빼는 안마사","movieNmEn":"","prdtYear":"2019","openDt":"","typeNm":"장편","prdtStatNm":"기타","nationAlt":"일본","genreAlt":"성인물(에로),멜로/로맨스","repNationNm":"일본","repGenreNm":"성인물(에로)","directors":[{"peopleNm":"카즈마"}],"companys":[]},{"movieCd":"20211365","movieNm":"순정 뺏긴 여직원","movieNmEn":"","prdtYear":"2020","openDt":"20211117","typeNm":"장편","prdtStatNm":"개봉","nationAlt":"일본","genreAlt":"멜로/로맨스","repNationNm":"일본","repGenreNm":"멜로/로맨스","directors":[{"peopleNm":"아사기리 키요시"}],"companys":[]},{"movieCd":"20211699","movieNm":"세 여자의 교환섹스","movieNmEn":"","prdtYear":"2020","openDt":"20211117","typeNm":"장편","prdtStatNm":"개봉","nationAlt":"일본","genreAlt":"멜로/로맨스,드라마","repNationNm":"일본","repGenreNm":"멜로/로맨스","directors":[{"peopleNm":"쿠도 타이요"}],"companys":[]},{"movieCd":"20211730","movieNm":"발정난 형수와 두 남자","movieNmEn":"","prdtYear":"2020","openDt":"20211117","typeNm":"장편","prdtStatNm":"개봉","nationAlt":"일본","genreAlt":"멜로/로맨스,드라마","repNationNm":"일본","repGenreNm":"멜로/로맨스","directors":[{"peopleNm":"쿠도 타이요"}],"companys":[]},{"movieCd":"20211698","movieNm":"거유녀들의 아찔한 가슴골","movieNmEn":"","prdtYear":"2020","openDt":"20211117","typeNm":"장편","prdtStatNm":"개봉","nationAlt":"일본","genreAlt":"멜로/로맨스,드라마","repNationNm":"일본","repGenreNm":"멜로/로맨스","directors":[{"peopleNm":"타로 코아라"}],"companys":[]},{"movieCd":"20211878","movieNm":"어나더 미","movieNmEn":"","prdtYear":"2021","openDt":"","typeNm":"옴니버스","prdtStatNm":"기타","nationAlt":"한국","genreAlt":"드라마,가족","repNationNm":"한국","repGenreNm":"드라마","directors":[{"peopleNm":"황장우"},{"peopleNm":"박찬수"},{"peopleNm":"임석진"},{"peopleNm":"이상혁"}],"companys":[]}]}