{"totCnt":"95385","source":"영화진흥위원회","movieList":[{"movieCd":"20212216","movieNm":"모진2 : 만인도의 비밀","movieNmEn":"Mojin: Mysterious Treasure","prdtYear":"2020","openDt":"","typeNm":"장편","prdtStatNm":"기타","nationAlt":"중국","genreAlt":"액션,어드벤처","repNationNm":"중국","repGenreNm":"액션","directors":[{"peopleNm":"나악"}],"companys":[]},{"movieCd":"20211962","movieNm":"내 아내가 추잡하게 빛나는 때","movieNmEn":"","prdtYear":"2020","openDt":"","typeNm":"장편","prdtStatNm":"기타","nationAlt":"일본","genreAlt":"성인물(에로),드라마","repNationNm":"일본","repGenreNm":"성인물(에로)","directors":[{"peopleNm":"카와이 조지"}],"companys":[]},{"movieCd":"20211940","movieNm":"24시간 몸도 마음도 빼앗긴 아내","movieNmEn":"","prdtYear":"2020","openDt":"","typeNm":"장편","prdtStatNm":"기타","nationAlt":"일본","genreAlt":"성인물(에로),드라마","repNationNm":"일본","repGenreNm":"성인물(에로)","directors":[],"companys":[]},{"movieCd":"20060721","movieNm":"이른 여름 슈퍼맨","movieNmEn":"Superman in Early Summer","prdtYear":"2001","openDt":"","typeNm":"단편","prdtStatNm":"기타","nationAlt":"한국","genreAlt":"드라마,판타지","repNationNm":"한국","repGenreNm":"드라마","directors":[{"peopleNm":"유상곤"}],"companys":[]},{"movieCd":"20212559","movieNm":"시간이 되돌리는 시간","movieNmEn":"TIME REVERSED TIME","prdtYear":"2021","openDt":"","typeNm":"단편","prdtStatNm":"기타","nationAlt":"한국","genreAlt":"","repNationNm":"한국","repGenreNm":"","directors":[{"peopleNm":"전준혁"}],"companys":[]},{"movieCd":"20212564","movieNm":"구멍","movieNmEn":"The Hole","prdtYear":"1973","openDt":"","typeNm":"단편","prdtStatNm":"기타","nationAlt":"한국","genreAlt":"","repNationNm":"한국","repGenreNm":"","directors":[{"peopleNm":"한옥희"}],"companys":[]},{"movieCd":"20212563","movieNm":"쓸모 없는 녀석","movieNmEn":"when the wind blows","prdtYear":"2021","openDt":"","typeNm":"단편","prdtStatNm":"기타","nationAlt":"한국","genreAlt":"","repNationNm":"한국","repGenreNm":"","directors":[{"peopleNm":"김중회"}],"companys":[]},{"movieCd":"20143705","movieNm":"오후의 정사","movieNmEn":"Apartment wife","prdtYear":"1971","openDt":"","typeNm":"장편","prdtStatNm":"기타","nationAlt":"일본","genreAlt":"멜로/로맨스","repNationNm":"일본","repGenreNm":"멜로/로맨스","directors":[{"peopleNm":"니시무라 쇼고로"}],"companys":[]},{"movieCd":"20163764","movieNm":"사랑의 이발소","movieNmEn":"Pink Cut: Love me big, Love me deep","prdtYear":"1983","openDt":"","typeNm":"장편","prdtStatNm":"기타","nationAlt":"일본","genreAlt":"멜로/로맨스","repNationNm":"일본","repGenreNm":"멜로/로맨스","directors":[{"peopleNm":"모리타 요시미츠"}],"companys":[]},{"movieCd":"19758145","movieNm":"실록 아베 사다","movieNmEn":"A Woman Called Sada Abe","prdtYear":"1975","openDt":"","typeNm":"장편","prdtStatNm":"기타","nationAlt":"일본","genreAlt":"멜로/로맨스","repNationNm":"일본","repGenreNm":"멜로/로맨스","directors":[{"peopleNm":"타나카 노보루"}],"companys":[]}]}