{"totCnt":"95385","source":"영화진흥위원회","movieList":[{"movieCd":"20211325","movieNm":"칼리버 9: 마피아 워","movieNmEn":"Caliber 9","prdtYear":"2020","openDt":"20211202","typeNm":"장편","prdtStatNm":"개봉","nationAlt":"이탈리아","genreAlt":"범죄","repNationNm":"이탈리아","repGenreNm":"범죄","directors":[],"companys":[]},{"movieCd":"20212104","movieNm":"언힐러","movieNmEn":"The Unhealer","prdtYear":"2020","openDt":"20211202","typeNm":"장편","prdtStatNm":"개봉","nationAlt":"미국","genreAlt":"SF,스릴러","repNationNm":"미국","repGenreNm":"SF","directors":[{"peopleNm":"마틴 귀귀"}],"companys":[]},{"movieCd":"20210961","movieNm":"발신","movieNmEn":"Spoiler","prdtYear":"2020","openDt":"","typeNm":"단편","prdtStatNm":"기타","nationAlt":"한국","genreAlt":"드라마,스릴러","repNationNm":"한국","repGenreNm":"드라마","directors":[{"peopleNm":"김동윤"}],"companys":[]},{"movieCd":"20124352","movieNm":"십계","movieNmEn":"The Ten Commandments","prdtYear":"2007","openDt":"20211202","typeNm":"장편","prdtStatNm":"개봉","nationAlt":"미국","genreAlt":"애니메이션","repNationNm":"미국","repGenreNm":"애니메이션","directors":[{"peopleNm":"빌 보이스 "},{"peopleNm":"존 스트로나크"}],"companys":[]},{"movieCd":"20210677","movieNm":"리유니언","movieNmEn":"Reunion","prdtYear":"2020","openDt":"20211202","typeNm":"장편","prdtStatNm":"개봉","nationAlt":"기타","genreAlt":"공포(호러),미스터리,스릴러","repNationNm":"기타","repGenreNm":"공포(호러)","directors":[{"peopleNm":"제이크 마하피"}],"companys":[]},{"movieCd":"20203919","movieNm":"상사 부인과 단둘이, 비오는 밤","movieNmEn":"","prdtYear":"2019","openDt":"","typeNm":"장편","prdtStatNm":"기타","nationAlt":"일본","genreAlt":"성인물(에로),드라마","repNationNm":"일본","repGenreNm":"성인물(에로)","directors":[{"peopleNm":"마메자와 마메타로"}],"companys":[]},{"movieCd":"20211791","movieNm":"하이파이브","movieNmEn":"Hi.5","prdtYear":"2021","openDt":"","typeNm":"장편","prdtStatNm":"후반작업","nationAlt":"한국","genreAlt":"기타","repNationNm":"한국","repGenreNm":"기타","directors":[{"peopleNm":"강형철"}],"companys":[{"companyCd":"20138660","companyNm":"(주)안나푸르나필름"}]},{"movieCd":"20219056","movieNm":"메이드 인 이태리","movieNmEn":"Made In Italy","prdtYear":"2020","openDt":"20211124","typeNm":"장편","prdtStatNm":"개봉","nationAlt":"영국","genreAlt":"드라마,멜로/로맨스","repNationNm":"영국","repGenreNm":"드라마","directors":[{"peopleNm":"제임스 다시"}],"companys":[]},{"movieCd":"20212212","movieNm":"마부제 박사 2부","movieNmEn":"Dr. Mabuse, the Gambler 2","prdtYear":"1922","openDt":"","typeNm":"장편","prdtStatNm":"기타","nationAlt":"독일","genreAlt":"범죄,미스터리,스릴러","repNationNm":"독일","repGenreNm":"범죄","directors":[{"peopleNm":"프리츠 랑"}],"companys":[]},{"movieCd":"20212211","movieNm":"마부제 박사 1부","movieNmEn":"Dr. Mabuse, the Gambler 1","prdtYear":"1922","openDt":"","typeNm":"장편","prdtStatNm":"기타","nationAlt":"독일","genreAlt":"범죄,미스터리,스릴러","repNationNm":"독일","repGenreNm":"범죄","directors":[{"peopleNm":"프리츠 랑"}],"companys":[]}]}