{"totCnt":"95385","source":"영화진흥위원회","movieList":[{"movieCd":"20230204","movieNm":"남편 몰래 넣고 보는 유부녀","movieNmEn":"","prdtYear":"2022","openDt":"","typeNm":"장편","prdtStatNm":"기타","nationAlt":"한국","genreAlt":"성인물(에로)","repNationNm":"한국","repGenreNm":"성인물(에로)","directors":[{"peopleNm":"남지은"}],"companys":[{"companyCd":"20217881","companyNm":"(주)샤이커뮤니케이션즈"}]},{"movieCd":"20229095","movieNm":"4인4섹","movieNmEn":"","prdtYear":"2022","openDt":"20230303","typeNm":"장편","prdtStatNm":"개봉","nationAlt":"한국","genreAlt":"성인물(에로),드라마,멜로/로맨스","repNationNm":"한국","repGenreNm":"성인물(에로)","directors":[{"peopleNm":"이타치"}],"companys":[{"companyCd":"20228945","companyNm":"파랑새미디어"}]},{"movieCd":"20230701","movieNm":"입사동기 무삭제판","movieNmEn":"","prdtYear":"2022","openDt":"","typeNm":"장편","prdtStatNm":"기타","nationAlt":"한국","genreAlt":"성인물(에로),드라마","repNationNm":"한국","repGenreNm":"성인물(에로)","directors":[{"peopleNm":"최정자"}],"companys":[{"companyCd":"20229522","companyNm":"폭풍의 눈 "}]},{"movieCd":"20230646","movieNm":"이웃집 남자에 빼앗긴 아내 무삭제판","movieNmEn":"","prdtYear":"2022","openDt":"","typeNm":"장편","prdtStatNm":"기타","nationAlt":"일본","genreAlt":"성인물(에로)","repNationNm":"일본","repGenreNm":"성인물(에로)","directors":[{"peopleNm":"미시마 로쿠사부로"}],"companys":[]},{"movieCd":"20230497","movieNm":"이미 젖었어. 얼른 넣어.","movieNmEn":"","prdtYear":"2023","openDt":"","typeNm":"장편","prdtStatNm":"기타","nationAlt":"한국","genreAlt":"성인물(에로)","repNationNm":"한국","repGenreNm":"성인물(에로)","directors":[{"peopleNm":"안서영"}],"companys":[{"companyCd":"20217881","companyNm":"(주)샤이커뮤니케이션즈"}]},{"movieCd":"20230647","movieNm":"에이급 여상사와 선 넘은 합방","movieNmEn":"","prdtYear":"2022","openDt":"","typeNm":"장편","prdtStatNm":"기타","nationAlt":"일본","genreAlt":"성인물(에로)","repNationNm":"일본","repGenreNm":"성인물(에로)","directors":[],"companys":[]},{"movieCd":"20230677","movieNm":"숙모지만 괜찮아 무삭제판","movieNmEn":"","prdtYear":"2022","openDt":"","typeNm":"장편","prdtStatNm":"기타","nationAlt":"일본","genreAlt":"성인물(에로)","repNationNm":"일본","repGenreNm":"성인물(에로)","directors":[{"peopleNm":"비바 곤조"}],"companys":[]},{"movieCd":"20230525","movieNm":"성욕에 불 붙인 글래머","movieNmEn":"","prdtYear":"2023","openDt":"","typeNm":"장편","prdtStatNm":"기타","nationAlt":"한국","genreAlt":"성인물(에로)","repNationNm":"한국","repGenreNm":"성인물(에로)","directors":[{"peopleNm":"안서영"}],"companys":[{"companyCd":"20217881","companyNm":"(주)샤이커뮤니케이션즈"}]},{"movieCd":"20230679","movieNm":"발칙한 부부성생활 무삭제판","movieNmEn":"","prdtYear":"2022","openDt":"","typeNm":"장편","prdtStatNm":"기타","nationAlt":"한국","genreAlt":"성인물(에로),드라마","repNationNm":"한국","repGenreNm":"성인물(에로)","directors":[{"peopleNm":"최정자"}],"companys":[{"companyCd":"20229522","companyNm":"폭풍의 눈 "}]},{"movieCd":"20230691","movieNm":"민감한 마사지 쾌감에 당황한 아내","movieNmEn":"","prdtYear":"2022","openDt":"","typeNm":"장편","prdtStatNm":"기타","nationAlt":"일본","genreAlt":"성인물(에로)","repNationNm":"일본","repGenreNm":"성인물(에로)","directors":[{"peopleNm":"니쿠손"}],"companys":[]}]}