{"totCnt":"95385","source":"영화진흥위원회","movieList":[{"movieCd":"20212409","movieNm":"거기 날씨는 어때?","movieNmEn":"","prdtYear":"2020","openDt":"","typeNm":"장편","prdtStatNm":"","nationAlt":"한국","genreAlt":"다큐멘터리","repNationNm":"한국","repGenreNm":"다큐멘터리","directors":[{"peopleNm":"채형식"}],"companys":[]},{"movieCd":"20212423","movieNm":"여자답게 움직여라","movieNmEn":"Move Like A Girl","prdtYear":"2020","openDt":"","typeNm":"장편","prdtStatNm":"","nationAlt":"한국","genreAlt":"다큐멘터리","repNationNm":"한국","repGenreNm":"다큐멘터리","directors":[{"peopleNm":"이윤영"}],"companys":[]},{"movieCd":"20212422","movieNm":"표범","movieNmEn":"","prdtYear":"2020","openDt":"","typeNm":"장편","prdtStatNm":"","nationAlt":"한국","genreAlt":"다큐멘터리","repNationNm":"한국","repGenreNm":"다큐멘터리","directors":[{"peopleNm":"최기순"}],"companys":[]},{"movieCd":"20212330","movieNm":"인터프리터: 지구 침공의 시작","movieNmEn":"Interpreters","prdtYear":"2019","openDt":"","typeNm":"장편","prdtStatNm":"기타","nationAlt":"미국","genreAlt":"SF,스릴러","repNationNm":"미국","repGenreNm":"SF","directors":[],"companys":[]},{"movieCd":"20212406","movieNm":"여공의 밤","movieNmEn":"","prdtYear":"2020","openDt":"","typeNm":"장편","prdtStatNm":"","nationAlt":"한국","genreAlt":"다큐멘터리","repNationNm":"한국","repGenreNm":"다큐멘터리","directors":[{"peopleNm":"김건희"}],"companys":[]},{"movieCd":"20212421","movieNm":"톨게이트","movieNmEn":"","prdtYear":"2020","openDt":"","typeNm":"장편","prdtStatNm":"","nationAlt":"한국","genreAlt":"다큐멘터리","repNationNm":"한국","repGenreNm":"다큐멘터리","directors":[{"peopleNm":"최헌민"}],"companys":[]},{"movieCd":"20212380","movieNm":"중력을 피하는 법","movieNmEn":"No Gravity","prdtYear":"2020","openDt":"","typeNm":"장편","prdtStatNm":"","nationAlt":"한국","genreAlt":"다큐멘터리","repNationNm":"한국","repGenreNm":"다큐멘터리","directors":[{"peopleNm":"장의진"}],"companys":[]},{"movieCd":"20212379","movieNm":"챔피언 리턴즈","movieNmEn":"","prdtYear":"2020","openDt":"","typeNm":"장편","prdtStatNm":"","nationAlt":"한국","genreAlt":"다큐멘터리","repNationNm":"한국","repGenreNm":"다큐멘터리","directors":[{"peopleNm":"강호준"}],"companys":[]},{"movieCd":"20212405","movieNm":"붉은어깨도요를 기억하니?","movieNmEn":"","prdtYear":"2020","openDt":"","typeNm":"장편","prdtStatNm":"","nationAlt":"한국","genreAlt":"다큐멘터리","repNationNm":"한국","repGenreNm":"다큐멘터리","directors":[{"peopleNm":"황윤"}],"companys":[]},{"movieCd":"20212404","movieNm":"차이나타운의 앨리스","movieNmEn":"","prdtYear":"2020","openDt":"","typeNm":"장편","prdtStatNm":"","nationAlt":"한국","genreAlt":"다큐멘터리","repNationNm":"한국","repGenreNm":"다큐멘터리","directors":[{"peopleNm":"이성민"}],"companys":[]}]}