{"totCnt":"95385","source":"영화진흥위원회","movieList":[{"movieCd":"20210032","movieNm":"이스트 워","movieNmEn":"The East","prdtYear":"2020","openDt":"20210917","typeNm":"장편","prdtStatNm":"개봉","nationAlt":"미국","genreAlt":"드라마,스릴러,전쟁","repNationNm":"미국","repGenreNm":"드라마","directors":[{"peopleNm":"짐 타이후투"}],"companys":[]},{"movieCd":"20219895","movieNm":"불륜 운전 연수: 여보 그 스틱이 아냐!","movieNmEn":"","prdtYear":"2021","openDt":"20210916","typeNm":"장편","prdtStatNm":"개봉","nationAlt":"일본","genreAlt":"드라마","repNationNm":"일본","repGenreNm":"드라마","directors":[],"companys":[]},{"movieCd":"20218445","movieNm":"혼외정사","movieNmEn":"","prdtYear":"2021","openDt":"20210915","typeNm":"장편","prdtStatNm":"개봉","nationAlt":"한국","genreAlt":"드라마","repNationNm":"한국","repGenreNm":"드라마","directors":[{"peopleNm":"최성은"}],"companys":[{"companyCd":"20136715","companyNm":"(주)영화사히트"}]},{"movieCd":"20219636","movieNm":"한 침대 두 커플","movieNmEn":"","prdtYear":"2021","openDt":"20210915","typeNm":"장편","prdtStatNm":"개봉","nationAlt":"한국","genreAlt":"성인물(에로)","repNationNm":"한국","repGenreNm":"성인물(에로)","directors":[{"peopleNm":"맹진사"}],"companys":[{"companyCd":"20199962","companyNm":"(주)담화"}]},{"movieCd":"20210064","movieNm":"하대하던 점주의 노예가 되어버렸다","movieNmEn":"","prdtYear":"2021","openDt":"20210915","typeNm":"장편","prdtStatNm":"개봉","nationAlt":"일본","genreAlt":"드라마","repNationNm":"일본","repGenreNm":"드라마","directors":[],"companys":[]},{"movieCd":"20219633","movieNm":"친구엄마 사용설명서","movieNmEn":"","prdtYear":"2021","openDt":"20210915","typeNm":"장편","prdtStatNm":"개봉","nationAlt":"일본","genreAlt":"멜로/로맨스","repNationNm":"일본","repGenreNm":"멜로/로맨스","directors":[],"companys":[]},{"movieCd":"20202688","movieNm":"코끼리와 나비","movieNmEn":"The Elephant and the Butterfly","prdtYear":"2018","openDt":"20210930","typeNm":"장편","prdtStatNm":"개봉","nationAlt":"프랑스","genreAlt":"드라마,가족","repNationNm":"프랑스","repGenreNm":"드라마","directors":[{"peopleNm":"아멜리 반 엘름브"}],"companys":[]},{"movieCd":"20219686","movieNm":"윙스 오버 에베레스트","movieNmEn":"Wings Over Everest","prdtYear":"2019","openDt":"20210930","typeNm":"장편","prdtStatNm":"개봉","nationAlt":"중국","genreAlt":"액션","repNationNm":"중국","repGenreNm":"액션","directors":[],"companys":[]},{"movieCd":"20219323","movieNm":"시간여행: 과거에 갇힌 남자","movieNmEn":"Norman","prdtYear":"2021","openDt":"","typeNm":"장편","prdtStatNm":"기타","nationAlt":"미국","genreAlt":"미스터리,SF","repNationNm":"미국","repGenreNm":"미스터리","directors":[],"companys":[]},{"movieCd":"20191803","movieNm":"은미","movieNmEn":"Eunmi","prdtYear":"2019","openDt":"","typeNm":"장편","prdtStatNm":"개봉준비","nationAlt":"한국","genreAlt":"드라마,미스터리,멜로/로맨스","repNationNm":"한국","repGenreNm":"드라마","directors":[{"peopleNm":"정지영"}],"companys":[{"companyCd":"20100749","companyNm":"정지영 필름"}]}]}