{"totCnt":"95385","source":"영화진흥위원회","movieList":[{"movieCd":"20219529","movieNm":"적인걸 2021: 분천이화","movieNmEn":"Dee Renjie's Burning Sky Extraordinary Fire","prdtYear":"2020","openDt":"","typeNm":"장편","prdtStatNm":"기타","nationAlt":"중국","genreAlt":"액션","repNationNm":"중국","repGenreNm":"액션","directors":[],"companys":[]},{"movieCd":"20219924","movieNm":"임모탈-불멸의 전사","movieNmEn":"Necromancer 2020","prdtYear":"2019","openDt":"","typeNm":"장편","prdtStatNm":"기타","nationAlt":"기타","genreAlt":"판타지,액션,공포(호러)","repNationNm":"기타","repGenreNm":"판타지","directors":[{"peopleNm":"피야판 추펫치"}],"companys":[]},{"movieCd":"20210128","movieNm":"엘레강스 에스코트","movieNmEn":"Alice","prdtYear":"2019","openDt":"","typeNm":"장편","prdtStatNm":"기타","nationAlt":"프랑스","genreAlt":"멜로/로맨스","repNationNm":"프랑스","repGenreNm":"멜로/로맨스","directors":[],"companys":[]},{"movieCd":"20219589","movieNm":"더 테러 라이브: 스쿨 어택","movieNmEn":"Run Hide Fight","prdtYear":"2020","openDt":"","typeNm":"장편","prdtStatNm":"기타","nationAlt":"미국","genreAlt":"범죄,스릴러","repNationNm":"미국","repGenreNm":"범죄","directors":[{"peopleNm":"카일 랜킨"}],"companys":[]},{"movieCd":"20219308","movieNm":"엔젤","movieNmEn":"El Angel","prdtYear":"2018","openDt":"","typeNm":"장편","prdtStatNm":"기타","nationAlt":"스페인","genreAlt":"범죄","repNationNm":"스페인","repGenreNm":"범죄","directors":[],"companys":[]},{"movieCd":"20219815","movieNm":"슬리핑 위드 마이 스튜던트","movieNmEn":"Sleeping with My Student","prdtYear":"2019","openDt":"","typeNm":"장편","prdtStatNm":"기타","nationAlt":"미국","genreAlt":"스릴러","repNationNm":"미국","repGenreNm":"스릴러","directors":[{"peopleNm":"톰 쉘"}],"companys":[]},{"movieCd":"20200186","movieNm":"바쿠라우","movieNmEn":"Bacurau","prdtYear":"2019","openDt":"20210902","typeNm":"장편","prdtStatNm":"개봉","nationAlt":"프랑스","genreAlt":"미스터리,스릴러,서부극(웨스턴)","repNationNm":"프랑스","repGenreNm":"미스터리","directors":[],"companys":[]},{"movieCd":"20219726","movieNm":"묵향","movieNmEn":"Scent of Ink","prdtYear":"2017","openDt":"20210902","typeNm":"장편","prdtStatNm":"개봉","nationAlt":"한국","genreAlt":"공연","repNationNm":"한국","repGenreNm":"공연","directors":[{"peopleNm":"정구호"}],"companys":[{"companyCd":"20126015","companyNm":"(주)케빈앤컴퍼니"}]},{"movieCd":"20219888","movieNm":"레전드 스트라이커","movieNmEn":"Streltsov","prdtYear":"2020","openDt":"","typeNm":"장편","prdtStatNm":"기타","nationAlt":"러시아","genreAlt":"드라마","repNationNm":"러시아","repGenreNm":"드라마","directors":[{"peopleNm":"일리야 우치텔"}],"companys":[]},{"movieCd":"20210236","movieNm":"인디포럼2021 개막작","movieNmEn":"","prdtYear":"2021","openDt":"","typeNm":"옴니버스","prdtStatNm":"기타","nationAlt":"한국","genreAlt":"기타","repNationNm":"한국","repGenreNm":"기타","directors":[],"companys":[]}]}