{"totCnt":"95385","source":"영화진흥위원회","movieList":[{"movieCd":"20162365","movieNm":"신비한 동물사전","movieNmEn":"Fantastic Beasts and Where to Find Them","prdtYear":"2016","openDt":"20161116","typeNm":"장편","prdtStatNm":"개봉","nationAlt":"미국,영국","genreAlt":"어드벤처,가족,판타지","repNationNm":"미국","repGenreNm":"어드벤처","directors":[{"peopleNm":"데이빗 예이츠"}],"companys":[]},{"movieCd":"20219984","movieNm":"어디에도 없는 시간","movieNmEn":"Where Would We Go","prdtYear":"2021","openDt":"","typeNm":"단편","prdtStatNm":"기타","nationAlt":"한국","genreAlt":"드라마","repNationNm":"한국","repGenreNm":"드라마","directors":[{"peopleNm":"장태구"}],"companys":[]},{"movieCd":"20224274","movieNm":"인디피크닉2022 단편6 : 안녕, 나의 소울메이트","movieNmEn":"","prdtYear":"2022","openDt":"","typeNm":"옴니버스","prdtStatNm":"기타","nationAlt":"한국","genreAlt":"기타","repNationNm":"한국","repGenreNm":"기타","directors":[],"companys":[]},{"movieCd":"20224256","movieNm":"인디피크닉2022 단편5 : Good or Better","movieNmEn":"","prdtYear":"2022","openDt":"","typeNm":"옴니버스","prdtStatNm":"기타","nationAlt":"한국","genreAlt":"기타","repNationNm":"한국","repGenreNm":"기타","directors":[],"companys":[]},{"movieCd":"20224255","movieNm":"인디피크닉2022 단편4 : 어둠이 왔을 뿐","movieNmEn":"","prdtYear":"2022","openDt":"","typeNm":"옴니버스","prdtStatNm":"기타","nationAlt":"한국","genreAlt":"기타","repNationNm":"한국","repGenreNm":"기타","directors":[],"companys":[]},{"movieCd":"20224273","movieNm":"인디피크닉2022 단편3 : 나의 이름이 너를 부를 때","movieNmEn":"","prdtYear":"2022","openDt":"","typeNm":"옴니버스","prdtStatNm":"기타","nationAlt":"한국","genreAlt":"기타","repNationNm":"한국","repGenreNm":"기타","directors":[],"companys":[]},{"movieCd":"20224272","movieNm":"인디피크닉2022 단편2 : 고군분투 생활기","movieNmEn":"","prdtYear":"2022","openDt":"","typeNm":"옴니버스","prdtStatNm":"기타","nationAlt":"한국","genreAlt":"기타","repNationNm":"한국","repGenreNm":"기타","directors":[],"companys":[]},{"movieCd":"20224271","movieNm":"인디피크닉2022 단편1 : 세계의 욕망","movieNmEn":"","prdtYear":"2022","openDt":"","typeNm":"옴니버스","prdtStatNm":"기타","nationAlt":"한국","genreAlt":"기타","repNationNm":"한국","repGenreNm":"기타","directors":[],"companys":[]},{"movieCd":"20210824","movieNm":"캐슬 폴스: 머니 게임","movieNmEn":"Castle Falls","prdtYear":"2021","openDt":"20220317","typeNm":"장편","prdtStatNm":"개봉","nationAlt":"미국","genreAlt":"액션","repNationNm":"미국","repGenreNm":"액션","directors":[{"peopleNm":"돌프 룬드그렌"}],"companys":[]},{"movieCd":"20212933","movieNm":"아망떼","movieNmEn":"Amants","prdtYear":"2020","openDt":"20220317","typeNm":"장편","prdtStatNm":"개봉","nationAlt":"프랑스","genreAlt":"멜로/로맨스,스릴러","repNationNm":"프랑스","repGenreNm":"멜로/로맨스","directors":[{"peopleNm":"니콜 가르시아"}],"companys":[]}]}