{"totCnt":"95385","source":"영화진흥위원회","movieList":[{"movieCd":"20210402","movieNm":"어둠 속에서","movieNmEn":"In The Shadows","prdtYear":"2020","openDt":"","typeNm":"장편","prdtStatNm":"기타","nationAlt":"터키","genreAlt":"SF","repNationNm":"터키","repGenreNm":"SF","directors":[],"companys":[]},{"movieCd":"20210399","movieNm":"신과의 조우","movieNmEn":"The Astronaut of God","prdtYear":"2020","openDt":"","typeNm":"장편","prdtStatNm":"기타","nationAlt":"루마니아","genreAlt":"SF","repNationNm":"루마니아","repGenreNm":"SF","directors":[],"companys":[]},{"movieCd":"20210398","movieNm":"세상의 끝","movieNmEn":"No Trace","prdtYear":"2020","openDt":"","typeNm":"장편","prdtStatNm":"기타","nationAlt":"캐나다","genreAlt":"드라마","repNationNm":"캐나다","repGenreNm":"드라마","directors":[],"companys":[]},{"movieCd":"20210401","movieNm":"베라를 찾아서","movieNmEn":"Vera De Verdad","prdtYear":"2020","openDt":"","typeNm":"장편","prdtStatNm":"기타","nationAlt":"이탈리아","genreAlt":"SF","repNationNm":"이탈리아","repGenreNm":"SF","directors":[],"companys":[]},{"movieCd":"19900248","movieNm":"빽 투 더 퓨쳐 3","movieNmEn":"Back To The Future III","prdtYear":"1990","openDt":"19900714","typeNm":"장편","prdtStatNm":"개봉","nationAlt":"미국","genreAlt":"SF,코미디,어드벤처","repNationNm":"미국","repGenreNm":"SF","directors":[{"peopleNm":"로버트 저메키스"}],"companys":[{"companyCd":"20101745","companyNm":"엠블린엔터테인먼트"},{"companyCd":"20101382","companyNm":"유니버셜 픽쳐스"}]},{"movieCd":"19900118","movieNm":"빽 투 더 퓨쳐 2","movieNmEn":"Back To The Future 2","prdtYear":"1989","openDt":"19900113","typeNm":"장편","prdtStatNm":"개봉","nationAlt":"미국","genreAlt":"SF,액션,어드벤처,코미디","repNationNm":"미국","repGenreNm":"SF","directors":[{"peopleNm":"로버트 저메키스"}],"companys":[{"companyCd":"20101745","companyNm":"엠블린엔터테인먼트"},{"companyCd":"20101382","companyNm":"유니버셜 픽쳐스"}]},{"movieCd":"19870114","movieNm":"빽 투 더 퓨쳐","movieNmEn":"Back To The Future","prdtYear":"1985","openDt":"19870717","typeNm":"장편","prdtStatNm":"개봉","nationAlt":"미국","genreAlt":"SF,코미디,어드벤처","repNationNm":"미국","repGenreNm":"SF","directors":[{"peopleNm":"로버트 저메키스"}],"companys":[{"companyCd":"20101745","companyNm":"엠블린엔터테인먼트"},{"companyCd":"20101382","companyNm":"유니버셜 픽쳐스"}]},{"movieCd":"20194915","movieNm":"우리는 매일매일","movieNmEn":"Us, Day by Day ","prdtYear":"2019","openDt":"20210630","typeNm":"장편","prdtStatNm":"개봉","nationAlt":"한국","genreAlt":"다큐멘터리","repNationNm":"한국","repGenreNm":"다큐멘터리","directors":[{"peopleNm":"강유가람"}],"companys":[{"companyCd":"20126235","companyNm":"영희야 놀자"}]},{"movieCd":"20219427","movieNm":"블랙 엠페러","movieNmEn":"Emperor","prdtYear":"2020","openDt":"","typeNm":"장편","prdtStatNm":"기타","nationAlt":"미국","genreAlt":"드라마","repNationNm":"미국","repGenreNm":"드라마","directors":[],"companys":[]},{"movieCd":"20218826","movieNm":"아리아 : 디 아베니레","movieNmEn":"ARIA The AVVENIRE","prdtYear":"2015","openDt":"20210908","typeNm":"장편","prdtStatNm":"개봉","nationAlt":"일본","genreAlt":"애니메이션,판타지,드라마","repNationNm":"일본","repGenreNm":"애니메이션","directors":[{"peopleNm":"사토 준이치"}],"companys":[]}]}