{"totCnt":"95385","source":"영화진흥위원회","movieList":[{"movieCd":"20210179","movieNm":"욕정의 목격자","movieNmEn":"","prdtYear":"2021","openDt":"","typeNm":"장편","prdtStatNm":"기타","nationAlt":"일본","genreAlt":"멜로/로맨스","repNationNm":"일본","repGenreNm":"멜로/로맨스","directors":[],"companys":[]},{"movieCd":"20088850","movieNm":"리버풀","movieNmEn":"Liverpool","prdtYear":"2008","openDt":"","typeNm":"장편","prdtStatNm":"기타","nationAlt":"아르헨티나,프랑스,네덜란드,독일,스페인","genreAlt":"드라마","repNationNm":"아르헨티나","repGenreNm":"드라마","directors":[{"peopleNm":"리산드로 알론소"}],"companys":[]},{"movieCd":"20161872","movieNm":"너의 이름은.","movieNmEn":"your name.","prdtYear":"2016","openDt":"20170104","typeNm":"장편","prdtStatNm":"개봉","nationAlt":"일본","genreAlt":"애니메이션,드라마,멜로/로맨스","repNationNm":"일본","repGenreNm":"애니메이션","directors":[{"peopleNm":"신카이 마코토"}],"companys":[]},{"movieCd":"20219907","movieNm":"일대종사 곽원갑","movieNmEn":"The Grandmaster of Kungfu","prdtYear":"2019","openDt":"","typeNm":"장편","prdtStatNm":"기타","nationAlt":"중국","genreAlt":"액션","repNationNm":"중국","repGenreNm":"액션","directors":[],"companys":[]},{"movieCd":"20219600","movieNm":"킹 오브 스네이크","movieNmEn":"King of Snake","prdtYear":"2020","openDt":"","typeNm":"장편","prdtStatNm":"기타","nationAlt":"중국","genreAlt":"액션,어드벤처","repNationNm":"중국","repGenreNm":"액션","directors":[],"companys":[]},{"movieCd":"20219111","movieNm":"메가 샤크","movieNmEn":"Land Shark","prdtYear":"2020","openDt":"","typeNm":"장편","prdtStatNm":"기타","nationAlt":"중국","genreAlt":"액션","repNationNm":"중국","repGenreNm":"액션","directors":[],"companys":[]},{"movieCd":"20219484","movieNm":"도굴꾼 - 용굴의 비밀","movieNmEn":"Weird Cases in the Wild: The Dragon Grottoes","prdtYear":"2020","openDt":"","typeNm":"장편","prdtStatNm":"기타","nationAlt":"중국","genreAlt":"액션,어드벤처","repNationNm":"중국","repGenreNm":"액션","directors":[],"companys":[]},{"movieCd":"20219318","movieNm":"언노운 아이덴티티","movieNmEn":"Segfault","prdtYear":"2019","openDt":"","typeNm":"장편","prdtStatNm":"기타","nationAlt":"미국","genreAlt":"액션,스릴러","repNationNm":"미국","repGenreNm":"액션","directors":[],"companys":[]},{"movieCd":"20219130","movieNm":"신 강시선생","movieNmEn":"Yi mei xian sheng","prdtYear":"2021","openDt":"","typeNm":"장편","prdtStatNm":"기타","nationAlt":"중국","genreAlt":"공포(호러),액션,스릴러","repNationNm":"중국","repGenreNm":"공포(호러)","directors":[{"peopleNm":"유관위"}],"companys":[]},{"movieCd":"20210002","movieNm":"무신 : 용의 귀환","movieNmEn":"God of War","prdtYear":"2020","openDt":"","typeNm":"장편","prdtStatNm":"기타","nationAlt":"중국","genreAlt":"액션","repNationNm":"중국","repGenreNm":"액션","directors":[],"companys":[]}]}