{"totCnt":"95385","source":"영화진흥위원회","movieList":[{"movieCd":"20212374","movieNm":"방파제의 여자들","movieNmEn":"","prdtYear":"2019","openDt":"","typeNm":"장편","prdtStatNm":"","nationAlt":"한국","genreAlt":"다큐멘터리","repNationNm":"한국","repGenreNm":"다큐멘터리","directors":[{"peopleNm":"이고운"}],"companys":[]},{"movieCd":"20212388","movieNm":"분노","movieNmEn":"","prdtYear":"2019","openDt":"","typeNm":"장편","prdtStatNm":"","nationAlt":"한국","genreAlt":"다큐멘터리","repNationNm":"한국","repGenreNm":"다큐멘터리","directors":[{"peopleNm":"안해룡"},{"peopleNm":"이토 다카시"}],"companys":[]},{"movieCd":"20212373","movieNm":"총성이 들리면","movieNmEn":"","prdtYear":"2020","openDt":"","typeNm":"단편","prdtStatNm":"기타","nationAlt":"한국","genreAlt":"","repNationNm":"한국","repGenreNm":"","directors":[{"peopleNm":"정태인"}],"companys":[]},{"movieCd":"20212371","movieNm":"E.S.P.","movieNmEn":"","prdtYear":"2019","openDt":"","typeNm":"장편","prdtStatNm":"","nationAlt":"한국","genreAlt":"다큐멘터리","repNationNm":"한국","repGenreNm":"다큐멘터리","directors":[{"peopleNm":"정재훈"}],"companys":[]},{"movieCd":"20212327","movieNm":"죽으러가는길","movieNmEn":"","prdtYear":"2020","openDt":"","typeNm":"단편","prdtStatNm":"기타","nationAlt":"한국","genreAlt":"","repNationNm":"한국","repGenreNm":"","directors":[{"peopleNm":"이주승"}],"companys":[]},{"movieCd":"20181922","movieNm":"이름에게","movieNmEn":"","prdtYear":"2018","openDt":"","typeNm":"단편","prdtStatNm":"기타","nationAlt":"한국","genreAlt":"다큐멘터리","repNationNm":"한국","repGenreNm":"다큐멘터리","directors":[{"peopleNm":"주현숙"}],"companys":[]},{"movieCd":"20212369","movieNm":"양양","movieNmEn":"","prdtYear":"2019","openDt":"","typeNm":"장편","prdtStatNm":"","nationAlt":"한국","genreAlt":"다큐멘터리","repNationNm":"한국","repGenreNm":"다큐멘터리","directors":[{"peopleNm":"양주연"}],"companys":[]},{"movieCd":"20212368","movieNm":"소리그물","movieNmEn":"","prdtYear":"2019","openDt":"","typeNm":"장편","prdtStatNm":"","nationAlt":"한국","genreAlt":"다큐멘터리","repNationNm":"한국","repGenreNm":"다큐멘터리","directors":[{"peopleNm":"윤주영"}],"companys":[]},{"movieCd":"20212367","movieNm":"멘탈과 브레인 사이","movieNmEn":"","prdtYear":"2019","openDt":"","typeNm":"장편","prdtStatNm":"","nationAlt":"한국","genreAlt":"다큐멘터리","repNationNm":"한국","repGenreNm":"다큐멘터리","directors":[{"peopleNm":"김혜이"}],"companys":[]},{"movieCd":"20212384","movieNm":"홈그라운드","movieNmEn":"","prdtYear":"2019","openDt":"","typeNm":"장편","prdtStatNm":"","nationAlt":"한국","genreAlt":"다큐멘터리","repNationNm":"한국","repGenreNm":"다큐멘터리","directors":[],"companys":[]}]}