{"totCnt":"95385","source":"영화진흥위원회","movieList":[{"movieCd":"20230773","movieNm":"노브라 노팬티 노처녀 히스테리","movieNmEn":"","prdtYear":"2022","openDt":"","typeNm":"장편","prdtStatNm":"기타","nationAlt":"일본","genreAlt":"성인물(에로)","repNationNm":"일본","repGenreNm":"성인물(에로)","directors":[{"peopleNm":"미시마 로쿠사부로"}],"companys":[]},{"movieCd":"19920128","movieNm":"욕망의 낮과 밤","movieNmEn":"A Tame-Tie Me Up Tie Me Down","prdtYear":"1990","openDt":"19920215","typeNm":"장편","prdtStatNm":"개봉","nationAlt":"스페인","genreAlt":"드라마,멜로/로맨스,범죄","repNationNm":"스페인","repGenreNm":"드라마","directors":[{"peopleNm":"페드로 알모도바르"}],"companys":[]},{"movieCd":"20060404","movieNm":"허니와 클로버","movieNmEn":"Honey And Clover","prdtYear":"2006","openDt":"20070111","typeNm":"장편","prdtStatNm":"개봉","nationAlt":"일본","genreAlt":"멜로/로맨스,드라마","repNationNm":"일본","repGenreNm":"멜로/로맨스","directors":[{"peopleNm":"타카타 마사히로"}],"companys":[]},{"movieCd":"19558050","movieNm":"부운","movieNmEn":"Floating Clouds","prdtYear":"1955","openDt":"","typeNm":"장편","prdtStatNm":"기타","nationAlt":"일본","genreAlt":"드라마,멜로/로맨스","repNationNm":"일본","repGenreNm":"드라마","directors":[{"peopleNm":"나루세 미키오"}],"companys":[]},{"movieCd":"20228307","movieNm":"섹스도시:옆집여자의 젖어버린 팬티","movieNmEn":"","prdtYear":"2022","openDt":"20230308","typeNm":"장편","prdtStatNm":"개봉","nationAlt":"일본","genreAlt":"성인물(에로),드라마,멜로/로맨스","repNationNm":"일본","repGenreNm":"성인물(에로)","directors":[{"peopleNm":"나베"}],"companys":[]},{"movieCd":"20230783","movieNm":"미대생 유메:끈적이는 누드수업","movieNmEn":"","prdtYear":"2021","openDt":"20230308","typeNm":"장편","prdtStatNm":"개봉","nationAlt":"일본","genreAlt":"성인물(에로),드라마,멜로/로맨스","repNationNm":"일본","repGenreNm":"성인물(에로)","directors":[{"peopleNm":"디렉터 O"}],"companys":[]},{"movieCd":"20230768","movieNm":"물터진 마사지:유부녀 유리아","movieNmEn":"","prdtYear":"2022","openDt":"20230308","typeNm":"장편","prdtStatNm":"개봉","nationAlt":"일본","genreAlt":"성인물(에로),드라마,멜로/로맨스","repNationNm":"일본","repGenreNm":"성인물(에로)","directors":[{"peopleNm":"야스지로 시도"}],"companys":[]},{"movieCd":"20230769","movieNm":"굶주린 여자들:질펀한 봉사","movieNmEn":"","prdtYear":"2022","openDt":"20230308","typeNm":"장편","prdtStatNm":"개봉","nationAlt":"일본","genreAlt":"성인물(에로),드라마,멜로/로맨스","repNationNm":"일본","repGenreNm":"성인물(에로)","directors":[{"peopleNm":"디렉터 O"}],"companys":[]},{"movieCd":"20205766","movieNm":"노크","movieNmEn":"Knock","prdtYear":"2020","openDt":"","typeNm":"단편","prdtStatNm":"기타","nationAlt":"한국","genreAlt":"기타","repNationNm":"한국","repGenreNm":"기타","directors":[],"companys":[]},{"movieCd":"20215421","movieNm":"괜찮아요, 귀복씨","movieNmEn":"It’s Ok, Mam","prdtYear":"2020","openDt":"","typeNm":"단편","prdtStatNm":"기타","nationAlt":"한국","genreAlt":"드라마","repNationNm":"한국","repGenreNm":"드라마","directors":[],"companys":[]}]}