{"totCnt":"95385","source":"영화진흥위원회","movieList":[{"movieCd":"20210705","movieNm":"믿음의 질주","movieNmEn":"Champion","prdtYear":"2017","openDt":"","typeNm":"장편","prdtStatNm":"기타","nationAlt":"미국","genreAlt":"드라마,가족","repNationNm":"미국","repGenreNm":"드라마","directors":[],"companys":[]},{"movieCd":"20211085","movieNm":"마더 앤 머더","movieNmEn":"Motherly","prdtYear":"2020","openDt":"","typeNm":"장편","prdtStatNm":"기타","nationAlt":"캐나다","genreAlt":"액션,공포(호러)","repNationNm":"캐나다","repGenreNm":"액션","directors":[{"peopleNm":"크레이그 데이빗 월리스"}],"companys":[]},{"movieCd":"20218885","movieNm":"쇼미더고스트","movieNmEn":"Show Me the Ghost","prdtYear":"2021","openDt":"20210909","typeNm":"장편","prdtStatNm":"개봉","nationAlt":"한국","genreAlt":"코미디,공포(호러)","repNationNm":"한국","repGenreNm":"코미디","directors":[{"peopleNm":"김은경"}],"companys":[{"companyCd":"20100036","companyNm":"㈜인디스토리"}]},{"movieCd":"20211084","movieNm":"GISFF2021 폐막작","movieNmEn":"","prdtYear":"2021","openDt":"","typeNm":"옴니버스","prdtStatNm":"기타","nationAlt":"기타","genreAlt":"기타","repNationNm":"기타","repGenreNm":"기타","directors":[],"companys":[]},{"movieCd":"20211083","movieNm":"빛나는 나의 다이어리에게","movieNmEn":"","prdtYear":"2021","openDt":"","typeNm":"단편","prdtStatNm":"기타","nationAlt":"한국","genreAlt":"드라마","repNationNm":"한국","repGenreNm":"드라마","directors":[{"peopleNm":"이지연"}],"companys":[{"companyCd":"20218244","companyNm":"크리에이티브 랩 유랑"}]},{"movieCd":"20218500","movieNm":"졸트","movieNmEn":"Jolt","prdtYear":"2021","openDt":"20211014","typeNm":"장편","prdtStatNm":"개봉","nationAlt":"미국","genreAlt":"액션","repNationNm":"미국","repGenreNm":"액션","directors":[{"peopleNm":"타니아 웩슬러"}],"companys":[]},{"movieCd":"20217508","movieNm":"실: 인연의 시작","movieNmEn":"Threads-Our Tapestry of Love","prdtYear":"2020","openDt":"20211014","typeNm":"장편","prdtStatNm":"개봉","nationAlt":"일본","genreAlt":"드라마,멜로/로맨스","repNationNm":"일본","repGenreNm":"드라마","directors":[{"peopleNm":"제제 다카히사"}],"companys":[]},{"movieCd":"20210304","movieNm":"스페이스 독 3: 트로피컬 어드벤처","movieNmEn":"Space Dogs: Tropical Adventure","prdtYear":"2020","openDt":"20211014","typeNm":"장편","prdtStatNm":"개봉","nationAlt":"러시아","genreAlt":"애니메이션,어드벤처","repNationNm":"러시아","repGenreNm":"애니메이션","directors":[{"peopleNm":"이나 예블라니코바"}],"companys":[]},{"movieCd":"20210844","movieNm":"바바리안","movieNmEn":"Waiting for the Barbarians","prdtYear":"2019","openDt":"20211014","typeNm":"장편","prdtStatNm":"개봉","nationAlt":"이탈리아","genreAlt":"드라마","repNationNm":"이탈리아","repGenreNm":"드라마","directors":[],"companys":[]},{"movieCd":"20210789","movieNm":"19번가물많은여자친구-무삭제","movieNmEn":"","prdtYear":"2021","openDt":"20211013","typeNm":"장편","prdtStatNm":"개봉","nationAlt":"한국","genreAlt":"성인물(에로)","repNationNm":"한국","repGenreNm":"성인물(에로)","directors":[{"peopleNm":"이희성"}],"companys":[{"companyCd":"20130184","companyNm":"스마일컨텐츠"}]}]}