{"totCnt":"95385","source":"영화진흥위원회","movieList":[{"movieCd":"20159355","movieNm":"솔로탈출귀","movieNmEn":"My Ghost Girlfriend","prdtYear":"2015","openDt":"","typeNm":"장편","prdtStatNm":"기타","nationAlt":"한국","genreAlt":"애니메이션","repNationNm":"한국","repGenreNm":"애니메이션","directors":[{"peopleNm":"전용석"}],"companys":[{"companyCd":"20100572","companyNm":"한국영화아카데미"}]},{"movieCd":"20112861","movieNm":"은실이","movieNmEn":"The Dearest","prdtYear":"2011","openDt":"20120308","typeNm":"장편","prdtStatNm":"개봉","nationAlt":"한국","genreAlt":"애니메이션","repNationNm":"한국","repGenreNm":"애니메이션","directors":[{"peopleNm":"김선아"},{"peopleNm":"박세희"}],"companys":[{"companyCd":"20100572","companyNm":"한국영화아카데미"}]},{"movieCd":"20101346","movieNm":"집","movieNmEn":"The House","prdtYear":"2010","openDt":"20110317","typeNm":"장편","prdtStatNm":"개봉","nationAlt":"한국","genreAlt":"판타지,애니메이션","repNationNm":"한국","repGenreNm":"판타지","directors":[{"peopleNm":"반주영"},{"peopleNm":"이현진"},{"peopleNm":"이재호"},{"peopleNm":"박미선"}],"companys":[{"companyCd":"20100572","companyNm":"한국영화아카데미"}]},{"movieCd":"20090842","movieNm":"로망은 없다","movieNmEn":"What Is Not Romance","prdtYear":"2009","openDt":"20091210","typeNm":"장편","prdtStatNm":"개봉","nationAlt":"한국","genreAlt":"애니메이션,드라마,가족","repNationNm":"한국","repGenreNm":"애니메이션","directors":[{"peopleNm":"박재옥"},{"peopleNm":"수경"},{"peopleNm":"홍은지"}],"companys":[{"companyCd":"20100572","companyNm":"한국영화아카데미"}]},{"movieCd":"20210872","movieNm":"체크 히어로 2","movieNmEn":"Checkered Ninja 2","prdtYear":"2021","openDt":"","typeNm":"장편","prdtStatNm":"기타","nationAlt":"덴마크","genreAlt":"애니메이션","repNationNm":"덴마크","repGenreNm":"애니메이션","directors":[{"peopleNm":"토르비욘 크리스토퍼센"},{"peopleNm":"앤더스 마테센"}],"companys":[]},{"movieCd":"20210850","movieNm":"조셉: 포로 수용소","movieNmEn":"Josep","prdtYear":"2020","openDt":"","typeNm":"장편","prdtStatNm":"기타","nationAlt":"프랑스,스페인,벨기에","genreAlt":"애니메이션","repNationNm":"프랑스","repGenreNm":"애니메이션","directors":[],"companys":[]},{"movieCd":"20210849","movieNm":"마이 써니 마드","movieNmEn":"My Sunny Maad","prdtYear":"2021","openDt":"","typeNm":"장편","prdtStatNm":"기타","nationAlt":"체코,프랑스,슬로바키아","genreAlt":"애니메이션","repNationNm":"체코","repGenreNm":"애니메이션","directors":[{"peopleNm":"미카엘라 파블라토바"}],"companys":[]},{"movieCd":"20210871","movieNm":"쓰레기 도시의 리프","movieNmEn":"City of Lost Things","prdtYear":"2020","openDt":"","typeNm":"장편","prdtStatNm":"기타","nationAlt":"대만","genreAlt":"애니메이션","repNationNm":"대만","repGenreNm":"애니메이션","directors":[{"peopleNm":"이치엔"}],"companys":[]},{"movieCd":"20219544","movieNm":"유부녀들 : 스와핑의 맛","movieNmEn":"","prdtYear":"2021","openDt":"20210930","typeNm":"장편","prdtStatNm":"개봉","nationAlt":"한국","genreAlt":"드라마,멜로/로맨스","repNationNm":"한국","repGenreNm":"드라마","directors":[{"peopleNm":"김환"}],"companys":[{"companyCd":"20161021","companyNm":"(주)영화사가을"}]},{"movieCd":"20219931","movieNm":"여배우의 S스캔들","movieNmEn":"","prdtYear":"2021","openDt":"20210930","typeNm":"장편","prdtStatNm":"개봉","nationAlt":"한국","genreAlt":"성인물(에로),범죄","repNationNm":"한국","repGenreNm":"성인물(에로)","directors":[{"peopleNm":"리차드 킴"}],"companys":[{"companyCd":"20122937","companyNm":"(주)룬컴퍼니"}]}]}