{"totCnt":"95385","source":"영화진흥위원회","movieList":[{"movieCd":"20224396","movieNm":"아틀란티스","movieNmEn":"Atlantis","prdtYear":"2021","openDt":"","typeNm":"장편","prdtStatNm":"기타","nationAlt":"이탈리아,프랑스,미국","genreAlt":"기타","repNationNm":"이탈리아","repGenreNm":"기타","directors":[],"companys":[]},{"movieCd":"20224394","movieNm":"황혼기로의 여행","movieNmEn":"Journey into the Twilight","prdtYear":"2021","openDt":"","typeNm":"장편","prdtStatNm":"기타","nationAlt":"이탈리아,프랑스","genreAlt":"기타","repNationNm":"이탈리아","repGenreNm":"기타","directors":[],"companys":[]},{"movieCd":"20224367","movieNm":"일 부코","movieNmEn":"Il buco","prdtYear":"2021","openDt":"","typeNm":"장편","prdtStatNm":"기타","nationAlt":"이탈리아,독일,프랑스","genreAlt":"기타","repNationNm":"이탈리아","repGenreNm":"기타","directors":[{"peopleNm":"미켈란젤로 프라마르티노"}],"companys":[]},{"movieCd":"20224381","movieNm":"우크라이나 항전","movieNmEn":"Cyborgs","prdtYear":"2022","openDt":"","typeNm":"장편","prdtStatNm":"기타","nationAlt":"우크라이나","genreAlt":"전쟁,액션,드라마","repNationNm":"우크라이나","repGenreNm":"전쟁","directors":[{"peopleNm":"아카텐 세이타블라예프"}],"companys":[]},{"movieCd":"20195910","movieNm":"비밀의 끝","movieNmEn":"The End of a secret","prdtYear":"2018","openDt":"","typeNm":"단편","prdtStatNm":"기타","nationAlt":"한국","genreAlt":"드라마,스릴러","repNationNm":"한국","repGenreNm":"드라마","directors":[{"peopleNm":"양세라"}],"companys":[]},{"movieCd":"20224290","movieNm":"장모님의 빨간 맛","movieNmEn":"","prdtYear":"2020","openDt":"20220325","typeNm":"장편","prdtStatNm":"개봉","nationAlt":"일본","genreAlt":"성인물(에로),드라마,멜로/로맨스","repNationNm":"일본","repGenreNm":"성인물(에로)","directors":[{"peopleNm":"나카노 야요이"}],"companys":[]},{"movieCd":"20224267","movieNm":"잘 세우는 누나들","movieNmEn":"","prdtYear":"2020","openDt":"20220325","typeNm":"장편","prdtStatNm":"개봉","nationAlt":"일본","genreAlt":"성인물(에로),멜로/로맨스","repNationNm":"일본","repGenreNm":"성인물(에로)","directors":[{"peopleNm":"야만카 소쿠스"}],"companys":[]},{"movieCd":"20224218","movieNm":"자연산C컵유정의오르가즘","movieNmEn":"","prdtYear":"2021","openDt":"20220325","typeNm":"장편","prdtStatNm":"개봉","nationAlt":"한국","genreAlt":"성인물(에로),멜로/로맨스","repNationNm":"한국","repGenreNm":"성인물(에로)","directors":[{"peopleNm":"김승환"}],"companys":[{"companyCd":"20130184","companyNm":"스마일컨텐츠"}]},{"movieCd":"20224050","movieNm":"옛사랑","movieNmEn":"","prdtYear":"2022","openDt":"","typeNm":"장편","prdtStatNm":"기타","nationAlt":"한국","genreAlt":"성인물(에로),드라마,멜로/로맨스","repNationNm":"한국","repGenreNm":"성인물(에로)","directors":[{"peopleNm":"선우용"}],"companys":[{"companyCd":"20122937","companyNm":"(주)룬컴퍼니"}]},{"movieCd":"20224288","movieNm":"아는 누나:몸정 주는 누나들","movieNmEn":"","prdtYear":"2020","openDt":"20220325","typeNm":"장편","prdtStatNm":"개봉","nationAlt":"일본","genreAlt":"성인물(에로),드라마,멜로/로맨스","repNationNm":"일본","repGenreNm":"성인물(에로)","directors":[{"peopleNm":"호소카와 켄"}],"companys":[]}]}