{"totCnt":"95385","source":"영화진흥위원회","movieList":[{"movieCd":"20230867","movieNm":"쾌락 찾은 며느리 무삭제판","movieNmEn":"","prdtYear":"2022","openDt":"","typeNm":"장편","prdtStatNm":"기타","nationAlt":"일본","genreAlt":"성인물(에로),멜로/로맨스","repNationNm":"일본","repGenreNm":"성인물(에로)","directors":[{"peopleNm":"사쿠라비토"}],"companys":[]},{"movieCd":"20181868","movieNm":"다른, 사람","movieNmEn":"Other, People","prdtYear":"2017","openDt":"","typeNm":"단편","prdtStatNm":"기타","nationAlt":"한국","genreAlt":"다큐멘터리","repNationNm":"한국","repGenreNm":"다큐멘터리","directors":[{"peopleNm":"김세영"}],"companys":[]},{"movieCd":"20210441","movieNm":"2021 춘천SF영화제 [Rebooting 춘천독립] DOF 1","movieNmEn":"CCFF2021 [Rebooting Chuncheon Inde] DOF 1","prdtYear":"2021","openDt":"","typeNm":"옴니버스","prdtStatNm":"기타","nationAlt":"한국","genreAlt":"기타","repNationNm":"한국","repGenreNm":"기타","directors":[],"companys":[]},{"movieCd":"20050226","movieNm":"토니 타키타니","movieNmEn":"Tony Takitani","prdtYear":"2004","openDt":"20050922","typeNm":"장편","prdtStatNm":"개봉","nationAlt":"일본","genreAlt":"드라마","repNationNm":"일본","repGenreNm":"드라마","directors":[{"peopleNm":"이치카와 준"}],"companys":[]},{"movieCd":"20230344","movieNm":"패밀리 디너","movieNmEn":"Reunion Dinner","prdtYear":"2022","openDt":"","typeNm":"장편","prdtStatNm":"기타","nationAlt":"싱가포르","genreAlt":"코미디,드라마","repNationNm":"싱가포르","repGenreNm":"코미디","directors":[{"peopleNm":"옹 쿠오 신"}],"companys":[]},{"movieCd":"20230774","movieNm":"유부녀 아파트 경비원과 땀범벅 불륜정사 무삭제판","movieNmEn":"","prdtYear":"2020","openDt":"","typeNm":"장편","prdtStatNm":"기타","nationAlt":"일본","genreAlt":"성인물(에로)","repNationNm":"일본","repGenreNm":"성인물(에로)","directors":[{"peopleNm":"오오사키히로하루"}],"companys":[]},{"movieCd":"20230498","movieNm":"여친의 여동생과 섹스 했습니다","movieNmEn":"","prdtYear":"2023","openDt":"","typeNm":"장편","prdtStatNm":"기타","nationAlt":"한국","genreAlt":"성인물(에로)","repNationNm":"한국","repGenreNm":"성인물(에로)","directors":[{"peopleNm":"강현성"}],"companys":[{"companyCd":"20217881","companyNm":"(주)샤이커뮤니케이션즈"}]},{"movieCd":"20230772","movieNm":"아들친구 몸짓에 발정난 엄마","movieNmEn":"","prdtYear":"2022","openDt":"","typeNm":"장편","prdtStatNm":"기타","nationAlt":"일본","genreAlt":"성인물(에로)","repNationNm":"일본","repGenreNm":"성인물(에로)","directors":[{"peopleNm":"니쿠손"}],"companys":[]},{"movieCd":"20230787","movieNm":"수치심에 타락해 길들여진 과부","movieNmEn":"","prdtYear":"2022","openDt":"","typeNm":"장편","prdtStatNm":"기타","nationAlt":"대만","genreAlt":"성인물(에로),드라마","repNationNm":"대만","repGenreNm":"성인물(에로)","directors":[],"companys":[]},{"movieCd":"20230526","movieNm":"순진한 처녀 유린하는 아저씨","movieNmEn":"","prdtYear":"2023","openDt":"","typeNm":"장편","prdtStatNm":"기타","nationAlt":"한국","genreAlt":"성인물(에로)","repNationNm":"한국","repGenreNm":"성인물(에로)","directors":[{"peopleNm":"안서영"}],"companys":[{"companyCd":"20217881","companyNm":"(주)샤이커뮤니케이션즈"}]}]}