{"totCnt":"95385","source":"영화진흥위원회","movieList":[{"movieCd":"20210031","movieNm":"엔드리스","movieNmEn":"Endless","prdtYear":"2020","openDt":"20211215","typeNm":"장편","prdtStatNm":"개봉","nationAlt":"미국","genreAlt":"판타지,멜로/로맨스","repNationNm":"미국","repGenreNm":"판타지","directors":[{"peopleNm":"스콧 스피어"}],"companys":[]},{"movieCd":"20211305","movieNm":"기문환생","movieNmEn":"My Lord 1","prdtYear":"2017","openDt":"20211215","typeNm":"장편","prdtStatNm":"개봉","nationAlt":"홍콩","genreAlt":"판타지","repNationNm":"홍콩","repGenreNm":"판타지","directors":[],"companys":[]},{"movieCd":"20212079","movieNm":"마음 급한 누나","movieNmEn":"","prdtYear":"2021","openDt":"20211214","typeNm":"장편","prdtStatNm":"개봉","nationAlt":"한국","genreAlt":"성인물(에로)","repNationNm":"한국","repGenreNm":"성인물(에로)","directors":[{"peopleNm":"강현성"}],"companys":[{"companyCd":"20217881","companyNm":"(주)샤이커뮤니케이션즈"}]},{"movieCd":"20212078","movieNm":"거유 자매","movieNmEn":"","prdtYear":"2021","openDt":"20211214","typeNm":"장편","prdtStatNm":"개봉","nationAlt":"한국","genreAlt":"성인물(에로)","repNationNm":"한국","repGenreNm":"성인물(에로)","directors":[{"peopleNm":"강현성"}],"companys":[{"companyCd":"20217881","companyNm":"(주)샤이커뮤니케이션즈"}]},{"movieCd":"20212686","movieNm":"안다미로 프로덕션 상영회","movieNmEn":"","prdtYear":"2021","openDt":"","typeNm":"옴니버스","prdtStatNm":"기타","nationAlt":"한국","genreAlt":"드라마","repNationNm":"한국","repGenreNm":"드라마","directors":[],"companys":[]},{"movieCd":"20212671","movieNm":"돈't 워리","movieNmEn":"Money Worry","prdtYear":"2021","openDt":"","typeNm":"단편","prdtStatNm":"기타","nationAlt":"한국","genreAlt":"드라마","repNationNm":"한국","repGenreNm":"드라마","directors":[],"companys":[]},{"movieCd":"20212670","movieNm":"영화 그만할래","movieNmEn":"Burn Up the Scenario","prdtYear":"2021","openDt":"","typeNm":"단편","prdtStatNm":"기타","nationAlt":"한국","genreAlt":"드라마","repNationNm":"한국","repGenreNm":"드라마","directors":[],"companys":[]},{"movieCd":"20201227","movieNm":"해녀들의 이야기","movieNmEn":"The Story Of HAENYEO","prdtYear":"2020","openDt":"","typeNm":"단편","prdtStatNm":"기타","nationAlt":"한국","genreAlt":"다큐멘터리","repNationNm":"한국","repGenreNm":"다큐멘터리","directors":[{"peopleNm":"지웅배"}],"companys":[]},{"movieCd":"20212685","movieNm":"타협","movieNmEn":"Compression","prdtYear":"2021","openDt":"","typeNm":"단편","prdtStatNm":"기타","nationAlt":"한국","genreAlt":"드라마","repNationNm":"한국","repGenreNm":"드라마","directors":[],"companys":[]},{"movieCd":"20078748","movieNm":"로스트 걸: 잃어버린 딸","movieNmEn":"The Girl in the Park","prdtYear":"2007","openDt":"","typeNm":"장편","prdtStatNm":"기타","nationAlt":"미국","genreAlt":"드라마","repNationNm":"미국","repGenreNm":"드라마","directors":[{"peopleNm":"데이빗 어번"}],"companys":[]}]}