{"totCnt":"95385","source":"영화진흥위원회","movieList":[{"movieCd":"20211622","movieNm":"모짜르트의 한 방","movieNmEn":"","prdtYear":"2021","openDt":"","typeNm":"단편","prdtStatNm":"기타","nationAlt":"한국","genreAlt":"뮤지컬","repNationNm":"한국","repGenreNm":"뮤지컬","directors":[{"peopleNm":"김나윤"}],"companys":[{"companyCd":"20204543","companyNm":"희원극단"}]},{"movieCd":"20223082","movieNm":"못난놈","movieNmEn":"Foolish fellow","prdtYear":"2019","openDt":"","typeNm":"단편","prdtStatNm":"기타","nationAlt":"한국","genreAlt":"드라마","repNationNm":"한국","repGenreNm":"드라마","directors":[{"peopleNm":"박호진"}],"companys":[]},{"movieCd":"20223103","movieNm":"탈옥커","movieNmEn":"TALOK-ER","prdtYear":"2020","openDt":"","typeNm":"단편","prdtStatNm":"기타","nationAlt":"한국","genreAlt":"코미디","repNationNm":"한국","repGenreNm":"코미디","directors":[{"peopleNm":"여인환"}],"companys":[]},{"movieCd":"20223102","movieNm":"도와줘","movieNmEn":"SAVE ME!","prdtYear":"2021","openDt":"","typeNm":"단편","prdtStatNm":"기타","nationAlt":"한국","genreAlt":"코미디","repNationNm":"한국","repGenreNm":"코미디","directors":[{"peopleNm":"최보윤"}],"companys":[]},{"movieCd":"20223101","movieNm":"혼생러 한사라","movieNmEn":"Solitary Survivor Sarah","prdtYear":"2020","openDt":"","typeNm":"단편","prdtStatNm":"기타","nationAlt":"한국","genreAlt":"액션,스릴러,공포(호러)","repNationNm":"한국","repGenreNm":"액션","directors":[{"peopleNm":"최진솔"}],"companys":[]},{"movieCd":"20213045","movieNm":"해시태그 몽골","movieNmEn":"Hashtag Mongolia","prdtYear":"2020","openDt":"","typeNm":"단편","prdtStatNm":"기타","nationAlt":"한국","genreAlt":"코미디,어드벤처","repNationNm":"한국","repGenreNm":"코미디","directors":[{"peopleNm":"김준식"}],"companys":[]},{"movieCd":"20211804","movieNm":"특급 배덕의 아내의 엄마","movieNmEn":"","prdtYear":"2020","openDt":"","typeNm":"장편","prdtStatNm":"기타","nationAlt":"일본","genreAlt":"성인물(에로)","repNationNm":"일본","repGenreNm":"성인물(에로)","directors":[{"peopleNm":"코지마 유키오"}],"companys":[]},{"movieCd":"20211925","movieNm":"오늘밤만 해결해달라는 G컵 아야카","movieNmEn":"","prdtYear":"2020","openDt":"","typeNm":"장편","prdtStatNm":"기타","nationAlt":"일본","genreAlt":"성인물(에로)","repNationNm":"일본","repGenreNm":"성인물(에로)","directors":[{"peopleNm":"코지마 유키오"}],"companys":[]},{"movieCd":"20212004","movieNm":"오늘만 내여자가 되어줘 - 옆집아내","movieNmEn":"","prdtYear":"2020","openDt":"","typeNm":"장편","prdtStatNm":"기타","nationAlt":"일본","genreAlt":"성인물(에로)","repNationNm":"일본","repGenreNm":"성인물(에로)","directors":[{"peopleNm":"코지마 유키오"}],"companys":[]},{"movieCd":"20212000","movieNm":"새엄마의 딥키스가 앗아간 동정","movieNmEn":"","prdtYear":"2020","openDt":"","typeNm":"장편","prdtStatNm":"기타","nationAlt":"일본","genreAlt":"성인물(에로)","repNationNm":"일본","repGenreNm":"성인물(에로)","directors":[{"peopleNm":"코지마 유키오"}],"companys":[]}]}