{"totCnt":"95385","source":"영화진흥위원회","movieList":[{"movieCd":"20212782","movieNm":"화끈한 며느리","movieNmEn":"","prdtYear":"2021","openDt":"20211221","typeNm":"장편","prdtStatNm":"개봉","nationAlt":"한국","genreAlt":"드라마","repNationNm":"한국","repGenreNm":"드라마","directors":[{"peopleNm":"이로운"}],"companys":[{"companyCd":"20136715","companyNm":"(주)영화사히트"}]},{"movieCd":"20210812","movieNm":"기문둔갑: 괴소소녀","movieNmEn":"Strange Girl","prdtYear":"2017","openDt":"20211220","typeNm":"장편","prdtStatNm":"개봉","nationAlt":"홍콩","genreAlt":"판타지,액션,드라마","repNationNm":"홍콩","repGenreNm":"판타지","directors":[],"companys":[]},{"movieCd":"20212984","movieNm":"아무도 몰랐던 이야기","movieNmEn":"A story that I didn't tell you.","prdtYear":"2012","openDt":"","typeNm":"단편","prdtStatNm":"기타","nationAlt":"한국","genreAlt":"스릴러","repNationNm":"한국","repGenreNm":"스릴러","directors":[],"companys":[]},{"movieCd":"20212967","movieNm":"22% 부족할 때","movieNmEn":"When You Need 22% ","prdtYear":"2021","openDt":"","typeNm":"단편","prdtStatNm":"기타","nationAlt":"한국","genreAlt":"코미디","repNationNm":"한국","repGenreNm":"코미디","directors":[{"peopleNm":"윤한나"}],"companys":[]},{"movieCd":"20212982","movieNm":"남겨진 사람들","movieNmEn":"Those Left Behind","prdtYear":"2021","openDt":"","typeNm":"단편","prdtStatNm":"기타","nationAlt":"한국","genreAlt":"가족,드라마","repNationNm":"한국","repGenreNm":"가족","directors":[{"peopleNm":"문정효"}],"companys":[]},{"movieCd":"20212981","movieNm":"박희수 찾기","movieNmEn":"","prdtYear":"2019","openDt":"","typeNm":"단편","prdtStatNm":"기타","nationAlt":"한국","genreAlt":"드라마","repNationNm":"한국","repGenreNm":"드라마","directors":[],"companys":[]},{"movieCd":"20212962","movieNm":"다짜고짜 로맨스","movieNmEn":"Unexpected Romance","prdtYear":"2018","openDt":"","typeNm":"단편","prdtStatNm":"기타","nationAlt":"한국","genreAlt":"멜로/로맨스,코미디","repNationNm":"한국","repGenreNm":"멜로/로맨스","directors":[{"peopleNm":"박승민"}],"companys":[]},{"movieCd":"20212959","movieNm":"피크노렙시","movieNmEn":"Pyknolepsy","prdtYear":"2020","openDt":"","typeNm":"단편","prdtStatNm":"기타","nationAlt":"한국","genreAlt":"기타","repNationNm":"한국","repGenreNm":"기타","directors":[{"peopleNm":"정승은"}],"companys":[]},{"movieCd":"20212957","movieNm":"Qui A Tué 누가 죽였는가","movieNmEn":"Who Killed Grandma","prdtYear":"2020","openDt":"","typeNm":"단편","prdtStatNm":"기타","nationAlt":"한국","genreAlt":"드라마,가족","repNationNm":"한국","repGenreNm":"드라마","directors":[{"peopleNm":"정승은"}],"companys":[]},{"movieCd":"20212958","movieNm":"몽연","movieNmEn":"A Way Back Home","prdtYear":"2017","openDt":"","typeNm":"단편","prdtStatNm":"기타","nationAlt":"한국","genreAlt":"드라마,판타지","repNationNm":"한국","repGenreNm":"드라마","directors":[{"peopleNm":"박승민"}],"companys":[]}]}