{"totCnt":"95385","source":"영화진흥위원회","movieList":[{"movieCd":"20219587","movieNm":"친구 남편과 애욕에 찌든 날","movieNmEn":"","prdtYear":"2020","openDt":"","typeNm":"장편","prdtStatNm":"기타","nationAlt":"일본","genreAlt":"성인물(에로),드라마","repNationNm":"일본","repGenreNm":"성인물(에로)","directors":[{"peopleNm":"카즈마"}],"companys":[]},{"movieCd":"20219588","movieNm":"신문 배달원에 거꾸로 매달린 연상녀","movieNmEn":"","prdtYear":"2020","openDt":"","typeNm":"장편","prdtStatNm":"기타","nationAlt":"일본","genreAlt":"성인물(에로),드라마","repNationNm":"일본","repGenreNm":"성인물(에로)","directors":[{"peopleNm":"나가에 타카미"}],"companys":[{"companyCd":"20217647","companyNm":"주식회사 원스크린"}]},{"movieCd":"20219445","movieNm":"일곱 여자의 섹스 동영상","movieNmEn":"","prdtYear":"2021","openDt":"20210810","typeNm":"장편","prdtStatNm":"개봉","nationAlt":"한국","genreAlt":"성인물(에로)","repNationNm":"한국","repGenreNm":"성인물(에로)","directors":[{"peopleNm":"강현성"}],"companys":[{"companyCd":"20217881","companyNm":"(주)샤이커뮤니케이션즈"}]},{"movieCd":"20219425","movieNm":"유부녀와 여대생의 섹스 촬영","movieNmEn":"","prdtYear":"2021","openDt":"20210810","typeNm":"장편","prdtStatNm":"개봉","nationAlt":"한국","genreAlt":"성인물(에로)","repNationNm":"한국","repGenreNm":"성인물(에로)","directors":[{"peopleNm":"강현성"}],"companys":[{"companyCd":"20217881","companyNm":"(주)샤이커뮤니케이션즈"}]},{"movieCd":"20219346","movieNm":"왕게임 : 여대생 길들이기","movieNmEn":"","prdtYear":"2020","openDt":"20210810","typeNm":"장편","prdtStatNm":"개봉","nationAlt":"일본","genreAlt":"성인물(에로)","repNationNm":"일본","repGenreNm":"성인물(에로)","directors":[],"companys":[]},{"movieCd":"20000229","movieNm":"유(U) - 571","movieNmEn":"U - 571","prdtYear":"2000","openDt":"20000901","typeNm":"장편","prdtStatNm":"개봉","nationAlt":"프랑스,미국","genreAlt":"액션,드라마,스릴러,전쟁","repNationNm":"프랑스","repGenreNm":"액션","directors":[{"peopleNm":"조나단 모스토우"}],"companys":[{"companyCd":"20101382","companyNm":"유니버셜 픽쳐스"}]},{"movieCd":"20020189","movieNm":"어바웃 어 보이","movieNmEn":"About A Boy","prdtYear":"2002","openDt":"20020822","typeNm":"장편","prdtStatNm":"개봉","nationAlt":"미국","genreAlt":"드라마","repNationNm":"미국","repGenreNm":"드라마","directors":[{"peopleNm":"폴 웨이츠"},{"peopleNm":"크리스 웨이츠"}],"companys":[]},{"movieCd":"20219737","movieNm":"생각의 여름, 여름의 얼굴","movieNmEn":"","prdtYear":"2021","openDt":"","typeNm":"옴니버스","prdtStatNm":"기타","nationAlt":"한국","genreAlt":"드라마","repNationNm":"한국","repGenreNm":"드라마","directors":[],"companys":[]},{"movieCd":"20183430","movieNm":"오래달리기","movieNmEn":"Long-running","prdtYear":"2018","openDt":"","typeNm":"단편","prdtStatNm":"기타","nationAlt":"한국","genreAlt":"드라마","repNationNm":"한국","repGenreNm":"드라마","directors":[{"peopleNm":"정승오"}],"companys":[]},{"movieCd":"20219736","movieNm":"그들이 부른 내 이름","movieNmEn":"They Call Me Babu","prdtYear":"2019","openDt":"","typeNm":"장편","prdtStatNm":"기타","nationAlt":"네덜란드","genreAlt":"다큐멘터리","repNationNm":"네덜란드","repGenreNm":"다큐멘터리","directors":[],"companys":[]}]}