{"totCnt":"95385","source":"영화진흥위원회","movieList":[{"movieCd":"20223751","movieNm":"여기","movieNmEn":"Here","prdtYear":"2021","openDt":"","typeNm":"단편","prdtStatNm":"기타","nationAlt":"한국","genreAlt":"기타","repNationNm":"한국","repGenreNm":"기타","directors":[{"peopleNm":"김태동"}],"companys":[]},{"movieCd":"20223349","movieNm":"바이스 시티","movieNmEn":"Feral State","prdtYear":"2020","openDt":"","typeNm":"장편","prdtStatNm":"기타","nationAlt":"미국","genreAlt":"액션,스릴러","repNationNm":"미국","repGenreNm":"액션","directors":[{"peopleNm":"존 카를로"}],"companys":[]},{"movieCd":"20212956","movieNm":"인류를 위한 번식경쟁 두명 다 줄게","movieNmEn":"","prdtYear":"2021","openDt":"20220125","typeNm":"장편","prdtStatNm":"개봉","nationAlt":"한국","genreAlt":"성인물(에로)","repNationNm":"한국","repGenreNm":"성인물(에로)","directors":[{"peopleNm":"제너럴리스트"}],"companys":[{"companyCd":"20141911","companyNm":"(주)뮤직엔닷컴"}]},{"movieCd":"20223504","movieNm":"위아래 흔들리는 새엄마","movieNmEn":"","prdtYear":"2020","openDt":"20220125","typeNm":"장편","prdtStatNm":"개봉","nationAlt":"일본","genreAlt":"성인물(에로),드라마,멜로/로맨스","repNationNm":"일본","repGenreNm":"성인물(에로)","directors":[{"peopleNm":"히로아키"}],"companys":[]},{"movieCd":"20223739","movieNm":"오늘 저는 꽃을 받았어요","movieNmEn":"Today, I received flowers","prdtYear":"2019","openDt":"","typeNm":"단편","prdtStatNm":"기타","nationAlt":"한국","genreAlt":"드라마","repNationNm":"한국","repGenreNm":"드라마","directors":[],"companys":[]},{"movieCd":"20223738","movieNm":"나도 한강뷰 오피스텔에서 살고싶어 ","movieNmEn":"","prdtYear":"2021","openDt":"","typeNm":"단편","prdtStatNm":"기타","nationAlt":"한국","genreAlt":"미스터리,멜로/로맨스","repNationNm":"한국","repGenreNm":"미스터리","directors":[],"companys":[]},{"movieCd":"20223398","movieNm":"장민호 드라마 최종회","movieNmEn":"Jang Minho Drama","prdtYear":"2022","openDt":"20220124","typeNm":"장편","prdtStatNm":"개봉","nationAlt":"한국","genreAlt":"공연","repNationNm":"한국","repGenreNm":"공연","directors":[],"companys":[{"companyCd":"20063188","companyNm":"씨제이 씨지브이(CJ CGV)(주)"},{"companyCd":"20204721","companyNm":"CGV ICECON"}]},{"movieCd":"20223736","movieNm":"내 친구의 봄","movieNmEn":"","prdtYear":"2016","openDt":"","typeNm":"단편","prdtStatNm":"기타","nationAlt":"한국","genreAlt":"다큐멘터리","repNationNm":"한국","repGenreNm":"다큐멘터리","directors":[],"companys":[]},{"movieCd":"20223728","movieNm":"레스큐 더 파일럿","movieNmEn":"The Shelburn Network","prdtYear":"2019","openDt":"","typeNm":"장편","prdtStatNm":"기타","nationAlt":"프랑스","genreAlt":"전쟁,액션","repNationNm":"프랑스","repGenreNm":"전쟁","directors":[],"companys":[]},{"movieCd":"20223733","movieNm":"신비한 마법사의 비밀","movieNmEn":"Age of Stone and Sky: The Sorcerer Beast","prdtYear":"2021","openDt":"","typeNm":"장편","prdtStatNm":"기타","nationAlt":"미국","genreAlt":"판타지,드라마","repNationNm":"미국","repGenreNm":"판타지","directors":[{"peopleNm":"윌리엄 L. 콕스"}],"companys":[]}]}