{"totCnt":"95385","source":"영화진흥위원회","movieList":[{"movieCd":"20219975","movieNm":"내가 죽어 누워있을 때","movieNmEn":"As I Lay Dying","prdtYear":"2018","openDt":"","typeNm":"단편","prdtStatNm":"기타","nationAlt":"한국","genreAlt":"드라마","repNationNm":"한국","repGenreNm":"드라마","directors":[],"companys":[]},{"movieCd":"19950012","movieNm":"죽어도 좋은 경험: 천사여 악녀가 되라","movieNmEn":"An Experience to Die For","prdtYear":"1990","openDt":"20210715","typeNm":"장편","prdtStatNm":"개봉","nationAlt":"한국","genreAlt":"드라마,미스터리","repNationNm":"한국","repGenreNm":"드라마","directors":[{"peopleNm":"김기영"}],"companys":[{"companyCd":"20100588","companyNm":"유성영화(주)"}]},{"movieCd":"20219991","movieNm":"내 무덤에 침을 뱉어라","movieNmEn":"Spit on My Stage","prdtYear":"2020","openDt":"","typeNm":"단편","prdtStatNm":"기타","nationAlt":"한국","genreAlt":"코미디,뮤지컬","repNationNm":"한국","repGenreNm":"코미디","directors":[],"companys":[]},{"movieCd":"20219974","movieNm":"지금 여기","movieNmEn":"Here and Now","prdtYear":"2018","openDt":"","typeNm":"단편","prdtStatNm":"기타","nationAlt":"이탈리아","genreAlt":"기타","repNationNm":"이탈리아","repGenreNm":"기타","directors":[],"companys":[]},{"movieCd":"20219973","movieNm":"컨템포러리-스러운","movieNmEn":"Contemporar-ish","prdtYear":"2021","openDt":"","typeNm":"단편","prdtStatNm":"기타","nationAlt":"멕시코","genreAlt":"기타","repNationNm":"멕시코","repGenreNm":"기타","directors":[],"companys":[]},{"movieCd":"20219972","movieNm":"배달의 하이바","movieNmEn":" A Delivery Man","prdtYear":"2020","openDt":"","typeNm":"단편","prdtStatNm":"기타","nationAlt":"한국","genreAlt":"드라마","repNationNm":"한국","repGenreNm":"드라마","directors":[],"companys":[]},{"movieCd":"20219970","movieNm":"성지순례","movieNmEn":"Pillgrimage","prdtYear":"2017","openDt":"","typeNm":"단편","prdtStatNm":"기타","nationAlt":"캐나다","genreAlt":"기타","repNationNm":"캐나다","repGenreNm":"기타","directors":[],"companys":[]},{"movieCd":"20219990","movieNm":"집의 함수","movieNmEn":"f(house)=in+out(human)","prdtYear":"2018","openDt":"","typeNm":"단편","prdtStatNm":"기타","nationAlt":"한국","genreAlt":"기타","repNationNm":"한국","repGenreNm":"기타","directors":[],"companys":[]},{"movieCd":"20219969","movieNm":"천장산 산신제","movieNmEn":"Mt.Cheonjang Project: the Revival of the Mountain Ritual","prdtYear":"2021","openDt":"","typeNm":"단편","prdtStatNm":"기타","nationAlt":"한국","genreAlt":"다큐멘터리","repNationNm":"한국","repGenreNm":"다큐멘터리","directors":[{"peopleNm":"김서진"}],"companys":[]},{"movieCd":"20219989","movieNm":"생물학적 순환","movieNmEn":"The Circadian Cycle","prdtYear":"2019","openDt":"","typeNm":"단편","prdtStatNm":"기타","nationAlt":"호주","genreAlt":"기타","repNationNm":"호주","repGenreNm":"기타","directors":[],"companys":[]}]}