{"totCnt":"95385","source":"영화진흥위원회","movieList":[{"movieCd":"20211465","movieNm":"번 아웃","movieNmEn":"Burn Out","prdtYear":"2021","openDt":"","typeNm":"장편","prdtStatNm":"기타","nationAlt":"미국","genreAlt":"액션","repNationNm":"미국","repGenreNm":"액션","directors":[{"peopleNm":"피어리 레저널드 테오"}],"companys":[]},{"movieCd":"20211903","movieNm":"사랑을 위하여","movieNmEn":"Love is Love is Love","prdtYear":"2020","openDt":"","typeNm":"장편","prdtStatNm":"기타","nationAlt":"미국","genreAlt":"멜로/로맨스,드라마","repNationNm":"미국","repGenreNm":"멜로/로맨스","directors":[{"peopleNm":"엘레노어 코폴라"}],"companys":[]},{"movieCd":"20211902","movieNm":"남북전쟁: 황야의 무법자","movieNmEn":"Honor Among Thieves","prdtYear":"2021","openDt":"","typeNm":"장편","prdtStatNm":"기타","nationAlt":"미국","genreAlt":"액션,서부극(웨스턴)","repNationNm":"미국","repGenreNm":"액션","directors":[{"peopleNm":"브렛 벤트먼"}],"companys":[]},{"movieCd":"20211837","movieNm":"영화관 속 재즈 로프트 4강. Good Bye 2021","movieNmEn":"","prdtYear":"2021","openDt":"","typeNm":"장편","prdtStatNm":"기타","nationAlt":"한국","genreAlt":"기타","repNationNm":"한국","repGenreNm":"기타","directors":[],"companys":[]},{"movieCd":"20211866","movieNm":"영화관 속 재즈 로프트 1강. 함께 듣는 재즈","movieNmEn":"","prdtYear":"2021","openDt":"","typeNm":"장편","prdtStatNm":"기타","nationAlt":"한국","genreAlt":"기타","repNationNm":"한국","repGenreNm":"기타","directors":[],"companys":[]},{"movieCd":"20196799","movieNm":"경미의 세계","movieNmEn":"Kyungmi's World","prdtYear":"2019","openDt":"","typeNm":"장편","prdtStatNm":"기타","nationAlt":"한국","genreAlt":"드라마","repNationNm":"한국","repGenreNm":"드라마","directors":[{"peopleNm":"구지현"}],"companys":[]},{"movieCd":"20201565","movieNm":"의리적 구토 그 후, 100년의 구투","movieNmEn":"","prdtYear":"2020","openDt":"","typeNm":"장편","prdtStatNm":"기타","nationAlt":"한국","genreAlt":"다큐멘터리","repNationNm":"한국","repGenreNm":"다큐멘터리","directors":[{"peopleNm":"이태리"}],"companys":[]},{"movieCd":"20211760","movieNm":"훈즈: 제국의 탄생","movieNmEn":"The Huns","prdtYear":"2021","openDt":"","typeNm":"장편","prdtStatNm":"기타","nationAlt":"러시아","genreAlt":"전쟁,액션","repNationNm":"러시아","repGenreNm":"전쟁","directors":[],"companys":[]},{"movieCd":"20211323","movieNm":"후겟츠 웨슬리","movieNmEn":"Who Gets the Dog?","prdtYear":"2016","openDt":"20211118","typeNm":"장편","prdtStatNm":"개봉","nationAlt":"미국","genreAlt":"코미디,멜로/로맨스","repNationNm":"미국","repGenreNm":"코미디","directors":[{"peopleNm":"헉 봇코"}],"companys":[]},{"movieCd":"20211464","movieNm":"헌터스 문","movieNmEn":"Hunter's Moon","prdtYear":"2020","openDt":"","typeNm":"장편","prdtStatNm":"기타","nationAlt":"미국","genreAlt":"범죄,공포(호러),스릴러","repNationNm":"미국","repGenreNm":"범죄","directors":[],"companys":[]}]}