{"totCnt":"95385","source":"영화진흥위원회","movieList":[{"movieCd":"20223722","movieNm":"B컷","movieNmEn":"B Cut","prdtYear":"2022","openDt":"20220330","typeNm":"장편","prdtStatNm":"개봉","nationAlt":"한국","genreAlt":"범죄,액션,스릴러","repNationNm":"한국","repGenreNm":"범죄","directors":[{"peopleNm":"김진영"}],"companys":[{"companyCd":"20173821","companyNm":"(주)영화사 필"},{"companyCd":"20139196","companyNm":"TCO(주)더콘텐츠온"}]},{"movieCd":"20223572","movieNm":"한 밤의 판타지아","movieNmEn":"","prdtYear":"2021","openDt":"","typeNm":"장편","prdtStatNm":"기타","nationAlt":"한국","genreAlt":"기타","repNationNm":"한국","repGenreNm":"기타","directors":[{"peopleNm":"이현지"}],"companys":[{"companyCd":"20154728","companyNm":"주식회사 씨엠닉스"}]},{"movieCd":"20224077","movieNm":"하로동선","movieNmEn":"","prdtYear":"2022","openDt":"20220330","typeNm":"장편","prdtStatNm":"개봉","nationAlt":"한국","genreAlt":"드라마","repNationNm":"한국","repGenreNm":"드라마","directors":[{"peopleNm":"김시우"}],"companys":[{"companyCd":"20216381","companyNm":"(주)나인테일즈코리아"}]},{"movieCd":"20224142","movieNm":"세븐틴 파워 오브 러브 : 더 무비","movieNmEn":"SEVENTEEN POWER OF LOVE : THE MOVIE","prdtYear":"2022","openDt":"20220420","typeNm":"장편","prdtStatNm":"개봉","nationAlt":"한국","genreAlt":"공연,다큐멘터리","repNationNm":"한국","repGenreNm":"공연","directors":[{"peopleNm":"오윤동"}],"companys":[{"companyCd":"20203082","companyNm":"씨제이포디플렉스 주식회사"}]},{"movieCd":"20212783","movieNm":"로스트 시티","movieNmEn":"The Lost City","prdtYear":"2022","openDt":"20220420","typeNm":"장편","prdtStatNm":"개봉","nationAlt":"미국","genreAlt":"액션,코미디,멜로/로맨스,어드벤처","repNationNm":"미국","repGenreNm":"액션","directors":[],"companys":[]},{"movieCd":"20224135","movieNm":"4월은 너의 거짓말","movieNmEn":"Your lie in April","prdtYear":"2016","openDt":"20220420","typeNm":"장편","prdtStatNm":"개봉","nationAlt":"일본","genreAlt":"멜로/로맨스,뮤지컬","repNationNm":"일본","repGenreNm":"멜로/로맨스","directors":[{"peopleNm":"신조 타케히코"}],"companys":[]},{"movieCd":"20223799","movieNm":"가무악칠채","movieNmEn":"SEVEN BEATS","prdtYear":"2020","openDt":"20220317","typeNm":"장편","prdtStatNm":"개봉","nationAlt":"한국","genreAlt":"공연","repNationNm":"한국","repGenreNm":"공연","directors":[{"peopleNm":"손인영"},{"peopleNm":"이재화"}],"companys":[{"companyCd":"20218323","companyNm":"문화체육관광부 국립극장"}]},{"movieCd":"20224672","movieNm":"풍만천사 친구엄마 최종장","movieNmEn":"","prdtYear":"2021","openDt":"","typeNm":"장편","prdtStatNm":"기타","nationAlt":"일본","genreAlt":"성인물(에로)","repNationNm":"일본","repGenreNm":"성인물(에로)","directors":[{"peopleNm":"코지마 유키오"}],"companys":[]},{"movieCd":"20224671","movieNm":"루카짱의 란제리 속옷판매","movieNmEn":"","prdtYear":"2021","openDt":"","typeNm":"장편","prdtStatNm":"기타","nationAlt":"일본","genreAlt":"성인물(에로)","repNationNm":"일본","repGenreNm":"성인물(에로)","directors":[{"peopleNm":"코지마 유키오"}],"companys":[]},{"movieCd":"20224670","movieNm":"하얀빽바지의 지스팟-카오리짱","movieNmEn":"","prdtYear":"2020","openDt":"","typeNm":"장편","prdtStatNm":"기타","nationAlt":"일본","genreAlt":"성인물(에로)","repNationNm":"일본","repGenreNm":"성인물(에로)","directors":[{"peopleNm":"다나카 켄타로"}],"companys":[]}]}