{"totCnt":"95385","source":"영화진흥위원회","movieList":[{"movieCd":"20210541","movieNm":"스펜서","movieNmEn":"Spencer","prdtYear":"2021","openDt":"20220316","typeNm":"장편","prdtStatNm":"개봉","nationAlt":"영국","genreAlt":"드라마","repNationNm":"영국","repGenreNm":"드라마","directors":[{"peopleNm":"파블로 라라인"}],"companys":[]},{"movieCd":"20216905","movieNm":"사생돈투","movieNmEn":"","prdtYear":"2020","openDt":"","typeNm":"단편","prdtStatNm":"기타","nationAlt":"한국","genreAlt":"드라마","repNationNm":"한국","repGenreNm":"드라마","directors":[{"peopleNm":"오덕환"}],"companys":[]},{"movieCd":"20217765","movieNm":"사랑 후의 두 여자","movieNmEn":"After Love","prdtYear":"2020","openDt":"20220330","typeNm":"장편","prdtStatNm":"개봉","nationAlt":"영국","genreAlt":"드라마","repNationNm":"영국","repGenreNm":"드라마","directors":[],"companys":[]},{"movieCd":"20224052","movieNm":"여대생 명기가 따로없네","movieNmEn":"","prdtYear":"2021","openDt":"20220331","typeNm":"장편","prdtStatNm":"개봉","nationAlt":"한국","genreAlt":"성인물(에로),멜로/로맨스","repNationNm":"한국","repGenreNm":"성인물(에로)","directors":[{"peopleNm":"김모리"}],"companys":[{"companyCd":"20217184","companyNm":"영화사 레드카펫"}]},{"movieCd":"20224276","movieNm":"삽입하기 좋은 날","movieNmEn":"","prdtYear":"2022","openDt":"20220331","typeNm":"장편","prdtStatNm":"개봉","nationAlt":"한국","genreAlt":"성인물(에로)","repNationNm":"한국","repGenreNm":"성인물(에로)","directors":[{"peopleNm":"강현성"}],"companys":[{"companyCd":"20217881","companyNm":"(주)샤이커뮤니케이션즈"}]},{"movieCd":"20224275","movieNm":"더 맛있는 남의 떡","movieNmEn":"","prdtYear":"2022","openDt":"20220331","typeNm":"장편","prdtStatNm":"개봉","nationAlt":"한국","genreAlt":"성인물(에로)","repNationNm":"한국","repGenreNm":"성인물(에로)","directors":[{"peopleNm":"강현성"}],"companys":[{"companyCd":"20217881","companyNm":"(주)샤이커뮤니케이션즈"}]},{"movieCd":"20223903","movieNm":"전설의 텍사스 일공주","movieNmEn":"","prdtYear":"2021","openDt":"20220323","typeNm":"장편","prdtStatNm":"개봉","nationAlt":"한국","genreAlt":"성인물(에로),드라마","repNationNm":"한국","repGenreNm":"성인물(에로)","directors":[{"peopleNm":"야신수"}],"companys":[{"companyCd":"20061917","companyNm":"(주)이십일세기미디어"}]},{"movieCd":"20210981","movieNm":"마지막 대전투: 전장의 영웅들","movieNmEn":"The Final Sacrifice: Directors Cut","prdtYear":"2021","openDt":"20220323","typeNm":"장편","prdtStatNm":"개봉","nationAlt":"미국","genreAlt":"전쟁,액션,드라마","repNationNm":"미국","repGenreNm":"전쟁","directors":[{"peopleNm":"아리 톱"}],"companys":[]},{"movieCd":"20224156","movieNm":"어느 집 여자가 더 맛있을까","movieNmEn":"","prdtYear":"2022","openDt":"20220318","typeNm":"장편","prdtStatNm":"개봉","nationAlt":"한국","genreAlt":"성인물(에로),드라마","repNationNm":"한국","repGenreNm":"성인물(에로)","directors":[{"peopleNm":"송정규"}],"companys":[{"companyCd":"20100142","companyNm":"(주)씨맥스커뮤니케이션즈"}]},{"movieCd":"20223571","movieNm":"새엄마와 젖 큰 여동생","movieNmEn":"","prdtYear":"2021","openDt":"20220318","typeNm":"장편","prdtStatNm":"개봉","nationAlt":"한국","genreAlt":"성인물(에로)","repNationNm":"한국","repGenreNm":"성인물(에로)","directors":[{"peopleNm":"배덕성"}],"companys":[{"companyCd":"20199962","companyNm":"(주)담화"}]}]}