{"totCnt":"95385","source":"영화진흥위원회","movieList":[{"movieCd":"20210861","movieNm":"스타킹 : 그녀의 음모 무삭제판","movieNmEn":"","prdtYear":"2021","openDt":"20211227","typeNm":"장편","prdtStatNm":"개봉","nationAlt":"한국","genreAlt":"멜로/로맨스","repNationNm":"한국","repGenreNm":"멜로/로맨스","directors":[{"peopleNm":"윤수현"}],"companys":[{"companyCd":"20189621","companyNm":"(주)라온컴퍼니플러스"}]},{"movieCd":"20212544","movieNm":"새엄마의 야한 밤","movieNmEn":"","prdtYear":"2021","openDt":"20211227","typeNm":"장편","prdtStatNm":"개봉","nationAlt":"일본","genreAlt":"멜로/로맨스","repNationNm":"일본","repGenreNm":"멜로/로맨스","directors":[],"companys":[]},{"movieCd":"20211862","movieNm":"새엄마 발키리","movieNmEn":"","prdtYear":"2021","openDt":"20211227","typeNm":"장편","prdtStatNm":"개봉","nationAlt":"일본","genreAlt":"멜로/로맨스","repNationNm":"일본","repGenreNm":"멜로/로맨스","directors":[],"companys":[]},{"movieCd":"20212287","movieNm":"며느리 몸으로 울었다","movieNmEn":"","prdtYear":"2021","openDt":"20211227","typeNm":"장편","prdtStatNm":"개봉","nationAlt":"일본","genreAlt":"멜로/로맨스","repNationNm":"일본","repGenreNm":"멜로/로맨스","directors":[],"companys":[]},{"movieCd":"20212531","movieNm":"괜찮아 새엄마야","movieNmEn":"","prdtYear":"2021","openDt":"20211227","typeNm":"장편","prdtStatNm":"개봉","nationAlt":"일본","genreAlt":"멜로/로맨스","repNationNm":"일본","repGenreNm":"멜로/로맨스","directors":[],"companys":[]},{"movieCd":"20211981","movieNm":"오단기어 박는 불륜녀","movieNmEn":"","prdtYear":"2021","openDt":"20211224","typeNm":"장편","prdtStatNm":"개봉","nationAlt":"일본","genreAlt":"드라마","repNationNm":"일본","repGenreNm":"드라마","directors":[],"companys":[]},{"movieCd":"20212447","movieNm":"맛있는 치섹","movieNmEn":"","prdtYear":"2021","openDt":"20211223","typeNm":"장편","prdtStatNm":"개봉","nationAlt":"한국","genreAlt":"멜로/로맨스","repNationNm":"한국","repGenreNm":"멜로/로맨스","directors":[{"peopleNm":"김태훈"}],"companys":[{"companyCd":"20157008","companyNm":"(주)픽쳐레스크"}]},{"movieCd":"20215804","movieNm":"마누라 공유하기 2 - 무삭제판","movieNmEn":"","prdtYear":"2020","openDt":"20211223","typeNm":"장편","prdtStatNm":"개봉","nationAlt":"한국","genreAlt":"멜로/로맨스","repNationNm":"한국","repGenreNm":"멜로/로맨스","directors":[{"peopleNm":"김종석"}],"companys":[{"companyCd":"20173121","companyNm":"너바나 필름"}]},{"movieCd":"20212118","movieNm":"그레이트 샤크2","movieNmEn":"Shark Season","prdtYear":"2020","openDt":"20211223","typeNm":"장편","prdtStatNm":"개봉","nationAlt":"미국","genreAlt":"액션,스릴러","repNationNm":"미국","repGenreNm":"액션","directors":[{"peopleNm":"자레드 콘"}],"companys":[]},{"movieCd":"20211979","movieNm":"촉촉한 형수","movieNmEn":"","prdtYear":"2021","openDt":"20211222","typeNm":"장편","prdtStatNm":"개봉","nationAlt":"한국","genreAlt":"멜로/로맨스,드라마","repNationNm":"한국","repGenreNm":"멜로/로맨스","directors":[{"peopleNm":"한대위"}],"companys":[{"companyCd":"20161021","companyNm":"(주)영화사가을"}]}]}