{"totCnt":"95385","source":"영화진흥위원회","movieList":[{"movieCd":"20201821","movieNm":"꽃이 필 거야","movieNmEn":"It's Going to Bloom","prdtYear":"2019","openDt":"","typeNm":"단편","prdtStatNm":"기타","nationAlt":"한국","genreAlt":"기타","repNationNm":"한국","repGenreNm":"기타","directors":[{"peopleNm":"구양욱"}],"companys":[]},{"movieCd":"20202045","movieNm":"송유빈은 못말려","movieNmEn":"CAN'T STOP!","prdtYear":"2020","openDt":"","typeNm":"단편","prdtStatNm":"기타","nationAlt":"한국","genreAlt":"드라마","repNationNm":"한국","repGenreNm":"드라마","directors":[{"peopleNm":"오우리"}],"companys":[]},{"movieCd":"20230961","movieNm":"그녀들의 주기","movieNmEn":"The Period of Women","prdtYear":"2017","openDt":"","typeNm":"단편","prdtStatNm":"기타","nationAlt":"한국","genreAlt":"기타","repNationNm":"한국","repGenreNm":"기타","directors":[{"peopleNm":"한진선"}],"companys":[]},{"movieCd":"20230955","movieNm":"우린 동산에서 왔어","movieNmEn":"We’re from Eden","prdtYear":"2022","openDt":"","typeNm":"단편","prdtStatNm":"기타","nationAlt":"한국","genreAlt":"기타","repNationNm":"한국","repGenreNm":"기타","directors":[],"companys":[]},{"movieCd":"20219630","movieNm":"사제로부터 온 편지","movieNmEn":"","prdtYear":"2021","openDt":"20210819","typeNm":"장편","prdtStatNm":"개봉","nationAlt":"한국","genreAlt":"다큐멘터리,드라마","repNationNm":"한국","repGenreNm":"다큐멘터리","directors":[{"peopleNm":"최종태"}],"companys":[{"companyCd":"20230201","companyNm":"주식회사 영화사소요"}]},{"movieCd":"20161467","movieNm":"예술의 목적","movieNmEn":"We Made It","prdtYear":"2016","openDt":"","typeNm":"단편","prdtStatNm":"기타","nationAlt":"한국","genreAlt":"기타","repNationNm":"한국","repGenreNm":"기타","directors":[{"peopleNm":"현조"}],"companys":[]},{"movieCd":"20202026","movieNm":"마루이 비디오","movieNmEn":"Marui Video","prdtYear":"2020","openDt":"20230222","typeNm":"장편","prdtStatNm":"개봉","nationAlt":"한국","genreAlt":"미스터리,공포(호러)","repNationNm":"한국","repGenreNm":"미스터리","directors":[{"peopleNm":"윤준형"}],"companys":[{"companyCd":"20172982","companyNm":"(주)발포플랜"},{"companyCd":"20161201","companyNm":"(주)브라더픽처스"}]},{"movieCd":"20226798","movieNm":"에브리씽 에브리웨어 올 앳 원스","movieNmEn":"Everything Everywhere All At Once","prdtYear":"2022","openDt":"20221012","typeNm":"장편","prdtStatNm":"개봉","nationAlt":"미국","genreAlt":"액션,코미디","repNationNm":"미국","repGenreNm":"액션","directors":[{"peopleNm":"다니엘 콴"},{"peopleNm":"다니엘 쉐이너트"}],"companys":[]},{"movieCd":"20230340","movieNm":"에브리씽 에브리웨어 올 앳 원스+","movieNmEn":"Everything Everywhere All At Once","prdtYear":"2022","openDt":"20230301","typeNm":"장편","prdtStatNm":"개봉","nationAlt":"미국","genreAlt":"액션,코미디","repNationNm":"미국","repGenreNm":"액션","directors":[{"peopleNm":"다니엘 콴"},{"peopleNm":"다니엘 쉐이너트"}],"companys":[]},{"movieCd":"20230523","movieNm":"더 웨일","movieNmEn":"The Whale","prdtYear":"2022","openDt":"20230301","typeNm":"장편","prdtStatNm":"개봉","nationAlt":"미국","genreAlt":"드라마","repNationNm":"미국","repGenreNm":"드라마","directors":[{"peopleNm":"대런 아로노프스키"}],"companys":[]}]}