{"totCnt":"95385","source":"영화진흥위원회","movieList":[{"movieCd":"20223218","movieNm":"그의 그녀","movieNmEn":"On the way to her","prdtYear":"2014","openDt":"","typeNm":"단편","prdtStatNm":"기타","nationAlt":"한국","genreAlt":"드라마,멜로/로맨스","repNationNm":"한국","repGenreNm":"드라마","directors":[{"peopleNm":"윤심경"}],"companys":[]},{"movieCd":"20211932","movieNm":"아이 스틸 빌리브","movieNmEn":"I Still Believe","prdtYear":"2020","openDt":"20220119","typeNm":"장편","prdtStatNm":"개봉","nationAlt":"미국","genreAlt":"드라마,멜로/로맨스","repNationNm":"미국","repGenreNm":"드라마","directors":[{"peopleNm":"앤드류 어윈"},{"peopleNm":"존 어윈"}],"companys":[]},{"movieCd":"20212672","movieNm":"레지던트 이블: 라쿤시티","movieNmEn":"Resident Evil: Welcome to Raccoon City","prdtYear":"2021","openDt":"20220119","typeNm":"장편","prdtStatNm":"개봉","nationAlt":"미국","genreAlt":"액션,공포(호러)","repNationNm":"미국","repGenreNm":"액션","directors":[{"peopleNm":"요하네스 로버츠"}],"companys":[]},{"movieCd":"20211238","movieNm":"도쿄 리벤저스","movieNmEn":"Tokyo Revengers","prdtYear":"2020","openDt":"20220119","typeNm":"장편","prdtStatNm":"개봉","nationAlt":"일본","genreAlt":"드라마,액션","repNationNm":"일본","repGenreNm":"드라마","directors":[{"peopleNm":"하나부사 츠토무"}],"companys":[]},{"movieCd":"20212955","movieNm":"핫!뜨거 아이돌 츠바사 온천 섹스 투어","movieNmEn":"","prdtYear":"2021","openDt":"","typeNm":"장편","prdtStatNm":"기타","nationAlt":"일본","genreAlt":"성인물(에로)","repNationNm":"일본","repGenreNm":"성인물(에로)","directors":[],"companys":[]},{"movieCd":"20212936","movieNm":"F컵 농락당하는 여강사","movieNmEn":"","prdtYear":"2021","openDt":"20220118","typeNm":"장편","prdtStatNm":"개봉","nationAlt":"한국","genreAlt":"성인물(에로)","repNationNm":"한국","repGenreNm":"성인물(에로)","directors":[{"peopleNm":"제너럴리스트"}],"companys":[{"companyCd":"20141911","companyNm":"(주)뮤직엔닷컴"}]},{"movieCd":"20223585","movieNm":"들랑날랑 혼삿길","movieNmEn":"I Smell Wedding Bells","prdtYear":"2021","openDt":"","typeNm":"장편","prdtStatNm":"기타","nationAlt":"한국","genreAlt":"다큐멘터리","repNationNm":"한국","repGenreNm":"다큐멘터리","directors":[],"companys":[]},{"movieCd":"20223597","movieNm":"오드 피쉬","movieNmEn":"Odd Fish","prdtYear":"2020","openDt":"","typeNm":"단편","prdtStatNm":"기타","nationAlt":"한국","genreAlt":"드라마,범죄","repNationNm":"한국","repGenreNm":"드라마","directors":[{"peopleNm":"이현옥"}],"companys":[]},{"movieCd":"20223584","movieNm":"죄 많은 정사","movieNmEn":"","prdtYear":"2020","openDt":"","typeNm":"장편","prdtStatNm":"기타","nationAlt":"일본","genreAlt":"성인물(에로)","repNationNm":"일본","repGenreNm":"성인물(에로)","directors":[],"companys":[]},{"movieCd":"20223595","movieNm":"벌레","movieNmEn":"","prdtYear":"2018","openDt":"","typeNm":"단편","prdtStatNm":"기타","nationAlt":"한국","genreAlt":"드라마","repNationNm":"한국","repGenreNm":"드라마","directors":[],"companys":[]}]}