{"totCnt":"95385","source":"영화진흥위원회","movieList":[{"movieCd":"20227679","movieNm":"프리 철수 리","movieNmEn":"Free Chol Soo Lee","prdtYear":"2022","openDt":"","typeNm":"장편","prdtStatNm":"개봉준비","nationAlt":"한국,미국","genreAlt":"다큐멘터리,범죄","repNationNm":"한국","repGenreNm":"다큐멘터리","directors":[],"companys":[]},{"movieCd":"20090860","movieNm":"포켓 몬스터 DP: 아르세우스 초극의 시공으로","movieNmEn":"Pokemon: Arceus To The Conquering Of Space-Time","prdtYear":"2009","openDt":"20091224","typeNm":"장편","prdtStatNm":"개봉","nationAlt":"일본","genreAlt":"애니메이션,어드벤처,판타지,액션","repNationNm":"일본","repGenreNm":"애니메이션","directors":[{"peopleNm":"유야마 쿠니히코"}],"companys":[]},{"movieCd":"20231348","movieNm":"극장판 짱구는 못말려: 동물소환 닌자 배꼽수비대","movieNmEn":"Crayon Shin-chan: Mononoke Ninja Chimpuden","prdtYear":"2022","openDt":"20230504","typeNm":"장편","prdtStatNm":"개봉","nationAlt":"일본","genreAlt":"애니메이션","repNationNm":"일본","repGenreNm":"애니메이션","directors":[{"peopleNm":"하시모토 마사카즈"}],"companys":[]},{"movieCd":"20231334","movieNm":"죽어도 꼭 한번 넣고 싶은 글래머","movieNmEn":"","prdtYear":"2023","openDt":"20230504","typeNm":"장편","prdtStatNm":"개봉","nationAlt":"한국","genreAlt":"성인물(에로)","repNationNm":"한국","repGenreNm":"성인물(에로)","directors":[{"peopleNm":"김연희"}],"companys":[{"companyCd":"20217881","companyNm":"(주)샤이커뮤니케이션즈"}]},{"movieCd":"20231608","movieNm":"잘 빨아주는 전당포 8호점","movieNmEn":"","prdtYear":"2022","openDt":"","typeNm":"장편","prdtStatNm":"기타","nationAlt":"미국","genreAlt":"성인물(에로),드라마","repNationNm":"미국","repGenreNm":"성인물(에로)","directors":[],"companys":[]},{"movieCd":"20231605","movieNm":"아들친구 몸짓에 발정난 엄마 무삭제판","movieNmEn":"","prdtYear":"2022","openDt":"","typeNm":"장편","prdtStatNm":"기타","nationAlt":"일본","genreAlt":"성인물(에로)","repNationNm":"일본","repGenreNm":"성인물(에로)","directors":[{"peopleNm":"니쿠손"}],"companys":[]},{"movieCd":"20231621","movieNm":"심리치료사의 금쪽같은 삽입 시술","movieNmEn":"","prdtYear":"2022","openDt":"","typeNm":"장편","prdtStatNm":"기타","nationAlt":"미국","genreAlt":"성인물(에로),드라마","repNationNm":"미국","repGenreNm":"성인물(에로)","directors":[],"companys":[]},{"movieCd":"20231604","movieNm":"민감한 마사지 쾌감에 당황한 아내 무삭제판","movieNmEn":"","prdtYear":"2022","openDt":"","typeNm":"장편","prdtStatNm":"기타","nationAlt":"일본","genreAlt":"성인물(에로)","repNationNm":"일본","repGenreNm":"성인물(에로)","directors":[{"peopleNm":"니쿠손"}],"companys":[]},{"movieCd":"20231354","movieNm":"대물에 놀아난 여자","movieNmEn":"","prdtYear":"2023","openDt":"20230504","typeNm":"장편","prdtStatNm":"개봉","nationAlt":"한국","genreAlt":"성인물(에로)","repNationNm":"한국","repGenreNm":"성인물(에로)","directors":[{"peopleNm":"김연희"}],"companys":[{"companyCd":"20217881","companyNm":"(주)샤이커뮤니케이션즈"}]},{"movieCd":"20231543","movieNm":"납품업체 사장의 노리개가 된 아내 무삭제판","movieNmEn":"","prdtYear":"2022","openDt":"","typeNm":"장편","prdtStatNm":"기타","nationAlt":"일본","genreAlt":"성인물(에로)","repNationNm":"일본","repGenreNm":"성인물(에로)","directors":[{"peopleNm":"미시마 로쿠사부로"}],"companys":[]}]}