{"totCnt":"95385","source":"영화진흥위원회","movieList":[{"movieCd":"20224359","movieNm":"새엄마의 아찔유혹","movieNmEn":"","prdtYear":"2020","openDt":"20220401","typeNm":"장편","prdtStatNm":"개봉","nationAlt":"일본","genreAlt":"성인물(에로),드라마,멜로/로맨스","repNationNm":"일본","repGenreNm":"성인물(에로)","directors":[{"peopleNm":"에이고 모치즈키"}],"companys":[]},{"movieCd":"20224360","movieNm":"새엄마와 끈적한 여행","movieNmEn":"","prdtYear":"2020","openDt":"20220401","typeNm":"장편","prdtStatNm":"개봉","nationAlt":"일본","genreAlt":"성인물(에로),드라마,멜로/로맨스","repNationNm":"일본","repGenreNm":"성인물(에로)","directors":[{"peopleNm":"네쿄쿠 타란티노"}],"companys":[]},{"movieCd":"20224383","movieNm":"새엄마:소원 들어줄게","movieNmEn":"","prdtYear":"2020","openDt":"20220401","typeNm":"장편","prdtStatNm":"개봉","nationAlt":"일본","genreAlt":"성인물(에로),드라마,멜로/로맨스","repNationNm":"일본","repGenreNm":"성인물(에로)","directors":[{"peopleNm":"사도가시마 지로"}],"companys":[]},{"movieCd":"20224229","movieNm":"부부싸움 후 저지른 친구누나 무삭제판","movieNmEn":"","prdtYear":"2020","openDt":"","typeNm":"장편","prdtStatNm":"기타","nationAlt":"일본","genreAlt":"성인물(에로),드라마","repNationNm":"일본","repGenreNm":"성인물(에로)","directors":[],"companys":[]},{"movieCd":"20224001","movieNm":"달콤한 형수","movieNmEn":"","prdtYear":"2021","openDt":"20220401","typeNm":"장편","prdtStatNm":"개봉","nationAlt":"한국","genreAlt":"성인물(에로),드라마,멜로/로맨스","repNationNm":"한국","repGenreNm":"성인물(에로)","directors":[{"peopleNm":"윤준세"}],"companys":[{"companyCd":"20114899","companyNm":"(주)영진크리에이티브"}]},{"movieCd":"20224465","movieNm":"복수의 방식","movieNmEn":"The Way of Vengeance","prdtYear":"2020","openDt":"","typeNm":"단편","prdtStatNm":"기타","nationAlt":"한국","genreAlt":"코미디","repNationNm":"한국","repGenreNm":"코미디","directors":[],"companys":[]},{"movieCd":"20224455","movieNm":"문제없어요♪","movieNmEn":"No Problem","prdtYear":"2022","openDt":"","typeNm":"단편","prdtStatNm":"기타","nationAlt":"한국","genreAlt":"기타","repNationNm":"한국","repGenreNm":"기타","directors":[{"peopleNm":"고경수"}],"companys":[]},{"movieCd":"20224456","movieNm":"분더카머 10.0","movieNmEn":"Wunderkammer 10.0","prdtYear":"2021","openDt":"","typeNm":"단편","prdtStatNm":"기타","nationAlt":"한국","genreAlt":"기타","repNationNm":"한국","repGenreNm":"기타","directors":[],"companys":[]},{"movieCd":"20224454","movieNm":"머드피쉬","movieNmEn":"Mudfish","prdtYear":"2022","openDt":"","typeNm":"단편","prdtStatNm":"기타","nationAlt":"한국","genreAlt":"기타","repNationNm":"한국","repGenreNm":"기타","directors":[{"peopleNm":"이다현"}],"companys":[]},{"movieCd":"20224446","movieNm":"차가운 새들의 세계","movieNmEn":"A Soundless Dream","prdtYear":"2022","openDt":"","typeNm":"단편","prdtStatNm":"기타","nationAlt":"한국","genreAlt":"기타","repNationNm":"한국","repGenreNm":"기타","directors":[{"peopleNm":"강예은"}],"companys":[]}]}