{"totCnt":"95385","source":"영화진흥위원회","movieList":[{"movieCd":"20211757","movieNm":"손으로 가린 하늘","movieNmEn":"Covering the sky with the palm","prdtYear":"2021","openDt":"","typeNm":"단편","prdtStatNm":"기타","nationAlt":"한국","genreAlt":"기타","repNationNm":"한국","repGenreNm":"기타","directors":[],"companys":[]},{"movieCd":"20211776","movieNm":"디어 마이 올드 프렌드","movieNmEn":"Dear My Old Friend","prdtYear":"2021","openDt":"","typeNm":"단편","prdtStatNm":"기타","nationAlt":"한국","genreAlt":"기타","repNationNm":"한국","repGenreNm":"기타","directors":[],"companys":[]},{"movieCd":"20211756","movieNm":"여행을 간다면","movieNmEn":"If I go on a trip","prdtYear":"2021","openDt":"","typeNm":"단편","prdtStatNm":"기타","nationAlt":"한국","genreAlt":"애니메이션","repNationNm":"한국","repGenreNm":"애니메이션","directors":[],"companys":[]},{"movieCd":"20211775","movieNm":"이 편한 세상","movieNmEn":"What a Wonderful World","prdtYear":"2021","openDt":"","typeNm":"단편","prdtStatNm":"기타","nationAlt":"한국","genreAlt":"다큐멘터리","repNationNm":"한국","repGenreNm":"다큐멘터리","directors":[{"peopleNm":"정연수"}],"companys":[]},{"movieCd":"20211774","movieNm":"한 통의 전화, 그리고 탄소","movieNmEn":"A Phone Call","prdtYear":"2021","openDt":"","typeNm":"단편","prdtStatNm":"기타","nationAlt":"한국","genreAlt":"기타","repNationNm":"한국","repGenreNm":"기타","directors":[],"companys":[]},{"movieCd":"20211593","movieNm":"SIFF2021 개막식","movieNmEn":"","prdtYear":"2021","openDt":"","typeNm":"옴니버스","prdtStatNm":"기타","nationAlt":"한국","genreAlt":"기타","repNationNm":"한국","repGenreNm":"기타","directors":[],"companys":[]},{"movieCd":"20211591","movieNm":"SIFF2021 페스티벌 초이스 단편 쇼케이스 4","movieNmEn":"Festival Choice Short Showcase 4","prdtYear":"2021","openDt":"","typeNm":"옴니버스","prdtStatNm":"기타","nationAlt":"한국","genreAlt":"기타","repNationNm":"한국","repGenreNm":"기타","directors":[],"companys":[]},{"movieCd":"20211602","movieNm":"SIFF2021 페스티벌 초이스 단편 쇼케이스 3","movieNmEn":"Festival Choice Short Showcase 3","prdtYear":"2021","openDt":"","typeNm":"옴니버스","prdtStatNm":"기타","nationAlt":"한국","genreAlt":"기타","repNationNm":"한국","repGenreNm":"기타","directors":[],"companys":[]},{"movieCd":"20211590","movieNm":"SIFF2021 페스티벌 초이스 단편 쇼케이스 2","movieNmEn":"Festival Choice Short Showcase 2","prdtYear":"2021","openDt":"","typeNm":"옴니버스","prdtStatNm":"기타","nationAlt":"한국","genreAlt":"기타","repNationNm":"한국","repGenreNm":"기타","directors":[],"companys":[]},{"movieCd":"20211589","movieNm":"SIFF2021 페스티벌 초이스 단편 쇼케이스 1","movieNmEn":"Festival Choice Short Showcase 1","prdtYear":"2021","openDt":"","typeNm":"옴니버스","prdtStatNm":"기타","nationAlt":"한국","genreAlt":"기타","repNationNm":"한국","repGenreNm":"기타","directors":[],"companys":[]}]}