{"totCnt":"95385","source":"영화진흥위원회","movieList":[{"movieCd":"20205986","movieNm":"연애 빠진 로맨스","movieNmEn":"Nothing Serious","prdtYear":"2021","openDt":"20211124","typeNm":"장편","prdtStatNm":"개봉","nationAlt":"한국","genreAlt":"멜로/로맨스,코미디","repNationNm":"한국","repGenreNm":"멜로/로맨스","directors":[{"peopleNm":"정가영"}],"companys":[{"companyCd":"20110854","companyNm":"(주)씨제이이엔엠"},{"companyCd":"20228853","companyNm":"트웰브져니(주)"}]},{"movieCd":"20212949","movieNm":"다방 아내의 육체 협상 무삭제판","movieNmEn":"","prdtYear":"2020","openDt":"","typeNm":"장편","prdtStatNm":"기타","nationAlt":"일본","genreAlt":"성인물(에로),드라마","repNationNm":"일본","repGenreNm":"성인물(에로)","directors":[],"companys":[]},{"movieCd":"20218395","movieNm":"피쉬 투 더 레이크","movieNmEn":"Fish to the Lake","prdtYear":"2021","openDt":"","typeNm":"단편","prdtStatNm":"기타","nationAlt":"영국","genreAlt":"드라마","repNationNm":"영국","repGenreNm":"드라마","directors":[{"peopleNm":"이영대"}],"companys":[]},{"movieCd":"20212929","movieNm":"현관부터 초치는 새엄마","movieNmEn":"","prdtYear":"2020","openDt":"","typeNm":"장편","prdtStatNm":"기타","nationAlt":"일본","genreAlt":"성인물(에로)","repNationNm":"일본","repGenreNm":"성인물(에로)","directors":[{"peopleNm":"코지마 유키오"}],"companys":[]},{"movieCd":"20212946","movieNm":"난 거부할 권리가 없었다 - 나호짱","movieNmEn":"","prdtYear":"2020","openDt":"","typeNm":"장편","prdtStatNm":"기타","nationAlt":"일본","genreAlt":"성인물(에로)","repNationNm":"일본","repGenreNm":"성인물(에로)","directors":[{"peopleNm":"코지마 유키오"}],"companys":[]},{"movieCd":"20212945","movieNm":"숙모가 가정교사 - 동정졸업","movieNmEn":"","prdtYear":"2020","openDt":"","typeNm":"장편","prdtStatNm":"기타","nationAlt":"일본","genreAlt":"성인물(에로)","repNationNm":"일본","repGenreNm":"성인물(에로)","directors":[{"peopleNm":"코지마 유키오"}],"companys":[]},{"movieCd":"20212928","movieNm":"대실금 - 야외대참사 미치루짱","movieNmEn":"","prdtYear":"2020","openDt":"","typeNm":"장편","prdtStatNm":"기타","nationAlt":"일본","genreAlt":"성인물(에로)","repNationNm":"일본","repGenreNm":"성인물(에로)","directors":[{"peopleNm":"코지마 유키오"}],"companys":[]},{"movieCd":"20211167","movieNm":"선인장","movieNmEn":"catus","prdtYear":"2021","openDt":"","typeNm":"장편","prdtStatNm":"기타","nationAlt":"한국","genreAlt":"드라마","repNationNm":"한국","repGenreNm":"드라마","directors":[],"companys":[]},{"movieCd":"20212926","movieNm":"빅브라더","movieNmEn":"Big Brother","prdtYear":"2021","openDt":"","typeNm":"단편","prdtStatNm":"기타","nationAlt":"한국","genreAlt":"코미디","repNationNm":"한국","repGenreNm":"코미디","directors":[{"peopleNm":"궁유정"}],"companys":[]},{"movieCd":"20212925","movieNm":"ㅈㄱㅇㄴ","movieNmEn":"TFB","prdtYear":"2014","openDt":"","typeNm":"단편","prdtStatNm":"기타","nationAlt":"한국","genreAlt":"코미디","repNationNm":"한국","repGenreNm":"코미디","directors":[{"peopleNm":"궁유정"}],"companys":[]}]}