{"totCnt":"95385","source":"영화진흥위원회","movieList":[{"movieCd":"20210545","movieNm":"오늘도 고생많았어요","movieNmEn":"GREAT EFFORT TODAY","prdtYear":"2020","openDt":"","typeNm":"장편","prdtStatNm":"기타","nationAlt":"한국","genreAlt":"드라마","repNationNm":"한국","repGenreNm":"드라마","directors":[{"peopleNm":"홍두표"}],"companys":[]},{"movieCd":"20216801","movieNm":"극장판 포켓몬스터: 정글의 아이, 코코","movieNmEn":"Pokemon the Movie: Secrets of the Jungle","prdtYear":"2020","openDt":"20210915","typeNm":"장편","prdtStatNm":"개봉","nationAlt":"일본","genreAlt":"애니메이션","repNationNm":"일본","repGenreNm":"애니메이션","directors":[{"peopleNm":"야지마 테츠오"}],"companys":[]},{"movieCd":"20218775","movieNm":"작전: 라스트 어썰트","movieNmEn":"Heroes Return","prdtYear":"2021","openDt":"20210915","typeNm":"장편","prdtStatNm":"개봉","nationAlt":"중국","genreAlt":"액션,범죄","repNationNm":"중국","repGenreNm":"액션","directors":[],"companys":[]},{"movieCd":"20219892","movieNm":"스피릿","movieNmEn":"Spirit Untamed","prdtYear":"2021","openDt":"20210915","typeNm":"장편","prdtStatNm":"개봉","nationAlt":"미국","genreAlt":"애니메이션,어드벤처","repNationNm":"미국","repGenreNm":"애니메이션","directors":[{"peopleNm":"일래인 보겐"}],"companys":[]},{"movieCd":"20210230","movieNm":"세이빙 조이","movieNmEn":"Saving Zoe","prdtYear":"2018","openDt":"","typeNm":"장편","prdtStatNm":"기타","nationAlt":"미국","genreAlt":"범죄,드라마,미스터리","repNationNm":"미국","repGenreNm":"범죄","directors":[],"companys":[]},{"movieCd":"20210393","movieNm":"훔쳐보는 장모님","movieNmEn":"","prdtYear":"2020","openDt":"20210914","typeNm":"장편","prdtStatNm":"개봉","nationAlt":"일본","genreAlt":"멜로/로맨스,드라마","repNationNm":"일본","repGenreNm":"멜로/로맨스","directors":[{"peopleNm":"버드맨 텟페이"}],"companys":[]},{"movieCd":"20210376","movieNm":"형수 잔뜩 흥분한 날","movieNmEn":"","prdtYear":"2020","openDt":"20210914","typeNm":"장편","prdtStatNm":"개봉","nationAlt":"일본","genreAlt":"멜로/로맨스,드라마","repNationNm":"일본","repGenreNm":"멜로/로맨스","directors":[{"peopleNm":"버드맨 텟페이"}],"companys":[]},{"movieCd":"20210375","movieNm":"하타노 유이와 자매들의 몸 알바","movieNmEn":"","prdtYear":"2020","openDt":"20210914","typeNm":"장편","prdtStatNm":"개봉","nationAlt":"일본","genreAlt":"멜로/로맨스,드라마","repNationNm":"일본","repGenreNm":"멜로/로맨스","directors":[{"peopleNm":"쿠도 타이요"}],"companys":[]},{"movieCd":"20210394","movieNm":"잘 세우는 며느리","movieNmEn":"","prdtYear":"2020","openDt":"20210914","typeNm":"장편","prdtStatNm":"개봉","nationAlt":"일본","genreAlt":"멜로/로맨스,드라마","repNationNm":"일본","repGenreNm":"멜로/로맨스","directors":[{"peopleNm":"사쿠라비토"}],"companys":[]},{"movieCd":"20210169","movieNm":"여동생의 성교육","movieNmEn":"","prdtYear":"2021","openDt":"20210914","typeNm":"장편","prdtStatNm":"개봉","nationAlt":"한국","genreAlt":"성인물(에로)","repNationNm":"한국","repGenreNm":"성인물(에로)","directors":[{"peopleNm":"강현성"}],"companys":[{"companyCd":"20217881","companyNm":"(주)샤이커뮤니케이션즈"}]}]}