{"totCnt":"95385","source":"영화진흥위원회","movieList":[{"movieCd":"20224640","movieNm":"이모의 꽃잎사이로 퍼지는 냄새","movieNmEn":"The landlady is frustrated","prdtYear":"2021","openDt":"","typeNm":"장편","prdtStatNm":"기타","nationAlt":"일본","genreAlt":"성인물(에로),멜로/로맨스","repNationNm":"일본","repGenreNm":"성인물(에로)","directors":[{"peopleNm":"츠지 코지"}],"companys":[]},{"movieCd":"20224638","movieNm":"유이짱은 새엄마-알바들통","movieNmEn":"","prdtYear":"2020","openDt":"","typeNm":"장편","prdtStatNm":"기타","nationAlt":"일본","genreAlt":"성인물(에로)","repNationNm":"일본","repGenreNm":"성인물(에로)","directors":[{"peopleNm":"니시다 류지"}],"companys":[]},{"movieCd":"20224637","movieNm":"여기선 키스만 해줄게 - 친구엄마","movieNmEn":"","prdtYear":"2020","openDt":"","typeNm":"장편","prdtStatNm":"기타","nationAlt":"일본","genreAlt":"성인물(에로)","repNationNm":"일본","repGenreNm":"성인물(에로)","directors":[{"peopleNm":"니시다 류지"}],"companys":[]},{"movieCd":"20224652","movieNm":"음양산","movieNmEn":"Yin Yang Mountain","prdtYear":"2020","openDt":"","typeNm":"장편","prdtStatNm":"기타","nationAlt":"중국","genreAlt":"판타지,미스터리,드라마","repNationNm":"중국","repGenreNm":"판타지","directors":[],"companys":[]},{"movieCd":"20224651","movieNm":"미션 파서블 인 30 데이즈","movieNmEn":"30 Days Left","prdtYear":"2020","openDt":"","typeNm":"장편","prdtStatNm":"기타","nationAlt":"프랑스","genreAlt":"코미디,액션,범죄","repNationNm":"프랑스","repGenreNm":"코미디","directors":[],"companys":[]},{"movieCd":"20224633","movieNm":"언더그라운드 몬스터","movieNmEn":"Underground Monster","prdtYear":"2020","openDt":"","typeNm":"장편","prdtStatNm":"기타","nationAlt":"중국","genreAlt":"액션,판타지","repNationNm":"중국","repGenreNm":"액션","directors":[{"peopleNm":"황하"}],"companys":[]},{"movieCd":"20224632","movieNm":"물괴: 검은숲의 비밀","movieNmEn":"Water Monster 2","prdtYear":"2021","openDt":"","typeNm":"장편","prdtStatNm":"기타","nationAlt":"중국","genreAlt":"액션,판타지","repNationNm":"중국","repGenreNm":"액션","directors":[{"peopleNm":"샹추량"}],"companys":[]},{"movieCd":"20224481","movieNm":"형수님 나랑도 해줘요","movieNmEn":"","prdtYear":"2020","openDt":"20220416","typeNm":"장편","prdtStatNm":"개봉","nationAlt":"일본","genreAlt":"성인물(에로)","repNationNm":"일본","repGenreNm":"성인물(에로)","directors":[],"companys":[]},{"movieCd":"20224505","movieNm":"혐들의 은밀 보고서","movieNmEn":"","prdtYear":"2022","openDt":"20220416","typeNm":"장편","prdtStatNm":"개봉","nationAlt":"한국","genreAlt":"성인물(에로)","repNationNm":"한국","repGenreNm":"성인물(에로)","directors":[{"peopleNm":"윤수현"}],"companys":[{"companyCd":"20176162","companyNm":"(주)코빈커뮤니케이션즈"}]},{"movieCd":"20224316","movieNm":"전 남친에게 몸으로 속죄하는 유부녀 무삭제판","movieNmEn":"","prdtYear":"2020","openDt":"","typeNm":"장편","prdtStatNm":"기타","nationAlt":"일본","genreAlt":"성인물(에로),드라마","repNationNm":"일본","repGenreNm":"성인물(에로)","directors":[],"companys":[]}]}