{"totCnt":"95385","source":"영화진흥위원회","movieList":[{"movieCd":"20219901","movieNm":"분자연대기","movieNmEn":"Molecules","prdtYear":"2020","openDt":"","typeNm":"장편","prdtStatNm":"기타","nationAlt":"이탈리아","genreAlt":"다큐멘터리","repNationNm":"이탈리아","repGenreNm":"다큐멘터리","directors":[{"peopleNm":"안드레아 세그레"}],"companys":[]},{"movieCd":"20200404","movieNm":"그라이아이: 주둔하는 신","movieNmEn":"Graeae: A Stationed Idea","prdtYear":"2020","openDt":"","typeNm":"단편","prdtStatNm":"기타","nationAlt":"한국","genreAlt":"기타","repNationNm":"한국","repGenreNm":"기타","directors":[{"peopleNm":"정여름"}],"companys":[]},{"movieCd":"20219996","movieNm":"우리","movieNmEn":"We","prdtYear":"2021","openDt":"","typeNm":"단편","prdtStatNm":"기타","nationAlt":"멕시코","genreAlt":"기타","repNationNm":"멕시코","repGenreNm":"기타","directors":[],"companys":[]},{"movieCd":"20219995","movieNm":"이멀전씨 키트","movieNmEn":"Emergency Kit","prdtYear":"2021","openDt":"","typeNm":"단편","prdtStatNm":"기타","nationAlt":"한국","genreAlt":"기타","repNationNm":"한국","repGenreNm":"기타","directors":[{"peopleNm":"전건우"}],"companys":[]},{"movieCd":"20219994","movieNm":"현실도피","movieNmEn":"Escapism","prdtYear":"2021","openDt":"","typeNm":"단편","prdtStatNm":"기타","nationAlt":"멕시코","genreAlt":"기타","repNationNm":"멕시코","repGenreNm":"기타","directors":[],"companys":[]},{"movieCd":"20219978","movieNm":"볼레로 만들기","movieNmEn":"Structure: Making Bolero","prdtYear":"2020","openDt":"","typeNm":"단편","prdtStatNm":"기타","nationAlt":"한국","genreAlt":"기타","repNationNm":"한국","repGenreNm":"기타","directors":[{"peopleNm":"이와"}],"companys":[]},{"movieCd":"20219993","movieNm":"청수탕 사람들","movieNmEn":"Cosmic Dancer","prdtYear":"2021","openDt":"","typeNm":"단편","prdtStatNm":"기타","nationAlt":"한국","genreAlt":"드라마,코미디","repNationNm":"한국","repGenreNm":"드라마","directors":[{"peopleNm":"최기윤"}],"companys":[]},{"movieCd":"20219992","movieNm":"오피아이에이","movieNmEn":"OPIA","prdtYear":"2020","openDt":"","typeNm":"단편","prdtStatNm":"기타","nationAlt":"루마니아","genreAlt":"기타","repNationNm":"루마니아","repGenreNm":"기타","directors":[],"companys":[]},{"movieCd":"20219977","movieNm":"비너스 슬립","movieNmEn":"The Venusian Slip","prdtYear":"2019","openDt":"","typeNm":"단편","prdtStatNm":"기타","nationAlt":"호주","genreAlt":"기타","repNationNm":"호주","repGenreNm":"기타","directors":[],"companys":[]},{"movieCd":"20219976","movieNm":"유령","movieNmEn":"Spectre","prdtYear":"2020","openDt":"","typeNm":"단편","prdtStatNm":"기타","nationAlt":"벨기에","genreAlt":"기타","repNationNm":"벨기에","repGenreNm":"기타","directors":[],"companys":[]}]}