{"totCnt":"95385","source":"영화진흥위원회","movieList":[{"movieCd":"20212205","movieNm":"티코","movieNmEn":"TIKO AND SHARK","prdtYear":"1962","openDt":"","typeNm":"장편","prdtStatNm":"기타","nationAlt":"이탈리아,프랑스","genreAlt":"드라마","repNationNm":"이탈리아","repGenreNm":"드라마","directors":[{"peopleNm":"폴코 퀴리치"}],"companys":[]},{"movieCd":"20212204","movieNm":"하녀","movieNmEn":"The River Girl","prdtYear":"1954","openDt":"","typeNm":"장편","prdtStatNm":"기타","nationAlt":"이탈리아,프랑스","genreAlt":"드라마","repNationNm":"이탈리아","repGenreNm":"드라마","directors":[{"peopleNm":"마리오 솔다티"}],"companys":[]},{"movieCd":"20211063","movieNm":"스파이 워","movieNmEn":"Dawn of War","prdtYear":"2020","openDt":"","typeNm":"장편","prdtStatNm":"기타","nationAlt":"에스토니아,기타","genreAlt":"스릴러","repNationNm":"에스토니아","repGenreNm":"스릴러","directors":[],"companys":[]},{"movieCd":"20211160","movieNm":"빅풋 VS. 메가로돈","movieNmEn":"Bigfoot vs Megalodon","prdtYear":"2021","openDt":"","typeNm":"장편","prdtStatNm":"기타","nationAlt":"미국","genreAlt":"SF,어드벤처","repNationNm":"미국","repGenreNm":"SF","directors":[{"peopleNm":"BC 포틴"}],"companys":[]},{"movieCd":"20211521","movieNm":"노 맨 오브 갓","movieNmEn":"No man of God","prdtYear":"2021","openDt":"","typeNm":"장편","prdtStatNm":"기타","nationAlt":"미국","genreAlt":"범죄,드라마","repNationNm":"미국","repGenreNm":"범죄","directors":[],"companys":[]},{"movieCd":"20211175","movieNm":"괴물: 네스호의 비밀","movieNmEn":"The Loch Ness Monster","prdtYear":"2021","openDt":"","typeNm":"장편","prdtStatNm":"기타","nationAlt":"미국","genreAlt":"다큐멘터리","repNationNm":"미국","repGenreNm":"다큐멘터리","directors":[{"peopleNm":"칼 샘프슨"}],"companys":[]},{"movieCd":"20211064","movieNm":"고공 침투: 노 리턴","movieNmEn":"Point of No Return","prdtYear":"2018","openDt":"","typeNm":"장편","prdtStatNm":"기타","nationAlt":"아일랜드,미국","genreAlt":"액션,범죄,드라마","repNationNm":"아일랜드","repGenreNm":"액션","directors":[],"companys":[]},{"movieCd":"20212177","movieNm":"비정의 도시","movieNmEn":"Town without Pity","prdtYear":"1961","openDt":"","typeNm":"장편","prdtStatNm":"기타","nationAlt":"미국","genreAlt":"범죄,드라마","repNationNm":"미국","repGenreNm":"범죄","directors":[{"peopleNm":"고트프리드 레인하드트"}],"companys":[]},{"movieCd":"20212203","movieNm":"OSS 117 최대의 위기작전","movieNmEn":"Furia A Bahia Pour OSS 117","prdtYear":"1965","openDt":"","typeNm":"장편","prdtStatNm":"기타","nationAlt":"프랑스,이탈리아","genreAlt":"액션,어드벤처,스릴러","repNationNm":"프랑스","repGenreNm":"액션","directors":[{"peopleNm":"안드레 헌벨"}],"companys":[]},{"movieCd":"20211361","movieNm":"귀토-토끼의 팔란","movieNmEn":"","prdtYear":"2021","openDt":"20211111","typeNm":"장편","prdtStatNm":"개봉","nationAlt":"한국","genreAlt":"공연","repNationNm":"한국","repGenreNm":"공연","directors":[{"peopleNm":"고선웅"}],"companys":[{"companyCd":"20218323","companyNm":"문화체육관광부 국립극장"}]}]}