{"totCnt":"95385","source":"영화진흥위원회","movieList":[{"movieCd":"20173834","movieNm":"카스바","movieNmEn":"Rock the Kasbah","prdtYear":"2016","openDt":"","typeNm":"장편","prdtStatNm":"기타","nationAlt":"미국","genreAlt":"코미디","repNationNm":"미국","repGenreNm":"코미디","directors":[{"peopleNm":"베리 레빈슨"}],"companys":[]},{"movieCd":"20211221","movieNm":"밤마다 불타는 아내의 성욕","movieNmEn":"","prdtYear":"2020","openDt":"20211025","typeNm":"장편","prdtStatNm":"개봉","nationAlt":"일본","genreAlt":"드라마","repNationNm":"일본","repGenreNm":"드라마","directors":[],"companys":[]},{"movieCd":"20211217","movieNm":"관음증 유부녀의 욕정","movieNmEn":"","prdtYear":"2020","openDt":"20211025","typeNm":"장편","prdtStatNm":"개봉","nationAlt":"일본","genreAlt":"드라마","repNationNm":"일본","repGenreNm":"드라마","directors":[],"companys":[]},{"movieCd":"20211344","movieNm":"프레임","movieNmEn":"Framed","prdtYear":"2021","openDt":"","typeNm":"장편","prdtStatNm":"기타","nationAlt":"미국","genreAlt":"드라마,멜로/로맨스","repNationNm":"미국","repGenreNm":"드라마","directors":[{"peopleNm":"닉 리지니"}],"companys":[]},{"movieCd":"20211343","movieNm":"거유 간호 클리닉 무삭제판","movieNmEn":"Love and hate –jealousy-","prdtYear":"2020","openDt":"","typeNm":"장편","prdtStatNm":"기타","nationAlt":"일본","genreAlt":"성인물(에로),드라마","repNationNm":"일본","repGenreNm":"성인물(에로)","directors":[{"peopleNm":"잠파"}],"companys":[]},{"movieCd":"20211307","movieNm":"사막혈풍","movieNmEn":"Desert Chasing","prdtYear":"2019","openDt":"","typeNm":"장편","prdtStatNm":"기타","nationAlt":"중국","genreAlt":"사극,액션","repNationNm":"중국","repGenreNm":"사극","directors":[],"companys":[]},{"movieCd":"20210785","movieNm":"오 마이 그랜파: 무삭제","movieNmEn":"Dirty Grandpa","prdtYear":"2016","openDt":"","typeNm":"장편","prdtStatNm":"기타","nationAlt":"미국","genreAlt":"코미디,드라마","repNationNm":"미국","repGenreNm":"코미디","directors":[{"peopleNm":"댄 마저"}],"companys":[]},{"movieCd":"20210982","movieNm":"오피스 섹스 2021 무삭제","movieNmEn":"","prdtYear":"2021","openDt":"","typeNm":"장편","prdtStatNm":"기타","nationAlt":"한국","genreAlt":"멜로/로맨스","repNationNm":"한국","repGenreNm":"멜로/로맨스","directors":[{"peopleNm":"김호"}],"companys":[{"companyCd":"20204081","companyNm":"(주)디어프로덕션"}]},{"movieCd":"20210454","movieNm":"마사지의 신 감독판","movieNmEn":"God of Massage","prdtYear":"2021","openDt":"","typeNm":"장편","prdtStatNm":"기타","nationAlt":"한국","genreAlt":"성인물(에로),코미디,액션","repNationNm":"한국","repGenreNm":"성인물(에로)","directors":[{"peopleNm":"이시영"}],"companys":[{"companyCd":"20122937","companyNm":"(주)룬컴퍼니"}]},{"movieCd":"20211058","movieNm":"풋풋한여대생소라의신음소리","movieNmEn":"","prdtYear":"2021","openDt":"20211022","typeNm":"장편","prdtStatNm":"개봉","nationAlt":"한국","genreAlt":"멜로/로맨스","repNationNm":"한국","repGenreNm":"멜로/로맨스","directors":[{"peopleNm":"이희성"}],"companys":[{"companyCd":"20130184","companyNm":"스마일컨텐츠"}]}]}