{"totCnt":"95385","source":"영화진흥위원회","movieList":[{"movieCd":"20211093","movieNm":"반딧불이","movieNmEn":"Fireflies","prdtYear":"2019","openDt":"","typeNm":"장편","prdtStatNm":"기타","nationAlt":"인도","genreAlt":"기타","repNationNm":"인도","repGenreNm":"기타","directors":[],"companys":[]},{"movieCd":"20211091","movieNm":"영 헌터","movieNmEn":"Young Hunter","prdtYear":"2020","openDt":"","typeNm":"장편","prdtStatNm":"기타","nationAlt":"아르헨티나","genreAlt":"기타","repNationNm":"아르헨티나","repGenreNm":"기타","directors":[],"companys":[]},{"movieCd":"20211090","movieNm":"버림받은 자식들","movieNmEn":"Family, You Hate Me","prdtYear":"2020","openDt":"","typeNm":"장편","prdtStatNm":"기타","nationAlt":"프랑스","genreAlt":"다큐멘터리","repNationNm":"프랑스","repGenreNm":"다큐멘터리","directors":[{"peopleNm":"가엘 모렐"}],"companys":[]},{"movieCd":"20211109","movieNm":"머니보이스","movieNmEn":"Moneyboys","prdtYear":"2021","openDt":"","typeNm":"장편","prdtStatNm":"기타","nationAlt":"오스트리아 ,프랑스,벨기에,대만","genreAlt":"기타","repNationNm":"오스트리아 ","repGenreNm":"기타","directors":[],"companys":[]},{"movieCd":"20211108","movieNm":"누구나 비밀은 있다","movieNmEn":"A Skeleton in the Closet","prdtYear":"2020","openDt":"","typeNm":"장편","prdtStatNm":"기타","nationAlt":"아르헨티나","genreAlt":"기타","repNationNm":"아르헨티나","repGenreNm":"기타","directors":[],"companys":[]},{"movieCd":"20211107","movieNm":"신들의 전쟁","movieNmEn":"God Erlang","prdtYear":"2020","openDt":"","typeNm":"장편","prdtStatNm":"기타","nationAlt":"중국","genreAlt":"액션","repNationNm":"중국","repGenreNm":"액션","directors":[],"companys":[]},{"movieCd":"20211106","movieNm":"용문비갑 2","movieNmEn":"Sword Breaks The Dragon's Gate","prdtYear":"2020","openDt":"","typeNm":"장편","prdtStatNm":"기타","nationAlt":"중국","genreAlt":"액션","repNationNm":"중국","repGenreNm":"액션","directors":[],"companys":[]},{"movieCd":"20211087","movieNm":"천녀유혼- 육도천서","movieNmEn":"Strange Stories from a Chinese Studio: A Book from Heaven","prdtYear":"2020","openDt":"","typeNm":"장편","prdtStatNm":"기타","nationAlt":"중국","genreAlt":"멜로/로맨스","repNationNm":"중국","repGenreNm":"멜로/로맨스","directors":[],"companys":[]},{"movieCd":"20211104","movieNm":"데빌 빌로우","movieNmEn":"The Devil Below","prdtYear":"2020","openDt":"","typeNm":"장편","prdtStatNm":"기타","nationAlt":"미국","genreAlt":"공포(호러),스릴러","repNationNm":"미국","repGenreNm":"공포(호러)","directors":[{"peopleNm":"브래들리 파커"}],"companys":[]},{"movieCd":"20210726","movieNm":"촉산3","movieNmEn":"The Ten Thousand Sword Seal Demon of Shu Mountain","prdtYear":"2021","openDt":"","typeNm":"장편","prdtStatNm":"기타","nationAlt":"중국","genreAlt":"액션","repNationNm":"중국","repGenreNm":"액션","directors":[],"companys":[]}]}