{"totCnt":"95385","source":"영화진흥위원회","movieList":[{"movieCd":"20212132","movieNm":"언 오픈 하트","movieNmEn":"A Monkey On My Shoulder","prdtYear":"2012","openDt":"","typeNm":"장편","prdtStatNm":"기타","nationAlt":"프랑스","genreAlt":"드라마","repNationNm":"프랑스","repGenreNm":"드라마","directors":[],"companys":[]},{"movieCd":"20212115","movieNm":"스쿨걸스","movieNmEn":"Schoolgirls","prdtYear":"2020","openDt":"","typeNm":"장편","prdtStatNm":"기타","nationAlt":"스페인","genreAlt":"드라마","repNationNm":"스페인","repGenreNm":"드라마","directors":[],"companys":[]},{"movieCd":"20212114","movieNm":"바다가 멀리서 바라본다","movieNmEn":"The Sea Stares at Us from Afar","prdtYear":"2017","openDt":"","typeNm":"장편","prdtStatNm":"기타","nationAlt":"스페인,네덜란드","genreAlt":"다큐멘터리","repNationNm":"스페인","repGenreNm":"다큐멘터리","directors":[],"companys":[]},{"movieCd":"20150484","movieNm":"살인의 늪","movieNmEn":"Marshland","prdtYear":"2014","openDt":"20160211","typeNm":"장편","prdtStatNm":"개봉","nationAlt":"스페인","genreAlt":"스릴러","repNationNm":"스페인","repGenreNm":"스릴러","directors":[{"peopleNm":"알베르토 로드리게즈"}],"companys":[]},{"movieCd":"20212113","movieNm":"엘 볼라","movieNmEn":"Pellet","prdtYear":"2000","openDt":"","typeNm":"장편","prdtStatNm":"기타","nationAlt":"스페인","genreAlt":"드라마","repNationNm":"스페인","repGenreNm":"드라마","directors":[{"peopleNm":"아케로 마나스"}],"companys":[]},{"movieCd":"20212112","movieNm":"집행자","movieNmEn":"The Executioner","prdtYear":"1963","openDt":"","typeNm":"장편","prdtStatNm":"기타","nationAlt":"스페인,이탈리아","genreAlt":"드라마,코미디","repNationNm":"스페인","repGenreNm":"드라마","directors":[],"companys":[]},{"movieCd":"20211059","movieNm":"타임 이즈 업","movieNmEn":"Time Is Up","prdtYear":"2021","openDt":"20211111","typeNm":"장편","prdtStatNm":"개봉","nationAlt":"미국","genreAlt":"멜로/로맨스","repNationNm":"미국","repGenreNm":"멜로/로맨스","directors":[{"peopleNm":"엘리사 아모루소"}],"companys":[]},{"movieCd":"20177003","movieNm":"특별한 사이","movieNmEn":"","prdtYear":"2017","openDt":"","typeNm":"단편","prdtStatNm":"기타","nationAlt":"한국","genreAlt":"드라마","repNationNm":"한국","repGenreNm":"드라마","directors":[{"peopleNm":"문선경"}],"companys":[]},{"movieCd":"20193849","movieNm":"중독","movieNmEn":"","prdtYear":"2019","openDt":"","typeNm":"장편","prdtStatNm":"기타","nationAlt":"한국","genreAlt":"다큐멘터리","repNationNm":"한국","repGenreNm":"다큐멘터리","directors":[{"peopleNm":"김상철"},{"peopleNm":"이현철"}],"companys":[{"companyCd":"20063240","companyNm":"파이오니아21"}]},{"movieCd":"20212111","movieNm":"원나잇 라디오 무삭제판","movieNmEn":"","prdtYear":"2021","openDt":"","typeNm":"장편","prdtStatNm":"기타","nationAlt":"한국","genreAlt":"드라마","repNationNm":"한국","repGenreNm":"드라마","directors":[{"peopleNm":"이로운"}],"companys":[{"companyCd":"20202961","companyNm":"비스킷미디어"}]}]}