{"totCnt":"95385","source":"영화진흥위원회","movieList":[{"movieCd":"20230672","movieNm":"36.5도의 겨울","movieNmEn":"How to Survive the Winter","prdtYear":"2022","openDt":"","typeNm":"단편","prdtStatNm":"기타","nationAlt":"한국","genreAlt":"기타","repNationNm":"한국","repGenreNm":"기타","directors":[],"companys":[]},{"movieCd":"20230686","movieNm":"재희에게","movieNmEn":"","prdtYear":"2023","openDt":"","typeNm":"단편","prdtStatNm":"기타","nationAlt":"한국","genreAlt":"드라마","repNationNm":"한국","repGenreNm":"드라마","directors":[],"companys":[]},{"movieCd":"20230685","movieNm":"왕을 찾아서","movieNmEn":"Seeking The King","prdtYear":"2023","openDt":"","typeNm":"장편","prdtStatNm":"촬영진행","nationAlt":"한국","genreAlt":"SF","repNationNm":"한국","repGenreNm":"SF","directors":[{"peopleNm":"원신연"}],"companys":[]},{"movieCd":"20230670","movieNm":"걸스!","movieNmEn":"Girls!","prdtYear":"2020","openDt":"","typeNm":"단편","prdtStatNm":"기타","nationAlt":"한국","genreAlt":"드라마","repNationNm":"한국","repGenreNm":"드라마","directors":[{"peopleNm":"신혜수"}],"companys":[]},{"movieCd":"20230684","movieNm":"닮은 사이","movieNmEn":"A Close Resemblance","prdtYear":"2022","openDt":"","typeNm":"단편","prdtStatNm":"기타","nationAlt":"한국","genreAlt":"드라마","repNationNm":"한국","repGenreNm":"드라마","directors":[],"companys":[]},{"movieCd":"20230669","movieNm":"구경","movieNmEn":"Peeper","prdtYear":"2022","openDt":"","typeNm":"단편","prdtStatNm":"기타","nationAlt":"한국","genreAlt":"스릴러","repNationNm":"한국","repGenreNm":"스릴러","directors":[{"peopleNm":"한창록"}],"companys":[]},{"movieCd":"20230683","movieNm":"그림자 잡기","movieNmEn":"Catching Shadow","prdtYear":"2022","openDt":"","typeNm":"단편","prdtStatNm":"기타","nationAlt":"한국","genreAlt":"공포(호러),스릴러","repNationNm":"한국","repGenreNm":"공포(호러)","directors":[],"companys":[]},{"movieCd":"20230682","movieNm":"8월의 크리스마스","movieNmEn":"","prdtYear":"2023","openDt":"","typeNm":"단편","prdtStatNm":"기타","nationAlt":"한국","genreAlt":"드라마","repNationNm":"한국","repGenreNm":"드라마","directors":[],"companys":[]},{"movieCd":"20230681","movieNm":"서점 이야기","movieNmEn":"","prdtYear":"2022","openDt":"","typeNm":"단편","prdtStatNm":"기타","nationAlt":"한국","genreAlt":"드라마,멜로/로맨스","repNationNm":"한국","repGenreNm":"드라마","directors":[{"peopleNm":"황지우"}],"companys":[]},{"movieCd":"20230668","movieNm":"해장하러 갈래요?","movieNmEn":"","prdtYear":"2022","openDt":"","typeNm":"단편","prdtStatNm":"기타","nationAlt":"한국","genreAlt":"코미디,멜로/로맨스","repNationNm":"한국","repGenreNm":"코미디","directors":[{"peopleNm":"남인건"}],"companys":[]}]}