{"totCnt":"95385","source":"영화진흥위원회","movieList":[{"movieCd":"20210342","movieNm":"EXiS2021 EX-Choice 1","movieNmEn":"","prdtYear":"2021","openDt":"","typeNm":"옴니버스","prdtStatNm":"기타","nationAlt":"기타","genreAlt":"기타","repNationNm":"기타","repGenreNm":"기타","directors":[],"companys":[]},{"movieCd":"20210329","movieNm":"아빠의 버킷리스트","movieNmEn":"Before Your Time","prdtYear":"2017","openDt":"","typeNm":"장편","prdtStatNm":"기타","nationAlt":"미국","genreAlt":"드라마,가족","repNationNm":"미국","repGenreNm":"드라마","directors":[],"companys":[]},{"movieCd":"20182621","movieNm":"산책","movieNmEn":"A Walk","prdtYear":"2017","openDt":"","typeNm":"단편","prdtStatNm":"기타","nationAlt":"한국","genreAlt":"다큐멘터리","repNationNm":"한국","repGenreNm":"다큐멘터리","directors":[{"peopleNm":"손구용"}],"companys":[]},{"movieCd":"20090213","movieNm":"가유희사","movieNmEn":"All's Well, End's Well","prdtYear":"1992","openDt":"19920325","typeNm":"장편","prdtStatNm":"개봉","nationAlt":"홍콩","genreAlt":"드라마","repNationNm":"홍콩","repGenreNm":"드라마","directors":[{"peopleNm":"고지삼"}],"companys":[]},{"movieCd":"19979118","movieNm":"주성치의 가유희사 97","movieNmEn":"All's Well, End's Well 97","prdtYear":"1996","openDt":"","typeNm":"장편","prdtStatNm":"기타","nationAlt":"홍콩","genreAlt":"코미디,가족","repNationNm":"홍콩","repGenreNm":"코미디","directors":[{"peopleNm":"장견정"}],"companys":[{"companyCd":"20103667","companyNm":"비오비앤파트너즈"}]},{"movieCd":"20219142","movieNm":"훈남 남친을 엄마에게 빼앗기다","movieNmEn":"","prdtYear":"2020","openDt":"","typeNm":"장편","prdtStatNm":"기타","nationAlt":"일본","genreAlt":"성인물(에로)","repNationNm":"일본","repGenreNm":"성인물(에로)","directors":[{"peopleNm":"코지마 유키오"}],"companys":[]},{"movieCd":"20219164","movieNm":"친구엄마의 팬티를 훔치다","movieNmEn":"","prdtYear":"2020","openDt":"","typeNm":"장편","prdtStatNm":"기타","nationAlt":"일본","genreAlt":"성인물(에로)","repNationNm":"일본","repGenreNm":"성인물(에로)","directors":[{"peopleNm":"코지마 유키오"}],"companys":[]},{"movieCd":"20219143","movieNm":"친구엄마의 XX를 훔쳐본 날","movieNmEn":"","prdtYear":"2020","openDt":"","typeNm":"장편","prdtStatNm":"기타","nationAlt":"일본","genreAlt":"성인물(에로)","repNationNm":"일본","repGenreNm":"성인물(에로)","directors":[{"peopleNm":"코지마 유키오"}],"companys":[]},{"movieCd":"20218585","movieNm":"초글래머 나오의 음란지스팟","movieNmEn":"","prdtYear":"2020","openDt":"","typeNm":"장편","prdtStatNm":"기타","nationAlt":"일본","genreAlt":"성인물(에로)","repNationNm":"일본","repGenreNm":"성인물(에로)","directors":[{"peopleNm":"스즈키 켄이치로"}],"companys":[]},{"movieCd":"20219146","movieNm":"정말로 남자를 좋아한 옆집유부녀","movieNmEn":"","prdtYear":"2020","openDt":"","typeNm":"장편","prdtStatNm":"기타","nationAlt":"일본","genreAlt":"성인물(에로)","repNationNm":"일본","repGenreNm":"성인물(에로)","directors":[{"peopleNm":"가토 마사키"}],"companys":[]}]}