{"totCnt":"95385","source":"영화진흥위원회","movieList":[{"movieCd":"20191546","movieNm":"월성","movieNmEn":"Wolsong, The Vanishing Village","prdtYear":"2019","openDt":"20191212","typeNm":"장편","prdtStatNm":"개봉","nationAlt":"한국","genreAlt":"다큐멘터리","repNationNm":"한국","repGenreNm":"다큐멘터리","directors":[{"peopleNm":"남태제"},{"peopleNm":"김성환"}],"companys":[{"companyCd":"20160682","companyNm":"한국탐사저널리즘센터"}]},{"movieCd":"20124013","movieNm":"청포도 사탕: 17년 전의 약속","movieNmEn":"Grape Candy","prdtYear":"2012","openDt":"20120906","typeNm":"장편","prdtStatNm":"개봉","nationAlt":"한국","genreAlt":"드라마,미스터리","repNationNm":"한국","repGenreNm":"드라마","directors":[{"peopleNm":"김희정"}],"companys":[{"companyCd":"20122471","companyNm":"(주)인벤트스톤"}]},{"movieCd":"20020238","movieNm":"연애소설","movieNmEn":"Lover's Concerto","prdtYear":"2002","openDt":"20020912","typeNm":"장편","prdtStatNm":"개봉","nationAlt":"한국","genreAlt":"드라마","repNationNm":"한국","repGenreNm":"드라마","directors":[{"peopleNm":"이한"}],"companys":[{"companyCd":"20062250","companyNm":"㈜팝콘필름"}]},{"movieCd":"20144444","movieNm":"아가씨","movieNmEn":"The Handmaiden","prdtYear":"2016","openDt":"20160601","typeNm":"장편","prdtStatNm":"개봉","nationAlt":"한국","genreAlt":"스릴러,드라마","repNationNm":"한국","repGenreNm":"스릴러","directors":[{"peopleNm":"박찬욱"}],"companys":[{"companyCd":"20153848","companyNm":"유한회사 아가씨에프에스"},{"companyCd":"20100357","companyNm":"모호필름"},{"companyCd":"20137896","companyNm":"(주)용필름"}]},{"movieCd":"19850069","movieNm":"색깔있는 남자","movieNmEn":"A Man With Color","prdtYear":"1985","openDt":"19851102","typeNm":"장편","prdtStatNm":"개봉","nationAlt":"한국","genreAlt":"성인물(에로),멜로/로맨스,범죄,드라마","repNationNm":"한국","repGenreNm":"성인물(에로)","directors":[{"peopleNm":"김성수"}],"companys":[{"companyCd":"20060188","companyNm":"세경진흥(주)"}]},{"movieCd":"20120425","movieNm":"사랑해! 진영아","movieNmEn":"My Dear Girl, Jin-young","prdtYear":"2012","openDt":"20131107","typeNm":"장편","prdtStatNm":"개봉","nationAlt":"한국","genreAlt":"드라마","repNationNm":"한국","repGenreNm":"드라마","directors":[{"peopleNm":"이성은"}],"companys":[{"companyCd":"20100036","companyNm":"㈜인디스토리"},{"companyCd":"2013187","companyNm":"(주)어뮤즈엔터테인먼트"}]},{"movieCd":"20140704","movieNm":"비밀은 없다","movieNmEn":"The Truth Beneath","prdtYear":"2015","openDt":"20160623","typeNm":"장편","prdtStatNm":"개봉","nationAlt":"한국","genreAlt":"스릴러","repNationNm":"한국","repGenreNm":"스릴러","directors":[{"peopleNm":"이경미"}],"companys":[{"companyCd":"20123840","companyNm":"(주)영화사거미"},{"companyCd":"20101146","companyNm":"필름트레인"}]},{"movieCd":"20090306","movieNm":"레즈비언 정치도전기","movieNmEn":"The Time of Our Lives","prdtYear":"2009","openDt":"","typeNm":"장편","prdtStatNm":"기타","nationAlt":"한국","genreAlt":"다큐멘터리","repNationNm":"한국","repGenreNm":"다큐멘터리","directors":[{"peopleNm":"홍지유"},{"peopleNm":"한영희"}],"companys":[{"companyCd":"20101123","companyNm":"연분홍치마"}]},{"movieCd":"20127027","movieNm":"궁녀","movieNmEn":"A court lady","prdtYear":"1972","openDt":"19720713","typeNm":"장편","prdtStatNm":"개봉","nationAlt":"한국","genreAlt":"기타","repNationNm":"한국","repGenreNm":"기타","directors":[{"peopleNm":"신상옥"}],"companys":[{"companyCd":"20114663","companyNm":"안양"}]},{"movieCd":"20211028","movieNm":"안녕, 내일 또 만나","movieNmEn":"So Long, See You Tomorrow","prdtYear":"2021","openDt":"","typeNm":"장편","prdtStatNm":"기타","nationAlt":"한국","genreAlt":"기타","repNationNm":"한국","repGenreNm":"기타","directors":[{"peopleNm":"백승빈"}],"companys":[]}]}