{"totCnt":"95385","source":"영화진흥위원회","movieList":[{"movieCd":"20211150","movieNm":"키스 반 양념 반","movieNmEn":"Half a Kiss and Half a Spice","prdtYear":"2021","openDt":"","typeNm":"단편","prdtStatNm":"기타","nationAlt":"한국","genreAlt":"멜로/로맨스","repNationNm":"한국","repGenreNm":"멜로/로맨스","directors":[{"peopleNm":"박종원"}],"companys":[]},{"movieCd":"20224146","movieNm":"흠뻑젖은 옆집누나","movieNmEn":"","prdtYear":"2020","openDt":"20220308","typeNm":"장편","prdtStatNm":"개봉","nationAlt":"일본","genreAlt":"성인물(에로),멜로/로맨스","repNationNm":"일본","repGenreNm":"성인물(에로)","directors":[],"companys":[]},{"movieCd":"20224070","movieNm":"형수는 나의 것","movieNmEn":"NAKITUMANINITA JYOUSINOOKUSAN","prdtYear":"2020","openDt":"20220308","typeNm":"장편","prdtStatNm":"개봉","nationAlt":"일본","genreAlt":"성인물(에로),드라마,멜로/로맨스","repNationNm":"일본","repGenreNm":"성인물(에로)","directors":[{"peopleNm":"사쿠라비토"}],"companys":[]},{"movieCd":"20224063","movieNm":"헤픈 누나:쿨하게 해볼까","movieNmEn":"BOKUNO BINNKANTIKUBI","prdtYear":"2020","openDt":"20220308","typeNm":"장편","prdtStatNm":"개봉","nationAlt":"일본","genreAlt":"성인물(에로),드라마,멜로/로맨스","repNationNm":"일본","repGenreNm":"성인물(에로)","directors":[{"peopleNm":"카오루"}],"companys":[]},{"movieCd":"20224129","movieNm":"제수씨의 성감대","movieNmEn":"","prdtYear":"2020","openDt":"20220308","typeNm":"장편","prdtStatNm":"개봉","nationAlt":"일본","genreAlt":"성인물(에로),멜로/로맨스","repNationNm":"일본","repGenreNm":"성인물(에로)","directors":[],"companys":[]},{"movieCd":"20224150","movieNm":"젖은 여상사","movieNmEn":"","prdtYear":"2020","openDt":"20220308","typeNm":"장편","prdtStatNm":"개봉","nationAlt":"일본","genreAlt":"성인물(에로),멜로/로맨스","repNationNm":"일본","repGenreNm":"성인물(에로)","directors":[],"companys":[]},{"movieCd":"20224065","movieNm":"어린 새엄마:다 해줄게","movieNmEn":"WAKASUGIRUTITINOTUMA","prdtYear":"2020","openDt":"20220308","typeNm":"장편","prdtStatNm":"개봉","nationAlt":"일본","genreAlt":"성인물(에로),드라마,멜로/로맨스","repNationNm":"일본","repGenreNm":"성인물(에로)","directors":[{"peopleNm":"디렉터 O"}],"companys":[]},{"movieCd":"20224064","movieNm":"새엄마의 몸정어린 헌신","movieNmEn":"SIN-IJYOUSEIKOU-01","prdtYear":"2020","openDt":"20220308","typeNm":"장편","prdtStatNm":"개봉","nationAlt":"일본","genreAlt":"성인물(에로),드라마,멜로/로맨스","repNationNm":"일본","repGenreNm":"성인물(에로)","directors":[{"peopleNm":"나카노 야요이"}],"companys":[]},{"movieCd":"20224128","movieNm":"봇물 터진 시골집","movieNmEn":"","prdtYear":"2020","openDt":"20220308","typeNm":"장편","prdtStatNm":"개봉","nationAlt":"일본","genreAlt":"성인물(에로),멜로/로맨스","repNationNm":"일본","repGenreNm":"성인물(에로)","directors":[],"companys":[]},{"movieCd":"20224127","movieNm":"밤낮없는 장모님","movieNmEn":"","prdtYear":"2020","openDt":"20220308","typeNm":"장편","prdtStatNm":"개봉","nationAlt":"일본","genreAlt":"성인물(에로),멜로/로맨스","repNationNm":"일본","repGenreNm":"성인물(에로)","directors":[],"companys":[]}]}