{"totCnt":"95385","source":"영화진흥위원회","movieList":[{"movieCd":"20212903","movieNm":"모던 코리아: 짐승","movieNmEn":"MODERN KOREA: THE AGE OF BEASTS","prdtYear":"2021","openDt":"","typeNm":"장편","prdtStatNm":"기타","nationAlt":"한국","genreAlt":"다큐멘터리","repNationNm":"한국","repGenreNm":"다큐멘터리","directors":[{"peopleNm":"정재은"}],"companys":[]},{"movieCd":"20219025","movieNm":"밥 때","movieNmEn":"Time to eat","prdtYear":"2020","openDt":"","typeNm":"단편","prdtStatNm":"기타","nationAlt":"한국","genreAlt":"드라마","repNationNm":"한국","repGenreNm":"드라마","directors":[{"peopleNm":"이성식"}],"companys":[]},{"movieCd":"20212904","movieNm":"사이버 사랑","movieNmEn":"Love Child","prdtYear":"2014","openDt":"","typeNm":"장편","prdtStatNm":"기타","nationAlt":"미국,한국","genreAlt":"다큐멘터리","repNationNm":"미국","repGenreNm":"다큐멘터리","directors":[],"companys":[]},{"movieCd":"20165543","movieNm":"하이큐!! 승자와 패자","movieNmEn":"HAIKYU!! The Winner and the Loser","prdtYear":"2015","openDt":"20161228","typeNm":"장편","prdtStatNm":"개봉","nationAlt":"일본","genreAlt":"애니메이션","repNationNm":"일본","repGenreNm":"애니메이션","directors":[{"peopleNm":"미츠나카 스스무"}],"companys":[]},{"movieCd":"20162629","movieNm":"하이큐!! 끝과 시작","movieNmEn":"HAIKYU!!The movie-The End and the Beginning","prdtYear":"2015","openDt":"20161116","typeNm":"장편","prdtStatNm":"개봉","nationAlt":"일본","genreAlt":"애니메이션","repNationNm":"일본","repGenreNm":"애니메이션","directors":[{"peopleNm":"미츠나카 스스무"}],"companys":[]},{"movieCd":"20030153","movieNm":"영어완전정복","movieNmEn":"Please Teach Me English","prdtYear":"2003","openDt":"20031105","typeNm":"장편","prdtStatNm":"개봉","nationAlt":"한국","genreAlt":"드라마,코미디","repNationNm":"한국","repGenreNm":"드라마","directors":[{"peopleNm":"김성수"}],"companys":[{"companyCd":"20100199","companyNm":"(주)나비픽처스"}]},{"movieCd":"20212675","movieNm":"신용문객잔3","movieNmEn":"Longmen Town Inn","prdtYear":"2020","openDt":"","typeNm":"장편","prdtStatNm":"기타","nationAlt":"중국","genreAlt":"액션","repNationNm":"중국","repGenreNm":"액션","directors":[],"companys":[]},{"movieCd":"20211865","movieNm":"일탈아내 무삭제","movieNmEn":"","prdtYear":"2021","openDt":"","typeNm":"장편","prdtStatNm":"기타","nationAlt":"한국","genreAlt":"성인물(에로),드라마","repNationNm":"한국","repGenreNm":"성인물(에로)","directors":[{"peopleNm":"리차드 킴"}],"companys":[{"companyCd":"20122937","companyNm":"(주)룬컴퍼니"}]},{"movieCd":"20212712","movieNm":"유부녀들:섹파 만들기","movieNmEn":"","prdtYear":"2020","openDt":"20211222","typeNm":"장편","prdtStatNm":"개봉","nationAlt":"일본","genreAlt":"멜로/로맨스,드라마","repNationNm":"일본","repGenreNm":"멜로/로맨스","directors":[{"peopleNm":"나베"}],"companys":[]},{"movieCd":"20212729","movieNm":"아내의 은밀한 과거","movieNmEn":"","prdtYear":"2020","openDt":"20211222","typeNm":"장편","prdtStatNm":"개봉","nationAlt":"일본","genreAlt":"멜로/로맨스,드라마","repNationNm":"일본","repGenreNm":"멜로/로맨스","directors":[{"peopleNm":"하라다 칸토나"}],"companys":[]}]}