{"totCnt":"95385","source":"영화진흥위원회","movieList":[{"movieCd":"20212713","movieNm":"새아빠:기막힌 스킬","movieNmEn":"","prdtYear":"2020","openDt":"20211222","typeNm":"장편","prdtStatNm":"개봉","nationAlt":"일본","genreAlt":"멜로/로맨스,드라마","repNationNm":"일본","repGenreNm":"멜로/로맨스","directors":[{"peopleNm":"디렉터 O"}],"companys":[]},{"movieCd":"20212711","movieNm":"거유 치나미 사쿠라의 아찔 유혹","movieNmEn":"","prdtYear":"2020","openDt":"20211222","typeNm":"장편","prdtStatNm":"개봉","nationAlt":"일본","genreAlt":"멜로/로맨스,드라마","repNationNm":"일본","repGenreNm":"멜로/로맨스","directors":[{"peopleNm":"카오루"}],"companys":[]},{"movieCd":"20212595","movieNm":"데스티벌","movieNmEn":"Initiation","prdtYear":"2020","openDt":"","typeNm":"장편","prdtStatNm":"기타","nationAlt":"미국","genreAlt":"공포(호러),미스터리,범죄,스릴러","repNationNm":"미국","repGenreNm":"공포(호러)","directors":[{"peopleNm":"존 베라르도"}],"companys":[]},{"movieCd":"20212479","movieNm":"칠드런 오브 워","movieNmEn":"Soldier Boy","prdtYear":"2019","openDt":"","typeNm":"장편","prdtStatNm":"기타","nationAlt":"미국","genreAlt":"전쟁,드라마","repNationNm":"미국","repGenreNm":"전쟁","directors":[],"companys":[]},{"movieCd":"20210756","movieNm":"핫 블러드","movieNmEn":"Hot blood","prdtYear":"2021","openDt":"20211125","typeNm":"장편","prdtStatNm":"개봉","nationAlt":"한국","genreAlt":"액션","repNationNm":"한국","repGenreNm":"액션","directors":[{"peopleNm":"신재명"}],"companys":[{"companyCd":"20188321","companyNm":"(주)하늬바람"}]},{"movieCd":"20210820","movieNm":"타이거 우즈: 아이콘","movieNmEn":"Tiger Woods: Icon","prdtYear":"2021","openDt":"","typeNm":"장편","prdtStatNm":"기타","nationAlt":"영국","genreAlt":"다큐멘터리","repNationNm":"영국","repGenreNm":"다큐멘터리","directors":[],"companys":[]},{"movieCd":"20212857","movieNm":"최후의 성배","movieNmEn":"Onyx: Kings of the Grail","prdtYear":"2018","openDt":"","typeNm":"장편","prdtStatNm":"기타","nationAlt":"스페인","genreAlt":"다큐멘터리","repNationNm":"스페인","repGenreNm":"다큐멘터리","directors":[{"peopleNm":"로베르토 기라울트"}],"companys":[]},{"movieCd":"20212833","movieNm":"나를 채워줘","movieNmEn":"Sexual Wishlist","prdtYear":"2013","openDt":"","typeNm":"장편","prdtStatNm":"기타","nationAlt":"미국","genreAlt":"멜로/로맨스","repNationNm":"미국","repGenreNm":"멜로/로맨스","directors":[{"peopleNm":"론 클락"}],"companys":[]},{"movieCd":"20212854","movieNm":"Focus on 광주영화-단편모음6","movieNmEn":"","prdtYear":"2021","openDt":"","typeNm":"옴니버스","prdtStatNm":"기타","nationAlt":"한국","genreAlt":"기타","repNationNm":"한국","repGenreNm":"기타","directors":[],"companys":[]},{"movieCd":"20210127","movieNm":"화녀","movieNmEn":"","prdtYear":"2021","openDt":"","typeNm":"장편","prdtStatNm":"촬영진행","nationAlt":"한국","genreAlt":"기타","repNationNm":"한국","repGenreNm":"기타","directors":[{"peopleNm":"유영선"}],"companys":[{"companyCd":"20204403","companyNm":"(주)베러투모로우"}]}]}