{"totCnt":"95385","source":"영화진흥위원회","movieList":[{"movieCd":"20153463","movieNm":"스토리 오브 루크","movieNmEn":"The Story of Luke ","prdtYear":"2011","openDt":"","typeNm":"장편","prdtStatNm":"기타","nationAlt":"미국","genreAlt":"코미디,드라마","repNationNm":"미국","repGenreNm":"코미디","directors":[{"peopleNm":"알론소 마요"}],"companys":[]},{"movieCd":"20210948","movieNm":"데미갓","movieNmEn":"Demigod","prdtYear":"2021","openDt":"","typeNm":"장편","prdtStatNm":"기타","nationAlt":"미국","genreAlt":"공포(호러),스릴러","repNationNm":"미국","repGenreNm":"공포(호러)","directors":[{"peopleNm":"마일스 돌리악"}],"companys":[]},{"movieCd":"20211156","movieNm":"컨저링: 악마가 돌아왔다","movieNmEn":"Devil Djinn","prdtYear":"2021","openDt":"","typeNm":"장편","prdtStatNm":"기타","nationAlt":"미국","genreAlt":"공포(호러)","repNationNm":"미국","repGenreNm":"공포(호러)","directors":[{"peopleNm":"스콧 제프리"}],"companys":[]},{"movieCd":"20078360","movieNm":"특별시 사람들","movieNmEn":"Where Are You Going?","prdtYear":"2007","openDt":"","typeNm":"장편","prdtStatNm":"기타","nationAlt":"한국","genreAlt":"드라마","repNationNm":"한국","repGenreNm":"드라마","directors":[{"peopleNm":"박철웅"}],"companys":[]},{"movieCd":"20211155","movieNm":"2021 내 손으로 만든 퀴어영화 섹션2: 또 다른 인연","movieNmEn":"","prdtYear":"2021","openDt":"","typeNm":"옴니버스","prdtStatNm":"기타","nationAlt":"한국","genreAlt":"기타","repNationNm":"한국","repGenreNm":"기타","directors":[{"peopleNm":"주찬"}],"companys":[]},{"movieCd":"20211154","movieNm":"2021 내 손으로 만든 퀴어영화 섹션1: 하얀 거짓말","movieNmEn":"","prdtYear":"2021","openDt":"","typeNm":"옴니버스","prdtStatNm":"기타","nationAlt":"한국","genreAlt":"기타","repNationNm":"한국","repGenreNm":"기타","directors":[],"companys":[]},{"movieCd":"20211174","movieNm":"강백호","movieNmEn":"","prdtYear":"2021","openDt":"","typeNm":"단편","prdtStatNm":"기타","nationAlt":"한국","genreAlt":"드라마","repNationNm":"한국","repGenreNm":"드라마","directors":[],"companys":[]},{"movieCd":"20211152","movieNm":"돌꽃","movieNmEn":"A Flower Blooming on a Stone","prdtYear":"2021","openDt":"","typeNm":"단편","prdtStatNm":"기타","nationAlt":"한국","genreAlt":"드라마","repNationNm":"한국","repGenreNm":"드라마","directors":[],"companys":[]},{"movieCd":"20211151","movieNm":"원수는 우리집 거실에서 만난다","movieNmEn":"","prdtYear":"2021","openDt":"","typeNm":"단편","prdtStatNm":"기타","nationAlt":"한국","genreAlt":"코미디","repNationNm":"한국","repGenreNm":"코미디","directors":[{"peopleNm":"주찬"}],"companys":[]},{"movieCd":"20211173","movieNm":"완성과 미완성의 사이","movieNmEn":"Between Complete and Incomplete","prdtYear":"2021","openDt":"","typeNm":"단편","prdtStatNm":"기타","nationAlt":"한국","genreAlt":"멜로/로맨스","repNationNm":"한국","repGenreNm":"멜로/로맨스","directors":[],"companys":[]}]}