{"totCnt":"95385","source":"영화진흥위원회","movieList":[{"movieCd":"20210792","movieNm":"테레사","movieNmEn":"Teresa","prdtYear":"1951","openDt":"","typeNm":"장편","prdtStatNm":"기타","nationAlt":"미국","genreAlt":"드라마","repNationNm":"미국","repGenreNm":"드라마","directors":[{"peopleNm":"프레드 진네만"}],"companys":[]},{"movieCd":"20210804","movieNm":"해적","movieNmEn":"The Pirate","prdtYear":"1948","openDt":"","typeNm":"장편","prdtStatNm":"기타","nationAlt":"미국","genreAlt":"드라마","repNationNm":"미국","repGenreNm":"드라마","directors":[{"peopleNm":"빈센트 미넬리"}],"companys":[]},{"movieCd":"20210791","movieNm":"풋사랑","movieNmEn":"Marjorie Morningstar","prdtYear":"1958","openDt":"","typeNm":"장편","prdtStatNm":"기타","nationAlt":"미국","genreAlt":"드라마,멜로/로맨스","repNationNm":"미국","repGenreNm":"드라마","directors":[{"peopleNm":"어빙 래퍼"}],"companys":[]},{"movieCd":"20210643","movieNm":"미나마타","movieNmEn":"MINAMATA","prdtYear":"2020","openDt":"","typeNm":"장편","prdtStatNm":"기타","nationAlt":"영국","genreAlt":"드라마","repNationNm":"영국","repGenreNm":"드라마","directors":[{"peopleNm":"앤드류 레비타스"}],"companys":[]},{"movieCd":"20210288","movieNm":"다이하드 먼데이","movieNmEn":"Holiday Monday","prdtYear":"2021","openDt":"","typeNm":"장편","prdtStatNm":"기타","nationAlt":"영국","genreAlt":"액션","repNationNm":"영국","repGenreNm":"액션","directors":[{"peopleNm":"네이선 셉카"}],"companys":[]},{"movieCd":"20207582","movieNm":"학교 가는 길","movieNmEn":"A Long Way to School","prdtYear":"2020","openDt":"20210505","typeNm":"장편","prdtStatNm":"개봉","nationAlt":"한국","genreAlt":"다큐멘터리","repNationNm":"한국","repGenreNm":"다큐멘터리","directors":[{"peopleNm":"김정인"}],"companys":[{"companyCd":"20156268","companyNm":"(주)마로스튜디오"}]},{"movieCd":"20205521","movieNm":"캐논볼","movieNmEn":"Cannonball","prdtYear":"2019","openDt":"20210825","typeNm":"장편","prdtStatNm":"개봉","nationAlt":"한국","genreAlt":"드라마,가족","repNationNm":"한국","repGenreNm":"드라마","directors":[{"peopleNm":"정승민"}],"companys":[{"companyCd":"20218202","companyNm":"디포커스필름"}]},{"movieCd":"20219925","movieNm":"스쿨 아웃 포에버","movieNmEn":"School's Out Forever","prdtYear":"2021","openDt":"20210929","typeNm":"장편","prdtStatNm":"개봉","nationAlt":"영국","genreAlt":"코미디,드라마,공포(호러)","repNationNm":"영국","repGenreNm":"코미디","directors":[{"peopleNm":"올리버 밀번"}],"companys":[]},{"movieCd":"20210102","movieNm":"금의위-명조자객","movieNmEn":"The Ming Dynasty Assassin","prdtYear":"2017","openDt":"20210929","typeNm":"장편","prdtStatNm":"개봉","nationAlt":"중국","genreAlt":"액션,판타지","repNationNm":"중국","repGenreNm":"액션","directors":[],"companys":[]},{"movieCd":"20191061","movieNm":"007 노 타임 투 다이","movieNmEn":"007 No Time To Die","prdtYear":"2021","openDt":"20210929","typeNm":"장편","prdtStatNm":"개봉","nationAlt":"미국","genreAlt":"액션","repNationNm":"미국","repGenreNm":"액션","directors":[{"peopleNm":"캐리 후쿠나가"}],"companys":[]}]}