{"totCnt":"95385","source":"영화진흥위원회","movieList":[{"movieCd":"20201002","movieNm":"조제","movieNmEn":"Josée","prdtYear":"2020","openDt":"20201210","typeNm":"장편","prdtStatNm":"개봉","nationAlt":"한국","genreAlt":"멜로/로맨스,드라마","repNationNm":"한국","repGenreNm":"멜로/로맨스","directors":[{"peopleNm":"김종관"}],"companys":[{"companyCd":"20175501","companyNm":"볼미디어(주) "}]},{"movieCd":"20210598","movieNm":"제9회 24초영화제 섹션3","movieNmEn":"","prdtYear":"2021","openDt":"","typeNm":"옴니버스","prdtStatNm":"기타","nationAlt":"한국","genreAlt":"기타","repNationNm":"한국","repGenreNm":"기타","directors":[],"companys":[]},{"movieCd":"20210608","movieNm":"제9회 24초영화제 섹션2","movieNmEn":"","prdtYear":"2021","openDt":"","typeNm":"옴니버스","prdtStatNm":"기타","nationAlt":"한국","genreAlt":"기타","repNationNm":"한국","repGenreNm":"기타","directors":[],"companys":[]},{"movieCd":"20210607","movieNm":"제9회 24초영화제 섹션1","movieNmEn":"","prdtYear":"2021","openDt":"","typeNm":"옴니버스","prdtStatNm":"기타","nationAlt":"한국","genreAlt":"기타","repNationNm":"한국","repGenreNm":"기타","directors":[],"companys":[]},{"movieCd":"20197231","movieNm":"어웨이","movieNmEn":"Away","prdtYear":"2019","openDt":"20210804","typeNm":"장편","prdtStatNm":"개봉","nationAlt":"기타","genreAlt":"애니메이션","repNationNm":"기타","repGenreNm":"애니메이션","directors":[{"peopleNm":"긴츠 질발로디스"}],"companys":[]},{"movieCd":"20210383","movieNm":"해피니스","movieNmEn":"","prdtYear":"2021","openDt":"","typeNm":"장편","prdtStatNm":"기타","nationAlt":"한국","genreAlt":"멜로/로맨스,드라마","repNationNm":"한국","repGenreNm":"멜로/로맨스","directors":[{"peopleNm":"윤중부"}],"companys":[{"companyCd":"20114899","companyNm":"(주)영진크리에이티브"}]},{"movieCd":"20210603","movieNm":"황무지","movieNmEn":"Wasteland","prdtYear":"2021","openDt":"","typeNm":"단편","prdtStatNm":"기타","nationAlt":"한국","genreAlt":"SF,드라마","repNationNm":"한국","repGenreNm":"SF","directors":[{"peopleNm":"진미송"}],"companys":[]},{"movieCd":"20210602","movieNm":"비창","movieNmEn":"Pathetique","prdtYear":"2021","openDt":"","typeNm":"단편","prdtStatNm":"기타","nationAlt":"한국","genreAlt":"드라마","repNationNm":"한국","repGenreNm":"드라마","directors":[{"peopleNm":"이나라"}],"companys":[]},{"movieCd":"20210594","movieNm":"박수연 배우 단편전","movieNmEn":"","prdtYear":"2021","openDt":"","typeNm":"옴니버스","prdtStatNm":"기타","nationAlt":"한국","genreAlt":"기타","repNationNm":"한국","repGenreNm":"기타","directors":[],"companys":[]},{"movieCd":"20210591","movieNm":"구교환 배우/감독 단편전","movieNmEn":"","prdtYear":"2021","openDt":"","typeNm":"옴니버스","prdtStatNm":"기타","nationAlt":"기타","genreAlt":"기타","repNationNm":"기타","repGenreNm":"기타","directors":[],"companys":[]}]}