{"totCnt":"95385","source":"영화진흥위원회","movieList":[{"movieCd":"20211839","movieNm":"이거리 저거리 각거리","movieNmEn":"","prdtYear":"2021","openDt":"","typeNm":"단편","prdtStatNm":"기타","nationAlt":"한국","genreAlt":"드라마","repNationNm":"한국","repGenreNm":"드라마","directors":[],"companys":[]},{"movieCd":"20211838","movieNm":"[작은영화영화제] 오민애 배우전","movieNmEn":"","prdtYear":"2021","openDt":"","typeNm":"옴니버스","prdtStatNm":"기타","nationAlt":"한국","genreAlt":"기타","repNationNm":"한국","repGenreNm":"기타","directors":[],"companys":[]},{"movieCd":"20110205","movieNm":"몰디브 환상특급","movieNmEn":"Maldives Express","prdtYear":"2010","openDt":"","typeNm":"단편","prdtStatNm":"기타","nationAlt":"한국","genreAlt":"드라마,코미디,스릴러,가족","repNationNm":"한국","repGenreNm":"드라마","directors":[{"peopleNm":"신수아"}],"companys":[]},{"movieCd":"20211868","movieNm":"미스터그린","movieNmEn":"","prdtYear":"2020","openDt":"","typeNm":"단편","prdtStatNm":"기타","nationAlt":"한국","genreAlt":"드라마","repNationNm":"한국","repGenreNm":"드라마","directors":[],"companys":[]},{"movieCd":"20211870","movieNm":"중고거래","movieNmEn":"","prdtYear":"2020","openDt":"","typeNm":"단편","prdtStatNm":"기타","nationAlt":"한국","genreAlt":"드라마","repNationNm":"한국","repGenreNm":"드라마","directors":[],"companys":[]},{"movieCd":"20211869","movieNm":"죄송한...","movieNmEn":"","prdtYear":"2019","openDt":"","typeNm":"단편","prdtStatNm":"기타","nationAlt":"한국","genreAlt":"드라마","repNationNm":"한국","repGenreNm":"드라마","directors":[],"companys":[]},{"movieCd":"20211867","movieNm":"영화관 속 재즈 로프트 3강. 크리스마스 재즈 파티","movieNmEn":"","prdtYear":"2021","openDt":"","typeNm":"장편","prdtStatNm":"기타","nationAlt":"한국","genreAlt":"기타","repNationNm":"한국","repGenreNm":"기타","directors":[],"companys":[]},{"movieCd":"20211836","movieNm":"영화관 속 재즈 로프트 2강. 영화와 재즈","movieNmEn":"","prdtYear":"2021","openDt":"","typeNm":"장편","prdtStatNm":"기타","nationAlt":"한국","genreAlt":"기타","repNationNm":"한국","repGenreNm":"기타","directors":[],"companys":[]},{"movieCd":"20211835","movieNm":"산타가 세상을 구해","movieNmEn":"Santa Saves the Universe","prdtYear":"2019","openDt":"","typeNm":"장편","prdtStatNm":"기타","nationAlt":"미국","genreAlt":"애니메이션","repNationNm":"미국","repGenreNm":"애니메이션","directors":[],"companys":[]},{"movieCd":"20211053","movieNm":"나를 잡아줘","movieNmEn":"Hold Me Back","prdtYear":"2020","openDt":"20211111","typeNm":"장편","prdtStatNm":"개봉","nationAlt":"일본","genreAlt":"멜로/로맨스,코미디","repNationNm":"일본","repGenreNm":"멜로/로맨스","directors":[{"peopleNm":"오오쿠 아키코"}],"companys":[]}]}