{"totCnt":"95385","source":"영화진흥위원회","movieList":[{"movieCd":"20210312","movieNm":"SESIFF2021 미얀마 특별전: 와탄 영화제","movieNmEn":"Myanmar Focus: Wathann Film Festival","prdtYear":"2021","openDt":"","typeNm":"옴니버스","prdtStatNm":"기타","nationAlt":"기타","genreAlt":"기타","repNationNm":"기타","repGenreNm":"기타","directors":[],"companys":[]},{"movieCd":"20210300","movieNm":"SESIFF2021 인도네시아 특별전: 미니키노 필름 위크","movieNmEn":"Indonesia Focus: Minikino Film Week","prdtYear":"2021","openDt":"","typeNm":"옴니버스","prdtStatNm":"기타","nationAlt":"인도네시아","genreAlt":"기타","repNationNm":"인도네시아","repGenreNm":"기타","directors":[],"companys":[]},{"movieCd":"20210311","movieNm":"SESIFF2021 브뤼셀 단편영화제 특별전 2","movieNmEn":"Brussels Short Film Festival 2","prdtYear":"2021","openDt":"","typeNm":"옴니버스","prdtStatNm":"기타","nationAlt":"벨기에","genreAlt":"기타","repNationNm":"벨기에","repGenreNm":"기타","directors":[],"companys":[]},{"movieCd":"20210299","movieNm":"SESIFF2021 브뤼셀 단편영화제 특별전 1","movieNmEn":"Brussels Short Film Festival 1","prdtYear":"2021","openDt":"","typeNm":"옴니버스","prdtStatNm":"기타","nationAlt":"벨기에","genreAlt":"기타","repNationNm":"벨기에","repGenreNm":"기타","directors":[],"companys":[]},{"movieCd":"20210298","movieNm":"SESIFF2021 경쟁 12: 방과 후 영화관","movieNmEn":"Competition 12: Theater After School","prdtYear":"2021","openDt":"","typeNm":"옴니버스","prdtStatNm":"기타","nationAlt":"기타","genreAlt":"기타","repNationNm":"기타","repGenreNm":"기타","directors":[],"companys":[]},{"movieCd":"20210297","movieNm":"SESIFF2021 경쟁 11: 온 더 테이블","movieNmEn":"Competition 11: On The Table","prdtYear":"2021","openDt":"","typeNm":"옴니버스","prdtStatNm":"기타","nationAlt":"기타","genreAlt":"기타","repNationNm":"기타","repGenreNm":"기타","directors":[],"companys":[]},{"movieCd":"20210296","movieNm":"SESIFF2021 경쟁 10: 흐르는 마음","movieNmEn":"Competition 10: Flowing Heart","prdtYear":"2021","openDt":"","typeNm":"옴니버스","prdtStatNm":"기타","nationAlt":"기타","genreAlt":"기타","repNationNm":"기타","repGenreNm":"기타","directors":[],"companys":[]},{"movieCd":"20210310","movieNm":"SESIFF2021 경쟁 9: 은밀한 힘","movieNmEn":"Competition 9: Secretive Power","prdtYear":"2021","openDt":"","typeNm":"옴니버스","prdtStatNm":"기타","nationAlt":"기타","genreAlt":"기타","repNationNm":"기타","repGenreNm":"기타","directors":[],"companys":[]},{"movieCd":"20210309","movieNm":"SESIFF2021 경쟁 8: 빠져나올 수 없는","movieNmEn":"Competition 8: Inescapable","prdtYear":"2021","openDt":"","typeNm":"옴니버스","prdtStatNm":"기타","nationAlt":"기타","genreAlt":"기타","repNationNm":"기타","repGenreNm":"기타","directors":[],"companys":[]},{"movieCd":"20210308","movieNm":"SESIFF2021 경쟁 7: 그 강 앞에서","movieNmEn":"Competition 7: In Front of That River","prdtYear":"2021","openDt":"","typeNm":"옴니버스","prdtStatNm":"기타","nationAlt":"기타","genreAlt":"기타","repNationNm":"기타","repGenreNm":"기타","directors":[],"companys":[]}]}