{"totCnt":"95385","source":"영화진흥위원회","movieList":[{"movieCd":"20210420","movieNm":"난도영웅","movieNmEn":"Born to Gamble","prdtYear":"1987","openDt":"","typeNm":"장편","prdtStatNm":"기타","nationAlt":"홍콩","genreAlt":"코미디","repNationNm":"홍콩","repGenreNm":"코미디","directors":[{"peopleNm":"왕정"}],"companys":[]},{"movieCd":"20210419","movieNm":"유맹공업","movieNmEn":"Cop of the Town","prdtYear":"1985","openDt":"","typeNm":"장편","prdtStatNm":"기타","nationAlt":"홍콩","genreAlt":"범죄,액션","repNationNm":"홍콩","repGenreNm":"범죄","directors":[{"peopleNm":"왕종"}],"companys":[]},{"movieCd":"20210455","movieNm":"부귀길상","movieNmEn":"The Perfect Match","prdtYear":"1991","openDt":"","typeNm":"장편","prdtStatNm":"기타","nationAlt":"홍콩","genreAlt":"멜로/로맨스,코미디","repNationNm":"홍콩","repGenreNm":"멜로/로맨스","directors":[{"peopleNm":"세기연"}],"companys":[]},{"movieCd":"20218336","movieNm":"쉿!누나의 비밀","movieNmEn":"","prdtYear":"2021","openDt":"","typeNm":"장편","prdtStatNm":"기타","nationAlt":"한국","genreAlt":"성인물(에로),드라마,멜로/로맨스","repNationNm":"한국","repGenreNm":"성인물(에로)","directors":[{"peopleNm":"패콘"}],"companys":[{"companyCd":"20206041","companyNm":"주식회사 패콘"}]},{"movieCd":"20210416","movieNm":"2021 춘천SF영화제 [춘천의 시선: 한국SF스펙트럼] 단편 2","movieNmEn":"CCFF2021 [The Eyes of Chuncheon: KSF Spectrum] Short 2","prdtYear":"2021","openDt":"","typeNm":"옴니버스","prdtStatNm":"기타","nationAlt":"한국","genreAlt":"기타","repNationNm":"한국","repGenreNm":"기타","directors":[],"companys":[]},{"movieCd":"20210451","movieNm":"2021 춘천SF영화제 [춘천의 시선: 한국SF스펙트럼] 단편 1","movieNmEn":"CCFF2021 [The Eyes of Chuncheon: KSF Spectrum] Short 1","prdtYear":"2021","openDt":"","typeNm":"옴니버스","prdtStatNm":"기타","nationAlt":"한국","genreAlt":"기타","repNationNm":"한국","repGenreNm":"기타","directors":[],"companys":[]},{"movieCd":"20210450","movieNm":"2021 춘천SF영화제 [경쟁: 한국어린이청소년] 단편 4","movieNmEn":"CCFF2021 [Competition: KCY] Short 4","prdtYear":"2021","openDt":"","typeNm":"옴니버스","prdtStatNm":"기타","nationAlt":"한국","genreAlt":"기타","repNationNm":"한국","repGenreNm":"기타","directors":[],"companys":[]},{"movieCd":"20210415","movieNm":"2021 춘천SF영화제 [경쟁: 한국어린이청소년] 단편 3","movieNmEn":"CCFF2021 [Competition: KCY] Short 3","prdtYear":"2021","openDt":"","typeNm":"옴니버스","prdtStatNm":"기타","nationAlt":"한국","genreAlt":"기타","repNationNm":"한국","repGenreNm":"기타","directors":[],"companys":[]},{"movieCd":"20210414","movieNm":"2021 춘천SF영화제 [경쟁: 한국어린이청소년] 단편 2","movieNmEn":"CCFF2021 [Competition: KCY] Short 2","prdtYear":"2021","openDt":"","typeNm":"옴니버스","prdtStatNm":"기타","nationAlt":"한국","genreAlt":"기타","repNationNm":"한국","repGenreNm":"기타","directors":[],"companys":[]},{"movieCd":"20210449","movieNm":"2021 춘천SF영화제 [경쟁: 한국어린이청소년] 단편 1","movieNmEn":"CCFF2021 [Competition: KCY] Short 1","prdtYear":"2021","openDt":"","typeNm":"옴니버스","prdtStatNm":"기타","nationAlt":"한국","genreAlt":"기타","repNationNm":"한국","repGenreNm":"기타","directors":[],"companys":[]}]}