{"totCnt":"95385","source":"영화진흥위원회","movieList":[{"movieCd":"20211998","movieNm":"부끄러움 많은 며느리","movieNmEn":"","prdtYear":"2020","openDt":"","typeNm":"장편","prdtStatNm":"기타","nationAlt":"일본","genreAlt":"성인물(에로)","repNationNm":"일본","repGenreNm":"성인물(에로)","directors":[{"peopleNm":"코지마 유키오"}],"companys":[]},{"movieCd":"20211803","movieNm":"남편이 절대모를 집안불륜","movieNmEn":"","prdtYear":"2020","openDt":"","typeNm":"장편","prdtStatNm":"기타","nationAlt":"일본","genreAlt":"성인물(에로)","repNationNm":"일본","repGenreNm":"성인물(에로)","directors":[{"peopleNm":"코지마 유키오"}],"companys":[]},{"movieCd":"20211786","movieNm":"남편이 있긴하지만 할까-마키짱","movieNmEn":"","prdtYear":"2020","openDt":"","typeNm":"장편","prdtStatNm":"기타","nationAlt":"일본","genreAlt":"성인물(에로)","repNationNm":"일본","repGenreNm":"성인물(에로)","directors":[{"peopleNm":"코지마 유키오"}],"companys":[]},{"movieCd":"20211787","movieNm":"남자죽이는 노브라의 리카짱","movieNmEn":"","prdtYear":"2020","openDt":"","typeNm":"장편","prdtStatNm":"기타","nationAlt":"일본","genreAlt":"성인물(에로)","repNationNm":"일본","repGenreNm":"성인물(에로)","directors":[{"peopleNm":"코지마 유키오"}],"companys":[]},{"movieCd":"20211788","movieNm":"나기사의 육체영업 - 오늘도벗는다","movieNmEn":"","prdtYear":"2020","openDt":"","typeNm":"장편","prdtStatNm":"기타","nationAlt":"일본","genreAlt":"성인물(에로)","repNationNm":"일본","repGenreNm":"성인물(에로)","directors":[{"peopleNm":"코지마 유키오"}],"companys":[]},{"movieCd":"20211938","movieNm":"어르신의 성보조제: 죽지 않는 성기","movieNmEn":"","prdtYear":"2021","openDt":"20211231","typeNm":"장편","prdtStatNm":"개봉","nationAlt":"일본","genreAlt":"드라마","repNationNm":"일본","repGenreNm":"드라마","directors":[],"companys":[]},{"movieCd":"20212901","movieNm":"천기검","movieNmEn":"","prdtYear":"2018","openDt":"20211229","typeNm":"장편","prdtStatNm":"개봉","nationAlt":"중국","genreAlt":"어드벤처","repNationNm":"중국","repGenreNm":"어드벤처","directors":[],"companys":[]},{"movieCd":"20210810","movieNm":"신조영웅","movieNmEn":"Fox Legend 2","prdtYear":"2017","openDt":"20211229","typeNm":"장편","prdtStatNm":"개봉","nationAlt":"홍콩","genreAlt":"판타지,액션,드라마","repNationNm":"홍콩","repGenreNm":"판타지","directors":[],"companys":[]},{"movieCd":"20211148","movieNm":"[PDFF2021] 특별전 1","movieNmEn":"","prdtYear":"2021","openDt":"","typeNm":"옴니버스","prdtStatNm":"기타","nationAlt":"한국","genreAlt":"기타","repNationNm":"한국","repGenreNm":"기타","directors":[],"companys":[]},{"movieCd":"20211171","movieNm":"[PDFF2021] 장애인미디어운동","movieNmEn":"","prdtYear":"2021","openDt":"","typeNm":"옴니버스","prdtStatNm":"기타","nationAlt":"한국","genreAlt":"기타","repNationNm":"한국","repGenreNm":"기타","directors":[],"companys":[]}]}