{"totCnt":"95385","source":"영화진흥위원회","movieList":[{"movieCd":"20147110","movieNm":"세일러복과 기관총","movieNmEn":"Sailor Suit and Machine Gun","prdtYear":"1981","openDt":"","typeNm":"장편","prdtStatNm":"기타","nationAlt":"일본","genreAlt":"멜로/로맨스,액션","repNationNm":"일본","repGenreNm":"멜로/로맨스","directors":[{"peopleNm":"소마이 신지"}],"companys":[]},{"movieCd":"20210516","movieNm":"깨어난 긴로","movieNmEn":"The Resurrection of the Golden Wolf","prdtYear":"1979","openDt":"","typeNm":"장편","prdtStatNm":"기타","nationAlt":"일본","genreAlt":"기타","repNationNm":"일본","repGenreNm":"기타","directors":[],"companys":[]},{"movieCd":"20210514","movieNm":"STAFF2021 섹션 5: 인생의 빛깔","movieNmEn":"","prdtYear":"2021","openDt":"","typeNm":"옴니버스","prdtStatNm":"기타","nationAlt":"기타","genreAlt":"기타","repNationNm":"기타","repGenreNm":"기타","directors":[],"companys":[]},{"movieCd":"20210513","movieNm":"STAFF2021 섹션 4: 대만과 가족","movieNmEn":"","prdtYear":"2021","openDt":"","typeNm":"옴니버스","prdtStatNm":"기타","nationAlt":"기타","genreAlt":"기타","repNationNm":"기타","repGenreNm":"기타","directors":[],"companys":[]},{"movieCd":"20210487","movieNm":"STAFF2021 섹션 3: 대만과 이상","movieNmEn":"","prdtYear":"2021","openDt":"","typeNm":"옴니버스","prdtStatNm":"기타","nationAlt":"기타","genreAlt":"기타","repNationNm":"기타","repGenreNm":"기타","directors":[],"companys":[]},{"movieCd":"20210512","movieNm":"유물의 저주","movieNmEn":"Relic","prdtYear":"2020","openDt":"","typeNm":"장편","prdtStatNm":"기타","nationAlt":"호주,미국","genreAlt":"공포(호러)","repNationNm":"호주","repGenreNm":"공포(호러)","directors":[],"companys":[]},{"movieCd":"20210486","movieNm":"시스터즈 워: 레드스네이크","movieNmEn":"RED SNAKE - SISTERS IN ARMS","prdtYear":"2020","openDt":"","typeNm":"장편","prdtStatNm":"기타","nationAlt":"프랑스","genreAlt":"액션,전쟁,드라마","repNationNm":"프랑스","repGenreNm":"액션","directors":[],"companys":[]},{"movieCd":"20210511","movieNm":"맨발의 승리","movieNmEn":"12 Mighty Orphans","prdtYear":"2021","openDt":"","typeNm":"장편","prdtStatNm":"기타","nationAlt":"미국","genreAlt":"드라마","repNationNm":"미국","repGenreNm":"드라마","directors":[],"companys":[]},{"movieCd":"20210485","movieNm":"땅속에","movieNmEn":"IN THE EARTH","prdtYear":"2021","openDt":"","typeNm":"장편","prdtStatNm":"기타","nationAlt":"영국","genreAlt":"공포(호러)","repNationNm":"영국","repGenreNm":"공포(호러)","directors":[{"peopleNm":"벤 휘틀리"}],"companys":[]},{"movieCd":"20050355","movieNm":"음란서생","movieNmEn":"Forbidden Quest","prdtYear":"2006","openDt":"20060223","typeNm":"장편","prdtStatNm":"개봉","nationAlt":"한국","genreAlt":"사극,코미디","repNationNm":"한국","repGenreNm":"사극","directors":[{"peopleNm":"김대우"}],"companys":[{"companyCd":"20100362","companyNm":"(주)영화사비단길"}]}]}