{"totCnt":"95385","source":"영화진흥위원회","movieList":[{"movieCd":"20223838","movieNm":"음옥 병동","movieNmEn":"Hell Ward","prdtYear":"2006","openDt":"","typeNm":"장편","prdtStatNm":"기타","nationAlt":"일본","genreAlt":"성인물(에로),드라마,애니메이션","repNationNm":"일본","repGenreNm":"성인물(에로)","directors":[],"companys":[]},{"movieCd":"20212938","movieNm":"블루 델피니움 인 블루","movieNmEn":"Blue delphinium in Blue","prdtYear":"2021","openDt":"","typeNm":"단편","prdtStatNm":"기타","nationAlt":"한국","genreAlt":"기타","repNationNm":"한국","repGenreNm":"기타","directors":[{"peopleNm":"성경환"}],"companys":[{"companyCd":"20228869","companyNm":"필름 파스텔로그"}]},{"movieCd":"20223837","movieNm":"초롱 속에 갇힌 새","movieNmEn":"Bird Trapped In The Cage","prdtYear":"2021","openDt":"","typeNm":"단편","prdtStatNm":"기타","nationAlt":"한국","genreAlt":"다큐멘터리","repNationNm":"한국","repGenreNm":"다큐멘터리","directors":[],"companys":[]},{"movieCd":"20223836","movieNm":"글자 위를 걷다","movieNmEn":"Walking Through Words","prdtYear":"2021","openDt":"","typeNm":"단편","prdtStatNm":"기타","nationAlt":"한국","genreAlt":"기타","repNationNm":"한국","repGenreNm":"기타","directors":[],"companys":[]},{"movieCd":"20223853","movieNm":"여의도시범아파트-영등포 건축문화유산3","movieNmEn":"Yeouido Sibeom Apt. - Culture Heritage in Historical Architecture","prdtYear":"2021","openDt":"","typeNm":"단편","prdtStatNm":"기타","nationAlt":"한국","genreAlt":"다큐멘터리","repNationNm":"한국","repGenreNm":"다큐멘터리","directors":[],"companys":[]},{"movieCd":"20223852","movieNm":"0원 마켓","movieNmEn":"Zero Won Market","prdtYear":"2021","openDt":"","typeNm":"단편","prdtStatNm":"기타","nationAlt":"한국","genreAlt":"기타","repNationNm":"한국","repGenreNm":"기타","directors":[],"companys":[]},{"movieCd":"20223851","movieNm":"철, 인","movieNmEn":"The Iron Man","prdtYear":"2021","openDt":"","typeNm":"단편","prdtStatNm":"기타","nationAlt":"한국","genreAlt":"다큐멘터리","repNationNm":"한국","repGenreNm":"다큐멘터리","directors":[],"companys":[]},{"movieCd":"20223835","movieNm":"봄, 꽃길에 묻다","movieNmEn":"Questions on Cherry Blossom Road","prdtYear":"2021","openDt":"","typeNm":"단편","prdtStatNm":"기타","nationAlt":"한국","genreAlt":"다큐멘터리","repNationNm":"한국","repGenreNm":"다큐멘터리","directors":[{"peopleNm":"오동하"}],"companys":[]},{"movieCd":"20223671","movieNm":"영화학도의 주식 사용 설명서","movieNmEn":"How this student use stock investment","prdtYear":"2021","openDt":"","typeNm":"단편","prdtStatNm":"기타","nationAlt":"한국","genreAlt":"다큐멘터리","repNationNm":"한국","repGenreNm":"다큐멘터리","directors":[{"peopleNm":"박범진"}],"companys":[]},{"movieCd":"20223850","movieNm":"엄마의 김밥","movieNmEn":"Mom’s Gimbap","prdtYear":"2020","openDt":"","typeNm":"단편","prdtStatNm":"기타","nationAlt":"한국","genreAlt":"기타","repNationNm":"한국","repGenreNm":"기타","directors":[{"peopleNm":"김홍린"}],"companys":[]}]}