{"totCnt":"95385","source":"영화진흥위원회","movieList":[{"movieCd":"20223271","movieNm":"리디밍 러브","movieNmEn":"Redeeming Love","prdtYear":"2022","openDt":"20220323","typeNm":"장편","prdtStatNm":"개봉","nationAlt":"미국","genreAlt":"멜로/로맨스","repNationNm":"미국","repGenreNm":"멜로/로맨스","directors":[{"peopleNm":"D.J. 카루소"}],"companys":[]},{"movieCd":"20224259","movieNm":"세여자의 성감 클리닉","movieNmEn":"","prdtYear":"2020","openDt":"20220322","typeNm":"장편","prdtStatNm":"개봉","nationAlt":"일본","genreAlt":"성인물(에로),드라마,멜로/로맨스","repNationNm":"일본","repGenreNm":"성인물(에로)","directors":[{"peopleNm":"아베 신야"}],"companys":[]},{"movieCd":"20224283","movieNm":"새엄마의 떡정","movieNmEn":"","prdtYear":"2020","openDt":"20220322","typeNm":"장편","prdtStatNm":"개봉","nationAlt":"일본","genreAlt":"성인물(에로),드라마,멜로/로맨스","repNationNm":"일본","repGenreNm":"성인물(에로)","directors":[{"peopleNm":"히로아키"}],"companys":[]},{"movieCd":"20224280","movieNm":"미히나의 물터진 민박집","movieNmEn":"","prdtYear":"2020","openDt":"20220322","typeNm":"장편","prdtStatNm":"개봉","nationAlt":"일본","genreAlt":"성인물(에로),드라마,멜로/로맨스","repNationNm":"일본","repGenreNm":"성인물(에로)","directors":[{"peopleNm":"코메이"}],"companys":[]},{"movieCd":"20224282","movieNm":"대물 도련님 유혹하기","movieNmEn":"","prdtYear":"2020","openDt":"20220322","typeNm":"장편","prdtStatNm":"개봉","nationAlt":"일본","genreAlt":"성인물(에로),드라마,멜로/로맨스","repNationNm":"일본","repGenreNm":"성인물(에로)","directors":[{"peopleNm":"사쿠라비토"}],"companys":[]},{"movieCd":"20178610","movieNm":"어느 하녀의 일기","movieNmEn":"Diary of a Chambermaid","prdtYear":"1964","openDt":"","typeNm":"장편","prdtStatNm":"기타","nationAlt":"프랑스,이탈리아","genreAlt":"범죄,드라마","repNationNm":"프랑스","repGenreNm":"범죄","directors":[{"peopleNm":"루이스 브뉘엘"}],"companys":[]},{"movieCd":"20224324","movieNm":"어느 하녀의 일기","movieNmEn":"The Diary of a Chambermaid","prdtYear":"1946","openDt":"","typeNm":"장편","prdtStatNm":"기타","nationAlt":"미국","genreAlt":"드라마,멜로/로맨스","repNationNm":"미국","repGenreNm":"드라마","directors":[{"peopleNm":"장 르누아르"}],"companys":[]},{"movieCd":"20224332","movieNm":"진홍의 거리","movieNmEn":"Scarlet Street","prdtYear":"1945","openDt":"","typeNm":"장편","prdtStatNm":"기타","nationAlt":"미국","genreAlt":"드라마,스릴러","repNationNm":"미국","repGenreNm":"드라마","directors":[{"peopleNm":"프리츠 랑"}],"companys":[]},{"movieCd":"20179863","movieNm":"암캐","movieNmEn":"The Bitch","prdtYear":"1931","openDt":"","typeNm":"장편","prdtStatNm":"기타","nationAlt":"프랑스","genreAlt":"범죄,드라마","repNationNm":"프랑스","repGenreNm":"범죄","directors":[{"peopleNm":"장 르누아르"}],"companys":[]},{"movieCd":"20161713","movieNm":"메리 위도우","movieNmEn":"The Merry Widow","prdtYear":"1934","openDt":"","typeNm":"장편","prdtStatNm":"기타","nationAlt":"미국","genreAlt":"뮤지컬,코미디,멜로/로맨스","repNationNm":"미국","repGenreNm":"뮤지컬","directors":[{"peopleNm":"에른스트 루비치"}],"companys":[]}]}