{"totCnt":"95385","source":"영화진흥위원회","movieList":[{"movieCd":"20224635","movieNm":"특수부대 백호3","movieNmEn":"The Underground War","prdtYear":"2021","openDt":"","typeNm":"장편","prdtStatNm":"기타","nationAlt":"중국","genreAlt":"전쟁,액션","repNationNm":"중국","repGenreNm":"전쟁","directors":[],"companys":[]},{"movieCd":"19628002","movieNm":"맹진사댁 경사","movieNmEn":"A Happy Day of Jinsa Maeng","prdtYear":"1962","openDt":"","typeNm":"장편","prdtStatNm":"기타","nationAlt":"한국","genreAlt":"코미디","repNationNm":"한국","repGenreNm":"코미디","directors":[{"peopleNm":"이용민"}],"companys":[]},{"movieCd":"20224760","movieNm":"한밤중 은하수 푸른빛","movieNmEn":"Midnight in Galaxy","prdtYear":"2022","openDt":"","typeNm":"단편","prdtStatNm":"기타","nationAlt":"한국","genreAlt":"기타","repNationNm":"한국","repGenreNm":"기타","directors":[{"peopleNm":"신기헌"}],"companys":[]},{"movieCd":"20224724","movieNm":"입 속의 꽃잎","movieNmEn":"Une fleur a la bouche, A Flower in the Mouth","prdtYear":"2022","openDt":"","typeNm":"장편","prdtStatNm":"기타","nationAlt":"한국,독일,프랑스","genreAlt":"다큐멘터리","repNationNm":"한국","repGenreNm":"다큐멘터리","directors":[],"companys":[]},{"movieCd":"20224752","movieNm":"동생의 남자를 빼앗은 날-제부","movieNmEn":"","prdtYear":"2021","openDt":"","typeNm":"장편","prdtStatNm":"기타","nationAlt":"일본","genreAlt":"성인물(에로)","repNationNm":"일본","repGenreNm":"성인물(에로)","directors":[{"peopleNm":"코지마 유키오"}],"companys":[]},{"movieCd":"20224721","movieNm":"엄마친구의 폭포수 귀여운 녀석","movieNmEn":"","prdtYear":"2021","openDt":"","typeNm":"장편","prdtStatNm":"기타","nationAlt":"일본","genreAlt":"성인물(에로)","repNationNm":"일본","repGenreNm":"성인물(에로)","directors":[{"peopleNm":"코지마 유키오"}],"companys":[]},{"movieCd":"20224751","movieNm":"마지막 단 한번의 섹스","movieNmEn":"","prdtYear":"2021","openDt":"","typeNm":"장편","prdtStatNm":"기타","nationAlt":"일본","genreAlt":"성인물(에로)","repNationNm":"일본","repGenreNm":"성인물(에로)","directors":[{"peopleNm":"코지마 유키오"}],"companys":[]},{"movieCd":"20224750","movieNm":"란제리유부녀의 지스팟","movieNmEn":"","prdtYear":"2021","openDt":"","typeNm":"장편","prdtStatNm":"기타","nationAlt":"일본","genreAlt":"성인물(에로)","repNationNm":"일본","repGenreNm":"성인물(에로)","directors":[{"peopleNm":"코지마 유키오"}],"companys":[]},{"movieCd":"20224695","movieNm":"백야행","movieNmEn":"Into the White Night","prdtYear":"2010","openDt":"","typeNm":"장편","prdtStatNm":"기타","nationAlt":"일본","genreAlt":"드라마,스릴러,미스터리","repNationNm":"일본","repGenreNm":"드라마","directors":[{"peopleNm":"후카가와 요시히로"}],"companys":[]},{"movieCd":"20224435","movieNm":"한여름 땀으로 뒤범벅 농밀한 유부녀 무삭제판","movieNmEn":"","prdtYear":"2020","openDt":"","typeNm":"장편","prdtStatNm":"기타","nationAlt":"일본","genreAlt":"성인물(에로),드라마","repNationNm":"일본","repGenreNm":"성인물(에로)","directors":[{"peopleNm":"아사기리 키요시"}],"companys":[]}]}