{"totCnt":"95385","source":"영화진흥위원회","movieList":[{"movieCd":"20205261","movieNm":"나의 촛불","movieNmEn":"Candlelight Revolution","prdtYear":"2019","openDt":"20220210","typeNm":"장편","prdtStatNm":"개봉","nationAlt":"한국","genreAlt":"다큐멘터리","repNationNm":"한국","repGenreNm":"다큐멘터리","directors":[{"peopleNm":"김의성"},{"peopleNm":"주진우"}],"companys":[{"companyCd":"20228844","companyNm":"주기자 유한회사"}]},{"movieCd":"20080314","movieNm":"아비정전","movieNmEn":"Days Of Being Wild","prdtYear":"1990","openDt":"19901222","typeNm":"장편","prdtStatNm":"개봉","nationAlt":"홍콩","genreAlt":"멜로/로맨스,드라마","repNationNm":"홍콩","repGenreNm":"멜로/로맨스","directors":[{"peopleNm":"왕가위"}],"companys":[]},{"movieCd":"20197961","movieNm":"매미소리","movieNmEn":"CICADA","prdtYear":"2020","openDt":"20220224","typeNm":"장편","prdtStatNm":"개봉","nationAlt":"한국","genreAlt":"드라마,가족","repNationNm":"한국","repGenreNm":"드라마","directors":[{"peopleNm":"이충렬"}],"companys":[{"companyCd":"20157131","companyNm":"주식회사 자유로픽쳐스"}]},{"movieCd":"20216064","movieNm":"하늘의 푸르름을 아는 사람이여","movieNmEn":"Her Blue Sky","prdtYear":"2019","openDt":"20220316","typeNm":"장편","prdtStatNm":"개봉","nationAlt":"일본","genreAlt":"애니메이션,판타지,멜로/로맨스","repNationNm":"일본","repGenreNm":"애니메이션","directors":[{"peopleNm":"나가이 타츠유키"}],"companys":[]},{"movieCd":"20196569","movieNm":"신마적: 독불장군 엄동욱","movieNmEn":"Wild Age","prdtYear":"2019","openDt":"","typeNm":"장편","prdtStatNm":"기타","nationAlt":"한국","genreAlt":"액션","repNationNm":"한국","repGenreNm":"액션","directors":[{"peopleNm":"마성지"}],"companys":[{"companyCd":"20141397","companyNm":"영화사 인연"}]},{"movieCd":"20223676","movieNm":"문폴","movieNmEn":"Moonfall","prdtYear":"2022","openDt":"20220316","typeNm":"장편","prdtStatNm":"개봉","nationAlt":"미국","genreAlt":"액션,드라마,스릴러,SF,어드벤처","repNationNm":"미국","repGenreNm":"액션","directors":[{"peopleNm":"롤랜드 에머리히"}],"companys":[]},{"movieCd":"20223950","movieNm":"메리 미","movieNmEn":"Marry Me","prdtYear":"2021","openDt":"20220316","typeNm":"장편","prdtStatNm":"개봉","nationAlt":"미국","genreAlt":"멜로/로맨스,코미디","repNationNm":"미국","repGenreNm":"멜로/로맨스","directors":[{"peopleNm":"캣 코이로"}],"companys":[]},{"movieCd":"20223397","movieNm":"도어맨","movieNmEn":"The Doorman","prdtYear":"2020","openDt":"20220316","typeNm":"장편","prdtStatNm":"개봉","nationAlt":"미국","genreAlt":"액션","repNationNm":"미국","repGenreNm":"액션","directors":[{"peopleNm":"기타무라 류헤이"}],"companys":[]},{"movieCd":"20224096","movieNm":"라이즈 오브 더 풋솔져: 오리진스","movieNmEn":"Rise of the Footsoldier: Origins","prdtYear":"2021","openDt":"","typeNm":"장편","prdtStatNm":"기타","nationAlt":"영국","genreAlt":"액션,범죄,드라마","repNationNm":"영국","repGenreNm":"액션","directors":[],"companys":[]},{"movieCd":"20212553","movieNm":"두 여자","movieNmEn":"Two Women","prdtYear":"2021","openDt":"","typeNm":"장편","prdtStatNm":"기타","nationAlt":"한국","genreAlt":"드라마","repNationNm":"한국","repGenreNm":"드라마","directors":[{"peopleNm":"허태인"}],"companys":[]}]}