{"totCnt":"95385","source":"영화진흥위원회","movieList":[{"movieCd":"20223543","movieNm":"다섯커플의 결혼해 말어","movieNmEn":"","prdtYear":"2021","openDt":"20220211","typeNm":"장편","prdtStatNm":"개봉","nationAlt":"한국","genreAlt":"성인물(에로)","repNationNm":"한국","repGenreNm":"성인물(에로)","directors":[{"peopleNm":"김규태"}],"companys":[{"companyCd":"20199962","companyNm":"(주)담화"}]},{"movieCd":"20223390","movieNm":"칼의 전쟁","movieNmEn":"","prdtYear":"2017","openDt":"20220210","typeNm":"장편","prdtStatNm":"개봉","nationAlt":"중국","genreAlt":"액션","repNationNm":"중국","repGenreNm":"액션","directors":[],"companys":[]},{"movieCd":"20223772","movieNm":"숙모 무삭제판","movieNmEn":"","prdtYear":"2021","openDt":"20220208","typeNm":"장편","prdtStatNm":"개봉","nationAlt":"한국","genreAlt":"성인물(에로),드라마,멜로/로맨스","repNationNm":"한국","repGenreNm":"성인물(에로)","directors":[{"peopleNm":"이상수"}],"companys":[{"companyCd":"20161342","companyNm":"선셋 시네마"}]},{"movieCd":"20223267","movieNm":"섹스웨더","movieNmEn":"Sex Weather","prdtYear":"2018","openDt":"20220207","typeNm":"장편","prdtStatNm":"개봉","nationAlt":"남아프리카공화국","genreAlt":"멜로/로맨스","repNationNm":"남아프리카공화국","repGenreNm":"멜로/로맨스","directors":[],"companys":[]},{"movieCd":"20124255","movieNm":"카잭","movieNmEn":"Carjacked","prdtYear":"2011","openDt":"20220203","typeNm":"장편","prdtStatNm":"개봉","nationAlt":"미국","genreAlt":"스릴러,드라마","repNationNm":"미국","repGenreNm":"스릴러","directors":[{"peopleNm":"존 보니토"}],"companys":[]},{"movieCd":"20211082","movieNm":"크리미널 카운트다운","movieNmEn":"Criminal Countdown","prdtYear":"2019","openDt":"20220202","typeNm":"장편","prdtStatNm":"개봉","nationAlt":"독일","genreAlt":"스릴러,범죄,액션","repNationNm":"독일","repGenreNm":"스릴러","directors":[],"companys":[]},{"movieCd":"20223768","movieNm":"음란간호:끈적이는 손장난","movieNmEn":"","prdtYear":"2020","openDt":"20220205","typeNm":"장편","prdtStatNm":"개봉","nationAlt":"일본","genreAlt":"성인물(에로),드라마,멜로/로맨스","repNationNm":"일본","repGenreNm":"성인물(에로)","directors":[{"peopleNm":"타나카 스나오"}],"companys":[]},{"movieCd":"20223796","movieNm":"새엄마의 속살","movieNmEn":"","prdtYear":"2020","openDt":"20220205","typeNm":"장편","prdtStatNm":"개봉","nationAlt":"일본","genreAlt":"성인물(에로),드라마,멜로/로맨스","repNationNm":"일본","repGenreNm":"성인물(에로)","directors":[{"peopleNm":"나카노 야요이"}],"companys":[]},{"movieCd":"20223191","movieNm":"모텔방에서 사는 여자","movieNmEn":"","prdtYear":"2021","openDt":"20220204","typeNm":"장편","prdtStatNm":"개봉","nationAlt":"한국","genreAlt":"성인물(에로),드라마,멜로/로맨스","repNationNm":"한국","repGenreNm":"성인물(에로)","directors":[{"peopleNm":"이타치"}],"companys":[{"companyCd":"20114899","companyNm":"(주)영진크리에이티브"}]},{"movieCd":"20218199","movieNm":"약속","movieNmEn":"Promise","prdtYear":"2021","openDt":"","typeNm":"장편","prdtStatNm":"기타","nationAlt":"한국","genreAlt":"드라마","repNationNm":"한국","repGenreNm":"드라마","directors":[{"peopleNm":"박용철"}],"companys":[{"companyCd":"20154728","companyNm":"주식회사 씨엠닉스"}]}]}