{"totCnt":"95385","source":"영화진흥위원회","movieList":[{"movieCd":"20212382","movieNm":"갑자기 분위기 스바시바","movieNmEn":"","prdtYear":"2021","openDt":"","typeNm":"단편","prdtStatNm":"기타","nationAlt":"한국","genreAlt":"기타","repNationNm":"한국","repGenreNm":"기타","directors":[{"peopleNm":"김지연"}],"companys":[]},{"movieCd":"20225894","movieNm":"뉴 노멀","movieNmEn":"NEW NORMAL","prdtYear":"2022","openDt":"","typeNm":"장편","prdtStatNm":"기타","nationAlt":"한국","genreAlt":"스릴러,코미디","repNationNm":"한국","repGenreNm":"스릴러","directors":[{"peopleNm":"정범식"}],"companys":[]},{"movieCd":"20230843","movieNm":"잘 진행되고 있습니다..","movieNmEn":"Going Well..","prdtYear":"2021","openDt":"","typeNm":"단편","prdtStatNm":"기타","nationAlt":"한국","genreAlt":"애니메이션","repNationNm":"한국","repGenreNm":"애니메이션","directors":[{"peopleNm":"이혜정"}],"companys":[]},{"movieCd":"20230842","movieNm":"우리와 상관없이","movieNmEn":"Regardless of Us","prdtYear":"2023","openDt":"","typeNm":"장편","prdtStatNm":"개봉준비","nationAlt":"한국","genreAlt":"","repNationNm":"한국","repGenreNm":"","directors":[{"peopleNm":"유형준"}],"companys":[]},{"movieCd":"20230765","movieNm":"쏜애플 불구경 2022 라이브 콘서트 필름","movieNmEn":"THORNAPPLE 불구경 2022 LIVE CONCERT","prdtYear":"2023","openDt":"20230308","typeNm":"장편","prdtStatNm":"개봉","nationAlt":"한국","genreAlt":"공연","repNationNm":"한국","repGenreNm":"공연","directors":[{"peopleNm":"금강산"}],"companys":[{"companyCd":"20063188","companyNm":"씨제이 씨지브이(CJ CGV)(주)"}]},{"movieCd":"2023C922","movieNm":"길복순","movieNmEn":"Kill Boksoon","prdtYear":"2023","openDt":"","typeNm":"장편","prdtStatNm":"기타","nationAlt":"한국","genreAlt":"액션","repNationNm":"한국","repGenreNm":"액션","directors":[{"peopleNm":"변성현"}],"companys":[{"companyCd":"20188261","companyNm":"(주)씨앗필름"}]},{"movieCd":"20230861","movieNm":"밤 산책 ","movieNmEn":"","prdtYear":"2023","openDt":"","typeNm":"장편","prdtStatNm":"개봉준비","nationAlt":"한국","genreAlt":"","repNationNm":"한국","repGenreNm":"","directors":[{"peopleNm":"손구용"}],"companys":[]},{"movieCd":"20230841","movieNm":"딜러버리 댄서의 구","movieNmEn":"","prdtYear":"2023","openDt":"","typeNm":"단편","prdtStatNm":"기타","nationAlt":"한국","genreAlt":"드라마","repNationNm":"한국","repGenreNm":"드라마","directors":[{"peopleNm":"김아영"}],"companys":[{"companyCd":"20190841","companyNm":"시소픽쳐스"}]},{"movieCd":"20229175","movieNm":"은밀한 비밀","movieNmEn":"The Key -Professor's Pleasure","prdtYear":"2022","openDt":"","typeNm":"장편","prdtStatNm":"기타","nationAlt":"일본","genreAlt":"드라마","repNationNm":"일본","repGenreNm":"드라마","directors":[{"peopleNm":"이노우에 히로키"}],"companys":[]},{"movieCd":"20230762","movieNm":"세비야의 이발사","movieNmEn":"The Barber of Seville","prdtYear":"2023","openDt":"","typeNm":"장편","prdtStatNm":"기타","nationAlt":"영국","genreAlt":"공연","repNationNm":"영국","repGenreNm":"공연","directors":[],"companys":[]}]}