{"totCnt":"95385","source":"영화진흥위원회","movieList":[{"movieCd":"20210854","movieNm":"BIAF2021 특별전 - KAFA 단편선","movieNmEn":"","prdtYear":"2021","openDt":"","typeNm":"옴니버스","prdtStatNm":"기타","nationAlt":"한국","genreAlt":"애니메이션","repNationNm":"한국","repGenreNm":"애니메이션","directors":[],"companys":[]},{"movieCd":"20210881","movieNm":"BIAF2021 한국 단편 경쟁 A","movieNmEn":"","prdtYear":"2021","openDt":"","typeNm":"옴니버스","prdtStatNm":"기타","nationAlt":"한국","genreAlt":"애니메이션","repNationNm":"한국","repGenreNm":"애니메이션","directors":[],"companys":[]},{"movieCd":"20210880","movieNm":"BIAF2021 국제경쟁 TV&커미션드","movieNmEn":"","prdtYear":"2021","openDt":"","typeNm":"옴니버스","prdtStatNm":"기타","nationAlt":"기타","genreAlt":"애니메이션","repNationNm":"기타","repGenreNm":"애니메이션","directors":[],"companys":[]},{"movieCd":"20210852","movieNm":"BIAF2021 국제경쟁 학생","movieNmEn":"","prdtYear":"2021","openDt":"","typeNm":"옴니버스","prdtStatNm":"기타","nationAlt":"기타","genreAlt":"애니메이션","repNationNm":"기타","repGenreNm":"애니메이션","directors":[],"companys":[]},{"movieCd":"20210879","movieNm":"BIAF2021 국제경쟁 단편 E","movieNmEn":"","prdtYear":"2021","openDt":"","typeNm":"옴니버스","prdtStatNm":"기타","nationAlt":"기타","genreAlt":"애니메이션","repNationNm":"기타","repGenreNm":"애니메이션","directors":[],"companys":[]},{"movieCd":"20210878","movieNm":"BIAF2021 국제경쟁 단편 D","movieNmEn":"","prdtYear":"2021","openDt":"","typeNm":"옴니버스","prdtStatNm":"기타","nationAlt":"기타","genreAlt":"애니메이션","repNationNm":"기타","repGenreNm":"애니메이션","directors":[],"companys":[]},{"movieCd":"20210877","movieNm":"BIAF2021 국제경쟁 단편 C","movieNmEn":"","prdtYear":"2021","openDt":"","typeNm":"옴니버스","prdtStatNm":"기타","nationAlt":"기타","genreAlt":"애니메이션","repNationNm":"기타","repGenreNm":"애니메이션","directors":[],"companys":[]},{"movieCd":"20210851","movieNm":"BIAF2021 국제경쟁 단편 B","movieNmEn":"","prdtYear":"2021","openDt":"","typeNm":"옴니버스","prdtStatNm":"기타","nationAlt":"기타","genreAlt":"애니메이션","repNationNm":"기타","repGenreNm":"애니메이션","directors":[],"companys":[]},{"movieCd":"20210876","movieNm":"BIAF2021 국제경쟁 단편 A","movieNmEn":"","prdtYear":"2021","openDt":"","typeNm":"옴니버스","prdtStatNm":"기타","nationAlt":"기타","genreAlt":"애니메이션","repNationNm":"기타","repGenreNm":"애니메이션","directors":[],"companys":[]},{"movieCd":"20163058","movieNm":"아브릴과 조작된 세계","movieNmEn":"April and the Extraordinary World","prdtYear":"2015","openDt":"20161215","typeNm":"장편","prdtStatNm":"개봉","nationAlt":"프랑스,벨기에,캐나다","genreAlt":"애니메이션,어드벤처,코미디","repNationNm":"프랑스","repGenreNm":"애니메이션","directors":[{"peopleNm":"크리스티앙 데마르"},{"peopleNm":"프랑크 에킨시"}],"companys":[]}]}