{"totCnt":"95385","source":"영화진흥위원회","movieList":[{"movieCd":"19658023","movieNm":"바람 속의 질주","movieNmEn":"Ride in the Whirlwind","prdtYear":"1966","openDt":"","typeNm":"장편","prdtStatNm":"기타","nationAlt":"미국","genreAlt":"서부극(웨스턴)","repNationNm":"미국","repGenreNm":"서부극(웨스턴)","directors":[{"peopleNm":"몬테 헬만"}],"companys":[]},{"movieCd":"20211401","movieNm":"복수의 총성","movieNmEn":"The Shooting","prdtYear":"1966","openDt":"","typeNm":"장편","prdtStatNm":"기타","nationAlt":"미국","genreAlt":"서부극(웨스턴)","repNationNm":"미국","repGenreNm":"서부극(웨스턴)","directors":[{"peopleNm":"몬테 헬만"}],"companys":[]},{"movieCd":"20211397","movieNm":"지옥행 비밀 지령","movieNmEn":"Back Door to Hell","prdtYear":"1964","openDt":"","typeNm":"장편","prdtStatNm":"기타","nationAlt":"필리핀,미국","genreAlt":"전쟁,드라마","repNationNm":"필리핀","repGenreNm":"전쟁","directors":[{"peopleNm":"몬테 헬만"}],"companys":[]},{"movieCd":"20211380","movieNm":"지하 광산의 괴물","movieNmEn":"Beast from Haunted Cave","prdtYear":"1959","openDt":"","typeNm":"장편","prdtStatNm":"기타","nationAlt":"미국","genreAlt":"범죄,공포(호러),스릴러","repNationNm":"미국","repGenreNm":"범죄","directors":[{"peopleNm":"몬테 헬만"}],"companys":[]},{"movieCd":"20211396","movieNm":"12월 수요단편극장: 레디-액션! 판타스틱, 이기혁 감독전","movieNmEn":"","prdtYear":"2021","openDt":"","typeNm":"옴니버스","prdtStatNm":"기타","nationAlt":"한국","genreAlt":"기타","repNationNm":"한국","repGenreNm":"기타","directors":[],"companys":[]},{"movieCd":"20211379","movieNm":"장미","movieNmEn":"JANGMI","prdtYear":"2021","openDt":"","typeNm":"단편","prdtStatNm":"기타","nationAlt":"한국","genreAlt":"기타","repNationNm":"한국","repGenreNm":"기타","directors":[{"peopleNm":"이기혁"}],"companys":[]},{"movieCd":"20211378","movieNm":"11월 수요단편극장: 웜(warm)-메이드, 또똣한 단편전","movieNmEn":"","prdtYear":"2021","openDt":"","typeNm":"옴니버스","prdtStatNm":"기타","nationAlt":"한국","genreAlt":"기타","repNationNm":"한국","repGenreNm":"기타","directors":[],"companys":[]},{"movieCd":"20208351","movieNm":"대청소","movieNmEn":"Cleaning","prdtYear":"2020","openDt":"","typeNm":"단편","prdtStatNm":"기타","nationAlt":"한국","genreAlt":"드라마","repNationNm":"한국","repGenreNm":"드라마","directors":[{"peopleNm":"백시원"}],"companys":[]},{"movieCd":"20199928","movieNm":"소방관 이상국","movieNmEn":"Walking on Empty","prdtYear":"2019","openDt":"","typeNm":"단편","prdtStatNm":"기타","nationAlt":"한국","genreAlt":"드라마","repNationNm":"한국","repGenreNm":"드라마","directors":[{"peopleNm":"이상혁"}],"companys":[]},{"movieCd":"20211377","movieNm":"오래된 편지","movieNmEn":"Old Letter","prdtYear":"2020","openDt":"","typeNm":"단편","prdtStatNm":"기타","nationAlt":"한국","genreAlt":"기타","repNationNm":"한국","repGenreNm":"기타","directors":[{"peopleNm":"박재윤"}],"companys":[]}]}