{"totCnt":"95385","source":"영화진흥위원회","movieList":[{"movieCd":"20211794","movieNm":"넘치는 육즙 가거라 타이거","movieNmEn":"","prdtYear":"2020","openDt":"","typeNm":"장편","prdtStatNm":"기타","nationAlt":"일본","genreAlt":"성인물(에로)","repNationNm":"일본","repGenreNm":"성인물(에로)","directors":[],"companys":[]},{"movieCd":"20223755","movieNm":"분리수거일","movieNmEn":"Recycling Day","prdtYear":"2021","openDt":"","typeNm":"단편","prdtStatNm":"기타","nationAlt":"한국","genreAlt":"기타","repNationNm":"한국","repGenreNm":"기타","directors":[{"peopleNm":"손현록"}],"companys":[]},{"movieCd":"20223754","movieNm":"피크닉","movieNmEn":"Picnic19","prdtYear":"2021","openDt":"","typeNm":"단편","prdtStatNm":"기타","nationAlt":"한국","genreAlt":"기타","repNationNm":"한국","repGenreNm":"기타","directors":[],"companys":[]},{"movieCd":"20223753","movieNm":"보통 사람","movieNmEn":"Ordinary Person","prdtYear":"2021","openDt":"","typeNm":"단편","prdtStatNm":"기타","nationAlt":"한국","genreAlt":"기타","repNationNm":"한국","repGenreNm":"기타","directors":[],"companys":[]},{"movieCd":"20191282","movieNm":"소설가 구보의 하루","movieNmEn":"Sisyphus's vacation","prdtYear":"2020","openDt":"20211209","typeNm":"장편","prdtStatNm":"개봉","nationAlt":"한국","genreAlt":"드라마","repNationNm":"한국","repGenreNm":"드라마","directors":[{"peopleNm":"임현묵"}],"companys":[{"companyCd":"20157296","companyNm":"영화사 다동극장"}]},{"movieCd":"20195959","movieNm":"사막을 건너 호수를 지나","movieNmEn":"Let's Peace!","prdtYear":"2019","openDt":"20211230","typeNm":"장편","prdtStatNm":"개봉","nationAlt":"한국","genreAlt":"다큐멘터리","repNationNm":"한국","repGenreNm":"다큐멘터리","directors":[{"peopleNm":"박소현"},{"peopleNm":"송영윤"}],"companys":[{"companyCd":"20218681","companyNm":"보리와 메루"}]},{"movieCd":"20223752","movieNm":"KARMA_UP(業)","movieNmEn":"KARMA_UP(業)","prdtYear":"2021","openDt":"","typeNm":"단편","prdtStatNm":"기타","nationAlt":"한국","genreAlt":"애니메이션","repNationNm":"한국","repGenreNm":"애니메이션","directors":[],"companys":[]},{"movieCd":"20217807","movieNm":"해피 뉴 이어","movieNmEn":"A YEAR-END MEDLEY","prdtYear":"2021","openDt":"20211229","typeNm":"장편","prdtStatNm":"개봉","nationAlt":"한국","genreAlt":"멜로/로맨스,드라마","repNationNm":"한국","repGenreNm":"멜로/로맨스","directors":[{"peopleNm":"곽재용"}],"companys":[{"companyCd":"2016841","companyNm":"(주)하이브미디어코프"}]},{"movieCd":"20223741","movieNm":"인에비터블","movieNmEn":"Inevitable","prdtYear":"2020","openDt":"","typeNm":"단편","prdtStatNm":"기타","nationAlt":"한국","genreAlt":"기타","repNationNm":"한국","repGenreNm":"기타","directors":[],"companys":[]},{"movieCd":"20200864","movieNm":"메소드연기","movieNmEn":"Method Acting","prdtYear":"2020","openDt":"","typeNm":"단편","prdtStatNm":"기타","nationAlt":"한국","genreAlt":"코미디","repNationNm":"한국","repGenreNm":"코미디","directors":[{"peopleNm":"이기혁"}],"companys":[]}]}