{"totCnt":"95385","source":"영화진흥위원회","movieList":[{"movieCd":"20230805","movieNm":"겨울손","movieNmEn":"Winter","prdtYear":"2017","openDt":"","typeNm":"단편","prdtStatNm":"기타","nationAlt":"한국","genreAlt":"드라마","repNationNm":"한국","repGenreNm":"드라마","directors":[{"peopleNm":"김서현"}],"companys":[]},{"movieCd":"20227170","movieNm":"언니를 기억해","movieNmEn":"Remember Our Sister","prdtYear":"2022","openDt":"","typeNm":"단편","prdtStatNm":"기타","nationAlt":"한국","genreAlt":"뮤지컬","repNationNm":"한국","repGenreNm":"뮤지컬","directors":[{"peopleNm":"조하영"}],"companys":[]},{"movieCd":"20228231","movieNm":"관계의 일변","movieNmEn":"a side of a relationship","prdtYear":"2022","openDt":"20230201","typeNm":"장편","prdtStatNm":"개봉","nationAlt":"한국","genreAlt":"드라마","repNationNm":"한국","repGenreNm":"드라마","directors":[{"peopleNm":"김기림"}],"companys":[{"companyCd":"20154728","companyNm":"주식회사 씨엠닉스"}]},{"movieCd":"2023C821","movieNm":"손오공: 광음지력","movieNmEn":"The Macaque Monkey","prdtYear":"2021","openDt":"","typeNm":"온라인전용","prdtStatNm":"기타","nationAlt":"중국","genreAlt":"액션,판타지","repNationNm":"중국","repGenreNm":"액션","directors":[{"peopleNm":"종지행"}],"companys":[]},{"movieCd":"20230779","movieNm":"피넛팩토리","movieNmEn":"Peanut Factory","prdtYear":"2021","openDt":"","typeNm":"단편","prdtStatNm":"기타","nationAlt":"한국","genreAlt":"애니메이션","repNationNm":"한국","repGenreNm":"애니메이션","directors":[{"peopleNm":"김성민"}],"companys":[]},{"movieCd":"20230803","movieNm":"미확인","movieNmEn":"Unidentified","prdtYear":"2022","openDt":"","typeNm":"장편","prdtStatNm":"개봉준비","nationAlt":"한국","genreAlt":"드라마,SF","repNationNm":"한국","repGenreNm":"드라마","directors":[{"peopleNm":"전주영"}],"companys":[]},{"movieCd":"20216573","movieNm":"고잉홈","movieNmEn":"Going Home","prdtYear":"2021","openDt":"","typeNm":"단편","prdtStatNm":"기타","nationAlt":"한국","genreAlt":"드라마","repNationNm":"한국","repGenreNm":"드라마","directors":[{"peopleNm":"윤지용"}],"companys":[]},{"movieCd":"20230801","movieNm":"악어가 쿵, 작은 새가 포르르","movieNmEn":"Koong! Flap Flap!","prdtYear":"2013","openDt":"","typeNm":"단편","prdtStatNm":"기타","nationAlt":"한국","genreAlt":"애니메이션","repNationNm":"한국","repGenreNm":"애니메이션","directors":[{"peopleNm":"민성아"}],"companys":[]},{"movieCd":"2023C787","movieNm":"구미호: 기혼록의 전설","movieNmEn":"Nine Braid Fox","prdtYear":"2021","openDt":"","typeNm":"온라인전용","prdtStatNm":"기타","nationAlt":"중국","genreAlt":"액션,드라마","repNationNm":"중국","repGenreNm":"액션","directors":[],"companys":[]},{"movieCd":"20230183","movieNm":"처음 본 여자와의 맛있는 섹스","movieNmEn":"","prdtYear":"2022","openDt":"","typeNm":"장편","prdtStatNm":"기타","nationAlt":"한국","genreAlt":"성인물(에로)","repNationNm":"한국","repGenreNm":"성인물(에로)","directors":[{"peopleNm":"남지은"}],"companys":[{"companyCd":"20217881","companyNm":"(주)샤이커뮤니케이션즈"}]}]}