{"totCnt":"95385","source":"영화진흥위원회","movieList":[{"movieCd":"20200863","movieNm":"Ok, 탑스타","movieNmEn":"Roof-top Star","prdtYear":"2019","openDt":"","typeNm":"단편","prdtStatNm":"기타","nationAlt":"한국","genreAlt":"코미디","repNationNm":"한국","repGenreNm":"코미디","directors":[{"peopleNm":"이건휘"}],"companys":[]},{"movieCd":"20210666","movieNm":"원 세컨드","movieNmEn":"One Second","prdtYear":"2020","openDt":"20220127","typeNm":"장편","prdtStatNm":"개봉","nationAlt":"중국","genreAlt":"드라마","repNationNm":"중국","repGenreNm":"드라마","directors":[{"peopleNm":"장예모"}],"companys":[]},{"movieCd":"20223121","movieNm":"싱어송","movieNmEn":"Sing a Song","prdtYear":"2021","openDt":"","typeNm":"장편","prdtStatNm":"기타","nationAlt":"한국","genreAlt":"드라마","repNationNm":"한국","repGenreNm":"드라마","directors":[{"peopleNm":"나오헌"}],"companys":[]},{"movieCd":"20212265","movieNm":"미결처리반 Q: 침묵의 암살자","movieNmEn":"The Marco Effect","prdtYear":"2021","openDt":"20220127","typeNm":"장편","prdtStatNm":"개봉","nationAlt":"덴마크,독일,체코","genreAlt":"범죄,스릴러","repNationNm":"덴마크","repGenreNm":"범죄","directors":[{"peopleNm":"마틴 잔드블리엣"}],"companys":[]},{"movieCd":"20212134","movieNm":"극장판 천재 추리 탐정 셜록홈즈","movieNmEn":"Sherlock Holmes & the Great Escape","prdtYear":"2019","openDt":"20220127","typeNm":"장편","prdtStatNm":"개봉","nationAlt":"홍콩","genreAlt":"애니메이션","repNationNm":"홍콩","repGenreNm":"애니메이션","directors":[],"companys":[]},{"movieCd":"20211996","movieNm":"치한적 새엄마의 몰입섹스","movieNmEn":"","prdtYear":"2020","openDt":"","typeNm":"장편","prdtStatNm":"기타","nationAlt":"일본","genreAlt":"성인물(에로)","repNationNm":"일본","repGenreNm":"성인물(에로)","directors":[{"peopleNm":"코지마 유키오"}],"companys":[]},{"movieCd":"20212003","movieNm":"초절정 마성의 폭유 새엄마","movieNmEn":"","prdtYear":"2020","openDt":"","typeNm":"장편","prdtStatNm":"기타","nationAlt":"일본","genreAlt":"성인물(에로)","repNationNm":"일본","repGenreNm":"성인물(에로)","directors":[{"peopleNm":"코지마 유키오"}],"companys":[]},{"movieCd":"20211999","movieNm":"조여주는 맛을 조교당한 간호사","movieNmEn":"","prdtYear":"2020","openDt":"","typeNm":"장편","prdtStatNm":"기타","nationAlt":"일본","genreAlt":"성인물(에로)","repNationNm":"일본","repGenreNm":"성인물(에로)","directors":[{"peopleNm":"코지마 유키오"}],"companys":[]},{"movieCd":"20211807","movieNm":"자매 사건부 다 보인 섹스","movieNmEn":"","prdtYear":"2020","openDt":"","typeNm":"장편","prdtStatNm":"기타","nationAlt":"일본","genreAlt":"성인물(에로)","repNationNm":"일본","repGenreNm":"성인물(에로)","directors":[{"peopleNm":"요시유키 유미"}],"companys":[]},{"movieCd":"20211810","movieNm":"일년만에 폭풍섹스 새엄마","movieNmEn":"","prdtYear":"2020","openDt":"","typeNm":"장편","prdtStatNm":"기타","nationAlt":"일본","genreAlt":"성인물(에로)","repNationNm":"일본","repGenreNm":"성인물(에로)","directors":[{"peopleNm":"코지마 유키오"}],"companys":[]}]}