{"totCnt":"95385","source":"영화진흥위원회","movieList":[{"movieCd":"20224067","movieNm":"오버테이크","movieNmEn":"Overtake","prdtYear":"2021","openDt":"","typeNm":"단편","prdtStatNm":"기타","nationAlt":"한국","genreAlt":"기타","repNationNm":"한국","repGenreNm":"기타","directors":[],"companys":[]},{"movieCd":"20224066","movieNm":"닥터 데스","movieNmEn":" Incision","prdtYear":"2020","openDt":"","typeNm":"장편","prdtStatNm":"기타","nationAlt":"미국","genreAlt":"공포(호러)","repNationNm":"미국","repGenreNm":"공포(호러)","directors":[{"peopleNm":"알리 자마니 에스마티"}],"companys":[]},{"movieCd":"20223329","movieNm":"짬뽕비권","movieNmEn":"","prdtYear":"2021","openDt":"20220202","typeNm":"장편","prdtStatNm":"개봉","nationAlt":"한국","genreAlt":"액션,코미디","repNationNm":"한국","repGenreNm":"액션","directors":[{"peopleNm":"박동기"}],"companys":[{"companyCd":"20228843","companyNm":"클라임 매니지먼트 주식회사"}]},{"movieCd":"20223988","movieNm":"거침없는 섹스남매","movieNmEn":"","prdtYear":"2021","openDt":"20220224","typeNm":"장편","prdtStatNm":"개봉","nationAlt":"일본","genreAlt":"성인물(에로),멜로/로맨스","repNationNm":"일본","repGenreNm":"성인물(에로)","directors":[],"companys":[]},{"movieCd":"20224062","movieNm":"한예종 섹션24","movieNmEn":"","prdtYear":"","openDt":"","typeNm":"옴니버스","prdtStatNm":"기타","nationAlt":"","genreAlt":"","repNationNm":"","repGenreNm":"","directors":[],"companys":[]},{"movieCd":"20224061","movieNm":"한예종 섹션23","movieNmEn":"","prdtYear":"","openDt":"","typeNm":"옴니버스","prdtStatNm":"기타","nationAlt":"","genreAlt":"","repNationNm":"","repGenreNm":"","directors":[],"companys":[]},{"movieCd":"20224060","movieNm":"한예종 섹션22","movieNmEn":"","prdtYear":"","openDt":"","typeNm":"옴니버스","prdtStatNm":"기타","nationAlt":"","genreAlt":"","repNationNm":"","repGenreNm":"","directors":[],"companys":[]},{"movieCd":"20224059","movieNm":"한예종 섹션21","movieNmEn":"","prdtYear":"","openDt":"","typeNm":"옴니버스","prdtStatNm":"기타","nationAlt":"","genreAlt":"","repNationNm":"","repGenreNm":"","directors":[],"companys":[]},{"movieCd":"20224049","movieNm":"한예종 섹션20","movieNmEn":"","prdtYear":"","openDt":"","typeNm":"옴니버스","prdtStatNm":"기타","nationAlt":"","genreAlt":"","repNationNm":"","repGenreNm":"","directors":[],"companys":[]},{"movieCd":"20224048","movieNm":"한예종 섹션19","movieNmEn":"","prdtYear":"","openDt":"","typeNm":"옴니버스","prdtStatNm":"기타","nationAlt":"","genreAlt":"","repNationNm":"","repGenreNm":"","directors":[],"companys":[]}]}