{"totCnt":"95385","source":"영화진흥위원회","movieList":[{"movieCd":"20212707","movieNm":"애쉬 래드 2: 황금성을 찾아서","movieNmEn":"The Ash Lad: In Search of the Golden Castle","prdtYear":"2019","openDt":"","typeNm":"장편","prdtStatNm":"기타","nationAlt":"노르웨이","genreAlt":"어드벤처,판타지,가족","repNationNm":"노르웨이","repGenreNm":"어드벤처","directors":[],"companys":[]},{"movieCd":"20194403","movieNm":"킹스맨: 퍼스트 에이전트","movieNmEn":"The King's Man","prdtYear":"2020","openDt":"20211222","typeNm":"장편","prdtStatNm":"개봉","nationAlt":"미국","genreAlt":"액션","repNationNm":"미국","repGenreNm":"액션","directors":[{"peopleNm":"매튜 본"}],"companys":[]},{"movieCd":"20212784","movieNm":"무흘골","movieNmEn":"Purgatorea","prdtYear":"2021","openDt":"","typeNm":"단편","prdtStatNm":"기타","nationAlt":"한국","genreAlt":"공포(호러),스릴러,범죄","repNationNm":"한국","repGenreNm":"공포(호러)","directors":[{"peopleNm":"이영석"}],"companys":[]},{"movieCd":"20212674","movieNm":"참을 수 없는 형수의 맛","movieNmEn":"","prdtYear":"2020","openDt":"20211221","typeNm":"장편","prdtStatNm":"개봉","nationAlt":"일본","genreAlt":"드라마","repNationNm":"일본","repGenreNm":"드라마","directors":[],"companys":[]},{"movieCd":"20212149","movieNm":"유부녀의 야한 장난","movieNmEn":"","prdtYear":"2021","openDt":"20211221","typeNm":"장편","prdtStatNm":"개봉","nationAlt":"한국","genreAlt":"성인물(에로)","repNationNm":"한국","repGenreNm":"성인물(에로)","directors":[{"peopleNm":"강현성"}],"companys":[{"companyCd":"20217881","companyNm":"(주)샤이커뮤니케이션즈"}]},{"movieCd":"20212161","movieNm":"신음하는 아내","movieNmEn":"","prdtYear":"2021","openDt":"20211221","typeNm":"장편","prdtStatNm":"개봉","nationAlt":"한국","genreAlt":"성인물(에로)","repNationNm":"한국","repGenreNm":"성인물(에로)","directors":[{"peopleNm":"강현성"}],"companys":[{"companyCd":"20217881","companyNm":"(주)샤이커뮤니케이션즈"}]},{"movieCd":"20212673","movieNm":"물오른 폭유 음란 제수씨","movieNmEn":"","prdtYear":"2020","openDt":"20211221","typeNm":"장편","prdtStatNm":"개봉","nationAlt":"일본","genreAlt":"드라마","repNationNm":"일본","repGenreNm":"드라마","directors":[],"companys":[]},{"movieCd":"20211281","movieNm":"매트릭스: 리저렉션","movieNmEn":"The Matrix Resurrections","prdtYear":"2021","openDt":"20211222","typeNm":"장편","prdtStatNm":"개봉","nationAlt":"미국","genreAlt":"액션,SF","repNationNm":"미국","repGenreNm":"액션","directors":[{"peopleNm":"라나 워쇼스키"}],"companys":[]},{"movieCd":"20211669","movieNm":"노트르담","movieNmEn":"Notre Dame","prdtYear":"2019","openDt":"20211222","typeNm":"장편","prdtStatNm":"개봉","nationAlt":"프랑스","genreAlt":"드라마,멜로/로맨스,코미디","repNationNm":"프랑스","repGenreNm":"드라마","directors":[{"peopleNm":"발레리 돈젤리"}],"companys":[]},{"movieCd":"20216639","movieNm":"소안의 노래","movieNmEn":"","prdtYear":"2015","openDt":"","typeNm":"장편","prdtStatNm":"기타","nationAlt":"한국","genreAlt":"다큐멘터리","repNationNm":"한국","repGenreNm":"다큐멘터리","directors":[{"peopleNm":"김경자"}],"companys":[]}]}