{"totCnt":"95385","source":"영화진흥위원회","movieList":[{"movieCd":"20211599","movieNm":"목표는 친구가 아니라 친구엄마","movieNmEn":"","prdtYear":"2020","openDt":"","typeNm":"장편","prdtStatNm":"기타","nationAlt":"일본","genreAlt":"성인물(에로)","repNationNm":"일본","repGenreNm":"성인물(에로)","directors":[{"peopleNm":"시로가와 노부"}],"companys":[]},{"movieCd":"20211626","movieNm":"딸의 남친의 여자가 되다","movieNmEn":"","prdtYear":"2020","openDt":"","typeNm":"장편","prdtStatNm":"기타","nationAlt":"일본","genreAlt":"성인물(에로)","repNationNm":"일본","repGenreNm":"성인물(에로)","directors":[{"peopleNm":"코지마 유키오"}],"companys":[]},{"movieCd":"20211641","movieNm":"딸의 남친과 불타는 하룻밤","movieNmEn":"","prdtYear":"2020","openDt":"","typeNm":"장편","prdtStatNm":"기타","nationAlt":"일본","genreAlt":"성인물(에로)","repNationNm":"일본","repGenreNm":"성인물(에로)","directors":[{"peopleNm":"코지마 유키오"}],"companys":[]},{"movieCd":"20211475","movieNm":"남편 출장갈 때가 제일 좋아","movieNmEn":"","prdtYear":"2020","openDt":"","typeNm":"장편","prdtStatNm":"기타","nationAlt":"일본","genreAlt":"성인물(에로)","repNationNm":"일본","repGenreNm":"성인물(에로)","directors":[{"peopleNm":"와타나베 준이치"}],"companys":[]},{"movieCd":"20211644","movieNm":"거친플레이의 새엄마 유미짱","movieNmEn":"","prdtYear":"2020","openDt":"","typeNm":"장편","prdtStatNm":"기타","nationAlt":"일본","genreAlt":"성인물(에로)","repNationNm":"일본","repGenreNm":"성인물(에로)","directors":[{"peopleNm":"코지마 유키오"}],"companys":[]},{"movieCd":"20212676","movieNm":"풋풋한여대생소라의신음소리-무삭제","movieNmEn":"","prdtYear":"2021","openDt":"20211229","typeNm":"장편","prdtStatNm":"개봉","nationAlt":"한국","genreAlt":"성인물(에로)","repNationNm":"한국","repGenreNm":"성인물(에로)","directors":[{"peopleNm":"이희성"}],"companys":[{"companyCd":"20130184","companyNm":"스마일컨텐츠"}]},{"movieCd":"20213021","movieNm":"운명","movieNmEn":"In Love","prdtYear":"2015","openDt":"","typeNm":"장편","prdtStatNm":"기타","nationAlt":"몽고","genreAlt":"드라마","repNationNm":"몽고","repGenreNm":"드라마","directors":[],"companys":[]},{"movieCd":"20212980","movieNm":"조이","movieNmEn":"Joy","prdtYear":"2016","openDt":"","typeNm":"장편","prdtStatNm":"기타","nationAlt":"몽고","genreAlt":"드라마","repNationNm":"몽고","repGenreNm":"드라마","directors":[],"companys":[]},{"movieCd":"20213009","movieNm":"연인들","movieNmEn":"Lovers","prdtYear":"2016","openDt":"","typeNm":"장편","prdtStatNm":"기타","nationAlt":"몽고","genreAlt":"멜로/로맨스,드라마","repNationNm":"몽고","repGenreNm":"멜로/로맨스","directors":[],"companys":[]},{"movieCd":"20213007","movieNm":"감각적 시간","movieNmEn":"Tangible Time","prdtYear":"2021","openDt":"","typeNm":"단편","prdtStatNm":"기타","nationAlt":"한국","genreAlt":"다큐멘터리","repNationNm":"한국","repGenreNm":"다큐멘터리","directors":[{"peopleNm":"김다혜"}],"companys":[]}]}