{"totCnt":"95385","source":"영화진흥위원회","movieList":[{"movieCd":"20219930","movieNm":"뜨거운 밤이 열리면 무삭제","movieNmEn":"","prdtYear":"2021","openDt":"","typeNm":"장편","prdtStatNm":"기타","nationAlt":"한국","genreAlt":"성인물(에로)","repNationNm":"한국","repGenreNm":"성인물(에로)","directors":[{"peopleNm":"김민수"}],"companys":[{"companyCd":"20102842","companyNm":"(주)알앤알프로덕션"}]},{"movieCd":"20210150","movieNm":"남편에게 느껴보지 못한 형부의 육봉","movieNmEn":"","prdtYear":"2020","openDt":"","typeNm":"장편","prdtStatNm":"기타","nationAlt":"일본","genreAlt":"성인물(에로),드라마","repNationNm":"일본","repGenreNm":"성인물(에로)","directors":[],"companys":[]},{"movieCd":"19990317","movieNm":"링 ","movieNmEn":"The Ring","prdtYear":"1998","openDt":"19991211","typeNm":"장편","prdtStatNm":"개봉","nationAlt":"일본","genreAlt":"공포(호러),미스터리,스릴러","repNationNm":"일본","repGenreNm":"공포(호러)","directors":[{"peopleNm":"나카타 히데오"}],"companys":[{"companyCd":"20104114","companyNm":"카도카와 쇼튼 퍼블리싱"}]},{"movieCd":"20210488","movieNm":"카무이의 검","movieNmEn":"The Dagger of Kamui","prdtYear":"1985","openDt":"","typeNm":"장편","prdtStatNm":"기타","nationAlt":"일본","genreAlt":"애니메이션","repNationNm":"일본","repGenreNm":"애니메이션","directors":[{"peopleNm":"린 타로"}],"companys":[]},{"movieCd":"20210520","movieNm":"검은 드레스의 여자","movieNmEn":"The Lady in a Black Dress","prdtYear":"1987","openDt":"","typeNm":"장편","prdtStatNm":"기타","nationAlt":"일본","genreAlt":"기타","repNationNm":"일본","repGenreNm":"기타","directors":[{"peopleNm":"최양일"}],"companys":[]},{"movieCd":"20119699","movieNm":"친구여, 조용히 잠들라","movieNmEn":"Let Him Rest in Peace","prdtYear":"1985","openDt":"20110310","typeNm":"장편","prdtStatNm":"기타","nationAlt":"일본","genreAlt":"스릴러,액션","repNationNm":"일본","repGenreNm":"스릴러","directors":[{"peopleNm":"최양일"}],"companys":[]},{"movieCd":"20210519","movieNm":"W의 비극","movieNmEn":"Tragedy of W","prdtYear":"1984","openDt":"","typeNm":"장편","prdtStatNm":"기타","nationAlt":"일본","genreAlt":"기타","repNationNm":"일본","repGenreNm":"기타","directors":[{"peopleNm":"사와이 신이치로"}],"companys":[]},{"movieCd":"20210518","movieNm":"탐정 이야기","movieNmEn":"Detective Story","prdtYear":"1983","openDt":"","typeNm":"장편","prdtStatNm":"기타","nationAlt":"일본","genreAlt":"기타","repNationNm":"일본","repGenreNm":"기타","directors":[{"peopleNm":"네기시 키치타로"}],"companys":[]},{"movieCd":"20061035","movieNm":"시간을 달리는 소녀","movieNmEn":"The Girl Who Cut Time","prdtYear":"1983","openDt":"","typeNm":"장편","prdtStatNm":"기타","nationAlt":"일본","genreAlt":"판타지,멜로/로맨스","repNationNm":"일본","repGenreNm":"판타지","directors":[{"peopleNm":"오바야시 노부히코"}],"companys":[]},{"movieCd":"20210517","movieNm":"표적이 된 학원","movieNmEn":"The Aimed School","prdtYear":"1981","openDt":"","typeNm":"장편","prdtStatNm":"기타","nationAlt":"일본","genreAlt":"기타","repNationNm":"일본","repGenreNm":"기타","directors":[{"peopleNm":"오바야시 노부히코"}],"companys":[]}]}