{"totCnt":"95385","source":"영화진흥위원회","movieList":[{"movieCd":"20219858","movieNm":"인디애니페스트2021 새벽비행2","movieNmEn":"First Flight2","prdtYear":"2021","openDt":"","typeNm":"옴니버스","prdtStatNm":"기타","nationAlt":"한국","genreAlt":"애니메이션","repNationNm":"한국","repGenreNm":"애니메이션","directors":[],"companys":[]},{"movieCd":"20219857","movieNm":"인디애니페스트2021 새벽비행1","movieNmEn":"First Flight1","prdtYear":"2021","openDt":"","typeNm":"옴니버스","prdtStatNm":"기타","nationAlt":"한국","genreAlt":"애니메이션","repNationNm":"한국","repGenreNm":"애니메이션","directors":[],"companys":[]},{"movieCd":"20219856","movieNm":"인디애니페스트2021 독립보행4","movieNmEn":"Independent Walk4","prdtYear":"2021","openDt":"","typeNm":"옴니버스","prdtStatNm":"기타","nationAlt":"한국","genreAlt":"애니메이션","repNationNm":"한국","repGenreNm":"애니메이션","directors":[],"companys":[]},{"movieCd":"20219855","movieNm":"인디애니페스트2021 독립보행3","movieNmEn":"Independent Walk3","prdtYear":"2021","openDt":"","typeNm":"옴니버스","prdtStatNm":"기타","nationAlt":"한국","genreAlt":"애니메이션","repNationNm":"한국","repGenreNm":"애니메이션","directors":[],"companys":[]},{"movieCd":"20219854","movieNm":"인디애니페스트2021 독립보행2","movieNmEn":"Independent Walk2","prdtYear":"2021","openDt":"","typeNm":"옴니버스","prdtStatNm":"기타","nationAlt":"한국","genreAlt":"애니메이션","repNationNm":"한국","repGenreNm":"애니메이션","directors":[],"companys":[]},{"movieCd":"20219852","movieNm":"인디애니페스트2021 독립보행1","movieNmEn":"Independent Walk1","prdtYear":"2021","openDt":"","typeNm":"옴니버스","prdtStatNm":"기타","nationAlt":"한국","genreAlt":"애니메이션","repNationNm":"한국","repGenreNm":"애니메이션","directors":[],"companys":[]},{"movieCd":"20219871","movieNm":"죽이고 떠나라","movieNmEn":"Kill It and Leave This Town","prdtYear":"2020","openDt":"","typeNm":"장편","prdtStatNm":"기타","nationAlt":"폴란드","genreAlt":"애니메이션","repNationNm":"폴란드","repGenreNm":"애니메이션","directors":[],"companys":[]},{"movieCd":"20219847","movieNm":"퍼펙트 킬러: 킬러 인 더 다크","movieNmEn":"Gutshot Straight","prdtYear":"2014","openDt":"","typeNm":"장편","prdtStatNm":"기타","nationAlt":"미국","genreAlt":"액션,스릴러,범죄","repNationNm":"미국","repGenreNm":"액션","directors":[{"peopleNm":"저스틴 스틸"}],"companys":[]},{"movieCd":"20219835","movieNm":"소울메이트:투 타임즈 유","movieNmEn":"Two Times You","prdtYear":"2019","openDt":"","typeNm":"장편","prdtStatNm":"개봉예정","nationAlt":"미국","genreAlt":"멜로/로맨스,드라마","repNationNm":"미국","repGenreNm":"멜로/로맨스","directors":[{"peopleNm":"살로몬 아스케나지"}],"companys":[]},{"movieCd":"20218627","movieNm":"절정 맛 본 와이프","movieNmEn":"Netorareta Ore-no Tsuma Nakatani Reina","prdtYear":"2021","openDt":"20210806","typeNm":"장편","prdtStatNm":"개봉","nationAlt":"일본","genreAlt":"멜로/로맨스","repNationNm":"일본","repGenreNm":"멜로/로맨스","directors":[],"companys":[]}]}