{"totCnt":"95385","source":"영화진흥위원회","movieList":[{"movieCd":"20212596","movieNm":"프리즈마","movieNmEn":"prisma","prdtYear":"2021","openDt":"","typeNm":"단편","prdtStatNm":"기타","nationAlt":"한국","genreAlt":"기타","repNationNm":"한국","repGenreNm":"기타","directors":[{"peopleNm":"장주선"}],"companys":[]},{"movieCd":"20212579","movieNm":"소리 줍는 사람","movieNmEn":"Pick Up","prdtYear":"2021","openDt":"","typeNm":"단편","prdtStatNm":"기타","nationAlt":"한국","genreAlt":"기타","repNationNm":"한국","repGenreNm":"기타","directors":[{"peopleNm":"오도이"}],"companys":[]},{"movieCd":"20212591","movieNm":"절대 시계를 보지 말 것","movieNmEn":"never watch your watch","prdtYear":"2021","openDt":"","typeNm":"단편","prdtStatNm":"기타","nationAlt":"한국","genreAlt":"기타","repNationNm":"한국","repGenreNm":"기타","directors":[{"peopleNm":"고동선"}],"companys":[]},{"movieCd":"20212594","movieNm":"네가 사랑한 것들을 기억할게","movieNmEn":"I will always love you","prdtYear":"2021","openDt":"","typeNm":"단편","prdtStatNm":"기타","nationAlt":"한국","genreAlt":"기타","repNationNm":"한국","repGenreNm":"기타","directors":[{"peopleNm":"이가홍"},{"peopleNm":"김연교"},{"peopleNm":"김서영"}],"companys":[]},{"movieCd":"20212589","movieNm":"헐리웃 키드","movieNmEn":"Hollywood Kid","prdtYear":"2021","openDt":"","typeNm":"단편","prdtStatNm":"기타","nationAlt":"한국","genreAlt":"기타","repNationNm":"한국","repGenreNm":"기타","directors":[{"peopleNm":"김덕민"}],"companys":[]},{"movieCd":"20212601","movieNm":"손끝","movieNmEn":"Fingertip","prdtYear":"2021","openDt":"","typeNm":"단편","prdtStatNm":"기타","nationAlt":"한국","genreAlt":"기타","repNationNm":"한국","repGenreNm":"기타","directors":[{"peopleNm":"정수연"}],"companys":[]},{"movieCd":"20212578","movieNm":"영화감독 구교환 브이로그","movieNmEn":"Film director vlog","prdtYear":"2021","openDt":"","typeNm":"단편","prdtStatNm":"기타","nationAlt":"한국","genreAlt":"기타","repNationNm":"한국","repGenreNm":"기타","directors":[{"peopleNm":"이옥섭"},{"peopleNm":"구교환"}],"companys":[]},{"movieCd":"20212602","movieNm":"외식","movieNmEn":"Eating out","prdtYear":"2021","openDt":"","typeNm":"단편","prdtStatNm":"기타","nationAlt":"한국","genreAlt":"기타","repNationNm":"한국","repGenreNm":"기타","directors":[{"peopleNm":"박송열"}],"companys":[]},{"movieCd":"20212576","movieNm":"데스랠리","movieNmEn":"Death Rally","prdtYear":"2021","openDt":"","typeNm":"단편","prdtStatNm":"기타","nationAlt":"한국","genreAlt":"기타","repNationNm":"한국","repGenreNm":"기타","directors":[{"peopleNm":"김샛별"},{"peopleNm":"김윤정"},{"peopleNm":"손채영"}],"companys":[]},{"movieCd":"20212597","movieNm":"컵라면과 복숭아","movieNmEn":"Cup noodles and Peaches","prdtYear":"2021","openDt":"","typeNm":"단편","prdtStatNm":"기타","nationAlt":"한국","genreAlt":"기타","repNationNm":"한국","repGenreNm":"기타","directors":[{"peopleNm":"조경원"}],"companys":[]}]}