{"totCnt":"95385","source":"영화진흥위원회","movieList":[{"movieCd":"20219324","movieNm":"달콤한 동거","movieNmEn":"","prdtYear":"2021","openDt":"20210903","typeNm":"장편","prdtStatNm":"개봉","nationAlt":"한국","genreAlt":"성인물(에로)","repNationNm":"한국","repGenreNm":"성인물(에로)","directors":[{"peopleNm":"리차드 킴"}],"companys":[{"companyCd":"20122937","companyNm":"(주)룬컴퍼니"}]},{"movieCd":"20210081","movieNm":"그 술집의 사정","movieNmEn":"","prdtYear":"2021","openDt":"20210903","typeNm":"장편","prdtStatNm":"개봉","nationAlt":"한국","genreAlt":"멜로/로맨스","repNationNm":"한국","repGenreNm":"멜로/로맨스","directors":[{"peopleNm":"Mr.나"}],"companys":[{"companyCd":"20157008","companyNm":"(주)픽쳐레스크"}]},{"movieCd":"20219926","movieNm":"SNS 불륜 집착 유부녀","movieNmEn":"","prdtYear":"2021","openDt":"20210902","typeNm":"장편","prdtStatNm":"개봉","nationAlt":"일본","genreAlt":"드라마","repNationNm":"일본","repGenreNm":"드라마","directors":[],"companys":[]},{"movieCd":"20219126","movieNm":"투명한 그녀","movieNmEn":"","prdtYear":"2021","openDt":"20210902","typeNm":"장편","prdtStatNm":"개봉","nationAlt":"한국","genreAlt":"성인물(에로)","repNationNm":"한국","repGenreNm":"성인물(에로)","directors":[{"peopleNm":"성운아"}],"companys":[{"companyCd":"20217484","companyNm":"(주)더비에스엔터테인먼트"}]},{"movieCd":"20219599","movieNm":"마네킹","movieNmEn":"Mannequin","prdtYear":"2019","openDt":"","typeNm":"단편","prdtStatNm":"기타","nationAlt":"한국","genreAlt":"스릴러","repNationNm":"한국","repGenreNm":"스릴러","directors":[{"peopleNm":"조영상"}],"companys":[]},{"movieCd":"20201784","movieNm":"귀신","movieNmEn":"Possessed","prdtYear":"2020","openDt":"20210825","typeNm":"장편","prdtStatNm":"개봉","nationAlt":"한국","genreAlt":"공포(호러),코미디","repNationNm":"한국","repGenreNm":"공포(호러)","directors":[{"peopleNm":"정하용"}],"companys":[{"companyCd":"20218041","companyNm":"주식회사 시네마천국"}]},{"movieCd":"20180202","movieNm":"분실물","movieNmEn":"The Lost Property","prdtYear":"2016","openDt":"","typeNm":"단편","prdtStatNm":"기타","nationAlt":"한국","genreAlt":"범죄,스릴러","repNationNm":"한국","repGenreNm":"범죄","directors":[{"peopleNm":"오현도"}],"companys":[]},{"movieCd":"20210813","movieNm":"바이오 테러리스트","movieNmEn":"Servants of War","prdtYear":"2019","openDt":"","typeNm":"장편","prdtStatNm":"기타","nationAlt":"폴란드","genreAlt":"액션,스릴러","repNationNm":"폴란드","repGenreNm":"액션","directors":[{"peopleNm":"마리우시 가브리스"}],"companys":[]},{"movieCd":"20196717","movieNm":"조안","movieNmEn":"Joan","prdtYear":"2019","openDt":"","typeNm":"단편","prdtStatNm":"기타","nationAlt":"한국","genreAlt":"미스터리,공포(호러)","repNationNm":"한국","repGenreNm":"미스터리","directors":[{"peopleNm":"김지산"},{"peopleNm":"유정수"}],"companys":[]},{"movieCd":"20210793","movieNm":"에이전트 라스트 워","movieNmEn":"Agent Revelation","prdtYear":"2021","openDt":"","typeNm":"장편","prdtStatNm":"기타","nationAlt":"홍콩","genreAlt":"SF,액션","repNationNm":"홍콩","repGenreNm":"SF","directors":[],"companys":[]}]}