{"totCnt":"95385","source":"영화진흥위원회","movieList":[{"movieCd":"20202433","movieNm":"괴짜들의 로맨스","movieNmEn":"I WeirDo","prdtYear":"2020","openDt":"20211117","typeNm":"장편","prdtStatNm":"개봉","nationAlt":"대만","genreAlt":"멜로/로맨스,드라마","repNationNm":"대만","repGenreNm":"멜로/로맨스","directors":[],"companys":[]},{"movieCd":"20211364","movieNm":"욕정의 요조숙녀","movieNmEn":"","prdtYear":"2021","openDt":"20211116","typeNm":"장편","prdtStatNm":"개봉","nationAlt":"한국","genreAlt":"성인물(에로)","repNationNm":"한국","repGenreNm":"성인물(에로)","directors":[{"peopleNm":"강현성"}],"companys":[{"companyCd":"20217881","companyNm":"(주)샤이커뮤니케이션즈"}]},{"movieCd":"20211728","movieNm":"옆집 누나:젖은 하루","movieNmEn":"","prdtYear":"2020","openDt":"20211116","typeNm":"장편","prdtStatNm":"개봉","nationAlt":"일본","genreAlt":"멜로/로맨스,드라마","repNationNm":"일본","repGenreNm":"멜로/로맨스","directors":[{"peopleNm":"사쿠라비토"}],"companys":[]},{"movieCd":"20211697","movieNm":"새엄마의 사정","movieNmEn":"","prdtYear":"2020","openDt":"20211116","typeNm":"장편","prdtStatNm":"개봉","nationAlt":"일본","genreAlt":"멜로/로맨스,드라마","repNationNm":"일본","repGenreNm":"멜로/로맨스","directors":[{"peopleNm":"사노 B사쿠"}],"companys":[]},{"movieCd":"20211729","movieNm":"젊은 새엄마:달아오른 하루","movieNmEn":"","prdtYear":"2020","openDt":"20211116","typeNm":"장편","prdtStatNm":"개봉","nationAlt":"일본","genreAlt":"멜로/로맨스,드라마","repNationNm":"일본","repGenreNm":"멜로/로맨스","directors":[{"peopleNm":"히로아키"}],"companys":[]},{"movieCd":"20211727","movieNm":"물 많은 후배:빼앗긴 남편","movieNmEn":"","prdtYear":"2020","openDt":"20211116","typeNm":"장편","prdtStatNm":"개봉","nationAlt":"일본","genreAlt":"멜로/로맨스,드라마","repNationNm":"일본","repGenreNm":"멜로/로맨스","directors":[{"peopleNm":"윌 친친"}],"companys":[]},{"movieCd":"20211363","movieNm":"거유녀와 나쁜놈들","movieNmEn":"","prdtYear":"2021","openDt":"20211116","typeNm":"장편","prdtStatNm":"개봉","nationAlt":"한국","genreAlt":"성인물(에로)","repNationNm":"한국","repGenreNm":"성인물(에로)","directors":[{"peopleNm":"강현성"}],"companys":[{"companyCd":"20217881","companyNm":"(주)샤이커뮤니케이션즈"}]},{"movieCd":"20211829","movieNm":"그림자와 빛의 거장, 자크 투르뇌르 특별전","movieNmEn":"Jacques Tourneur Retrospective","prdtYear":"2021","openDt":"","typeNm":"옴니버스","prdtStatNm":"기타","nationAlt":"미국","genreAlt":"기타","repNationNm":"미국","repGenreNm":"기타","directors":[{"peopleNm":"자크 투르뇌르"}],"companys":[]},{"movieCd":"20211828","movieNm":"해저 도시","movieNmEn":"War-Gods of the Deep","prdtYear":"1965","openDt":"","typeNm":"장편","prdtStatNm":"기타","nationAlt":"영국,미국","genreAlt":"어드벤처,판타지,공포(호러),SF","repNationNm":"영국","repGenreNm":"어드벤처","directors":[{"peopleNm":"자크 투르뇌르"}],"companys":[]},{"movieCd":"20211827","movieNm":"공포의 코미디","movieNmEn":"The Comedy of Terrors","prdtYear":"1963","openDt":"","typeNm":"장편","prdtStatNm":"기타","nationAlt":"미국","genreAlt":"코미디,공포(호러)","repNationNm":"미국","repGenreNm":"코미디","directors":[{"peopleNm":"자크 투르뇌르"}],"companys":[]}]}