{"totCnt":"95385","source":"영화진흥위원회","movieList":[{"movieCd":"19648021","movieNm":"붉은 사막","movieNmEn":"The Red Desert","prdtYear":"1964","openDt":"","typeNm":"장편","prdtStatNm":"기타","nationAlt":"이탈리아,프랑스","genreAlt":"드라마","repNationNm":"이탈리아","repGenreNm":"드라마","directors":[{"peopleNm":"미켈란젤로 안토니오니"}],"companys":[]},{"movieCd":"20224411","movieNm":"장고 & 장고","movieNmEn":"Django & Django","prdtYear":"2021","openDt":"","typeNm":"장편","prdtStatNm":"기타","nationAlt":"이탈리아","genreAlt":"기타","repNationNm":"이탈리아","repGenreNm":"기타","directors":[],"companys":[]},{"movieCd":"20224410","movieNm":"유혹당하고 버림받다","movieNmEn":"Seduced and Abandoned","prdtYear":"1964","openDt":"","typeNm":"장편","prdtStatNm":"기타","nationAlt":"이탈리아","genreAlt":"기타","repNationNm":"이탈리아","repGenreNm":"기타","directors":[{"peopleNm":"피에트로 제르미"}],"companys":[]},{"movieCd":"20204700","movieNm":"컨트롤","movieNmEn":"Control","prdtYear":"2019","openDt":"","typeNm":"단편","prdtStatNm":"기타","nationAlt":"한국","genreAlt":"기타","repNationNm":"한국","repGenreNm":"기타","directors":[{"peopleNm":"곽새미"}],"companys":[]},{"movieCd":"20212922","movieNm":"결벽","movieNmEn":"Defective","prdtYear":"2021","openDt":"","typeNm":"단편","prdtStatNm":"기타","nationAlt":"한국","genreAlt":"액션,스릴러","repNationNm":"한국","repGenreNm":"액션","directors":[{"peopleNm":"황재필"}],"companys":[]},{"movieCd":"20224295","movieNm":"기문둔갑3","movieNmEn":"Xie Mountain: The Underground Dragon","prdtYear":"2021","openDt":"","typeNm":"장편","prdtStatNm":"기타","nationAlt":"중국","genreAlt":"판타지,액션","repNationNm":"중국","repGenreNm":"판타지","directors":[{"peopleNm":"국각량"}],"companys":[]},{"movieCd":"20211218","movieNm":"오프 더 레일","movieNmEn":"Across the Rails","prdtYear":"2022","openDt":"","typeNm":"장편","prdtStatNm":"기타","nationAlt":"미국","genreAlt":"코미디,드라마","repNationNm":"미국","repGenreNm":"코미디","directors":[{"peopleNm":"데미안 피츠시몬스"}],"companys":[]},{"movieCd":"20224075","movieNm":"유부녀 훔친다 말하는 도둑!","movieNmEn":"","prdtYear":"2021","openDt":"20220328","typeNm":"장편","prdtStatNm":"개봉","nationAlt":"한국","genreAlt":"성인물(에로)","repNationNm":"한국","repGenreNm":"성인물(에로)","directors":[{"peopleNm":"제너럴리스트"}],"companys":[{"companyCd":"20141911","companyNm":"(주)뮤직엔닷컴"}]},{"movieCd":"20218416","movieNm":"어느 사랑의 연대기","movieNmEn":"Chronicle of a Love","prdtYear":"1950","openDt":"","typeNm":"장편","prdtStatNm":"기타","nationAlt":"이탈리아","genreAlt":"범죄,드라마,멜로/로맨스","repNationNm":"이탈리아","repGenreNm":"범죄","directors":[{"peopleNm":"미켈란젤로 안토니오니"}],"companys":[]},{"movieCd":"20224397","movieNm":"공작새의 천국","movieNmEn":"The Peacock's Paradise","prdtYear":"2021","openDt":"","typeNm":"장편","prdtStatNm":"기타","nationAlt":"이탈리아,독일","genreAlt":"기타","repNationNm":"이탈리아","repGenreNm":"기타","directors":[{"peopleNm":"라우라 비스푸리"}],"companys":[]}]}