{"totCnt":"95385","source":"영화진흥위원회","movieList":[{"movieCd":"20212057","movieNm":"충격! 유부녀 실제정사","movieNmEn":"Mysophobic wife","prdtYear":"2021","openDt":"","typeNm":"장편","prdtStatNm":"기타","nationAlt":"일본","genreAlt":"성인물(에로),드라마","repNationNm":"일본","repGenreNm":"성인물(에로)","directors":[{"peopleNm":"킨피카하누케마루"}],"companys":[]},{"movieCd":"20212056","movieNm":"거유 간호 클리닉 2 무삭제판","movieNmEn":"Love and hate -reunion-","prdtYear":"2020","openDt":"","typeNm":"장편","prdtStatNm":"기타","nationAlt":"일본","genreAlt":"성인물(에로),드라마","repNationNm":"일본","repGenreNm":"성인물(에로)","directors":[{"peopleNm":"오자키 히로코우지"}],"companys":[]},{"movieCd":"20218653","movieNm":"귀문","movieNmEn":"GUIMOON: The Lightless Door","prdtYear":"2021","openDt":"20210825","typeNm":"장편","prdtStatNm":"개봉","nationAlt":"한국","genreAlt":"미스터리,스릴러,공포(호러)","repNationNm":"한국","repGenreNm":"미스터리","directors":[{"peopleNm":"심덕근"}],"companys":[{"companyCd":"20123795","companyNm":"(주)고스트픽처스"},{"companyCd":"20100128","companyNm":"(주)주피터필름"}]},{"movieCd":"20211739","movieNm":"학사신공: 검혼의 전설","movieNmEn":"Blade of Flame","prdtYear":"2021","openDt":"","typeNm":"장편","prdtStatNm":"기타","nationAlt":"중국","genreAlt":"액션,판타지","repNationNm":"중국","repGenreNm":"액션","directors":[],"companys":[]},{"movieCd":"19678020","movieNm":"어느 여배우의 고백","movieNmEn":"Confession of an Actress","prdtYear":"1967","openDt":"","typeNm":"","prdtStatNm":"기타","nationAlt":"","genreAlt":"","repNationNm":"","repGenreNm":"","directors":[],"companys":[]},{"movieCd":"20212076","movieNm":"손오공: 더 파이널","movieNmEn":"JOURNEY TO THE WEST: A DUEL OF TWO HEROES","prdtYear":"2021","openDt":"","typeNm":"장편","prdtStatNm":"기타","nationAlt":"중국","genreAlt":"사극,액션","repNationNm":"중국","repGenreNm":"사극","directors":[],"companys":[]},{"movieCd":"20212053","movieNm":"무사: 일대종사","movieNmEn":"Legend of Changsheng","prdtYear":"2021","openDt":"","typeNm":"장편","prdtStatNm":"기타","nationAlt":"중국","genreAlt":"사극,액션","repNationNm":"중국","repGenreNm":"사극","directors":[],"companys":[]},{"movieCd":"20211702","movieNm":"그레이트 스네이크","movieNmEn":"Variation Hydra","prdtYear":"2020","openDt":"","typeNm":"장편","prdtStatNm":"기타","nationAlt":"중국","genreAlt":"액션","repNationNm":"중국","repGenreNm":"액션","directors":[],"companys":[]},{"movieCd":"20212052","movieNm":"홀드 유어 핸즈","movieNmEn":"Hold your hands","prdtYear":"2017","openDt":"","typeNm":"장편","prdtStatNm":"기타","nationAlt":"중국","genreAlt":"드라마","repNationNm":"중국","repGenreNm":"드라마","directors":[],"companys":[]},{"movieCd":"20212051","movieNm":"아랍강색","movieNmEn":"Ala Changso","prdtYear":"2018","openDt":"","typeNm":"장편","prdtStatNm":"기타","nationAlt":"중국","genreAlt":"드라마","repNationNm":"중국","repGenreNm":"드라마","directors":[{"peopleNm":"송태가"}],"companys":[]}]}