{"totCnt":"95385","source":"영화진흥위원회","movieList":[{"movieCd":"20202726","movieNm":"파리의 피아니스트: 후지코 헤밍의 시간들","movieNmEn":"Fuzjko Hemming: A Pianist of Silence & Solitude","prdtYear":"2018","openDt":"20220427","typeNm":"장편","prdtStatNm":"개봉","nationAlt":"일본","genreAlt":"다큐멘터리","repNationNm":"일본","repGenreNm":"다큐멘터리","directors":[{"peopleNm":"코마츠 소이치로"}],"companys":[]},{"movieCd":"20224768","movieNm":"중독","movieNmEn":"","prdtYear":"2022","openDt":"","typeNm":"장편","prdtStatNm":"기타","nationAlt":"한국","genreAlt":"멜로/로맨스","repNationNm":"한국","repGenreNm":"멜로/로맨스","directors":[{"peopleNm":"이수성"}],"companys":[{"companyCd":"20063187","companyNm":"㈜리필름"}]},{"movieCd":"20200474","movieNm":"기적","movieNmEn":"Miracle","prdtYear":"2020","openDt":"20210915","typeNm":"장편","prdtStatNm":"개봉","nationAlt":"한국","genreAlt":"드라마","repNationNm":"한국","repGenreNm":"드라마","directors":[{"peopleNm":"이장훈"}],"companys":[{"companyCd":"20154810","companyNm":"(주)블러썸픽쳐스"}]},{"movieCd":"20224769","movieNm":"짱뚱이네 똥황토","movieNmEn":"","prdtYear":"2023","openDt":"","typeNm":"단편","prdtStatNm":"기타","nationAlt":"한국","genreAlt":"애니메이션","repNationNm":"한국","repGenreNm":"애니메이션","directors":[{"peopleNm":"박재범"}],"companys":[{"companyCd":"20217801","companyNm":"(주)스튜디오요나"}]},{"movieCd":"20224417","movieNm":"쿠폰의 여왕","movieNmEn":"Queenpins","prdtYear":"2021","openDt":"20220427","typeNm":"장편","prdtStatNm":"개봉","nationAlt":"미국","genreAlt":"코미디,범죄","repNationNm":"미국","repGenreNm":"코미디","directors":[{"peopleNm":"아론 고뎃"}],"companys":[]},{"movieCd":"20224674","movieNm":"퍼펙트 미션","movieNmEn":"ICON","prdtYear":"2021","openDt":"","typeNm":"장편","prdtStatNm":"기타","nationAlt":"러시아","genreAlt":"전쟁,액션","repNationNm":"러시아","repGenreNm":"전쟁","directors":[{"peopleNm":"베라 스토로체바"}],"companys":[]},{"movieCd":"20211954","movieNm":"이스케이프 런","movieNmEn":"Shut In","prdtYear":"2016","openDt":"20220427","typeNm":"장편","prdtStatNm":"개봉","nationAlt":"프랑스","genreAlt":"드라마,공포(호러),미스터리","repNationNm":"프랑스","repGenreNm":"드라마","directors":[{"peopleNm":"파렌 블랙번"}],"companys":[]},{"movieCd":"20224301","movieNm":"몬스터 아카데미","movieNmEn":"Cranston Academy: Monster Zone","prdtYear":"2020","openDt":"20220427","typeNm":"장편","prdtStatNm":"개봉","nationAlt":"기타","genreAlt":"판타지,액션,어드벤처","repNationNm":"기타","repGenreNm":"판타지","directors":[{"peopleNm":"레오폴도 아귈라"}],"companys":[]},{"movieCd":"20224357","movieNm":"달빛 그림자","movieNmEn":"Moonlight Shadow","prdtYear":"2021","openDt":"20220427","typeNm":"장편","prdtStatNm":"개봉","nationAlt":"일본","genreAlt":"드라마,멜로/로맨스","repNationNm":"일본","repGenreNm":"드라마","directors":[{"peopleNm":"에드문드 여"}],"companys":[]},{"movieCd":"20223942","movieNm":"내가 처음으로 사랑한 소녀","movieNmEn":"The First Girl I Loved","prdtYear":"2021","openDt":"20220427","typeNm":"장편","prdtStatNm":"개봉","nationAlt":"홍콩","genreAlt":"멜로/로맨스,드라마","repNationNm":"홍콩","repGenreNm":"멜로/로맨스","directors":[],"companys":[]}]}