{"totCnt":"95385","source":"영화진흥위원회","movieList":[{"movieCd":"20224244","movieNm":"저속한 여상사와 농후한 사내정사 무삭제판","movieNmEn":"","prdtYear":"2020","openDt":"","typeNm":"장편","prdtStatNm":"기타","nationAlt":"일본","genreAlt":"성인물(에로),드라마","repNationNm":"일본","repGenreNm":"성인물(에로)","directors":[],"companys":[]},{"movieCd":"20212745","movieNm":"불량탐정 캠코인 무삭제","movieNmEn":"","prdtYear":"2021","openDt":"","typeNm":"장편","prdtStatNm":"기타","nationAlt":"한국","genreAlt":"성인물(에로),코미디,범죄","repNationNm":"한국","repGenreNm":"성인물(에로)","directors":[{"peopleNm":"리차드 킴"}],"companys":[{"companyCd":"20122937","companyNm":"(주)룬컴퍼니"}]},{"movieCd":"20224520","movieNm":"맛있는 마사지 무삭제판","movieNmEn":"","prdtYear":"2022","openDt":"","typeNm":"장편","prdtStatNm":"기타","nationAlt":"한국","genreAlt":"성인물(에로),멜로/로맨스","repNationNm":"한국","repGenreNm":"성인물(에로)","directors":[{"peopleNm":"윤수현"}],"companys":[{"companyCd":"20189621","companyNm":"(주)라온컴퍼니플러스"}]},{"movieCd":"20224204","movieNm":"초변태 수리공 길들이기","movieNmEn":"","prdtYear":"2021","openDt":"20220407","typeNm":"장편","prdtStatNm":"개봉","nationAlt":"한국","genreAlt":"성인물(에로)","repNationNm":"한국","repGenreNm":"성인물(에로)","directors":[{"peopleNm":"준 디렉터"}],"companys":[{"companyCd":"20141911","companyNm":"(주)뮤직엔닷컴"}]},{"movieCd":"20224419","movieNm":"천국의 문 복상사","movieNmEn":"","prdtYear":"2021","openDt":"20220407","typeNm":"장편","prdtStatNm":"개봉","nationAlt":"한국","genreAlt":"성인물(에로),드라마","repNationNm":"한국","repGenreNm":"성인물(에로)","directors":[{"peopleNm":"전성기"}],"companys":[{"companyCd":"20217321","companyNm":"주식회사 바나나픽쳐스"}]},{"movieCd":"20224414","movieNm":"젖 큰 가정교사와 이대일","movieNmEn":"","prdtYear":"2021","openDt":"20220407","typeNm":"장편","prdtStatNm":"개봉","nationAlt":"한국","genreAlt":"성인물(에로),멜로/로맨스","repNationNm":"한국","repGenreNm":"성인물(에로)","directors":[{"peopleNm":"김모리"}],"companys":[{"companyCd":"20217184","companyNm":"영화사 레드카펫"}]},{"movieCd":"20224366","movieNm":"정력대왕 시아버지","movieNmEn":"","prdtYear":"2021","openDt":"20220407","typeNm":"장편","prdtStatNm":"개봉","nationAlt":"한국","genreAlt":"성인물(에로)","repNationNm":"한국","repGenreNm":"성인물(에로)","directors":[{"peopleNm":"한동호"}],"companys":[{"companyCd":"20176162","companyNm":"(주)코빈커뮤니케이션즈"}]},{"movieCd":"20224406","movieNm":"올드와이프","movieNmEn":"","prdtYear":"2021","openDt":"20220407","typeNm":"장편","prdtStatNm":"개봉","nationAlt":"한국","genreAlt":"성인물(에로),드라마","repNationNm":"한국","repGenreNm":"성인물(에로)","directors":[{"peopleNm":"성운아"}],"companys":[{"companyCd":"20217321","companyNm":"주식회사 바나나픽쳐스"}]},{"movieCd":"20224277","movieNm":"섹스 잘하는 여자들","movieNmEn":"","prdtYear":"2022","openDt":"20220407","typeNm":"장편","prdtStatNm":"개봉","nationAlt":"한국","genreAlt":"성인물(에로)","repNationNm":"한국","repGenreNm":"성인물(에로)","directors":[{"peopleNm":"강현성"}],"companys":[{"companyCd":"20217881","companyNm":"(주)샤이커뮤니케이션즈"}]},{"movieCd":"20224369","movieNm":"범해진 아내의 순정","movieNmEn":"","prdtYear":"2022","openDt":"20220407","typeNm":"장편","prdtStatNm":"개봉","nationAlt":"한국","genreAlt":"성인물(에로),드라마","repNationNm":"한국","repGenreNm":"성인물(에로)","directors":[{"peopleNm":"한길수"}],"companys":[{"companyCd":"20186981","companyNm":"주식회사 플릭스코"}]}]}