{"totCnt":"95385","source":"영화진흥위원회","movieList":[{"movieCd":"20223984","movieNm":"연기를 잘하는 법 : 배고픈, 배우들","movieNmEn":"","prdtYear":"2021","openDt":"","typeNm":"장편","prdtStatNm":"기타","nationAlt":"한국","genreAlt":"기타","repNationNm":"한국","repGenreNm":"기타","directors":[],"companys":[]},{"movieCd":"20223983","movieNm":"홈고잉","movieNmEn":"HOMEGOING","prdtYear":"2021","openDt":"","typeNm":"단편","prdtStatNm":"기타","nationAlt":"한국","genreAlt":"다큐멘터리","repNationNm":"한국","repGenreNm":"다큐멘터리","directors":[],"companys":[]},{"movieCd":"20211220","movieNm":"레이징 파이어","movieNmEn":"Raging Fire","prdtYear":"2021","openDt":"20220120","typeNm":"장편","prdtStatNm":"개봉","nationAlt":"홍콩","genreAlt":"액션,범죄,드라마","repNationNm":"홍콩","repGenreNm":"액션","directors":[{"peopleNm":"진목승"}],"companys":[]},{"movieCd":"20223916","movieNm":"확실하게 임신시켜줘 무삭제판","movieNmEn":"","prdtYear":"2020","openDt":"","typeNm":"장편","prdtStatNm":"기타","nationAlt":"일본","genreAlt":"성인물(에로),드라마","repNationNm":"일본","repGenreNm":"성인물(에로)","directors":[{"peopleNm":"아사기리 조"}],"companys":[]},{"movieCd":"20223876","movieNm":"친구 아들 돌려먹는 생과부 유부녀","movieNmEn":"","prdtYear":"2021","openDt":"20220218","typeNm":"장편","prdtStatNm":"개봉","nationAlt":"일본","genreAlt":"성인물(에로)","repNationNm":"일본","repGenreNm":"성인물(에로)","directors":[],"companys":[]},{"movieCd":"20223745","movieNm":"참을 수 없는 이모의 스킬 무삭제판","movieNmEn":"","prdtYear":"2020","openDt":"","typeNm":"장편","prdtStatNm":"기타","nationAlt":"일본","genreAlt":"성인물(에로),드라마","repNationNm":"일본","repGenreNm":"성인물(에로)","directors":[],"companys":[]},{"movieCd":"20223874","movieNm":"재수생과 착한 하숙집 아줌마","movieNmEn":"","prdtYear":"2021","openDt":"20220218","typeNm":"장편","prdtStatNm":"개봉","nationAlt":"일본","genreAlt":"성인물(에로)","repNationNm":"일본","repGenreNm":"성인물(에로)","directors":[],"companys":[]},{"movieCd":"20223744","movieNm":"아들친구와 성상담 무삭제판","movieNmEn":"","prdtYear":"2020","openDt":"","typeNm":"장편","prdtStatNm":"기타","nationAlt":"일본","genreAlt":"성인물(에로),드라마","repNationNm":"일본","repGenreNm":"성인물(에로)","directors":[],"companys":[]},{"movieCd":"20223875","movieNm":"대물 인턴의 전업주부 길들이기","movieNmEn":"","prdtYear":"2021","openDt":"20220218","typeNm":"장편","prdtStatNm":"개봉","nationAlt":"일본","genreAlt":"성인물(에로)","repNationNm":"일본","repGenreNm":"성인물(에로)","directors":[],"companys":[]},{"movieCd":"20219964","movieNm":"생각 끝에서 찾아오는","movieNmEn":"From end to end","prdtYear":"2021","openDt":"","typeNm":"단편","prdtStatNm":"기타","nationAlt":"한국","genreAlt":"드라마","repNationNm":"한국","repGenreNm":"드라마","directors":[{"peopleNm":"이수학"}],"companys":[]}]}