{"totCnt":"95385","source":"영화진흥위원회","movieList":[{"movieCd":"20223668","movieNm":"선배님을 찾습니다","movieNmEn":"","prdtYear":"2021","openDt":"","typeNm":"단편","prdtStatNm":"기타","nationAlt":"한국","genreAlt":"다큐멘터리","repNationNm":"한국","repGenreNm":"다큐멘터리","directors":[{"peopleNm":"도수연"}],"companys":[]},{"movieCd":"20223667","movieNm":"덫","movieNmEn":"","prdtYear":"2021","openDt":"","typeNm":"단편","prdtStatNm":"기타","nationAlt":"한국","genreAlt":"드라마","repNationNm":"한국","repGenreNm":"드라마","directors":[{"peopleNm":"구예형"}],"companys":[]},{"movieCd":"20223672","movieNm":"몽상지왕","movieNmEn":"King of daydreaming","prdtYear":"2021","openDt":"","typeNm":"단편","prdtStatNm":"기타","nationAlt":"한국","genreAlt":"드라마","repNationNm":"한국","repGenreNm":"드라마","directors":[{"peopleNm":"박범진"}],"companys":[]},{"movieCd":"20223664","movieNm":"노력하고 있어","movieNmEn":"","prdtYear":"2021","openDt":"","typeNm":"단편","prdtStatNm":"기타","nationAlt":"한국","genreAlt":"기타","repNationNm":"한국","repGenreNm":"기타","directors":[],"companys":[]},{"movieCd":"20223663","movieNm":"세이프티 인 넘버스","movieNmEn":"Safety In Numbers","prdtYear":"2021","openDt":"","typeNm":"단편","prdtStatNm":"기타","nationAlt":"한국","genreAlt":"기타","repNationNm":"한국","repGenreNm":"기타","directors":[],"companys":[]},{"movieCd":"20223662","movieNm":"Land Of (Make) Believe","movieNmEn":"","prdtYear":"2019","openDt":"","typeNm":"단편","prdtStatNm":"기타","nationAlt":"한국","genreAlt":"코미디","repNationNm":"한국","repGenreNm":"코미디","directors":[{"peopleNm":"김기광"}],"companys":[]},{"movieCd":"20223661","movieNm":"기묘한 녀석들","movieNmEn":"Odd Guys","prdtYear":"2017","openDt":"","typeNm":"단편","prdtStatNm":"기타","nationAlt":"한국","genreAlt":"코미디,범죄","repNationNm":"한국","repGenreNm":"코미디","directors":[{"peopleNm":"김진영"}],"companys":[]},{"movieCd":"20223648","movieNm":"(2022 작은영화영화제) 내가 세상과 대화하는 법","movieNmEn":"","prdtYear":"2022","openDt":"","typeNm":"옴니버스","prdtStatNm":"기타","nationAlt":"한국","genreAlt":"드라마","repNationNm":"한국","repGenreNm":"드라마","directors":[],"companys":[]},{"movieCd":"20212540","movieNm":"뭐해","movieNmEn":"WRYD","prdtYear":"2021","openDt":"","typeNm":"단편","prdtStatNm":"기타","nationAlt":"한국","genreAlt":"드라마","repNationNm":"한국","repGenreNm":"드라마","directors":[{"peopleNm":"신지수"}],"companys":[]},{"movieCd":"20223346","movieNm":"송정미 음악회 2021 크리스마스 인 러브","movieNmEn":"","prdtYear":"2021","openDt":"","typeNm":"장편","prdtStatNm":"기타","nationAlt":"한국","genreAlt":"공연","repNationNm":"한국","repGenreNm":"공연","directors":[{"peopleNm":"전성환"}],"companys":[{"companyCd":"20173242","companyNm":"(주)에픽캔"}]}]}