{"totCnt":"95385","source":"영화진흥위원회","movieList":[{"movieCd":"20219819","movieNm":"붕","movieNmEn":"Boong","prdtYear":"2021","openDt":"","typeNm":"단편","prdtStatNm":"기타","nationAlt":"한국","genreAlt":"미스터리,판타지","repNationNm":"한국","repGenreNm":"미스터리","directors":[{"peopleNm":"노원규"}],"companys":[]},{"movieCd":"20219526","movieNm":"자매의 맛있는 스와핑 무삭제","movieNmEn":"","prdtYear":"2021","openDt":"","typeNm":"장편","prdtStatNm":"기타","nationAlt":"한국","genreAlt":"성인물(에로),드라마","repNationNm":"한국","repGenreNm":"성인물(에로)","directors":[{"peopleNm":"야신수"}],"companys":[{"companyCd":"20061917","companyNm":"(주)이십일세기미디어"}]},{"movieCd":"20219545","movieNm":"여대생의 빨간 일기 무삭제","movieNmEn":"","prdtYear":"2021","openDt":"","typeNm":"장편","prdtStatNm":"기타","nationAlt":"한국","genreAlt":"성인물(에로),드라마","repNationNm":"한국","repGenreNm":"성인물(에로)","directors":[{"peopleNm":"야신수"}],"companys":[{"companyCd":"20061917","companyNm":"(주)이십일세기미디어"}]},{"movieCd":"20219320","movieNm":"스토커","movieNmEn":"Stalker","prdtYear":"2020","openDt":"","typeNm":"장편","prdtStatNm":"기타","nationAlt":"미국","genreAlt":"스릴러","repNationNm":"미국","repGenreNm":"스릴러","directors":[],"companys":[]},{"movieCd":"20219818","movieNm":"9월 수요단편극장: 애니-파서블!","movieNmEn":"","prdtYear":"2021","openDt":"","typeNm":"옴니버스","prdtStatNm":"기타","nationAlt":"한국","genreAlt":"애니메이션","repNationNm":"한국","repGenreNm":"애니메이션","directors":[],"companys":[]},{"movieCd":"20219817","movieNm":"탈모","movieNmEn":"Hair Loss","prdtYear":"2020","openDt":"","typeNm":"단편","prdtStatNm":"기타","nationAlt":"한국","genreAlt":"애니메이션","repNationNm":"한국","repGenreNm":"애니메이션","directors":[],"companys":[]},{"movieCd":"20191681","movieNm":"럭스","movieNmEn":"Lux","prdtYear":"2018","openDt":"","typeNm":"단편","prdtStatNm":"기타","nationAlt":"한국","genreAlt":"애니메이션,드라마","repNationNm":"한국","repGenreNm":"애니메이션","directors":[{"peopleNm":"신현호"}],"companys":[]},{"movieCd":"20219825","movieNm":"우지현 단편전 2","movieNmEn":"","prdtYear":"2021","openDt":"","typeNm":"옴니버스","prdtStatNm":"기타","nationAlt":"한국","genreAlt":"기타","repNationNm":"한국","repGenreNm":"기타","directors":[],"companys":[]},{"movieCd":"20219824","movieNm":"우지현 단편전 1","movieNmEn":"","prdtYear":"2021","openDt":"","typeNm":"옴니버스","prdtStatNm":"기타","nationAlt":"한국","genreAlt":"기타","repNationNm":"한국","repGenreNm":"기타","directors":[],"companys":[]},{"movieCd":"20208333","movieNm":"너의 기억","movieNmEn":"Recall","prdtYear":"2020","openDt":"","typeNm":"단편","prdtStatNm":"기타","nationAlt":"한국","genreAlt":"스릴러","repNationNm":"한국","repGenreNm":"스릴러","directors":[{"peopleNm":"김동식"}],"companys":[]}]}