{"totCnt":"95385","source":"영화진흥위원회","movieList":[{"movieCd":"20160261","movieNm":"극장판 프리파라 모두 모여라! 프리즘☆투어즈","movieNmEn":"PriPara the Movie: Everyone, Assemble! Prism ☆ Tours","prdtYear":"2016","openDt":"20161013","typeNm":"장편","prdtStatNm":"개봉","nationAlt":"한국","genreAlt":"애니메이션","repNationNm":"한국","repGenreNm":"애니메이션","directors":[{"peopleNm":"히시다 마사카즈"}],"companys":[{"companyCd":"20100185","companyNm":"동우에이앤이(주)"}]},{"movieCd":"19850042","movieNm":"장남","movieNmEn":"The Oldest Son","prdtYear":"1985","openDt":"19850622","typeNm":"장편","prdtStatNm":"개봉","nationAlt":"한국","genreAlt":"가족,드라마","repNationNm":"한국","repGenreNm":"가족","directors":[{"peopleNm":"이두용"}],"companys":[{"companyCd":"20100475","companyNm":"태흥영화(주)"}]},{"movieCd":"20224764","movieNm":"식스 미닛 투 미드나잇","movieNmEn":"Six Minutes to Midnight","prdtYear":"2020","openDt":"","typeNm":"장편","prdtStatNm":"기타","nationAlt":"영국","genreAlt":"스릴러","repNationNm":"영국","repGenreNm":"스릴러","directors":[{"peopleNm":"앤디 고다드"}],"companys":[]},{"movieCd":"20224459","movieNm":"마음에 들다","movieNmEn":"Entering your heart","prdtYear":"2022","openDt":"","typeNm":"단편","prdtStatNm":"기타","nationAlt":"한국","genreAlt":"기타","repNationNm":"한국","repGenreNm":"기타","directors":[{"peopleNm":"강지이"}],"companys":[]},{"movieCd":"20224770","movieNm":"선산","movieNmEn":"One's Family Gravesite","prdtYear":"2022","openDt":"","typeNm":"장편","prdtStatNm":"기타","nationAlt":"한국","genreAlt":"기타","repNationNm":"한국","repGenreNm":"기타","directors":[{"peopleNm":"정형석"}],"companys":[]},{"movieCd":"20224461","movieNm":"유실","movieNmEn":"Loss","prdtYear":"2021","openDt":"","typeNm":"단편","prdtStatNm":"기타","nationAlt":"한국","genreAlt":"기타","repNationNm":"한국","repGenreNm":"기타","directors":[],"companys":[]},{"movieCd":"20223439","movieNm":"몬티 쥬베이의 삶과 죽음","movieNmEn":"The Life and Death of Monty Jubei","prdtYear":"2022","openDt":"","typeNm":"단편","prdtStatNm":"기타","nationAlt":"한국","genreAlt":"드라마","repNationNm":"한국","repGenreNm":"드라마","directors":[{"peopleNm":"김정민"}],"companys":[]},{"movieCd":"20224728","movieNm":"몽키숄더","movieNmEn":"Monkey Shoulder","prdtYear":"2022","openDt":"","typeNm":"단편","prdtStatNm":"기타","nationAlt":"한국","genreAlt":"기타","repNationNm":"한국","repGenreNm":"기타","directors":[],"companys":[]},{"movieCd":"20224727","movieNm":"카인과 아벨","movieNmEn":"Cain and Abel","prdtYear":"2021","openDt":"","typeNm":"장편","prdtStatNm":"기타","nationAlt":"미국","genreAlt":"스릴러,공포(호러)","repNationNm":"미국","repGenreNm":"스릴러","directors":[{"peopleNm":"카말 스미스"}],"companys":[]},{"movieCd":"20224761","movieNm":"데스 레이스: 로드 게임","movieNmEn":"Bet On Ben","prdtYear":"2021","openDt":"","typeNm":"장편","prdtStatNm":"기타","nationAlt":"미국","genreAlt":"액션,스릴러","repNationNm":"미국","repGenreNm":"액션","directors":[{"peopleNm":"닉 펠리스"}],"companys":[]}]}