{"totCnt":"95385","source":"영화진흥위원회","movieList":[{"movieCd":"20211227","movieNm":"드라운","movieNmEn":"Drown","prdtYear":"2020","openDt":"","typeNm":"장편","prdtStatNm":"기타","nationAlt":"이란","genreAlt":"범죄,액션,드라마","repNationNm":"이란","repGenreNm":"범죄","directors":[],"companys":[]},{"movieCd":"20211262","movieNm":"쓰나미","movieNmEn":"Tsunami","prdtYear":"2019","openDt":"","typeNm":"장편","prdtStatNm":"기타","nationAlt":"이란","genreAlt":"드라마,액션","repNationNm":"이란","repGenreNm":"드라마","directors":[],"companys":[]},{"movieCd":"20210172","movieNm":"분노의 카이티","movieNmEn":"Kaithi","prdtYear":"2019","openDt":"","typeNm":"장편","prdtStatNm":"기타","nationAlt":"기타","genreAlt":"액션,범죄","repNationNm":"기타","repGenreNm":"액션","directors":[],"companys":[]},{"movieCd":"20195361","movieNm":"보이스비","movieNmEn":"Boys Be!!","prdtYear":"2020","openDt":"","typeNm":"장편","prdtStatNm":"기타","nationAlt":"한국","genreAlt":"액션,드라마","repNationNm":"한국","repGenreNm":"액션","directors":[{"peopleNm":"윤민식"}],"companys":[{"companyCd":"20189463","companyNm":"(주)골든스토리픽처스"},{"companyCd":"20168449","companyNm":"(주)오렌지옐로우하임"}]},{"movieCd":"20203908","movieNm":"운봉","movieNmEn":"","prdtYear":"2020","openDt":"","typeNm":"장편","prdtStatNm":"기타","nationAlt":"한국","genreAlt":"액션","repNationNm":"한국","repGenreNm":"액션","directors":[{"peopleNm":"장동현"}],"companys":[{"companyCd":"20169329","companyNm":"(주)컨텐츠 빌리지"},{"companyCd":"20138275","companyNm":"(주)스토리풀"},{"companyCd":"20062877","companyNm":"필름팩토리(Film Factory)"}]},{"movieCd":"20192697","movieNm":"미스터 보스","movieNmEn":"Mr. Boss","prdtYear":"2020","openDt":"20201230","typeNm":"장편","prdtStatNm":"개봉","nationAlt":"한국","genreAlt":"드라마,액션","repNationNm":"한국","repGenreNm":"드라마","directors":[{"peopleNm":"김형기"}],"companys":[{"companyCd":"20216341","companyNm":"(주)더 재미"},{"companyCd":"20102865","companyNm":"대쉬 필름"},{"companyCd":"20216363","companyNm":"강천산 픽쳐스"}]},{"movieCd":"20215108","movieNm":"용루각2: 신들의 밤","movieNmEn":"Dragon Inn Part 2: The Night of Gods","prdtYear":"2021","openDt":"20210210","typeNm":"장편","prdtStatNm":"개봉","nationAlt":"한국","genreAlt":"액션,미스터리,스릴러","repNationNm":"한국","repGenreNm":"액션","directors":[{"peopleNm":"최상훈"}],"companys":[{"companyCd":"20186901","companyNm":"(주)그노스"},{"companyCd":"20203581","companyNm":"꿀잼컴퍼니(주)"}]},{"movieCd":"20218169","movieNm":"샤크 : 더 비기닝","movieNmEn":"","prdtYear":"2021","openDt":"","typeNm":"장편","prdtStatNm":"기타","nationAlt":"한국","genreAlt":"액션","repNationNm":"한국","repGenreNm":"액션","directors":[{"peopleNm":"채여준"}],"companys":[{"companyCd":"20216841","companyNm":"JTBC 스튜디오"},{"companyCd":"20141511","companyNm":"(주)투유드림"}]},{"movieCd":"20201468","movieNm":"투빅맨","movieNmEn":"TWO BIG MEN","prdtYear":"2020","openDt":"","typeNm":"장편","prdtStatNm":"기타","nationAlt":"한국","genreAlt":"액션,코미디","repNationNm":"한국","repGenreNm":"액션","directors":[{"peopleNm":"이상철"}],"companys":[{"companyCd":"20141397","companyNm":"영화사 인연"}]},{"movieCd":"20050017","movieNm":"달콤한 인생","movieNmEn":"A Bittersweet Life","prdtYear":"2004","openDt":"20050401","typeNm":"장편","prdtStatNm":"개봉","nationAlt":"한국","genreAlt":"액션","repNationNm":"한국","repGenreNm":"액션","directors":[{"peopleNm":"김지운"}],"companys":[{"companyCd":"20100068","companyNm":"(주)영화사봄"}]}]}