{"totCnt":"95385","source":"영화진흥위원회","movieList":[{"movieCd":"20202853","movieNm":"장 미쉘 바스키아: 더 레이디언트 차일드","movieNmEn":"Jean-Michel Basquiat: The Radiant Child","prdtYear":"2010","openDt":"20201209","typeNm":"장편","prdtStatNm":"개봉","nationAlt":"미국","genreAlt":"다큐멘터리","repNationNm":"미국","repGenreNm":"다큐멘터리","directors":[{"peopleNm":"탐라 데이비스"}],"companys":[]},{"movieCd":"20218884","movieNm":"마네킹","movieNmEn":"Mannequin","prdtYear":"2021","openDt":"20210713","typeNm":"장편","prdtStatNm":"개봉","nationAlt":"한국","genreAlt":"공포(호러),판타지","repNationNm":"한국","repGenreNm":"공포(호러)","directors":[{"peopleNm":"김문옥"}],"companys":[{"companyCd":"20063230","companyNm":"스마일픽쳐스"}]},{"movieCd":"20212217","movieNm":"라라와 크리스마스 요정","movieNmEn":"Christmas at Cattle Hill","prdtYear":"2020","openDt":"20211215","typeNm":"장편","prdtStatNm":"개봉","nationAlt":"노르웨이","genreAlt":"애니메이션,가족,어드벤처","repNationNm":"노르웨이","repGenreNm":"애니메이션","directors":[],"companys":[]},{"movieCd":"20211735","movieNm":"원샷","movieNmEn":"One Shot","prdtYear":"2021","openDt":"20220110","typeNm":"장편","prdtStatNm":"개봉","nationAlt":"영국","genreAlt":"액션,전쟁","repNationNm":"영국","repGenreNm":"액션","directors":[{"peopleNm":"제임스 넌"}],"companys":[]},{"movieCd":"20212627","movieNm":"프라이빗 레슨","movieNmEn":"Amor bandido","prdtYear":"2021","openDt":"","typeNm":"장편","prdtStatNm":"기타","nationAlt":"아르헨티나","genreAlt":"드라마,스릴러","repNationNm":"아르헨티나","repGenreNm":"드라마","directors":[],"companys":[]},{"movieCd":"20212154","movieNm":"사울 레이터: 인 노 그레이트 허리","movieNmEn":"In No Great Hurry: 13 Lessons in Life with Saul Leiter","prdtYear":"2013","openDt":"20211229","typeNm":"장편","prdtStatNm":"개봉","nationAlt":"헝가리","genreAlt":"다큐멘터리","repNationNm":"헝가리","repGenreNm":"다큐멘터리","directors":[],"companys":[]},{"movieCd":"20212117","movieNm":"아이스 데몬","movieNmEn":"The Ice Demon","prdtYear":"2021","openDt":"","typeNm":"장편","prdtStatNm":"기타","nationAlt":"러시아","genreAlt":"공포(호러),스릴러","repNationNm":"러시아","repGenreNm":"공포(호러)","directors":[{"peopleNm":"이반 카피토노프"}],"companys":[]},{"movieCd":"20212167","movieNm":"포에버 퍼스트 러브","movieNmEn":"Forever First Love","prdtYear":"2020","openDt":"20211209","typeNm":"장편","prdtStatNm":"개봉","nationAlt":"호주","genreAlt":"멜로/로맨스","repNationNm":"호주","repGenreNm":"멜로/로맨스","directors":[],"companys":[]},{"movieCd":"20223344","movieNm":"우듬지","movieNmEn":"Treetop","prdtYear":"2021","openDt":"","typeNm":"단편","prdtStatNm":"기타","nationAlt":"한국","genreAlt":"기타","repNationNm":"한국","repGenreNm":"기타","directors":[],"companys":[]},{"movieCd":"19830029","movieNm":"사랑만들기","movieNmEn":"Making A Love","prdtYear":"1983","openDt":"19830220","typeNm":"장편","prdtStatNm":"개봉","nationAlt":"한국","genreAlt":"드라마,멜로/로맨스","repNationNm":"한국","repGenreNm":"드라마","directors":[{"peopleNm":"문여송"}],"companys":[{"companyCd":"20060167","companyNm":"남아진흥(주)"}]}]}