{"totCnt":"95385","source":"영화진흥위원회","movieList":[{"movieCd":"19648015","movieNm":"마니","movieNmEn":"Marnie","prdtYear":"1964","openDt":"","typeNm":"장편","prdtStatNm":"기타","nationAlt":"미국","genreAlt":"범죄,드라마,미스터리,멜로/로맨스,스릴러","repNationNm":"미국","repGenreNm":"범죄","directors":[{"peopleNm":"알프레드 히치콕"}],"companys":[]},{"movieCd":"20224343","movieNm":"릴리스","movieNmEn":"Lilith","prdtYear":"1964","openDt":"","typeNm":"장편","prdtStatNm":"기타","nationAlt":"미국","genreAlt":"드라마","repNationNm":"미국","repGenreNm":"드라마","directors":[{"peopleNm":"로버트 로즌"}],"companys":[]},{"movieCd":"20224342","movieNm":"직지루트: 테라인코그니타","movieNmEn":"Jikji Route: Terra Incognita","prdtYear":"2021","openDt":"","typeNm":"장편","prdtStatNm":"기타","nationAlt":"한국","genreAlt":"다큐멘터리","repNationNm":"한국","repGenreNm":"다큐멘터리","directors":[],"companys":[]},{"movieCd":"20204905","movieNm":"사자자리","movieNmEn":"Sign of the Lion","prdtYear":"1962","openDt":"","typeNm":"장편","prdtStatNm":"기타","nationAlt":"프랑스","genreAlt":"드라마","repNationNm":"프랑스","repGenreNm":"드라마","directors":[{"peopleNm":"에릭 로메르"}],"companys":[]},{"movieCd":"20166167","movieNm":"제니의 초상","movieNmEn":"Portrait of Jennie","prdtYear":"1948","openDt":"","typeNm":"장편","prdtStatNm":"기타","nationAlt":"미국","genreAlt":"드라마","repNationNm":"미국","repGenreNm":"드라마","directors":[{"peopleNm":"윌리엄 디터리"}],"companys":[]},{"movieCd":"20162291","movieNm":"파리의 장식","movieNmEn":"Paris Frills","prdtYear":"1945","openDt":"","typeNm":"장편","prdtStatNm":"기타","nationAlt":"프랑스","genreAlt":"드라마,멜로/로맨스","repNationNm":"프랑스","repGenreNm":"드라마","directors":[{"peopleNm":"자크 베케르"}],"companys":[]},{"movieCd":"20224350","movieNm":"마리아 칸델라리아","movieNmEn":"Portrait of Maria","prdtYear":"1944","openDt":"","typeNm":"장편","prdtStatNm":"기타","nationAlt":"멕시코","genreAlt":"멜로/로맨스,드라마","repNationNm":"멕시코","repGenreNm":"멜로/로맨스","directors":[],"companys":[]},{"movieCd":"20157093","movieNm":"위대한 바들리스","movieNmEn":"Bardelys the Magnificent","prdtYear":"1926","openDt":"","typeNm":"장편","prdtStatNm":"기타","nationAlt":"미국","genreAlt":"드라마,멜로/로맨스","repNationNm":"미국","repGenreNm":"드라마","directors":[{"peopleNm":"킹 비더"}],"companys":[]},{"movieCd":"20182546","movieNm":"몽상가의 나흘 밤 ","movieNmEn":"Four Nights of a Dreamer ","prdtYear":"1971","openDt":"","typeNm":"장편","prdtStatNm":"기타","nationAlt":"프랑스,이탈리아","genreAlt":"드라마,멜로/로맨스","repNationNm":"프랑스","repGenreNm":"드라마","directors":[{"peopleNm":"로베르 브레송"}],"companys":[]},{"movieCd":"20120401","movieNm":"백야","movieNmEn":"White Nights","prdtYear":"1957","openDt":"","typeNm":"장편","prdtStatNm":"기타","nationAlt":"이탈리아","genreAlt":"드라마","repNationNm":"이탈리아","repGenreNm":"드라마","directors":[{"peopleNm":"루치노 비스콘티"}],"companys":[]}]}