{"totCnt":"95385","source":"영화진흥위원회","movieList":[{"movieCd":"20212839","movieNm":"속살 깊숙이 위로해 주는 여동생","movieNmEn":"","prdtYear":"2021","openDt":"20220120","typeNm":"장편","prdtStatNm":"개봉","nationAlt":"한국","genreAlt":"성인물(에로)","repNationNm":"한국","repGenreNm":"성인물(에로)","directors":[{"peopleNm":"강현성"}],"companys":[{"companyCd":"20217881","companyNm":"(주)샤이커뮤니케이션즈"}]},{"movieCd":"20212145","movieNm":"블러드 스카이 19","movieNmEn":"Row 19","prdtYear":"2021","openDt":"","typeNm":"장편","prdtStatNm":"기타","nationAlt":"러시아","genreAlt":"공포(호러),액션","repNationNm":"러시아","repGenreNm":"공포(호러)","directors":[{"peopleNm":"알렉산더 바바에브"}],"companys":[]},{"movieCd":"20212860","movieNm":"견딜 수 없는 유혹","movieNmEn":"","prdtYear":"2021","openDt":"20220120","typeNm":"장편","prdtStatNm":"개봉","nationAlt":"한국","genreAlt":"성인물(에로)","repNationNm":"한국","repGenreNm":"성인물(에로)","directors":[{"peopleNm":"강현성"}],"companys":[{"companyCd":"20217881","companyNm":"(주)샤이커뮤니케이션즈"}]},{"movieCd":"20223512","movieNm":"불 좀 켜주세요","movieNmEn":"Please Turn the Light On","prdtYear":"2020","openDt":"","typeNm":"단편","prdtStatNm":"기타","nationAlt":"미국","genreAlt":"코미디,드라마,멜로/로맨스","repNationNm":"미국","repGenreNm":"코미디","directors":[{"peopleNm":"나선희"}],"companys":[]},{"movieCd":"20201847","movieNm":"걸 위드 더 카메라","movieNmEn":"Girl with the Camera","prdtYear":"2021","openDt":"20220120","typeNm":"장편","prdtStatNm":"개봉","nationAlt":"한국","genreAlt":"다큐멘터리","repNationNm":"한국","repGenreNm":"다큐멘터리","directors":[{"peopleNm":"안희수"}],"companys":[]},{"movieCd":"20223647","movieNm":"우리의 시간","movieNmEn":"Different Times","prdtYear":"2020","openDt":"","typeNm":"단편","prdtStatNm":"기타","nationAlt":"한국","genreAlt":"기타","repNationNm":"한국","repGenreNm":"기타","directors":[{"peopleNm":"정유정"}],"companys":[]},{"movieCd":"20223659","movieNm":"운칠기삼","movieNmEn":"","prdtYear":"2021","openDt":"","typeNm":"단편","prdtStatNm":"기타","nationAlt":"한국","genreAlt":"드라마,코미디","repNationNm":"한국","repGenreNm":"드라마","directors":[],"companys":[]},{"movieCd":"20223658","movieNm":"로드 멜로디","movieNmEn":"Road Melody","prdtYear":"2020","openDt":"","typeNm":"단편","prdtStatNm":"기타","nationAlt":"한국","genreAlt":"다큐멘터리","repNationNm":"한국","repGenreNm":"다큐멘터리","directors":[{"peopleNm":"이지선"}],"companys":[]},{"movieCd":"20212532","movieNm":"입하","movieNmEn":"The Intro of Summer","prdtYear":"2021","openDt":"","typeNm":"단편","prdtStatNm":"기타","nationAlt":"한국","genreAlt":"기타","repNationNm":"한국","repGenreNm":"기타","directors":[{"peopleNm":"김예전"},{"peopleNm":"소은성"}],"companys":[]},{"movieCd":"20223645","movieNm":"라스트 컷","movieNmEn":"Last Cut","prdtYear":"2021","openDt":"","typeNm":"단편","prdtStatNm":"기타","nationAlt":"한국","genreAlt":"드라마","repNationNm":"한국","repGenreNm":"드라마","directors":[{"peopleNm":"김권환"}],"companys":[]}]}