{"totCnt":"95385","source":"영화진흥위원회","movieList":[{"movieCd":"20138321","movieNm":"투구꽃 그 마을 ","movieNmEn":"Cement Town Tragedy ","prdtYear":"2012","openDt":"","typeNm":"장편","prdtStatNm":"기타","nationAlt":"한국","genreAlt":"다큐멘터리","repNationNm":"한국","repGenreNm":"다큐멘터리","directors":[{"peopleNm":"오규익"}],"companys":[]},{"movieCd":"20224141","movieNm":"새엄마 유이의 거친 플레이","movieNmEn":"","prdtYear":"2020","openDt":"20220311","typeNm":"장편","prdtStatNm":"개봉","nationAlt":"일본","genreAlt":"성인물(에로),드라마,멜로/로맨스","repNationNm":"일본","repGenreNm":"성인물(에로)","directors":[{"peopleNm":"나카노 야요이"}],"companys":[]},{"movieCd":"20224073","movieNm":"며느리 완전 정복!","movieNmEn":"","prdtYear":"2020","openDt":"20220311","typeNm":"장편","prdtStatNm":"개봉","nationAlt":"일본","genreAlt":"성인물(에로),드라마,멜로/로맨스","repNationNm":"일본","repGenreNm":"성인물(에로)","directors":[{"peopleNm":"디렉터 O"}],"companys":[]},{"movieCd":"20224123","movieNm":"돌싱남녀의 농익은 테크닉","movieNmEn":"","prdtYear":"2020","openDt":"20220311","typeNm":"장편","prdtStatNm":"개봉","nationAlt":"일본","genreAlt":"성인물(에로),드라마,멜로/로맨스","repNationNm":"일본","repGenreNm":"성인물(에로)","directors":[{"peopleNm":"카오루"}],"companys":[]},{"movieCd":"20176251","movieNm":"내안의 그놈","movieNmEn":"The Dude in Me","prdtYear":"2018","openDt":"20190109","typeNm":"장편","prdtStatNm":"개봉","nationAlt":"한국","genreAlt":"판타지,코미디","repNationNm":"한국","repGenreNm":"판타지","directors":[{"peopleNm":"강효진"}],"companys":[{"companyCd":"20063007","companyNm":"(주)에코필름"},{"companyCd":"20100938","companyNm":"(주)전망좋은 영화사"}]},{"movieCd":"20181434","movieNm":"신의 한 수: 귀수편","movieNmEn":"The Divine Move 2: The Wrathful","prdtYear":"2019","openDt":"20191107","typeNm":"장편","prdtStatNm":"개봉","nationAlt":"한국","genreAlt":"범죄,액션","repNationNm":"한국","repGenreNm":"범죄","directors":[{"peopleNm":"리건"}],"companys":[{"companyCd":"20110891","companyNm":"(주)메이스엔터테인먼트"},{"companyCd":"20140743","companyNm":"(주)아지트필름"}]},{"movieCd":"20201347","movieNm":"바다의 양식","movieNmEn":"The Way to The Sea","prdtYear":"2020","openDt":"","typeNm":"단편","prdtStatNm":"기타","nationAlt":"한국","genreAlt":"드라마","repNationNm":"한국","repGenreNm":"드라마","directors":[{"peopleNm":"고이든"}],"companys":[]},{"movieCd":"20211554","movieNm":"SBFF2021 NG! KEEP GOING","movieNmEn":"","prdtYear":"2021","openDt":"","typeNm":"옴니버스","prdtStatNm":"기타","nationAlt":"한국","genreAlt":"기타","repNationNm":"한국","repGenreNm":"기타","directors":[],"companys":[]},{"movieCd":"20211553","movieNm":"SBFF2021 성북시퀀스2","movieNmEn":"","prdtYear":"2021","openDt":"","typeNm":"옴니버스","prdtStatNm":"기타","nationAlt":"한국","genreAlt":"기타","repNationNm":"한국","repGenreNm":"기타","directors":[],"companys":[]},{"movieCd":"20211579","movieNm":"SBFF2021 성북시퀀스1","movieNmEn":"","prdtYear":"2021","openDt":"","typeNm":"옴니버스","prdtStatNm":"기타","nationAlt":"한국","genreAlt":"기타","repNationNm":"한국","repGenreNm":"기타","directors":[],"companys":[]}]}