{"totCnt":"95385","source":"영화진흥위원회","movieList":[{"movieCd":"20224147","movieNm":"넘치는 욕정녀","movieNmEn":"","prdtYear":"2020","openDt":"20220308","typeNm":"장편","prdtStatNm":"개봉","nationAlt":"일본","genreAlt":"성인물(에로),멜로/로맨스","repNationNm":"일본","repGenreNm":"성인물(에로)","directors":[],"companys":[]},{"movieCd":"20223953","movieNm":"블랙라이트","movieNmEn":"Blacklight","prdtYear":"2020","openDt":"20220309","typeNm":"장편","prdtStatNm":"개봉","nationAlt":"미국","genreAlt":"액션,스릴러","repNationNm":"미국","repGenreNm":"액션","directors":[{"peopleNm":"마크 윌리엄스"}],"companys":[]},{"movieCd":"20223828","movieNm":"나의 히어로 아카데미아 더 무비: 월드 히어로즈 미션","movieNmEn":"My Hero Academia: World Heroes' Mission","prdtYear":"2021","openDt":"20220309","typeNm":"장편","prdtStatNm":"개봉","nationAlt":"일본","genreAlt":"애니메이션","repNationNm":"일본","repGenreNm":"애니메이션","directors":[{"peopleNm":"나가사키 켄지"}],"companys":[]},{"movieCd":"20224133","movieNm":"극장판 금빛 모자이크 땡큐!!","movieNmEn":"KINMOZA The Movie: Thank you!!","prdtYear":"2020","openDt":"20220309","typeNm":"장편","prdtStatNm":"개봉","nationAlt":"일본","genreAlt":"애니메이션","repNationNm":"일본","repGenreNm":"애니메이션","directors":[],"companys":[]},{"movieCd":"20224211","movieNm":"극한캠프","movieNmEn":"Ruin Me","prdtYear":"2017","openDt":"","typeNm":"장편","prdtStatNm":"기타","nationAlt":"미국","genreAlt":"공포(호러)","repNationNm":"미국","repGenreNm":"공포(호러)","directors":[],"companys":[]},{"movieCd":"20224196","movieNm":"펀치드렁크 로맨스","movieNmEn":"All She Wrote","prdtYear":"2018","openDt":"","typeNm":"장편","prdtStatNm":"기타","nationAlt":"불가리아","genreAlt":"드라마,멜로/로맨스,액션","repNationNm":"불가리아","repGenreNm":"드라마","directors":[],"companys":[]},{"movieCd":"20216432","movieNm":"최면","movieNmEn":"The Hypnosis","prdtYear":"2021","openDt":"20210324","typeNm":"장편","prdtStatNm":"개봉","nationAlt":"한국","genreAlt":"공포(호러),스릴러","repNationNm":"한국","repGenreNm":"공포(호러)","directors":[{"peopleNm":"최재훈"}],"companys":[{"companyCd":"20111081","companyNm":"(주)스마일이엔티"}]},{"movieCd":"20224089","movieNm":"신천녀유혼: 인과 연","movieNmEn":"A Fairy Tale","prdtYear":"2021","openDt":"","typeNm":"장편","prdtStatNm":"기타","nationAlt":"중국","genreAlt":"판타지,멜로/로맨스,액션","repNationNm":"중국","repGenreNm":"판타지","directors":[],"companys":[]},{"movieCd":"20224113","movieNm":"쿵푸허슬2","movieNmEn":"The Mask of Shura of Fire Cloud","prdtYear":"2020","openDt":"","typeNm":"장편","prdtStatNm":"기타","nationAlt":"중국","genreAlt":"액션,코미디","repNationNm":"중국","repGenreNm":"액션","directors":[{"peopleNm":"종지행"}],"companys":[]},{"movieCd":"20224190","movieNm":"유나이티드 웨이: 맨체스터의 심장","movieNmEn":"The United Way","prdtYear":"2021","openDt":"","typeNm":"장편","prdtStatNm":"기타","nationAlt":"영국","genreAlt":"다큐멘터리","repNationNm":"영국","repGenreNm":"다큐멘터리","directors":[],"companys":[]}]}