{"totCnt":"95385","source":"영화진흥위원회","movieList":[{"movieCd":"20230690","movieNm":"딸의 순결을 대신 지켜준 엄마","movieNmEn":"","prdtYear":"2022","openDt":"","typeNm":"장편","prdtStatNm":"기타","nationAlt":"일본","genreAlt":"성인물(에로)","repNationNm":"일본","repGenreNm":"성인물(에로)","directors":[{"peopleNm":"비바 곤조"}],"companys":[]},{"movieCd":"20230605","movieNm":"대만 음란 하숙집 : 아줌마의 도발","movieNmEn":"","prdtYear":"2022","openDt":"","typeNm":"장편","prdtStatNm":"기타","nationAlt":"대만","genreAlt":"성인물(에로)","repNationNm":"대만","repGenreNm":"성인물(에로)","directors":[],"companys":[]},{"movieCd":"20230678","movieNm":"납품업체 사장의 노리개가 된 아내","movieNmEn":"","prdtYear":"2022","openDt":"","typeNm":"장편","prdtStatNm":"기타","nationAlt":"일본","genreAlt":"성인물(에로)","repNationNm":"일본","repGenreNm":"성인물(에로)","directors":[{"peopleNm":"미시마 로쿠사부로"}],"companys":[]},{"movieCd":"20191941","movieNm":"눈썹","movieNmEn":"Lash","prdtYear":"2017","openDt":"","typeNm":"장편","prdtStatNm":"촬영진행","nationAlt":"한국,홍콩","genreAlt":"다큐멘터리","repNationNm":"한국","repGenreNm":"다큐멘터리","directors":[{"peopleNm":"정윤석"}],"companys":[]},{"movieCd":"20204548","movieNm":"범죄도시2","movieNmEn":"The Roundup","prdtYear":"2022","openDt":"20220518","typeNm":"장편","prdtStatNm":"개봉","nationAlt":"한국","genreAlt":"범죄,액션","repNationNm":"한국","repGenreNm":"범죄","directors":[{"peopleNm":"이상용"}],"companys":[{"companyCd":"20229048","companyNm":"주식회사 빅펀치픽쳐스"},{"companyCd":"20063279","companyNm":"(주)홍필름"},{"companyCd":"20138935","companyNm":"(주)비에이엔터테인먼트"}]},{"movieCd":"20230775","movieNm":"홀인원： 어서 와서 넣어줘요 무삭제","movieNmEn":"","prdtYear":"2022","openDt":"","typeNm":"장편","prdtStatNm":"기타","nationAlt":"한국","genreAlt":"성인물(에로)","repNationNm":"한국","repGenreNm":"성인물(에로)","directors":[{"peopleNm":"김레이"}],"companys":[{"companyCd":"20100142","companyNm":"(주)씨맥스커뮤니케이션즈"}]},{"movieCd":"20230794","movieNm":"바람피우다 남편한테 당하는 아내","movieNmEn":"","prdtYear":"2021","openDt":"","typeNm":"장편","prdtStatNm":"기타","nationAlt":"일본","genreAlt":"성인물(에로)","repNationNm":"일본","repGenreNm":"성인물(에로)","directors":[],"companys":[]},{"movieCd":"20230793","movieNm":"야근 도중 아랫도리 피티시켜주는 직장 상사","movieNmEn":"","prdtYear":"2021","openDt":"","typeNm":"장편","prdtStatNm":"기타","nationAlt":"일본","genreAlt":"성인물(에로)","repNationNm":"일본","repGenreNm":"성인물(에로)","directors":[],"companys":[]},{"movieCd":"20230792","movieNm":"MZ 오피스 섹스 다이어리","movieNmEn":"","prdtYear":"2022","openDt":"","typeNm":"장편","prdtStatNm":"기타","nationAlt":"일본","genreAlt":"성인물(에로)","repNationNm":"일본","repGenreNm":"성인물(에로)","directors":[],"companys":[]},{"movieCd":"20230791","movieNm":"미망인 : 사모님의 다리 사이가 젖을 때","movieNmEn":"","prdtYear":"2021","openDt":"","typeNm":"장편","prdtStatNm":"기타","nationAlt":"일본","genreAlt":"성인물(에로)","repNationNm":"일본","repGenreNm":"성인물(에로)","directors":[],"companys":[]}]}