{"totCnt":"95385","source":"영화진흥위원회","movieList":[{"movieCd":"20217525","movieNm":"점프","movieNmEn":"Jump","prdtYear":"2019","openDt":"","typeNm":"단편","prdtStatNm":"기타","nationAlt":"한국","genreAlt":"드라마","repNationNm":"한국","repGenreNm":"드라마","directors":[],"companys":[]},{"movieCd":"20217180","movieNm":"마리아와 비욘세","movieNmEn":"Maria&Beyonce","prdtYear":"2020","openDt":"","typeNm":"단편","prdtStatNm":"기타","nationAlt":"한국","genreAlt":"드라마","repNationNm":"한국","repGenreNm":"드라마","directors":[{"peopleNm":"송예찬"}],"companys":[]},{"movieCd":"20211194","movieNm":"높이뛰기","movieNmEn":"High Jump","prdtYear":"2021","openDt":"","typeNm":"단편","prdtStatNm":"기타","nationAlt":"한국","genreAlt":"드라마,가족","repNationNm":"한국","repGenreNm":"드라마","directors":[{"peopleNm":"정수진"}],"companys":[]},{"movieCd":"20212309","movieNm":"배달의 정수","movieNmEn":"Jeongsu the Delivery Guy","prdtYear":"2021","openDt":"","typeNm":"단편","prdtStatNm":"기타","nationAlt":"한국","genreAlt":"기타","repNationNm":"한국","repGenreNm":"기타","directors":[{"peopleNm":"이나경"}],"companys":[]},{"movieCd":"20210663","movieNm":"라스트 나잇 인 소호","movieNmEn":"Last Night in Soho","prdtYear":"2021","openDt":"20211201","typeNm":"장편","prdtStatNm":"개봉","nationAlt":"미국","genreAlt":"공포(호러),스릴러,미스터리","repNationNm":"미국","repGenreNm":"공포(호러)","directors":[{"peopleNm":"에드가 라이트"}],"companys":[]},{"movieCd":"20196763","movieNm":"고스트버스터즈 라이즈","movieNmEn":"Ghostbusters: Afterlife","prdtYear":"2021","openDt":"20211201","typeNm":"장편","prdtStatNm":"개봉","nationAlt":"미국","genreAlt":"어드벤처,미스터리,액션","repNationNm":"미국","repGenreNm":"어드벤처","directors":[{"peopleNm":"제이슨 라이트맨"}],"companys":[]},{"movieCd":"20212308","movieNm":"제20회 대진대학교 졸업영화제 3섹션","movieNmEn":"","prdtYear":"2021","openDt":"","typeNm":"옴니버스","prdtStatNm":"기타","nationAlt":"한국","genreAlt":"기타","repNationNm":"한국","repGenreNm":"기타","directors":[],"companys":[]},{"movieCd":"20212307","movieNm":"제20회 대진대학교 졸업영화제 2섹션","movieNmEn":"","prdtYear":"2021","openDt":"","typeNm":"옴니버스","prdtStatNm":"기타","nationAlt":"한국","genreAlt":"기타","repNationNm":"한국","repGenreNm":"기타","directors":[],"companys":[]},{"movieCd":"20212306","movieNm":"제20회 대진대학교 졸업영화제 1섹션","movieNmEn":"","prdtYear":"2021","openDt":"","typeNm":"옴니버스","prdtStatNm":"기타","nationAlt":"한국,중국","genreAlt":"기타","repNationNm":"한국","repGenreNm":"기타","directors":[],"companys":[]},{"movieCd":"20212305","movieNm":"헬프 미","movieNmEn":"Help Me","prdtYear":"2021","openDt":"","typeNm":"단편","prdtStatNm":"기타","nationAlt":"한국","genreAlt":"미스터리,스릴러","repNationNm":"한국","repGenreNm":"미스터리","directors":[],"companys":[]}]}