{"totCnt":"95385","source":"영화진흥위원회","movieList":[{"movieCd":"20219877","movieNm":"인디애니페스트2021 빌 플림턴의 마스터클래스","movieNmEn":"Master Class by BILL PLYMPTON","prdtYear":"2021","openDt":"","typeNm":"기타","prdtStatNm":"기타","nationAlt":"기타","genreAlt":"기타","repNationNm":"기타","repGenreNm":"기타","directors":[],"companys":[]},{"movieCd":"20219876","movieNm":"인디애니페스트2021 CEE 신인 감독전","movieNmEn":"CEE Animation Talents","prdtYear":"2021","openDt":"","typeNm":"옴니버스","prdtStatNm":"기타","nationAlt":"기타","genreAlt":"애니메이션","repNationNm":"기타","repGenreNm":"애니메이션","directors":[],"companys":[]},{"movieCd":"20219862","movieNm":"인디애니페스트2021 릴레이작가 초청전","movieNmEn":"Invitation from Relay Animation Artists","prdtYear":"2021","openDt":"","typeNm":"옴니버스","prdtStatNm":"기타","nationAlt":"기타","genreAlt":"애니메이션","repNationNm":"기타","repGenreNm":"애니메이션","directors":[],"companys":[]},{"movieCd":"20219863","movieNm":"인디애니페스트2021 빌 플림턴 단편 스페셜","movieNmEn":"Bill Plympton's Short Film Special","prdtYear":"2021","openDt":"","typeNm":"옴니버스","prdtStatNm":"기타","nationAlt":"미국","genreAlt":"애니메이션","repNationNm":"미국","repGenreNm":"애니메이션","directors":[],"companys":[]},{"movieCd":"20219861","movieNm":"인디애니페스트2021 아시아 파노라마","movieNmEn":"Asia Panorama","prdtYear":"2021","openDt":"","typeNm":"옴니버스","prdtStatNm":"기타","nationAlt":"기타","genreAlt":"애니메이션","repNationNm":"기타","repGenreNm":"애니메이션","directors":[],"companys":[]},{"movieCd":"20219860","movieNm":"인디애니페스트2021 아시아로4","movieNmEn":"ASIA ROAD4","prdtYear":"2021","openDt":"","typeNm":"옴니버스","prdtStatNm":"기타","nationAlt":"기타","genreAlt":"애니메이션","repNationNm":"기타","repGenreNm":"애니메이션","directors":[],"companys":[]},{"movieCd":"20219875","movieNm":"인디애니페스트2021 아시아로3","movieNmEn":"ASIA ROAD3","prdtYear":"2021","openDt":"","typeNm":"옴니버스","prdtStatNm":"기타","nationAlt":"기타","genreAlt":"애니메이션","repNationNm":"기타","repGenreNm":"애니메이션","directors":[],"companys":[]},{"movieCd":"20219859","movieNm":"인디애니페스트2021 아시아로2","movieNmEn":"ASIA ROAD2","prdtYear":"2021","openDt":"","typeNm":"옴니버스","prdtStatNm":"기타","nationAlt":"기타","genreAlt":"애니메이션","repNationNm":"기타","repGenreNm":"애니메이션","directors":[],"companys":[]},{"movieCd":"20219874","movieNm":"인디애니페스트2021 아시아로1","movieNmEn":"ASIA ROAD1","prdtYear":"2021","openDt":"","typeNm":"옴니버스","prdtStatNm":"기타","nationAlt":"기타","genreAlt":"애니메이션","repNationNm":"기타","repGenreNm":"애니메이션","directors":[],"companys":[]},{"movieCd":"20219873","movieNm":"인디애니페스트2021 랜선비행","movieNmEn":"Animated Web Series","prdtYear":"2021","openDt":"","typeNm":"옴니버스","prdtStatNm":"기타","nationAlt":"한국","genreAlt":"애니메이션","repNationNm":"한국","repGenreNm":"애니메이션","directors":[],"companys":[]}]}