{"totCnt":"95385","source":"영화진흥위원회","movieList":[{"movieCd":"20212606","movieNm":"10 아이덴티티","movieNmEn":"Minor Premise","prdtYear":"2020","openDt":"","typeNm":"장편","prdtStatNm":"기타","nationAlt":"미국","genreAlt":"드라마,SF,스릴러","repNationNm":"미국","repGenreNm":"드라마","directors":[],"companys":[]},{"movieCd":"20212842","movieNm":"KAC한국예술원 제25회 졸업영화제: 재치있게 버텨라!","movieNmEn":"","prdtYear":"2021","openDt":"","typeNm":"옴니버스","prdtStatNm":"기타","nationAlt":"한국","genreAlt":"기타","repNationNm":"한국","repGenreNm":"기타","directors":[],"companys":[]},{"movieCd":"20212825","movieNm":"KAC한국예술원 제25회 졸업영화제: 차갑게 버텨라!","movieNmEn":"","prdtYear":"2021","openDt":"","typeNm":"옴니버스","prdtStatNm":"기타","nationAlt":"한국","genreAlt":"기타","repNationNm":"한국","repGenreNm":"기타","directors":[],"companys":[]},{"movieCd":"20212824","movieNm":"KAC한국예술원 제25회 졸업영화제: 뜨겁게 버텨라!","movieNmEn":"","prdtYear":"2021","openDt":"","typeNm":"옴니버스","prdtStatNm":"기타","nationAlt":"한국","genreAlt":"기타","repNationNm":"한국","repGenreNm":"기타","directors":[],"companys":[]},{"movieCd":"20212823","movieNm":"고백","movieNmEn":"Go back","prdtYear":"2021","openDt":"","typeNm":"단편","prdtStatNm":"기타","nationAlt":"한국","genreAlt":"코미디","repNationNm":"한국","repGenreNm":"코미디","directors":[{"peopleNm":"이우성"}],"companys":[]},{"movieCd":"20212770","movieNm":"골목길","movieNmEn":"Alley","prdtYear":"2021","openDt":"","typeNm":"단편","prdtStatNm":"기타","nationAlt":"한국","genreAlt":"공포(호러)","repNationNm":"한국","repGenreNm":"공포(호러)","directors":[],"companys":[]},{"movieCd":"20212643","movieNm":"전설의 검","movieNmEn":"Swords of Legends: The Chaos Fire","prdtYear":"2020","openDt":"","typeNm":"장편","prdtStatNm":"기타","nationAlt":"중국","genreAlt":"액션","repNationNm":"중국","repGenreNm":"액션","directors":[],"companys":[]},{"movieCd":"20212807","movieNm":"뻐끔 뻐끔","movieNmEn":"Blub Blub","prdtYear":"2020","openDt":"","typeNm":"단편","prdtStatNm":"기타","nationAlt":"한국","genreAlt":"드라마","repNationNm":"한국","repGenreNm":"드라마","directors":[],"companys":[]},{"movieCd":"20212806","movieNm":"너를 잃어버리는 과정","movieNmEn":"The process of losing you","prdtYear":"2020","openDt":"","typeNm":"단편","prdtStatNm":"기타","nationAlt":"한국","genreAlt":"드라마","repNationNm":"한국","repGenreNm":"드라마","directors":[],"companys":[]},{"movieCd":"20212805","movieNm":"쉿","movieNmEn":"shhh","prdtYear":"2020","openDt":"","typeNm":"단편","prdtStatNm":"기타","nationAlt":"한국","genreAlt":"코미디","repNationNm":"한국","repGenreNm":"코미디","directors":[],"companys":[]}]}