{"totCnt":"95385","source":"영화진흥위원회","movieList":[{"movieCd":"20210226","movieNm":"리벤저스","movieNmEn":"Savage State","prdtYear":"2019","openDt":"","typeNm":"장편","prdtStatNm":"기타","nationAlt":"프랑스","genreAlt":"액션","repNationNm":"프랑스","repGenreNm":"액션","directors":[],"companys":[]},{"movieCd":"20218783","movieNm":"다크 스펠","movieNmEn":"Dark Spell","prdtYear":"2021","openDt":"20210902","typeNm":"장편","prdtStatNm":"개봉","nationAlt":"러시아","genreAlt":"멜로/로맨스,공포(호러)","repNationNm":"러시아","repGenreNm":"멜로/로맨스","directors":[{"peopleNm":"스브야토슬라브 포드가에브스키"}],"companys":[]},{"movieCd":"20210641","movieNm":"엽기적인 소녀","movieNmEn":"Boxing Master","prdtYear":"2019","openDt":"","typeNm":"장편","prdtStatNm":"기타","nationAlt":"중국","genreAlt":"코미디","repNationNm":"중국","repGenreNm":"코미디","directors":[],"companys":[]},{"movieCd":"20210104","movieNm":"창천 : 전장의 서막","movieNmEn":"Kill the Monster","prdtYear":"2021","openDt":"","typeNm":"장편","prdtStatNm":"기타","nationAlt":"중국","genreAlt":"액션","repNationNm":"중국","repGenreNm":"액션","directors":[{"peopleNm":"이력지"}],"companys":[]},{"movieCd":"20210155","movieNm":"스왈로 탐험대와 아마존 해적","movieNmEn":"Swallows and Amazons","prdtYear":"2016","openDt":"20210902","typeNm":"장편","prdtStatNm":"개봉","nationAlt":"영국","genreAlt":"어드벤처,드라마,가족","repNationNm":"영국","repGenreNm":"어드벤처","directors":[{"peopleNm":"필립파 로소프"}],"companys":[]},{"movieCd":"20210237","movieNm":"부부싸움 후 저지른 친구누나","movieNmEn":"","prdtYear":"2020","openDt":"","typeNm":"장편","prdtStatNm":"기타","nationAlt":"일본","genreAlt":"성인물(에로),드라마","repNationNm":"일본","repGenreNm":"성인물(에로)","directors":[],"companys":[]},{"movieCd":"20210261","movieNm":"그시절 누님과 금지된 정사","movieNmEn":"","prdtYear":"2020","openDt":"","typeNm":"장편","prdtStatNm":"기타","nationAlt":"일본","genreAlt":"성인물(에로),드라마","repNationNm":"일본","repGenreNm":"성인물(에로)","directors":[{"peopleNm":"마메자와 마메타로"}],"companys":[]},{"movieCd":"20219565","movieNm":"숲의 비명 : 사라진 사람들","movieNmEn":"","prdtYear":"2021","openDt":"20210826","typeNm":"장편","prdtStatNm":"개봉","nationAlt":"한국","genreAlt":"공포(호러),스릴러","repNationNm":"한국","repGenreNm":"공포(호러)","directors":[{"peopleNm":"전혜림"}],"companys":[{"companyCd":"20062557","companyNm":"(주)트리필름"},{"companyCd":"20190001","companyNm":"(주)포레스트필름"}]},{"movieCd":"20183910","movieNm":"텐덤","movieNmEn":"Tandem","prdtYear":"2019","openDt":"","typeNm":"단편","prdtStatNm":"기타","nationAlt":"한국","genreAlt":"기타","repNationNm":"한국","repGenreNm":"기타","directors":[{"peopleNm":"김가현"}],"companys":[]},{"movieCd":"20219727","movieNm":"스토리업 쇼츠 - 섹션2. 각자의 과정","movieNmEn":"","prdtYear":"2021","openDt":"","typeNm":"옴니버스","prdtStatNm":"기타","nationAlt":"한국","genreAlt":"기타","repNationNm":"한국","repGenreNm":"기타","directors":[],"companys":[]}]}