{"totCnt":"95385","source":"영화진흥위원회","movieList":[{"movieCd":"20231656","movieNm":"간호사의 음란한 봉사","movieNmEn":"","prdtYear":"2020","openDt":"","typeNm":"장편","prdtStatNm":"개봉예정","nationAlt":"일본","genreAlt":"성인물(에로)","repNationNm":"일본","repGenreNm":"성인물(에로)","directors":[],"companys":[]},{"movieCd":"20231640","movieNm":"기둥서방 내사랑 사위","movieNmEn":"","prdtYear":"2023","openDt":"","typeNm":"장편","prdtStatNm":"개봉예정","nationAlt":"한국","genreAlt":"성인물(에로)","repNationNm":"한국","repGenreNm":"성인물(에로)","directors":[{"peopleNm":"신쥬쿠 조쎈빠이"}],"companys":[{"companyCd":"20176162","companyNm":"(주)코빈커뮤니케이션즈"}]},{"movieCd":"20231639","movieNm":"관음 버라이어티 베이글녀의 사생활","movieNmEn":"","prdtYear":"2023","openDt":"","typeNm":"장편","prdtStatNm":"개봉예정","nationAlt":"한국","genreAlt":"성인물(에로)","repNationNm":"한국","repGenreNm":"성인물(에로)","directors":[{"peopleNm":"서필벅"}],"companys":[{"companyCd":"20217881","companyNm":"(주)샤이커뮤니케이션즈"}]},{"movieCd":"20231638","movieNm":"섹스는 언제든지 좋아","movieNmEn":"","prdtYear":"2023","openDt":"","typeNm":"장편","prdtStatNm":"개봉예정","nationAlt":"한국","genreAlt":"성인물(에로)","repNationNm":"한국","repGenreNm":"성인물(에로)","directors":[{"peopleNm":"남근만"}],"companys":[{"companyCd":"20217881","companyNm":"(주)샤이커뮤니케이션즈"}]},{"movieCd":"20231655","movieNm":"부녀회장 아줌마의 아찔한 속살","movieNmEn":"","prdtYear":"2023","openDt":"","typeNm":"장편","prdtStatNm":"개봉예정","nationAlt":"한국","genreAlt":"성인물(에로)","repNationNm":"한국","repGenreNm":"성인물(에로)","directors":[{"peopleNm":"김연희"}],"companys":[{"companyCd":"20217881","companyNm":"(주)샤이커뮤니케이션즈"}]},{"movieCd":"20231654","movieNm":"자랑하고 싶은 거유 여친","movieNmEn":"","prdtYear":"2023","openDt":"","typeNm":"장편","prdtStatNm":"개봉예정","nationAlt":"한국","genreAlt":"성인물(에로)","repNationNm":"한국","repGenreNm":"성인물(에로)","directors":[{"peopleNm":"김선아"}],"companys":[{"companyCd":"20217881","companyNm":"(주)샤이커뮤니케이션즈"}]},{"movieCd":"20231637","movieNm":"줄리아의 인생극장","movieNmEn":"The Vortex of Life","prdtYear":"2022","openDt":"20230524","typeNm":"장편","prdtStatNm":"개봉예정","nationAlt":"프랑스","genreAlt":"드라마,멜로/로맨스","repNationNm":"프랑스","repGenreNm":"드라마","directors":[{"peopleNm":"올리비에 트레네"}],"companys":[]},{"movieCd":"2023C383","movieNm":"활: 추격자 스부","movieNmEn":"Tracking Down","prdtYear":"2021","openDt":"","typeNm":"온라인전용","prdtStatNm":"기타","nationAlt":"중국","genreAlt":"액션","repNationNm":"중국","repGenreNm":"액션","directors":[],"companys":[]},{"movieCd":"20231636","movieNm":"보이스: 더 폰","movieNmEn":"","prdtYear":"2023","openDt":"","typeNm":"장편","prdtStatNm":"기타","nationAlt":"한국","genreAlt":"스릴러","repNationNm":"한국","repGenreNm":"스릴러","directors":[{"peopleNm":"최환"}],"companys":[{"companyCd":"20063099","companyNm":"(주)케이알씨지"}]},{"movieCd":"2023C381","movieNm":"위험한섹스 그리고 덫","movieNmEn":"The Lookalike","prdtYear":"2022","openDt":"","typeNm":"온라인전용","prdtStatNm":"기타","nationAlt":"호주","genreAlt":"멜로/로맨스,드라마,스릴러","repNationNm":"호주","repGenreNm":"멜로/로맨스","directors":[],"companys":[]}]}