{"totCnt":"95385","source":"영화진흥위원회","movieList":[{"movieCd":"20212470","movieNm":"버추얼 게임","movieNmEn":"Max Winslow and the House of Secrets","prdtYear":"2019","openDt":"","typeNm":"장편","prdtStatNm":"기타","nationAlt":"미국","genreAlt":"SF","repNationNm":"미국","repGenreNm":"SF","directors":[],"companys":[]},{"movieCd":"20212344","movieNm":"괴뢰희: 꼭두각시의 혈투","movieNmEn":"Puppet Prince","prdtYear":"2019","openDt":"","typeNm":"장편","prdtStatNm":"기타","nationAlt":"중국","genreAlt":"액션,판타지","repNationNm":"중국","repGenreNm":"액션","directors":[],"companys":[]},{"movieCd":"20212468","movieNm":"솔럼: 서바이벌 아일랜드","movieNmEn":"Solum","prdtYear":"2019","openDt":"","typeNm":"장편","prdtStatNm":"기타","nationAlt":"기타","genreAlt":"액션,어드벤처,SF","repNationNm":"기타","repGenreNm":"액션","directors":[{"peopleNm":"디오고 모르가도"}],"companys":[]},{"movieCd":"20212467","movieNm":"워 패스","movieNmEn":"War Path","prdtYear":"2019","openDt":"","typeNm":"장편","prdtStatNm":"기타","nationAlt":"미국","genreAlt":"액션,범죄","repNationNm":"미국","repGenreNm":"액션","directors":[],"companys":[]},{"movieCd":"20212466","movieNm":"자화상","movieNmEn":"Self Portrait","prdtYear":"2019","openDt":"","typeNm":"단편","prdtStatNm":"기타","nationAlt":"한국","genreAlt":"기타","repNationNm":"한국","repGenreNm":"기타","directors":[{"peopleNm":"최성재"}],"companys":[]},{"movieCd":"20212465","movieNm":"찍지 마세요! 대표님-연습생 아이돌","movieNmEn":"Tetsuo and Hiroshi","prdtYear":"2021","openDt":"","typeNm":"장편","prdtStatNm":"기타","nationAlt":"일본","genreAlt":"성인물(에로),드라마","repNationNm":"일본","repGenreNm":"성인물(에로)","directors":[{"peopleNm":"히로아키"}],"companys":[]},{"movieCd":"20212464","movieNm":"자세 좋은 영업왕 슬림녀","movieNmEn":"Negotiation sexual intercourse","prdtYear":"2021","openDt":"","typeNm":"장편","prdtStatNm":"기타","nationAlt":"일본","genreAlt":"성인물(에로),드라마","repNationNm":"일본","repGenreNm":"성인물(에로)","directors":[{"peopleNm":"와레메 사부로"}],"companys":[]},{"movieCd":"20212463","movieNm":"앞뒤 좋아하는 옆집 섹녀","movieNmEn":"Riding together","prdtYear":"2021","openDt":"","typeNm":"장편","prdtStatNm":"기타","nationAlt":"일본","genreAlt":"성인물(에로),드라마","repNationNm":"일본","repGenreNm":"성인물(에로)","directors":[{"peopleNm":"모리 시노죠"}],"companys":[]},{"movieCd":"20212462","movieNm":"한방울 남김없이 짜내는 선생","movieNmEn":"Private lesson","prdtYear":"2021","openDt":"","typeNm":"장편","prdtStatNm":"기타","nationAlt":"일본","genreAlt":"성인물(에로),드라마","repNationNm":"일본","repGenreNm":"성인물(에로)","directors":[{"peopleNm":"몬도 카사"}],"companys":[]},{"movieCd":"20212461","movieNm":"터져 버린 처제의 신음소리","movieNmEn":"Sister-in-law is thing repayment","prdtYear":"2021","openDt":"","typeNm":"장편","prdtStatNm":"기타","nationAlt":"일본","genreAlt":"성인물(에로),드라마","repNationNm":"일본","repGenreNm":"성인물(에로)","directors":[{"peopleNm":"사토 이노스케"}],"companys":[]}]}