{"totCnt":"95385","source":"영화진흥위원회","movieList":[{"movieCd":"20211007","movieNm":"끝과 시작 + 열일곱","movieNmEn":"In My End Is My Beginning + Free To Fly","prdtYear":"2021","openDt":"","typeNm":"옴니버스","prdtStatNm":"기타","nationAlt":"한국","genreAlt":"기타","repNationNm":"한국","repGenreNm":"기타","directors":[],"companys":[]},{"movieCd":"20211006","movieNm":"SIPFF2021 한국중편-비경쟁","movieNmEn":"Korean Mid-length films Non-competition","prdtYear":"2021","openDt":"","typeNm":"옴니버스","prdtStatNm":"기타","nationAlt":"한국","genreAlt":"기타","repNationNm":"한국","repGenreNm":"기타","directors":[],"companys":[]},{"movieCd":"20211005","movieNm":"SIPFF2021 한국단편-비경쟁 3","movieNmEn":"Korean Shorts Non-competition 3","prdtYear":"2021","openDt":"","typeNm":"옴니버스","prdtStatNm":"기타","nationAlt":"한국","genreAlt":"기타","repNationNm":"한국","repGenreNm":"기타","directors":[],"companys":[]},{"movieCd":"20211004","movieNm":"SIPFF2021 한국단편-비경쟁 2","movieNmEn":"Korean Shorts Non-competition 2","prdtYear":"2021","openDt":"","typeNm":"옴니버스","prdtStatNm":"기타","nationAlt":"한국","genreAlt":"기타","repNationNm":"한국","repGenreNm":"기타","directors":[],"companys":[]},{"movieCd":"20211003","movieNm":"SIPFF2021 한국단편-비경쟁 1","movieNmEn":"Korean Shorts Non-competition 1","prdtYear":"2021","openDt":"","typeNm":"옴니버스","prdtStatNm":"기타","nationAlt":"한국","genreAlt":"기타","repNationNm":"한국","repGenreNm":"기타","directors":[],"companys":[]},{"movieCd":"20210994","movieNm":"SIPFF2021 한국단편경쟁 4","movieNmEn":"Korean Shorts Competition 4","prdtYear":"2021","openDt":"","typeNm":"옴니버스","prdtStatNm":"기타","nationAlt":"한국","genreAlt":"기타","repNationNm":"한국","repGenreNm":"기타","directors":[],"companys":[]},{"movieCd":"20210992","movieNm":"SIPFF2021 한국단편경쟁 2","movieNmEn":"Korean Shorts Competition 2","prdtYear":"2021","openDt":"","typeNm":"옴니버스","prdtStatNm":"기타","nationAlt":"한국","genreAlt":"기타","repNationNm":"한국","repGenreNm":"기타","directors":[],"companys":[]},{"movieCd":"20211002","movieNm":"SIPFF2021 한국단편경쟁 1","movieNmEn":"Korean Shorts Competition 1","prdtYear":"2021","openDt":"","typeNm":"옴니버스","prdtStatNm":"기타","nationAlt":"한국","genreAlt":"기타","repNationNm":"한국","repGenreNm":"기타","directors":[],"companys":[]},{"movieCd":"20210979","movieNm":"불륜여관:늪에 빠진 중년들","movieNmEn":"","prdtYear":"2020","openDt":"","typeNm":"장편","prdtStatNm":"기타","nationAlt":"일본","genreAlt":"성인물(에로)","repNationNm":"일본","repGenreNm":"성인물(에로)","directors":[],"companys":[]},{"movieCd":"20210978","movieNm":"러브호텔:우리 다시 만나서","movieNmEn":"","prdtYear":"2020","openDt":"","typeNm":"장편","prdtStatNm":"기타","nationAlt":"일본","genreAlt":"성인물(에로)","repNationNm":"일본","repGenreNm":"성인물(에로)","directors":[],"companys":[]}]}