{"totCnt":"95385","source":"영화진흥위원회","movieList":[{"movieCd":"20211665","movieNm":"제17회 프라이드스크린 섹션1. 시선","movieNmEn":"","prdtYear":"2021","openDt":"","typeNm":"옴니버스","prdtStatNm":"기타","nationAlt":"기타","genreAlt":"기타","repNationNm":"기타","repGenreNm":"기타","directors":[],"companys":[]},{"movieCd":"20211664","movieNm":"제17회 프라이드스크린 개막작","movieNmEn":"","prdtYear":"2021","openDt":"","typeNm":"옴니버스","prdtStatNm":"기타","nationAlt":"한국","genreAlt":"기타","repNationNm":"한국","repGenreNm":"기타","directors":[],"companys":[]},{"movieCd":"20211653","movieNm":"제4회 무중력영화제 리플레이 상영회 섹션3: 바라보다","movieNmEn":"","prdtYear":"2021","openDt":"","typeNm":"옴니버스","prdtStatNm":"기타","nationAlt":"한국","genreAlt":"기타","repNationNm":"한국","repGenreNm":"기타","directors":[],"companys":[]},{"movieCd":"20211662","movieNm":"제4회 무중력영화제 리플레이 상영회 섹션2: 마주보다","movieNmEn":"","prdtYear":"2021","openDt":"","typeNm":"옴니버스","prdtStatNm":"기타","nationAlt":"한국","genreAlt":"기타","repNationNm":"한국","repGenreNm":"기타","directors":[],"companys":[]},{"movieCd":"20211661","movieNm":"서울로","movieNmEn":"In Seoul","prdtYear":"2021","openDt":"","typeNm":"단편","prdtStatNm":"기타","nationAlt":"한국","genreAlt":"드라마","repNationNm":"한국","repGenreNm":"드라마","directors":[{"peopleNm":"정승이"}],"companys":[]},{"movieCd":"20211652","movieNm":"제4회 무중력영화제 리플레이 상영회 섹션1: 돌아보다","movieNmEn":"","prdtYear":"2021","openDt":"","typeNm":"옴니버스","prdtStatNm":"기타","nationAlt":"한국","genreAlt":"기타","repNationNm":"한국","repGenreNm":"기타","directors":[],"companys":[]},{"movieCd":"20218579","movieNm":"수필러브","movieNmEn":"","prdtYear":"2020","openDt":"20210901","typeNm":"장편","prdtStatNm":"개봉","nationAlt":"한국","genreAlt":"기타","repNationNm":"한국","repGenreNm":"기타","directors":[{"peopleNm":"홍두표"}],"companys":[{"companyCd":"20217645","companyNm":"홍이필름"}]},{"movieCd":"20140226","movieNm":"호빗: 다섯 군대 전투","movieNmEn":"The Hobbit: The Battle of the Five Armies","prdtYear":"2014","openDt":"20141217","typeNm":"장편","prdtStatNm":"개봉","nationAlt":"미국,뉴질랜드","genreAlt":"어드벤처,판타지","repNationNm":"미국","repGenreNm":"어드벤처","directors":[{"peopleNm":"피터 잭슨"}],"companys":[]},{"movieCd":"20125048","movieNm":"호빗: 뜻밖의 여정","movieNmEn":"The Hobbit: An Unexpected Journey","prdtYear":"2012","openDt":"20121213","typeNm":"장편","prdtStatNm":"개봉","nationAlt":"미국,뉴질랜드","genreAlt":"어드벤처,판타지","repNationNm":"미국","repGenreNm":"어드벤처","directors":[{"peopleNm":"피터 잭슨"}],"companys":[]},{"movieCd":"20217131","movieNm":"고립","movieNmEn":"Isolation","prdtYear":"2020","openDt":"","typeNm":"단편","prdtStatNm":"기타","nationAlt":"한국","genreAlt":"스릴러","repNationNm":"한국","repGenreNm":"스릴러","directors":[{"peopleNm":"유호재"}],"companys":[]}]}