{"totCnt":"95385","source":"영화진흥위원회","movieList":[{"movieCd":"20210353","movieNm":"보라색 바다","movieNmEn":"Purple Sea","prdtYear":"2020","openDt":"","typeNm":"장편","prdtStatNm":"기타","nationAlt":"독일","genreAlt":"기타","repNationNm":"독일","repGenreNm":"기타","directors":[],"companys":[]},{"movieCd":"20210336","movieNm":"그녀의 이름은 유로파였다","movieNmEn":"Her Name was EUROPA","prdtYear":"2020","openDt":"","typeNm":"장편","prdtStatNm":"기타","nationAlt":"독일","genreAlt":"기타","repNationNm":"독일","repGenreNm":"기타","directors":[],"companys":[]},{"movieCd":"20210339","movieNm":"모스니-바다를 향해, 해안을 향해","movieNmEn":"Malni - Towards the Ocean, Towards the Shore","prdtYear":"2020","openDt":"","typeNm":"장편","prdtStatNm":"기타","nationAlt":"미국","genreAlt":"기타","repNationNm":"미국","repGenreNm":"기타","directors":[],"companys":[]},{"movieCd":"20210354","movieNm":"두 개의 광경","movieNmEn":"The Two Sights","prdtYear":"2020","openDt":"","typeNm":"장편","prdtStatNm":"기타","nationAlt":"캐나다,영국","genreAlt":"기타","repNationNm":"캐나다","repGenreNm":"기타","directors":[],"companys":[]},{"movieCd":"20210338","movieNm":"병에 담긴 노래들 1-4","movieNmEn":"Bottled Songs 1-4","prdtYear":"2020","openDt":"","typeNm":"장편","prdtStatNm":"기타","nationAlt":"독일","genreAlt":"기타","repNationNm":"독일","repGenreNm":"기타","directors":[],"companys":[]},{"movieCd":"20210352","movieNm":"러싱 그린 위드 호스","movieNmEn":"Rushing Green with Horses","prdtYear":"2019","openDt":"","typeNm":"장편","prdtStatNm":"기타","nationAlt":"독일","genreAlt":"기타","repNationNm":"독일","repGenreNm":"기타","directors":[],"companys":[]},{"movieCd":"20210351","movieNm":"EXiS2021 Indi-Visual 4","movieNmEn":"","prdtYear":"2021","openDt":"","typeNm":"옴니버스","prdtStatNm":"기타","nationAlt":"스페인","genreAlt":"기타","repNationNm":"스페인","repGenreNm":"기타","directors":[],"companys":[]},{"movieCd":"20210350","movieNm":"EXiS2021 Indi-Visual 3","movieNmEn":"","prdtYear":"2021","openDt":"","typeNm":"옴니버스","prdtStatNm":"기타","nationAlt":"포르투갈","genreAlt":"기타","repNationNm":"포르투갈","repGenreNm":"기타","directors":[],"companys":[]},{"movieCd":"20210335","movieNm":"EXiS2021 Indi-Visual 2","movieNmEn":"","prdtYear":"2021","openDt":"","typeNm":"옴니버스","prdtStatNm":"기타","nationAlt":"기타","genreAlt":"기타","repNationNm":"기타","repGenreNm":"기타","directors":[],"companys":[]},{"movieCd":"20210349","movieNm":"EXiS2021 Indi-Visual 1","movieNmEn":"","prdtYear":"2021","openDt":"","typeNm":"옴니버스","prdtStatNm":"기타","nationAlt":"한국","genreAlt":"기타","repNationNm":"한국","repGenreNm":"기타","directors":[],"companys":[]}]}