{"totCnt":"95385","source":"영화진흥위원회","movieList":[{"movieCd":"19878290","movieNm":"사탄의 태양 아래","movieNmEn":"Under Satan's Sun","prdtYear":"1987","openDt":"","typeNm":"장편","prdtStatNm":"기타","nationAlt":"프랑스","genreAlt":"드라마,판타지","repNationNm":"프랑스","repGenreNm":"드라마","directors":[{"peopleNm":"모리스 피알라"}],"companys":[]},{"movieCd":"19508008","movieNm":"어느 시골 사제의 일기","movieNmEn":"Diary of a Country Priest","prdtYear":"1950","openDt":"","typeNm":"장편","prdtStatNm":"기타","nationAlt":"프랑스","genreAlt":"드라마","repNationNm":"프랑스","repGenreNm":"드라마","directors":[{"peopleNm":"로베르 브레송"}],"companys":[]},{"movieCd":"20218251","movieNm":"4.5평","movieNmEn":"4.5㎡","prdtYear":"2020","openDt":"","typeNm":"단편","prdtStatNm":"기타","nationAlt":"한국","genreAlt":"기타","repNationNm":"한국","repGenreNm":"기타","directors":[{"peopleNm":"김제현"}],"companys":[{"companyCd":"20157048","companyNm":"뉴에이지필름"}]},{"movieCd":"20224143","movieNm":"킹 리차드","movieNmEn":"King Richard","prdtYear":"2022","openDt":"20220324","typeNm":"장편","prdtStatNm":"개봉","nationAlt":"미국","genreAlt":"가족,드라마","repNationNm":"미국","repGenreNm":"가족","directors":[{"peopleNm":"레이날도 마르쿠스 그린"}],"companys":[]},{"movieCd":"20211527","movieNm":"어거스트 버진","movieNmEn":"The August Virgin","prdtYear":"2020","openDt":"20220324","typeNm":"장편","prdtStatNm":"개봉","nationAlt":"스페인","genreAlt":"드라마,멜로/로맨스","repNationNm":"스페인","repGenreNm":"드라마","directors":[],"companys":[]},{"movieCd":"20224069","movieNm":"뱅드림! 팝핀' 드림!","movieNmEn":"BanG Dream! Poppin' Dream!","prdtYear":"2020","openDt":"20220324","typeNm":"장편","prdtStatNm":"개봉","nationAlt":"일본","genreAlt":"애니메이션","repNationNm":"일본","repGenreNm":"애니메이션","directors":[{"peopleNm":"카키모토 코다이"}],"companys":[]},{"movieCd":"20223992","movieNm":"7인의 악인전","movieNmEn":"The Water Margin Golden Robbers","prdtYear":"2017","openDt":"20220324","typeNm":"장편","prdtStatNm":"개봉","nationAlt":"중국","genreAlt":"액션","repNationNm":"중국","repGenreNm":"액션","directors":[],"companys":[]},{"movieCd":"20224285","movieNm":"잘 빨아주는 이웃들","movieNmEn":"","prdtYear":"2020","openDt":"20220323","typeNm":"장편","prdtStatNm":"개봉","nationAlt":"일본","genreAlt":"성인물(에로),드라마,멜로/로맨스","repNationNm":"일본","repGenreNm":"성인물(에로)","directors":[{"peopleNm":"카오루"}],"companys":[]},{"movieCd":"20224260","movieNm":"의붓딸 나오의 끈적한 유혹","movieNmEn":"","prdtYear":"2020","openDt":"20220323","typeNm":"장편","prdtStatNm":"개봉","nationAlt":"일본","genreAlt":"성인물(에로),드라마,멜로/로맨스","repNationNm":"일본","repGenreNm":"성인물(에로)","directors":[{"peopleNm":"버드맨 텟페이"}],"companys":[]},{"movieCd":"20224284","movieNm":"새엄마는 섹스모델","movieNmEn":"","prdtYear":"2020","openDt":"20220323","typeNm":"장편","prdtStatNm":"개봉","nationAlt":"일본","genreAlt":"성인물(에로),드라마,멜로/로맨스","repNationNm":"일본","repGenreNm":"성인물(에로)","directors":[{"peopleNm":"사쿠라비토"}],"companys":[]}]}