{"totCnt":"95385","source":"영화진흥위원회","movieList":[{"movieCd":"20212840","movieNm":"위험한 그녀들","movieNmEn":"","prdtYear":"2021","openDt":"20220127","typeNm":"장편","prdtStatNm":"개봉","nationAlt":"한국","genreAlt":"성인물(에로)","repNationNm":"한국","repGenreNm":"성인물(에로)","directors":[{"peopleNm":"강현성"}],"companys":[{"companyCd":"20217881","companyNm":"(주)샤이커뮤니케이션즈"}]},{"movieCd":"20223704","movieNm":"물오징어6969","movieNmEn":"","prdtYear":"2021","openDt":"20220127","typeNm":"장편","prdtStatNm":"개봉","nationAlt":"한국","genreAlt":"성인물(에로),멜로/로맨스","repNationNm":"한국","repGenreNm":"성인물(에로)","directors":[{"peopleNm":"몽타"}],"companys":[{"companyCd":"20157008","companyNm":"(주)픽쳐레스크"}]},{"movieCd":"20212861","movieNm":"그녀의 비밀스러운 성","movieNmEn":"","prdtYear":"2021","openDt":"20220127","typeNm":"장편","prdtStatNm":"개봉","nationAlt":"한국","genreAlt":"성인물(에로)","repNationNm":"한국","repGenreNm":"성인물(에로)","directors":[{"peopleNm":"강현성"}],"companys":[{"companyCd":"20217881","companyNm":"(주)샤이커뮤니케이션즈"}]},{"movieCd":"20223612","movieNm":"데드락: 라스트 리벤지","movieNmEn":"Deadlock","prdtYear":"2021","openDt":"20220128","typeNm":"장편","prdtStatNm":"개봉","nationAlt":"미국","genreAlt":"기타","repNationNm":"미국","repGenreNm":"기타","directors":[{"peopleNm":"자레드 콘"}],"companys":[]},{"movieCd":"20223791","movieNm":"구지 마수리","movieNmEn":"We Don’t Need Magic","prdtYear":"2021","openDt":"","typeNm":"단편","prdtStatNm":"기타","nationAlt":"한국","genreAlt":"기타","repNationNm":"한국","repGenreNm":"기타","directors":[],"companys":[]},{"movieCd":"20223781","movieNm":"파도가 온다","movieNmEn":"The Wave","prdtYear":"2020","openDt":"","typeNm":"단편","prdtStatNm":"기타","nationAlt":"한국","genreAlt":"기타","repNationNm":"한국","repGenreNm":"기타","directors":[{"peopleNm":"송진석"}],"companys":[]},{"movieCd":"20223780","movieNm":"밥 먹을래?","movieNmEn":"Want Some Meal?","prdtYear":"2021","openDt":"","typeNm":"단편","prdtStatNm":"기타","nationAlt":"한국","genreAlt":"기타","repNationNm":"한국","repGenreNm":"기타","directors":[],"companys":[]},{"movieCd":"20223790","movieNm":"금붕어 죽이기","movieNmEn":"To Kill a Goldfish","prdtYear":"2020","openDt":"","typeNm":"단편","prdtStatNm":"기타","nationAlt":"한국","genreAlt":"기타","repNationNm":"한국","repGenreNm":"기타","directors":[],"companys":[]},{"movieCd":"20223777","movieNm":"남편에게 보내진 그놈과의 섹스비디오","movieNmEn":"","prdtYear":"2021","openDt":"","typeNm":"장편","prdtStatNm":"기타","nationAlt":"일본","genreAlt":"성인물(에로)","repNationNm":"일본","repGenreNm":"성인물(에로)","directors":[],"companys":[]},{"movieCd":"20223774","movieNm":"의모 산화","movieNmEn":"Gibosange","prdtYear":"2014","openDt":"","typeNm":"장편","prdtStatNm":"기타","nationAlt":"일본","genreAlt":"성인물(에로),멜로/로맨스,애니메이션","repNationNm":"일본","repGenreNm":"성인물(에로)","directors":[],"companys":[]}]}