{"totCnt":"95385","source":"영화진흥위원회","movieList":[{"movieCd":"20209291","movieNm":"울렁울렁 울렁대는 가슴안고","movieNmEn":"High Surf Expected","prdtYear":"2020","openDt":"","typeNm":"단편","prdtStatNm":"기타","nationAlt":"한국","genreAlt":"멜로/로맨스,코미디","repNationNm":"한국","repGenreNm":"멜로/로맨스","directors":[{"peopleNm":"안재홍"}],"companys":[{"companyCd":"20141655","companyNm":"(주)아토"}]},{"movieCd":"20213064","movieNm":"적인걸: 탈혼몽염","movieNmEn":"Detective Dee: Imperius Nightmare","prdtYear":"2020","openDt":"","typeNm":"장편","prdtStatNm":"기타","nationAlt":"중국","genreAlt":"액션","repNationNm":"중국","repGenreNm":"액션","directors":[],"companys":[]},{"movieCd":"20204826","movieNm":"코리안 바이블 루트 ","movieNmEn":"KOREAN BIBLE ROUTE","prdtYear":"2020","openDt":"","typeNm":"장편","prdtStatNm":"기타","nationAlt":"한국","genreAlt":"다큐멘터리","repNationNm":"한국","repGenreNm":"다큐멘터리","directors":[{"peopleNm":"이원식"}],"companys":[{"companyCd":"20122472","companyNm":"영화제작소 정감"}]},{"movieCd":"20213040","movieNm":"레이스","movieNmEn":"Race","prdtYear":"2021","openDt":"","typeNm":"단편","prdtStatNm":"기타","nationAlt":"한국","genreAlt":"드라마","repNationNm":"한국","repGenreNm":"드라마","directors":[],"companys":[]},{"movieCd":"20213047","movieNm":"레전드 해머","movieNmEn":"The Legend of Hammer","prdtYear":"2020","openDt":"","typeNm":"장편","prdtStatNm":"기타","nationAlt":"중국","genreAlt":"액션,판타지","repNationNm":"중국","repGenreNm":"액션","directors":[],"companys":[]},{"movieCd":"20213046","movieNm":"나는 장님이다 ","movieNmEn":"I'm blind","prdtYear":"2018","openDt":"","typeNm":"단편","prdtStatNm":"기타","nationAlt":"한국","genreAlt":"스릴러","repNationNm":"한국","repGenreNm":"스릴러","directors":[{"peopleNm":"심기환"}],"companys":[]},{"movieCd":"20211875","movieNm":"블라인드파티2","movieNmEn":"Blind Party 2","prdtYear":"2020","openDt":"","typeNm":"단편","prdtStatNm":"기타","nationAlt":"한국","genreAlt":"드라마","repNationNm":"한국","repGenreNm":"드라마","directors":[{"peopleNm":"이재현"}],"companys":[]},{"movieCd":"20212551","movieNm":"선율","movieNmEn":"Melody","prdtYear":"2020","openDt":"","typeNm":"단편","prdtStatNm":"기타","nationAlt":"한국","genreAlt":"애니메이션,다큐멘터리","repNationNm":"한국","repGenreNm":"애니메이션","directors":[{"peopleNm":"김윤정"}],"companys":[]},{"movieCd":"20213039","movieNm":"마스킹 테이프","movieNmEn":"Mars king tape","prdtYear":"2020","openDt":"","typeNm":"단편","prdtStatNm":"기타","nationAlt":"한국","genreAlt":"SF,코미디","repNationNm":"한국","repGenreNm":"SF","directors":[{"peopleNm":"김준식"}],"companys":[]},{"movieCd":"20200824","movieNm":"언팟","movieNmEn":"Unpot","prdtYear":"2020","openDt":"","typeNm":"단편","prdtStatNm":"기타","nationAlt":"한국","genreAlt":"드라마","repNationNm":"한국","repGenreNm":"드라마","directors":[{"peopleNm":"박희은"}],"companys":[]}]}