{"totCnt":"95385","source":"영화진흥위원회","movieList":[{"movieCd":"20212143","movieNm":"미씽: 다자브의 비밀","movieNmEn":"Respite","prdtYear":"2020","openDt":"","typeNm":"장편","prdtStatNm":"기타","nationAlt":"미국","genreAlt":"액션,범죄,드라마","repNationNm":"미국","repGenreNm":"액션","directors":[],"companys":[]},{"movieCd":"20212116","movieNm":"T.K.G 저스티스","movieNmEn":"TKG: The Kids of Grove","prdtYear":"2020","openDt":"","typeNm":"장편","prdtStatNm":"기타","nationAlt":"호주","genreAlt":"스릴러","repNationNm":"호주","repGenreNm":"스릴러","directors":[],"companys":[]},{"movieCd":"20212142","movieNm":"뎁트","movieNmEn":"Debt","prdtYear":"2019","openDt":"","typeNm":"장편","prdtStatNm":"기타","nationAlt":"미국","genreAlt":"범죄","repNationNm":"미국","repGenreNm":"범죄","directors":[],"companys":[]},{"movieCd":"20211422","movieNm":"젖 큰 그녀들의 경쟁섹스","movieNmEn":"","prdtYear":"2021","openDt":"20211125","typeNm":"장편","prdtStatNm":"개봉","nationAlt":"한국","genreAlt":"멜로/로맨스","repNationNm":"한국","repGenreNm":"멜로/로맨스","directors":[{"peopleNm":"김모리"}],"companys":[{"companyCd":"20217184","companyNm":"영화사 레드카펫"}]},{"movieCd":"20212141","movieNm":"굿바이, 버터플라이","movieNmEn":"Goodbye, Butterfly","prdtYear":"2021","openDt":"","typeNm":"장편","prdtStatNm":"기타","nationAlt":"미국","genreAlt":"스릴러","repNationNm":"미국","repGenreNm":"스릴러","directors":[],"companys":[]},{"movieCd":"20210891","movieNm":"진마사 사상복마","movieNmEn":"","prdtYear":"2018","openDt":"","typeNm":"장편","prdtStatNm":"기타","nationAlt":"중국","genreAlt":"액션","repNationNm":"중국","repGenreNm":"액션","directors":[],"companys":[]},{"movieCd":"20211693","movieNm":"앞집 부인의 외설스러운 돌기","movieNmEn":"","prdtYear":"2020","openDt":"","typeNm":"장편","prdtStatNm":"기타","nationAlt":"일본","genreAlt":"성인물(에로),드라마","repNationNm":"일본","repGenreNm":"성인물(에로)","directors":[{"peopleNm":"마메자와 마메타로"}],"companys":[]},{"movieCd":"20219135","movieNm":"동거인의 아내 무삭제","movieNmEn":"","prdtYear":"2021","openDt":"","typeNm":"장편","prdtStatNm":"기타","nationAlt":"한국","genreAlt":"성인물(에로),멜로/로맨스","repNationNm":"한국","repGenreNm":"성인물(에로)","directors":[{"peopleNm":"리차드 킴"}],"companys":[{"companyCd":"20122937","companyNm":"(주)룬컴퍼니"}]},{"movieCd":"20211538","movieNm":"12시에 열리는 쾌락의 문","movieNmEn":"","prdtYear":"2020","openDt":"20211126","typeNm":"장편","prdtStatNm":"개봉","nationAlt":"일본","genreAlt":"멜로/로맨스","repNationNm":"일본","repGenreNm":"멜로/로맨스","directors":[],"companys":[]},{"movieCd":"20212133","movieNm":"스트레치","movieNmEn":"Stretch","prdtYear":"2010","openDt":"","typeNm":"장편","prdtStatNm":"기타","nationAlt":"프랑스","genreAlt":"드라마","repNationNm":"프랑스","repGenreNm":"드라마","directors":[],"companys":[]}]}