{"totCnt":"95385","source":"영화진흥위원회","movieList":[{"movieCd":"20215612","movieNm":"열대소년","movieNmEn":"A Tropical Boy","prdtYear":"2020","openDt":"","typeNm":"단편","prdtStatNm":"기타","nationAlt":"한국","genreAlt":"판타지","repNationNm":"한국","repGenreNm":"판타지","directors":[{"peopleNm":"이지형"}],"companys":[]},{"movieCd":"20223132","movieNm":"푸르른 날","movieNmEn":"","prdtYear":"2005","openDt":"","typeNm":"단편","prdtStatNm":"기타","nationAlt":"한국","genreAlt":"","repNationNm":"한국","repGenreNm":"","directors":[{"peopleNm":"이지형"}],"companys":[]},{"movieCd":"20223097","movieNm":"히어로는 없다","movieNmEn":"There's No Hero","prdtYear":"2021","openDt":"","typeNm":"장편","prdtStatNm":"기타","nationAlt":"한국","genreAlt":"다큐멘터리","repNationNm":"한국","repGenreNm":"다큐멘터리","directors":[{"peopleNm":"최은원"}],"companys":[]},{"movieCd":"20223096","movieNm":"사랑을 부르다","movieNmEn":"Let Me Say Love","prdtYear":"2010","openDt":"","typeNm":"단편","prdtStatNm":"기타","nationAlt":"한국","genreAlt":"공포(호러)","repNationNm":"한국","repGenreNm":"공포(호러)","directors":[],"companys":[]},{"movieCd":"20223094","movieNm":"다홍신","movieNmEn":"Scarlet Shoes","prdtYear":"2016","openDt":"","typeNm":"단편","prdtStatNm":"기타","nationAlt":"한국","genreAlt":"드라마","repNationNm":"한국","repGenreNm":"드라마","directors":[{"peopleNm":"한의수"}],"companys":[]},{"movieCd":"20223130","movieNm":"내전용 섹파유부녀 - 친구엄마","movieNmEn":"","prdtYear":"2020","openDt":"","typeNm":"장편","prdtStatNm":"기타","nationAlt":"일본","genreAlt":"성인물(에로)","repNationNm":"일본","repGenreNm":"성인물(에로)","directors":[{"peopleNm":"코지마 유키오"}],"companys":[]},{"movieCd":"20223129","movieNm":"딸의 남친을 살짝 불러낸 이유","movieNmEn":"","prdtYear":"2020","openDt":"","typeNm":"장편","prdtStatNm":"기타","nationAlt":"일본","genreAlt":"성인물(에로)","repNationNm":"일본","repGenreNm":"성인물(에로)","directors":[{"peopleNm":"코지마 유키오"}],"companys":[]},{"movieCd":"20223093","movieNm":"나는 음란한 여자입니다-친구엄마","movieNmEn":"","prdtYear":"2020","openDt":"","typeNm":"장편","prdtStatNm":"기타","nationAlt":"일본","genreAlt":"성인물(에로)","repNationNm":"일본","repGenreNm":"성인물(에로)","directors":[{"peopleNm":"코지마 유키오"}],"companys":[]},{"movieCd":"20218647","movieNm":"액션히어로","movieNmEn":"ActionHero","prdtYear":"2021","openDt":"20210721","typeNm":"장편","prdtStatNm":"개봉","nationAlt":"한국","genreAlt":"액션,코미디","repNationNm":"한국","repGenreNm":"액션","directors":[{"peopleNm":"이진호"}],"companys":[{"companyCd":"20199901","companyNm":"한국예술종합학교 산학협력단"}]},{"movieCd":"20159646","movieNm":"밀정","movieNmEn":"The Age of Shadows","prdtYear":"2016","openDt":"20160907","typeNm":"장편","prdtStatNm":"개봉","nationAlt":"한국,미국","genreAlt":"액션","repNationNm":"한국","repGenreNm":"액션","directors":[{"peopleNm":"김지운"}],"companys":[{"companyCd":"20101663","companyNm":"(주)다크서클픽쳐스"},{"companyCd":"20100043","companyNm":"워너브러더스 코리아(주)"},{"companyCd":"20155988","companyNm":"(주)영화사하얼빈"}]}]}