{"totCnt":"95385","source":"영화진흥위원회","movieList":[{"movieCd":"20223405","movieNm":"할머니 로드","movieNmEn":"WALKING WITH MY GRANDMA","prdtYear":"2018","openDt":"","typeNm":"장편","prdtStatNm":"기타","nationAlt":"일본","genreAlt":"드라마","repNationNm":"일본","repGenreNm":"드라마","directors":[{"peopleNm":"시노하라 테츠오"}],"companys":[]},{"movieCd":"20223393","movieNm":"여자이기 때문에","movieNmEn":"","prdtYear":"1970","openDt":"","typeNm":"장편","prdtStatNm":"기타","nationAlt":"한국","genreAlt":"드라마","repNationNm":"한국","repGenreNm":"드라마","directors":[{"peopleNm":"조문진"}],"companys":[]},{"movieCd":"20223392","movieNm":"약속은 없었지만","movieNmEn":"","prdtYear":"1970","openDt":"","typeNm":"장편","prdtStatNm":"기타","nationAlt":"한국","genreAlt":"드라마","repNationNm":"한국","repGenreNm":"드라마","directors":[{"peopleNm":"조문진"}],"companys":[]},{"movieCd":"20223406","movieNm":"안개속에 가버린 사랑","movieNmEn":"","prdtYear":"1969","openDt":"","typeNm":"장편","prdtStatNm":"기타","nationAlt":"한국","genreAlt":"드라마","repNationNm":"한국","repGenreNm":"드라마","directors":[{"peopleNm":"변장호"}],"companys":[{"companyCd":"20111020","companyNm":"동남아영화공사"}]},{"movieCd":"20223360","movieNm":"당신의 구원을 위하여","movieNmEn":"Pray For Your Salvation ","prdtYear":"2021","openDt":"","typeNm":"단편","prdtStatNm":"기타","nationAlt":"한국","genreAlt":"공포(호러),스릴러","repNationNm":"한국","repGenreNm":"공포(호러)","directors":[{"peopleNm":"박지환"}],"companys":[]},{"movieCd":"20223387","movieNm":"마마","movieNmEn":"MAMA","prdtYear":"2019","openDt":"","typeNm":"장편","prdtStatNm":"기타","nationAlt":"중국,프랑스","genreAlt":"드라마","repNationNm":"중국","repGenreNm":"드라마","directors":[{"peopleNm":"리 동메이"}],"companys":[]},{"movieCd":"20223386","movieNm":"뉴 뮤턴트: 인피니티 프로젝트","movieNmEn":"The Immortal Wars: Rebirth","prdtYear":"2020","openDt":"","typeNm":"장편","prdtStatNm":"기타","nationAlt":"미국","genreAlt":"SF,액션","repNationNm":"미국","repGenreNm":"SF","directors":[],"companys":[]},{"movieCd":"20223384","movieNm":"웨스트 사이드 스토리: 디 오리지널","movieNmEn":"West Side Story: Breaking Barriers","prdtYear":"2021","openDt":"","typeNm":"장편","prdtStatNm":"기타","nationAlt":"미국","genreAlt":"다큐멘터리","repNationNm":"미국","repGenreNm":"다큐멘터리","directors":[{"peopleNm":"패트릭 레이 갤로우즈"}],"companys":[]},{"movieCd":"20159644","movieNm":"봉이 김선달","movieNmEn":"Seondal: The Man who Sells the River","prdtYear":"2016","openDt":"20160706","typeNm":"장편","prdtStatNm":"개봉","nationAlt":"한국","genreAlt":"사극","repNationNm":"한국","repGenreNm":"사극","directors":[{"peopleNm":"박대민"}],"companys":[{"companyCd":"20111289","companyNm":"(주)엠픽처스"},{"companyCd":"20153528","companyNm":"(주)에스엔케이픽처스"}]},{"movieCd":"20211241","movieNm":"클리포드 더 빅 레드 독","movieNmEn":"Clifford the Big Red Dog","prdtYear":"2021","openDt":"20220112","typeNm":"장편","prdtStatNm":"개봉","nationAlt":"미국","genreAlt":"어드벤처,드라마,가족","repNationNm":"미국","repGenreNm":"어드벤처","directors":[{"peopleNm":"월트 벡커"}],"companys":[{"companyCd":"20104469","companyNm":"파라마운트 픽쳐스"}]}]}