{"totCnt":"95385","source":"영화진흥위원회","movieList":[{"movieCd":"20212176","movieNm":"아스펜의 공포와 혐오","movieNmEn":"Fear and Loathing in Aspen","prdtYear":"2021","openDt":"","typeNm":"장편","prdtStatNm":"기타","nationAlt":"미국","genreAlt":"드라마","repNationNm":"미국","repGenreNm":"드라마","directors":[{"peopleNm":"바비 케네디 3세"}],"companys":[]},{"movieCd":"20030404","movieNm":"러브 액츄얼리","movieNmEn":"Love Actually","prdtYear":"2003","openDt":"20031205","typeNm":"장편","prdtStatNm":"개봉","nationAlt":"미국,영국","genreAlt":"멜로/로맨스,드라마,코미디","repNationNm":"미국","repGenreNm":"멜로/로맨스","directors":[{"peopleNm":"리차드 커티스"}],"companys":[]},{"movieCd":"20212534","movieNm":"굿포유","movieNmEn":"GOOD for you","prdtYear":"2021","openDt":"","typeNm":"단편","prdtStatNm":"기타","nationAlt":"한국","genreAlt":"애니메이션","repNationNm":"한국","repGenreNm":"애니메이션","directors":[{"peopleNm":"김일현"}],"companys":[]},{"movieCd":"20200312","movieNm":"작은새","movieNmEn":"Little Bird","prdtYear":"2019","openDt":"","typeNm":"장편","prdtStatNm":"기타","nationAlt":"한국","genreAlt":"드라마","repNationNm":"한국","repGenreNm":"드라마","directors":[{"peopleNm":"김태균"}],"companys":[]},{"movieCd":"20183003","movieNm":"서복","movieNmEn":"SEOBOK","prdtYear":"2019","openDt":"20210415","typeNm":"장편","prdtStatNm":"개봉","nationAlt":"한국","genreAlt":"드라마,액션","repNationNm":"한국","repGenreNm":"드라마","directors":[{"peopleNm":"이용주"}],"companys":[{"companyCd":"20110854","companyNm":"(주)씨제이이엔엠"},{"companyCd":"20100781","companyNm":"(주)티피에스컴퍼니"}]},{"movieCd":"20208600","movieNm":"취집","movieNmEn":"Parallel Offer","prdtYear":"2020","openDt":"","typeNm":"단편","prdtStatNm":"기타","nationAlt":"한국","genreAlt":"SF,드라마","repNationNm":"한국","repGenreNm":"SF","directors":[{"peopleNm":"박지인"}],"companys":[]},{"movieCd":"20212543","movieNm":"자무시처럼","movieNmEn":"like Jim ","prdtYear":"2021","openDt":"","typeNm":"단편","prdtStatNm":"기타","nationAlt":"한국","genreAlt":"코미디,드라마","repNationNm":"한국","repGenreNm":"코미디","directors":[{"peopleNm":"안수민"}],"companys":[]},{"movieCd":"20212529","movieNm":"미쓰리","movieNmEn":"MSlee","prdtYear":"2021","openDt":"","typeNm":"단편","prdtStatNm":"기타","nationAlt":"한국","genreAlt":"가족,드라마","repNationNm":"한국","repGenreNm":"가족","directors":[{"peopleNm":"안수민"}],"companys":[]},{"movieCd":"20212545","movieNm":"그 아래 작은 우물","movieNmEn":"","prdtYear":"2021","openDt":"","typeNm":"단편","prdtStatNm":"기타","nationAlt":"한국","genreAlt":"스릴러,드라마","repNationNm":"한국","repGenreNm":"스릴러","directors":[{"peopleNm":"김승연"}],"companys":[]},{"movieCd":"20212542","movieNm":"2021 중앙영화제 토성","movieNmEn":"","prdtYear":"2021","openDt":"","typeNm":"옴니버스","prdtStatNm":"기타","nationAlt":"기타","genreAlt":"기타","repNationNm":"기타","repGenreNm":"기타","directors":[],"companys":[]}]}