{"totCnt":"95385","source":"영화진흥위원회","movieList":[{"movieCd":"20210227","movieNm":"롱기누스: 그리스도를 죽인 자","movieNmEn":"The Christ Slayer","prdtYear":"2019","openDt":"","typeNm":"장편","prdtStatNm":"기타","nationAlt":"미국","genreAlt":"드라마,가족","repNationNm":"미국","repGenreNm":"드라마","directors":[],"companys":[]},{"movieCd":"20219204","movieNm":"브레이브 하트2","movieNmEn":"Robert the Bruce","prdtYear":"2019","openDt":"","typeNm":"장편","prdtStatNm":"기타","nationAlt":"호주","genreAlt":"전쟁,액션","repNationNm":"호주","repGenreNm":"전쟁","directors":[],"companys":[]},{"movieCd":"20218984","movieNm":"데이 앤 나잇","movieNmEn":"Day and Night","prdtYear":"2018","openDt":"","typeNm":"장편","prdtStatNm":"기타","nationAlt":"일본","genreAlt":"범죄,드라마,스릴러","repNationNm":"일본","repGenreNm":"범죄","directors":[{"peopleNm":"후지이 미치히토"}],"companys":[]},{"movieCd":"20218798","movieNm":"더 스파크스 브라더스","movieNmEn":"The Sparks Brothers","prdtYear":"2020","openDt":"","typeNm":"장편","prdtStatNm":"기타","nationAlt":"미국,영국","genreAlt":"다큐멘터리","repNationNm":"미국","repGenreNm":"다큐멘터리","directors":[{"peopleNm":"에드가 라이트"}],"companys":[]},{"movieCd":"20218807","movieNm":"노바디 다이","movieNmEn":"Nobody dies","prdtYear":"2018","openDt":"","typeNm":"장편","prdtStatNm":"기타","nationAlt":"기타","genreAlt":"스릴러,드라마,코미디","repNationNm":"기타","repGenreNm":"스릴러","directors":[],"companys":[]},{"movieCd":"20219207","movieNm":"갱스터 오브 뉴욕","movieNmEn":"American Rackets","prdtYear":"2020","openDt":"","typeNm":"장편","prdtStatNm":"기타","nationAlt":"미국","genreAlt":"다큐멘터리","repNationNm":"미국","repGenreNm":"다큐멘터리","directors":[],"companys":[]},{"movieCd":"20219278","movieNm":"시라노, 마이 러브","movieNmEn":"Edmond","prdtYear":"2018","openDt":"","typeNm":"장편","prdtStatNm":"기타","nationAlt":"프랑스","genreAlt":"드라마,코미디","repNationNm":"프랑스","repGenreNm":"드라마","directors":[],"companys":[]},{"movieCd":"20219100","movieNm":"아메리칸 트레이터","movieNmEn":"American Traitor: The Trial of Axis Sally","prdtYear":"2021","openDt":"","typeNm":"장편","prdtStatNm":"기타","nationAlt":"미국","genreAlt":"전쟁,드라마","repNationNm":"미국","repGenreNm":"전쟁","directors":[{"peopleNm":"마이클 폴리쉬"}],"companys":[]},{"movieCd":"20218956","movieNm":"완벽한 동거","movieNmEn":"","prdtYear":"2020","openDt":"","typeNm":"장편","prdtStatNm":"기타","nationAlt":"한국","genreAlt":"드라마,멜로/로맨스","repNationNm":"한국","repGenreNm":"드라마","directors":[{"peopleNm":"김정우"}],"companys":[{"companyCd":"20100650","companyNm":"㈜더드림앤드픽쳐스"}]},{"movieCd":"20219347","movieNm":"청춘열애","movieNmEn":"Wild Grass","prdtYear":"2020","openDt":"","typeNm":"장편","prdtStatNm":"기타","nationAlt":"중국","genreAlt":"멜로/로맨스,드라마","repNationNm":"중국","repGenreNm":"멜로/로맨스","directors":[],"companys":[]}]}