{"totCnt":"95385","source":"영화진흥위원회","movieList":[{"movieCd":"20226270","movieNm":"스즈메의 문단속","movieNmEn":"Suzume","prdtYear":"2022","openDt":"20230308","typeNm":"장편","prdtStatNm":"개봉","nationAlt":"일본","genreAlt":"애니메이션","repNationNm":"일본","repGenreNm":"애니메이션","directors":[{"peopleNm":"신카이 마코토"}],"companys":[]},{"movieCd":"20230611","movieNm":"이니셰린의 밴시","movieNmEn":"The Banshees of Inisherin","prdtYear":"2022","openDt":"20230315","typeNm":"장편","prdtStatNm":"개봉","nationAlt":"미국","genreAlt":"드라마,코미디","repNationNm":"미국","repGenreNm":"드라마","directors":[{"peopleNm":"마틴 맥도나"}],"companys":[]},{"movieCd":"20122132","movieNm":"메밀꽃 필 무렵","movieNmEn":"when buckwheat flowers bloom","prdtYear":"2012","openDt":"","typeNm":"단편","prdtStatNm":"기타","nationAlt":"한국","genreAlt":"애니메이션","repNationNm":"한국","repGenreNm":"애니메이션","directors":[{"peopleNm":"안재훈"},{"peopleNm":"한혜진"}],"companys":[]},{"movieCd":"20230968","movieNm":"감자전블루스","movieNmEn":"","prdtYear":"2022","openDt":"","typeNm":"단편","prdtStatNm":"기타","nationAlt":"한국","genreAlt":"다큐멘터리","repNationNm":"한국","repGenreNm":"다큐멘터리","directors":[{"peopleNm":"김요한"}],"companys":[{"companyCd":"20230202","companyNm":"봄봄콘텐츠"}]},{"movieCd":"20230966","movieNm":"참, 잘했어요!","movieNmEn":"","prdtYear":"2023","openDt":"","typeNm":"장편","prdtStatNm":"촬영진행","nationAlt":"한국","genreAlt":"액션","repNationNm":"한국","repGenreNm":"액션","directors":[{"peopleNm":"황동석"}],"companys":[{"companyCd":"20154448","companyNm":"(주)26컴퍼니"}]},{"movieCd":"20230957","movieNm":"투 하트","movieNmEn":"","prdtYear":"2023","openDt":"","typeNm":"장편","prdtStatNm":"촬영진행","nationAlt":"한국","genreAlt":"가족","repNationNm":"한국","repGenreNm":"가족","directors":[],"companys":[{"companyCd":"20103809","companyNm":"(주)미로비젼"},{"companyCd":"20205601","companyNm":"(주)스튜디오 보난자"}]},{"movieCd":"20230956","movieNm":"세기말의 사랑","movieNmEn":"","prdtYear":"2022","openDt":"","typeNm":"장편","prdtStatNm":"후반작업","nationAlt":"한국","genreAlt":"드라마","repNationNm":"한국","repGenreNm":"드라마","directors":[{"peopleNm":"임선애"}],"companys":[{"companyCd":"20125895","companyNm":"(주)기린제작사"}]},{"movieCd":"20230964","movieNm":"페르소나 이상한 여자","movieNmEn":"","prdtYear":"2022","openDt":"","typeNm":"장편","prdtStatNm":"후반작업","nationAlt":"한국","genreAlt":"드라마","repNationNm":"한국","repGenreNm":"드라마","directors":[{"peopleNm":"정형석"}],"companys":[{"companyCd":"20229101","companyNm":"(주)올엠커뮤니케이션"},{"companyCd":"20176144","companyNm":"닷 팩토리"}]},{"movieCd":"20230963","movieNm":"인디플러스 7주년 - 오우리 단편전2","movieNmEn":"","prdtYear":"2023","openDt":"","typeNm":"옴니버스","prdtStatNm":"기타","nationAlt":"한국","genreAlt":"기타","repNationNm":"한국","repGenreNm":"기타","directors":[],"companys":[]},{"movieCd":"20230962","movieNm":"인디플러스 7주년 - 오우리 단편전1","movieNmEn":"","prdtYear":"2023","openDt":"","typeNm":"옴니버스","prdtStatNm":"기타","nationAlt":"한국","genreAlt":"기타","repNationNm":"한국","repGenreNm":"기타","directors":[],"companys":[]}]}