{"totCnt":"95385","source":"영화진흥위원회","movieList":[{"movieCd":"20211642","movieNm":"그놈의 비밀섹스","movieNmEn":"","prdtYear":"2021","openDt":"","typeNm":"장편","prdtStatNm":"기타","nationAlt":"한국","genreAlt":"멜로/로맨스","repNationNm":"한국","repGenreNm":"멜로/로맨스","directors":[{"peopleNm":"김동해"}],"companys":[{"companyCd":"20217221","companyNm":"라이어 시네마"}]},{"movieCd":"20211646","movieNm":"달콤한 그녀의 맛","movieNmEn":"","prdtYear":"2021","openDt":"","typeNm":"장편","prdtStatNm":"기타","nationAlt":"한국","genreAlt":"멜로/로맨스","repNationNm":"한국","repGenreNm":"멜로/로맨스","directors":[{"peopleNm":"김동해"}],"companys":[{"companyCd":"20217221","companyNm":"라이어 시네마"}]},{"movieCd":"20211624","movieNm":"넋풀이","movieNmEn":"Marching for Our Beloved","prdtYear":"2021","openDt":"","typeNm":"단편","prdtStatNm":"기타","nationAlt":"한국","genreAlt":"드라마","repNationNm":"한국","repGenreNm":"드라마","directors":[],"companys":[]},{"movieCd":"20211623","movieNm":"숨바꼭질 : 같이 놀아줘","movieNmEn":"Play with Me","prdtYear":"2021","openDt":"","typeNm":"장편","prdtStatNm":"기타","nationAlt":"멕시코","genreAlt":"공포(호러)","repNationNm":"멕시코","repGenreNm":"공포(호러)","directors":[{"peopleNm":"아드리안 가르시아 보글리아노"}],"companys":[]},{"movieCd":"20211470","movieNm":"너무 깊이 들어 온 엄마친구 무삭제판","movieNmEn":"","prdtYear":"2019","openDt":"","typeNm":"장편","prdtStatNm":"기타","nationAlt":"일본","genreAlt":"성인물(에로),드라마","repNationNm":"일본","repGenreNm":"성인물(에로)","directors":[],"companys":[]},{"movieCd":"20211482","movieNm":"그 겨울, 가까워진 친구엄마 무삭제판","movieNmEn":"","prdtYear":"2019","openDt":"","typeNm":"장편","prdtStatNm":"기타","nationAlt":"일본","genreAlt":"성인물(에로),드라마","repNationNm":"일본","repGenreNm":"성인물(에로)","directors":[],"companys":[]},{"movieCd":"20211383","movieNm":"불륜은 역시 이웃과","movieNmEn":"","prdtYear":"2020","openDt":"20211101","typeNm":"장편","prdtStatNm":"개봉","nationAlt":"일본","genreAlt":"멜로/로맨스","repNationNm":"일본","repGenreNm":"멜로/로맨스","directors":[{"peopleNm":"미시마 로쿠사부로"}],"companys":[]},{"movieCd":"20211609","movieNm":"형부 내꺼 할래 무삭제","movieNmEn":"","prdtYear":"2021","openDt":"","typeNm":"장편","prdtStatNm":"기타","nationAlt":"한국","genreAlt":"멜로/로맨스","repNationNm":"한국","repGenreNm":"멜로/로맨스","directors":[{"peopleNm":"송정규"}],"companys":[{"companyCd":"20123227","companyNm":"(주)나우콘텐츠"}]},{"movieCd":"20211595","movieNm":"남궁선 단편선 (인디스데이)","movieNmEn":"","prdtYear":"2021","openDt":"","typeNm":"옴니버스","prdtStatNm":"기타","nationAlt":"한국","genreAlt":"기타","repNationNm":"한국","repGenreNm":"기타","directors":[],"companys":[]},{"movieCd":"20128632","movieNm":"태평양","movieNmEn":"Pacific","prdtYear":"2010","openDt":"","typeNm":"단편","prdtStatNm":"기타","nationAlt":"한국","genreAlt":"드라마,멜로/로맨스","repNationNm":"한국","repGenreNm":"드라마","directors":[{"peopleNm":"남궁선"}],"companys":[]}]}