{"totCnt":"95385","source":"영화진흥위원회","movieList":[{"movieCd":"20224047","movieNm":"한예종 섹션18","movieNmEn":"","prdtYear":"","openDt":"","typeNm":"옴니버스","prdtStatNm":"기타","nationAlt":"","genreAlt":"","repNationNm":"","repGenreNm":"","directors":[],"companys":[]},{"movieCd":"20224058","movieNm":"한예종 섹션17","movieNmEn":"","prdtYear":"","openDt":"","typeNm":"옴니버스","prdtStatNm":"기타","nationAlt":"","genreAlt":"","repNationNm":"","repGenreNm":"","directors":[],"companys":[]},{"movieCd":"20224057","movieNm":"한예종 섹션16","movieNmEn":"","prdtYear":"","openDt":"","typeNm":"옴니버스","prdtStatNm":"기타","nationAlt":"","genreAlt":"","repNationNm":"","repGenreNm":"","directors":[],"companys":[]},{"movieCd":"20224046","movieNm":"한예종 섹션15","movieNmEn":"","prdtYear":"","openDt":"","typeNm":"옴니버스","prdtStatNm":"기타","nationAlt":"","genreAlt":"","repNationNm":"","repGenreNm":"","directors":[],"companys":[]},{"movieCd":"20224045","movieNm":"한예종 섹션14","movieNmEn":"","prdtYear":"","openDt":"","typeNm":"옴니버스","prdtStatNm":"기타","nationAlt":"","genreAlt":"","repNationNm":"","repGenreNm":"","directors":[],"companys":[]},{"movieCd":"20224056","movieNm":"한예종 섹션13","movieNmEn":"","prdtYear":"","openDt":"","typeNm":"옴니버스","prdtStatNm":"기타","nationAlt":"","genreAlt":"","repNationNm":"","repGenreNm":"","directors":[],"companys":[]},{"movieCd":"20224044","movieNm":"한예종 섹션12","movieNmEn":"","prdtYear":"","openDt":"","typeNm":"옴니버스","prdtStatNm":"기타","nationAlt":"","genreAlt":"","repNationNm":"","repGenreNm":"","directors":[],"companys":[]},{"movieCd":"20224043","movieNm":"한예종 섹션11","movieNmEn":"","prdtYear":"","openDt":"","typeNm":"옴니버스","prdtStatNm":"기타","nationAlt":"","genreAlt":"","repNationNm":"","repGenreNm":"","directors":[],"companys":[]},{"movieCd":"20224042","movieNm":"한예종 섹션10","movieNmEn":"","prdtYear":"","openDt":"","typeNm":"옴니버스","prdtStatNm":"기타","nationAlt":"","genreAlt":"","repNationNm":"","repGenreNm":"","directors":[],"companys":[]},{"movieCd":"20224041","movieNm":"한예종 섹션9","movieNmEn":"","prdtYear":"","openDt":"","typeNm":"옴니버스","prdtStatNm":"기타","nationAlt":"","genreAlt":"","repNationNm":"","repGenreNm":"","directors":[],"companys":[]}]}