{"totCnt":"95385","source":"영화진흥위원회","movieList":[{"movieCd":"20211062","movieNm":"판문점","movieNmEn":"PAN MUN JOM, You have never seen","prdtYear":"2021","openDt":"","typeNm":"장편","prdtStatNm":"후반작업","nationAlt":"한국","genreAlt":"다큐멘터리,전쟁","repNationNm":"한국","repGenreNm":"다큐멘터리","directors":[{"peopleNm":"송원근"},{"peopleNm":"김용진"}],"companys":[]},{"movieCd":"20210814","movieNm":"뒷골목 러브호텔","movieNmEn":"","prdtYear":"2021","openDt":"20211012","typeNm":"장편","prdtStatNm":"개봉","nationAlt":"한국","genreAlt":"성인물(에로)","repNationNm":"한국","repGenreNm":"성인물(에로)","directors":[{"peopleNm":"강현성"}],"companys":[{"companyCd":"20217881","companyNm":"(주)샤이커뮤니케이션즈"}]},{"movieCd":"20211033","movieNm":"리딩 레이디스","movieNmEn":"Leading Ladies","prdtYear":"2021","openDt":"","typeNm":"장편","prdtStatNm":"기타","nationAlt":"콜롬비아","genreAlt":"기타","repNationNm":"콜롬비아","repGenreNm":"기타","directors":[],"companys":[]},{"movieCd":"20211032","movieNm":"낫 노잉","movieNmEn":"Not Knowing","prdtYear":"2019","openDt":"","typeNm":"장편","prdtStatNm":"기타","nationAlt":"터키","genreAlt":"기타","repNationNm":"터키","repGenreNm":"기타","directors":[],"companys":[]},{"movieCd":"20219441","movieNm":"나의 아빠 마리안","movieNmEn":"My Father Marianne","prdtYear":"2020","openDt":"","typeNm":"장편","prdtStatNm":"기타","nationAlt":"스웨덴","genreAlt":"가족,드라마","repNationNm":"스웨덴","repGenreNm":"가족","directors":[],"companys":[]},{"movieCd":"20211048","movieNm":"소년이 소년을 만나다","movieNmEn":"Boy Meets Boy","prdtYear":"2021","openDt":"","typeNm":"장편","prdtStatNm":"기타","nationAlt":"독일","genreAlt":"기타","repNationNm":"독일","repGenreNm":"기타","directors":[],"companys":[]},{"movieCd":"19990056","movieNm":"여고괴담 두번째 이야기","movieNmEn":"Memento Mori","prdtYear":"1999","openDt":"19991224","typeNm":"장편","prdtStatNm":"개봉","nationAlt":"한국","genreAlt":"공포(호러)","repNationNm":"한국","repGenreNm":"공포(호러)","directors":[{"peopleNm":"김태용"},{"peopleNm":"민규동"}],"companys":[{"companyCd":"20100025","companyNm":"(주)씨네이천"}]},{"movieCd":"20080637","movieNm":"서양 골동 양과자점 앤티크","movieNmEn":"Antique","prdtYear":"2008","openDt":"20081113","typeNm":"장편","prdtStatNm":"개봉","nationAlt":"한국","genreAlt":"드라마","repNationNm":"한국","repGenreNm":"드라마","directors":[{"peopleNm":"민규동"}],"companys":[{"companyCd":"20100450","companyNm":"영화사 집"},{"companyCd":"20100340","companyNm":"(주)수필름"}]},{"movieCd":"20050232","movieNm":"내 생애 가장 아름다운 일주일","movieNmEn":"All For Love","prdtYear":"2005","openDt":"20051007","typeNm":"장편","prdtStatNm":"개봉","nationAlt":"한국","genreAlt":"멜로/로맨스","repNationNm":"한국","repGenreNm":"멜로/로맨스","directors":[{"peopleNm":"민규동"}],"companys":[{"companyCd":"20101519","companyNm":"(주)두사부필름"},{"companyCd":"20100340","companyNm":"(주)수필름"}]},{"movieCd":"20135891","movieNm":"밀양전","movieNmEn":"Legend of Miryang 1","prdtYear":"2013","openDt":"","typeNm":"장편","prdtStatNm":"기타","nationAlt":"한국","genreAlt":"다큐멘터리","repNationNm":"한국","repGenreNm":"다큐멘터리","directors":[{"peopleNm":"박배일"}],"companys":[]}]}