{"totCnt":"95385","source":"영화진흥위원회","movieList":[{"movieCd":"20224349","movieNm":"신이 되기는 어렵다","movieNmEn":"Hard to Be a God","prdtYear":"2013","openDt":"","typeNm":"장편","prdtStatNm":"기타","nationAlt":"러시아","genreAlt":"드라마,SF","repNationNm":"러시아","repGenreNm":"드라마","directors":[],"companys":[]},{"movieCd":"20190129","movieNm":"흐루스탈료프, 나의 차!","movieNmEn":"Khrustalyov, My Car!","prdtYear":"1998","openDt":"","typeNm":"장편","prdtStatNm":"기타","nationAlt":"러시아,프랑스","genreAlt":"드라마","repNationNm":"러시아","repGenreNm":"드라마","directors":[],"companys":[]},{"movieCd":"20224348","movieNm":"나의 친구 이반 라프신","movieNmEn":"My Friend Ivan Lapshin","prdtYear":"1984","openDt":"","typeNm":"장편","prdtStatNm":"기타","nationAlt":"러시아","genreAlt":"드라마","repNationNm":"러시아","repGenreNm":"드라마","directors":[],"companys":[]},{"movieCd":"20224356","movieNm":"전쟁 없는 20일","movieNmEn":"Twenty Days without War","prdtYear":"1977","openDt":"","typeNm":"장편","prdtStatNm":"기타","nationAlt":"러시아","genreAlt":"드라마,멜로/로맨스,전쟁","repNationNm":"러시아","repGenreNm":"드라마","directors":[],"companys":[]},{"movieCd":"20224355","movieNm":"길 위에서의 심판","movieNmEn":"Trial on the Road","prdtYear":"1971","openDt":"","typeNm":"장편","prdtStatNm":"기타","nationAlt":"러시아","genreAlt":"드라마,전쟁","repNationNm":"러시아","repGenreNm":"드라마","directors":[],"companys":[]},{"movieCd":"20224354","movieNm":"일곱 번째 동지","movieNmEn":"The Seventh Companion","prdtYear":"1968","openDt":"","typeNm":"장편","prdtStatNm":"기타","nationAlt":"러시아","genreAlt":"드라마,전쟁","repNationNm":"러시아","repGenreNm":"드라마","directors":[],"companys":[]},{"movieCd":"19900105","movieNm":"꼴찌부터 일등까지 우리반을 찾습니다","movieNmEn":"Our Class Accepts Anyone Regardless Of Grade","prdtYear":"1990","openDt":"19900929","typeNm":"장편","prdtStatNm":"개봉","nationAlt":"한국","genreAlt":"드라마","repNationNm":"한국","repGenreNm":"드라마","directors":[{"peopleNm":"황규덕"}],"companys":[{"companyCd":"20101064","companyNm":"한국 영화독립제작소 물결"}]},{"movieCd":"20224345","movieNm":"사촌 앙헬리카","movieNmEn":"Cousin Angelica","prdtYear":"1974","openDt":"","typeNm":"장편","prdtStatNm":"기타","nationAlt":"스페인","genreAlt":"드라마","repNationNm":"스페인","repGenreNm":"드라마","directors":[{"peopleNm":"카를로스 사우라"}],"companys":[]},{"movieCd":"19718170","movieNm":"조니, 총을 얻다","movieNmEn":"Johnny Got His Gun","prdtYear":"1971","openDt":"","typeNm":"장편","prdtStatNm":"기타","nationAlt":"미국","genreAlt":"드라마","repNationNm":"미국","repGenreNm":"드라마","directors":[],"companys":[]},{"movieCd":"20224352","movieNm":"트리스타나","movieNmEn":"Tristana","prdtYear":"1970","openDt":"","typeNm":"장편","prdtStatNm":"기타","nationAlt":"스페인,이탈리아,프랑스","genreAlt":"드라마","repNationNm":"스페인","repGenreNm":"드라마","directors":[{"peopleNm":"루이스 브뉘엘"}],"companys":[]}]}