{"totCnt":"95385","source":"영화진흥위원회","movieList":[{"movieCd":"20202785","movieNm":"켈리 갱","movieNmEn":"True History of the Kelly Gang","prdtYear":"2019","openDt":"20210831","typeNm":"장편","prdtStatNm":"개봉","nationAlt":"호주","genreAlt":"범죄,액션,드라마","repNationNm":"호주","repGenreNm":"범죄","directors":[{"peopleNm":"저스틴 커젤"}],"companys":[]},{"movieCd":"20210063","movieNm":"견자단의 홍희관","movieNmEn":"The Kung Fu Master","prdtYear":"2021","openDt":"","typeNm":"장편","prdtStatNm":"기타","nationAlt":"중국","genreAlt":"액션","repNationNm":"중국","repGenreNm":"액션","directors":[{"peopleNm":"진목승"}],"companys":[]},{"movieCd":"20210122","movieNm":"적인걸: 흑사병의 비밀","movieNmEn":"Detective Dee: Rats Invasion","prdtYear":"2020","openDt":"","typeNm":"장편","prdtStatNm":"기타","nationAlt":"중국","genreAlt":"액션,어드벤처","repNationNm":"중국","repGenreNm":"액션","directors":[],"companys":[]},{"movieCd":"20217364","movieNm":"이번엔 잘 되겠지","movieNmEn":"","prdtYear":"2021","openDt":"20210708","typeNm":"장편","prdtStatNm":"개봉","nationAlt":"한국","genreAlt":"코미디","repNationNm":"한국","repGenreNm":"코미디","directors":[{"peopleNm":"이승수"}],"companys":[{"companyCd":"20217722","companyNm":"무진영화사"}]},{"movieCd":"20210170","movieNm":"해돋이","movieNmEn":"Sunrise","prdtYear":"2020","openDt":"","typeNm":"단편","prdtStatNm":"기타","nationAlt":"한국","genreAlt":"공포(호러)","repNationNm":"한국","repGenreNm":"공포(호러)","directors":[{"peopleNm":"김태휘"}],"companys":[]},{"movieCd":"20209129","movieNm":"차인표","movieNmEn":"What Happened to Mr. Cha?","prdtYear":"2019","openDt":"","typeNm":"장편","prdtStatNm":"기타","nationAlt":"한국","genreAlt":"코미디","repNationNm":"한국","repGenreNm":"코미디","directors":[],"companys":[{"companyCd":"20140742","companyNm":"(주)어바웃잇"},{"companyCd":"20174202","companyNm":"(주)티케이씨픽쳐스"}]},{"movieCd":"20198281","movieNm":"낙원의 밤","movieNmEn":"Night in Paradise","prdtYear":"2019","openDt":"","typeNm":"장편","prdtStatNm":"기타","nationAlt":"한국","genreAlt":"범죄","repNationNm":"한국","repGenreNm":"범죄","directors":[{"peopleNm":"박훈정"}],"companys":[{"companyCd":"20161022","companyNm":"(주)영화사 금월"},{"companyCd":"20101149","companyNm":"(주)페퍼민트앤컴퍼니"}]},{"movieCd":"20219929","movieNm":"음란 며느리의 젖몸살 무삭제판","movieNmEn":"","prdtYear":"2021","openDt":"20210826","typeNm":"장편","prdtStatNm":"개봉","nationAlt":"일본","genreAlt":"멜로/로맨스","repNationNm":"일본","repGenreNm":"멜로/로맨스","directors":[{"peopleNm":"아나콘다 아나키"}],"companys":[]},{"movieCd":"20219896","movieNm":"용의자 섹스의 헌신 무삭제판","movieNmEn":"","prdtYear":"2021","openDt":"20210826","typeNm":"장편","prdtStatNm":"개봉","nationAlt":"일본","genreAlt":"멜로/로맨스","repNationNm":"일본","repGenreNm":"멜로/로맨스","directors":[{"peopleNm":"아나콘다 아나키"}],"companys":[]},{"movieCd":"20219928","movieNm":"여동생 미식회 무삭제판","movieNmEn":"","prdtYear":"2021","openDt":"20210826","typeNm":"장편","prdtStatNm":"개봉","nationAlt":"일본","genreAlt":"멜로/로맨스","repNationNm":"일본","repGenreNm":"멜로/로맨스","directors":[{"peopleNm":"아나콘다 아나키"}],"companys":[]}]}