{"totCnt":"95385","source":"영화진흥위원회","movieList":[{"movieCd":"20201433","movieNm":"프리랜서","movieNmEn":"Free-lancer","prdtYear":"2020","openDt":"","typeNm":"단편","prdtStatNm":"기타","nationAlt":"한국","genreAlt":"기타","repNationNm":"한국","repGenreNm":"기타","directors":[{"peopleNm":"손수현"}],"companys":[]},{"movieCd":"20224545","movieNm":"행복한 삶의 기록에서 삭제된 부분","movieNmEn":"Out-Takes from the Life of a Happy Man","prdtYear":"2012","openDt":"","typeNm":"장편","prdtStatNm":"기타","nationAlt":"미국","genreAlt":"기타","repNationNm":"미국","repGenreNm":"기타","directors":[{"peopleNm":"요나스 메카스"}],"companys":[]},{"movieCd":"20128475","movieNm":"서신교환 4. 호세 루이스 가린-요나스 메카스","movieNmEn":"Film Correspondence4: Jose Luis Guerin and Jonas Mekas","prdtYear":"2011","openDt":"","typeNm":"장편","prdtStatNm":"기타","nationAlt":"스페인","genreAlt":"기타","repNationNm":"스페인","repGenreNm":"기타","directors":[{"peopleNm":"요나스 메카스"},{"peopleNm":"호세 루이스 게린"}],"companys":[]},{"movieCd":"20224544","movieNm":"우연히 나는 아름다움의 섬광을 보았다","movieNmEn":"As I Was Moving Ahead Occasionally I Saw Brief Glimpses of Beauty","prdtYear":"2000","openDt":"","typeNm":"장편","prdtStatNm":"기타","nationAlt":"미국","genreAlt":"기타","repNationNm":"미국","repGenreNm":"기타","directors":[{"peopleNm":"요나스 메카스"}],"companys":[]},{"movieCd":"20224543","movieNm":"로스트 로스트 로스트","movieNmEn":"Lost Lost Lost","prdtYear":"1976","openDt":"","typeNm":"장편","prdtStatNm":"기타","nationAlt":"미국","genreAlt":"기타","repNationNm":"미국","repGenreNm":"기타","directors":[{"peopleNm":"요나스 메카스"}],"companys":[]},{"movieCd":"20190890","movieNm":"리투아니아 여행의 추억","movieNmEn":"Reminiscences of a Journey to Lithuania","prdtYear":"1972","openDt":"","typeNm":"장편","prdtStatNm":"기타","nationAlt":"영국,독일","genreAlt":"다큐멘터리","repNationNm":"영국","repGenreNm":"다큐멘터리","directors":[{"peopleNm":"요나스 메카스"}],"companys":[]},{"movieCd":"20190942","movieNm":"월든 (일기, 노트, 스케치)","movieNmEn":"Walden (Diaries, Notes and Sketches)","prdtYear":"1969","openDt":"","typeNm":"장편","prdtStatNm":"기타","nationAlt":"미국","genreAlt":"다큐멘터리","repNationNm":"미국","repGenreNm":"다큐멘터리","directors":[{"peopleNm":"요나스 메카스"}],"companys":[]},{"movieCd":"20224542","movieNm":"건즈 오브 더 트리즈","movieNmEn":"Guns of the Trees","prdtYear":"1961","openDt":"","typeNm":"장편","prdtStatNm":"기타","nationAlt":"미국","genreAlt":"기타","repNationNm":"미국","repGenreNm":"기타","directors":[{"peopleNm":"요나스 메카스"}],"companys":[]},{"movieCd":"20224504","movieNm":"콘플릭트:최대의 항쟁","movieNmEn":"CONFLICT-04","prdtYear":"2018","openDt":"","typeNm":"장편","prdtStatNm":"기타","nationAlt":"일본","genreAlt":"액션,드라마","repNationNm":"일본","repGenreNm":"액션","directors":[{"peopleNm":"후지와라 켄이치"}],"companys":[]},{"movieCd":"20213022","movieNm":"퀴어영화를 찍는 초보감독을 위한 지침서","movieNmEn":"How to Film Queer Movie 101","prdtYear":"2021","openDt":"","typeNm":"단편","prdtStatNm":"기타","nationAlt":"한국","genreAlt":"드라마","repNationNm":"한국","repGenreNm":"드라마","directors":[{"peopleNm":"차혜빈"}],"companys":[]}]}