{"totCnt":"95385","source":"영화진흥위원회","movieList":[{"movieCd":"20219426","movieNm":"아리아 : 더 크레푸스콜로","movieNmEn":"ARIA the CREPUSCOLO","prdtYear":"2021","openDt":"20210908","typeNm":"장편","prdtStatNm":"개봉","nationAlt":"일본","genreAlt":"애니메이션,판타지,SF","repNationNm":"일본","repGenreNm":"애니메이션","directors":[{"peopleNm":"사토 준이치"}],"companys":[]},{"movieCd":"20210183","movieNm":"상견니 대만판 13화","movieNmEn":"Someday or One Day","prdtYear":"2019","openDt":"20210908","typeNm":"장편","prdtStatNm":"개봉","nationAlt":"기타","genreAlt":"드라마,멜로/로맨스,SF","repNationNm":"기타","repGenreNm":"드라마","directors":[{"peopleNm":"황천인"}],"companys":[]},{"movieCd":"20219767","movieNm":"리스펙트","movieNmEn":"RESPECT","prdtYear":"2021","openDt":"20210908","typeNm":"장편","prdtStatNm":"개봉","nationAlt":"미국","genreAlt":"드라마","repNationNm":"미국","repGenreNm":"드라마","directors":[{"peopleNm":"리슬 타미"}],"companys":[]},{"movieCd":"20210356","movieNm":"몸캠녀의 S 사생활","movieNmEn":"","prdtYear":"2021","openDt":"","typeNm":"장편","prdtStatNm":"기타","nationAlt":"한국","genreAlt":"멜로/로맨스","repNationNm":"한국","repGenreNm":"멜로/로맨스","directors":[{"peopleNm":"김동해"}],"companys":[{"companyCd":"20217221","companyNm":"라이어 시네마"}]},{"movieCd":"20210340","movieNm":"섹스 도우미","movieNmEn":"","prdtYear":"2021","openDt":"20210907","typeNm":"장편","prdtStatNm":"개봉","nationAlt":"한국","genreAlt":"멜로/로맨스","repNationNm":"한국","repGenreNm":"멜로/로맨스","directors":[{"peopleNm":"김동해"}],"companys":[{"companyCd":"20217221","companyNm":"라이어 시네마"}]},{"movieCd":"19860031","movieNm":"변강쇠","movieNmEn":"Byun Kang-Swoi","prdtYear":"1986","openDt":"19860503","typeNm":"장편","prdtStatNm":"개봉","nationAlt":"한국","genreAlt":"성인물(에로),멜로/로맨스,사극,드라마","repNationNm":"한국","repGenreNm":"성인물(에로)","directors":[{"peopleNm":"엄종선"}],"companys":[{"companyCd":"20100478","companyNm":"합동영화(주)"}]},{"movieCd":"20219887","movieNm":"맨 인 더 다크: 룸 이스케이프","movieNmEn":"Wired Shut","prdtYear":"2021","openDt":"","typeNm":"장편","prdtStatNm":"기타","nationAlt":"미국","genreAlt":"공포(호러),스릴러","repNationNm":"미국","repGenreNm":"공포(호러)","directors":[],"companys":[]},{"movieCd":"20210362","movieNm":"워터 몬스터","movieNmEn":"Water Monster","prdtYear":"2019","openDt":"","typeNm":"장편","prdtStatNm":"기타","nationAlt":"중국","genreAlt":"액션,어드벤처","repNationNm":"중국","repGenreNm":"액션","directors":[{"peopleNm":"샹추량"}],"companys":[]},{"movieCd":"20219848","movieNm":"레커닝","movieNmEn":"The Reckoning","prdtYear":"2020","openDt":"20210907","typeNm":"장편","prdtStatNm":"개봉","nationAlt":"영국","genreAlt":"드라마,공포(호러)","repNationNm":"영국","repGenreNm":"드라마","directors":[{"peopleNm":"닐 마샬"}],"companys":[]},{"movieCd":"20210337","movieNm":"록 바텀 라이저","movieNmEn":"Rock Bottom Riser","prdtYear":"2021","openDt":"","typeNm":"장편","prdtStatNm":"기타","nationAlt":"미국","genreAlt":"기타","repNationNm":"미국","repGenreNm":"기타","directors":[],"companys":[]}]}