{"totCnt":"95385","source":"영화진흥위원회","movieList":[{"movieCd":"20203963","movieNm":"THE FINALS","movieNmEn":"","prdtYear":"2021","openDt":"","typeNm":"단편","prdtStatNm":"기타","nationAlt":"한국","genreAlt":"드라마,판타지,액션","repNationNm":"한국","repGenreNm":"드라마","directors":[{"peopleNm":"박중하"}],"companys":[{"companyCd":"20174842","companyNm":"봄베씨네"}]},{"movieCd":"20210922","movieNm":"퇴마사","movieNmEn":"Directorate of Punishment for the Suppression","prdtYear":"2019","openDt":"","typeNm":"장편","prdtStatNm":"기타","nationAlt":"중국","genreAlt":"미스터리,액션","repNationNm":"중국","repGenreNm":"미스터리","directors":[],"companys":[]},{"movieCd":"20218671","movieNm":"아-하: 테이크 온 미","movieNmEn":"a-ha: Take On Me","prdtYear":"2021","openDt":"20210922","typeNm":"장편","prdtStatNm":"개봉","nationAlt":"기타","genreAlt":"다큐멘터리,뮤지컬","repNationNm":"기타","repGenreNm":"다큐멘터리","directors":[{"peopleNm":"토마스 롭삼"},{"peopleNm":"아슬레우 홀름"}],"companys":[]},{"movieCd":"20203689","movieNm":"마이 미씽 발렌타인","movieNmEn":"My Missing Valentine","prdtYear":"2020","openDt":"20210114","typeNm":"장편","prdtStatNm":"개봉","nationAlt":"기타","genreAlt":"멜로/로맨스,코미디","repNationNm":"기타","repGenreNm":"멜로/로맨스","directors":[{"peopleNm":"진옥훈"}],"companys":[]},{"movieCd":"20210593","movieNm":"백사대전 2","movieNmEn":"White Snake","prdtYear":"2021","openDt":"","typeNm":"장편","prdtStatNm":"기타","nationAlt":"중국","genreAlt":"액션,판타지","repNationNm":"중국","repGenreNm":"액션","directors":[],"companys":[]},{"movieCd":"20209134","movieNm":"그대 너머에","movieNmEn":"Beyond you, 2020","prdtYear":"2020","openDt":"20210909","typeNm":"장편","prdtStatNm":"개봉","nationAlt":"한국","genreAlt":"멜로/로맨스","repNationNm":"한국","repGenreNm":"멜로/로맨스","directors":[{"peopleNm":"박홍민"}],"companys":[{"companyCd":"20143008","companyNm":"농부영화사"}]},{"movieCd":"20210866","movieNm":"컴백트레일","movieNmEn":"The Comeback Trail","prdtYear":"2020","openDt":"20211007","typeNm":"장편","prdtStatNm":"개봉","nationAlt":"미국","genreAlt":"코미디,범죄","repNationNm":"미국","repGenreNm":"코미디","directors":[{"peopleNm":"조지 갈로"}],"companys":[]},{"movieCd":"20210724","movieNm":"빌어먹을 : 웰컴 투 헬","movieNmEn":"Bloody hell","prdtYear":"2020","openDt":"","typeNm":"장편","prdtStatNm":"기타","nationAlt":"호주,미국","genreAlt":"액션,코미디","repNationNm":"호주","repGenreNm":"액션","directors":[{"peopleNm":"앨리스터 그리어슨"}],"companys":[]},{"movieCd":"20210182","movieNm":"매직 스쿨: 초보마법사 아우라의 대모험","movieNmEn":"The Academy of Magic","prdtYear":"2020","openDt":"20211007","typeNm":"장편","prdtStatNm":"개봉","nationAlt":"미국","genreAlt":"애니메이션,판타지","repNationNm":"미국","repGenreNm":"애니메이션","directors":[],"companys":[]},{"movieCd":"20219741","movieNm":"마를린 ","movieNmEn":"Marlene","prdtYear":"2020","openDt":"20211007","typeNm":"장편","prdtStatNm":"개봉","nationAlt":"기타","genreAlt":"액션","repNationNm":"기타","repGenreNm":"액션","directors":[{"peopleNm":"스테판 뮐러"}],"companys":[]}]}