{"totCnt":"95385","source":"영화진흥위원회","movieList":[{"movieCd":"20218763","movieNm":"기문마계","movieNmEn":"The Dark War","prdtYear":"2017","openDt":"20211020","typeNm":"장편","prdtStatNm":"개봉","nationAlt":"홍콩","genreAlt":"판타지","repNationNm":"홍콩","repGenreNm":"판타지","directors":[],"companys":[]},{"movieCd":"20210928","movieNm":"자매사육 :캠핑에서 생긴일","movieNmEn":"","prdtYear":"2021","openDt":"20211019","typeNm":"장편","prdtStatNm":"개봉","nationAlt":"한국","genreAlt":"성인물(에로),드라마","repNationNm":"한국","repGenreNm":"성인물(에로)","directors":[{"peopleNm":"한동호"}],"companys":[{"companyCd":"20186981","companyNm":"주식회사 플릭스코"}]},{"movieCd":"20210947","movieNm":"윤율아씨의 쓰리쿠션","movieNmEn":"","prdtYear":"2021","openDt":"20211019","typeNm":"장편","prdtStatNm":"개봉","nationAlt":"한국","genreAlt":"드라마,멜로/로맨스","repNationNm":"한국","repGenreNm":"드라마","directors":[{"peopleNm":"김태훈"}],"companys":[{"companyCd":"20157008","companyNm":"(주)픽쳐레스크"}]},{"movieCd":"20210606","movieNm":"에로스 커플의 섹스고백","movieNmEn":"","prdtYear":"2021","openDt":"20211019","typeNm":"장편","prdtStatNm":"개봉","nationAlt":"한국","genreAlt":"드라마","repNationNm":"한국","repGenreNm":"드라마","directors":[{"peopleNm":"이로운"}],"companys":[{"companyCd":"20202961","companyNm":"비스킷미디어"}]},{"movieCd":"20216882","movieNm":"스와핑 : 친구의 아내 3 무삭제","movieNmEn":"","prdtYear":"2020","openDt":"20211019","typeNm":"장편","prdtStatNm":"개봉","nationAlt":"한국","genreAlt":"멜로/로맨스,드라마","repNationNm":"한국","repGenreNm":"멜로/로맨스","directors":[{"peopleNm":"최찬호"}],"companys":[{"companyCd":"20161021","companyNm":"(주)영화사가을"}]},{"movieCd":"20210727","movieNm":"이터널 친구엄마","movieNmEn":"","prdtYear":"2021","openDt":"20211018","typeNm":"장편","prdtStatNm":"개봉","nationAlt":"일본","genreAlt":"멜로/로맨스","repNationNm":"일본","repGenreNm":"멜로/로맨스","directors":[],"companys":[]},{"movieCd":"20210943","movieNm":"시아버지의 탐욕","movieNmEn":"","prdtYear":"2020","openDt":"20211018","typeNm":"장편","prdtStatNm":"개봉","nationAlt":"일본","genreAlt":"멜로/로맨스","repNationNm":"일본","repGenreNm":"멜로/로맨스","directors":[],"companys":[]},{"movieCd":"20218835","movieNm":"스토퀸 무삭제판","movieNmEn":"","prdtYear":"2021","openDt":"20211018","typeNm":"장편","prdtStatNm":"개봉","nationAlt":"한국","genreAlt":"멜로/로맨스","repNationNm":"한국","repGenreNm":"멜로/로맨스","directors":[{"peopleNm":"에로핑"}],"companys":[{"companyCd":"20189621","companyNm":"(주)라온컴퍼니플러스"}]},{"movieCd":"20219326","movieNm":"섹스를 달리는 비행소녀","movieNmEn":"","prdtYear":"2021","openDt":"20211018","typeNm":"장편","prdtStatNm":"개봉","nationAlt":"한국","genreAlt":"멜로/로맨스","repNationNm":"한국","repGenreNm":"멜로/로맨스","directors":[{"peopleNm":"핑크라이더"}],"companys":[{"companyCd":"20189621","companyNm":"(주)라온컴퍼니플러스"}]},{"movieCd":"20210932","movieNm":"새엄마의 욕정중독","movieNmEn":"","prdtYear":"2021","openDt":"20211018","typeNm":"장편","prdtStatNm":"개봉","nationAlt":"일본","genreAlt":"멜로/로맨스","repNationNm":"일본","repGenreNm":"멜로/로맨스","directors":[],"companys":[]}]}