{"totCnt":"95385","source":"영화진흥위원회","movieList":[{"movieCd":"20224433","movieNm":"형수의 섹스알바","movieNmEn":"","prdtYear":"2021","openDt":"20220410","typeNm":"장편","prdtStatNm":"개봉","nationAlt":"일본","genreAlt":"성인물(에로),드라마,멜로/로맨스","repNationNm":"일본","repGenreNm":"성인물(에로)","directors":[{"peopleNm":"버드맨 텟페이"}],"companys":[]},{"movieCd":"20224432","movieNm":"발정난 장모님:사위 손길이 좋아","movieNmEn":"","prdtYear":"2020","openDt":"20220410","typeNm":"장편","prdtStatNm":"개봉","nationAlt":"일본","genreAlt":"성인물(에로),드라마,멜로/로맨스","repNationNm":"일본","repGenreNm":"성인물(에로)","directors":[{"peopleNm":"나카노 야요이"}],"companys":[]},{"movieCd":"20224431","movieNm":"물 빼주는 여선배","movieNmEn":"","prdtYear":"2020","openDt":"20220410","typeNm":"장편","prdtStatNm":"개봉","nationAlt":"일본","genreAlt":"성인물(에로),드라마,멜로/로맨스","repNationNm":"일본","repGenreNm":"성인물(에로)","directors":[{"peopleNm":"타나카 스나오"}],"companys":[]},{"movieCd":"20224430","movieNm":"무토 아야카와 후끈 혼욕","movieNmEn":"","prdtYear":"2020","openDt":"20220410","typeNm":"장편","prdtStatNm":"개봉","nationAlt":"일본","genreAlt":"성인물(에로),드라마,멜로/로맨스","repNationNm":"일본","repGenreNm":"성인물(에로)","directors":[{"peopleNm":"네쿄쿠 타란티노"}],"companys":[]},{"movieCd":"20210030","movieNm":"천국에서 무덤까지","movieNmEn":"All Creatures Here Below","prdtYear":"2018","openDt":"20220407","typeNm":"장편","prdtStatNm":"개봉","nationAlt":"영국","genreAlt":"범죄,드라마,멜로/로맨스","repNationNm":"영국","repGenreNm":"범죄","directors":[],"companys":[]},{"movieCd":"20198303","movieNm":"정의심판","movieNmEn":"Justice Judgment","prdtYear":"2019","openDt":"20191017","typeNm":"장편","prdtStatNm":"개봉","nationAlt":"한국","genreAlt":"드라마","repNationNm":"한국","repGenreNm":"드라마","directors":[{"peopleNm":"조성현"}],"companys":[{"companyCd":"20169288","companyNm":"프로젝트 엔터테인먼트"}]},{"movieCd":"20224423","movieNm":"친구 와이프:굿모닝 섹스","movieNmEn":"","prdtYear":"2020","openDt":"20220409","typeNm":"장편","prdtStatNm":"개봉","nationAlt":"일본","genreAlt":"성인물(에로),드라마,멜로/로맨스","repNationNm":"일본","repGenreNm":"성인물(에로)","directors":[{"peopleNm":"사노 B사쿠"}],"companys":[]},{"movieCd":"20224424","movieNm":"미스즈의 섹스 영업","movieNmEn":"","prdtYear":"2021","openDt":"20220409","typeNm":"장편","prdtStatNm":"개봉","nationAlt":"일본","genreAlt":"성인물(에로),드라마,멜로/로맨스","repNationNm":"일본","repGenreNm":"성인물(에로)","directors":[{"peopleNm":"버드맨 텟페이"}],"companys":[]},{"movieCd":"20224422","movieNm":"물터진 새엄마","movieNmEn":"","prdtYear":"2020","openDt":"20220409","typeNm":"장편","prdtStatNm":"개봉","nationAlt":"일본","genreAlt":"성인물(에로),드라마,멜로/로맨스","repNationNm":"일본","repGenreNm":"성인물(에로)","directors":[{"peopleNm":"네쿄쿠 타란티노"}],"companys":[]},{"movieCd":"20224318","movieNm":"처제의 맛","movieNmEn":"","prdtYear":"2021","openDt":"20220408","typeNm":"장편","prdtStatNm":"개봉","nationAlt":"한국","genreAlt":"성인물(에로),드라마,멜로/로맨스","repNationNm":"한국","repGenreNm":"성인물(에로)","directors":[{"peopleNm":"윤준세"}],"companys":[{"companyCd":"20114899","companyNm":"(주)영진크리에이티브"}]}]}