{"totCnt":"95385","source":"영화진흥위원회","movieList":[{"movieCd":"20211443","movieNm":"SIFFF2021 오감만족 한국단편경선 4","movieNmEn":"Tasty Korean Short Film Competition 4","prdtYear":"2021","openDt":"","typeNm":"옴니버스","prdtStatNm":"기타","nationAlt":"한국","genreAlt":"기타","repNationNm":"한국","repGenreNm":"기타","directors":[],"companys":[]},{"movieCd":"20211461","movieNm":"SIFFF2021 오감만족 한국단편경선 2","movieNmEn":"Tasty Korean Short Film Competition 2","prdtYear":"2021","openDt":"","typeNm":"옴니버스","prdtStatNm":"기타","nationAlt":"한국","genreAlt":"기타","repNationNm":"한국","repGenreNm":"기타","directors":[],"companys":[]},{"movieCd":"20211440","movieNm":"SIFFF2021 오감만족 한국단편경선 1","movieNmEn":"Tasty Korean Short Film Competition 1","prdtYear":"2021","openDt":"","typeNm":"옴니버스","prdtStatNm":"기타","nationAlt":"한국","genreAlt":"기타","repNationNm":"한국","repGenreNm":"기타","directors":[],"companys":[]},{"movieCd":"20211439","movieNm":"SIFFF2021 오감만족 국제단편경선 5","movieNmEn":"Tasty Short Film Competition 5","prdtYear":"2021","openDt":"","typeNm":"옴니버스","prdtStatNm":"기타","nationAlt":"기타","genreAlt":"기타","repNationNm":"기타","repGenreNm":"기타","directors":[],"companys":[]},{"movieCd":"20211438","movieNm":"SIFFF2021 오감만족 국제단편경선 4","movieNmEn":"Tasty Short Film Competition 4","prdtYear":"2021","openDt":"","typeNm":"옴니버스","prdtStatNm":"기타","nationAlt":"기타","genreAlt":"기타","repNationNm":"기타","repGenreNm":"기타","directors":[],"companys":[]},{"movieCd":"20211437","movieNm":"SIFFF2021 오감만족 국제단편경선 3","movieNmEn":"Tasty Short Film Competition 3","prdtYear":"2021","openDt":"","typeNm":"옴니버스","prdtStatNm":"기타","nationAlt":"기타","genreAlt":"기타","repNationNm":"기타","repGenreNm":"기타","directors":[],"companys":[]},{"movieCd":"20211442","movieNm":"SIFFF2021 오감만족 국제단편경선 2","movieNmEn":"Tasty Short Film Competition 2","prdtYear":"2021","openDt":"","typeNm":"옴니버스","prdtStatNm":"기타","nationAlt":"기타","genreAlt":"기타","repNationNm":"기타","repGenreNm":"기타","directors":[],"companys":[]},{"movieCd":"20210951","movieNm":"지구 최후의 날 2021","movieNmEn":"Meteor","prdtYear":"2021","openDt":"","typeNm":"장편","prdtStatNm":"기타","nationAlt":"미국","genreAlt":"SF,드라마","repNationNm":"미국","repGenreNm":"SF","directors":[{"peopleNm":"브렛 벤트먼"}],"companys":[]},{"movieCd":"20218778","movieNm":"천녀유혼: 귀애도","movieNmEn":"Hu Mei Niang","prdtYear":"2017","openDt":"20211014","typeNm":"장편","prdtStatNm":"개봉","nationAlt":"홍콩","genreAlt":"기타","repNationNm":"홍콩","repGenreNm":"기타","directors":[],"companys":[]},{"movieCd":"20211441","movieNm":"긴 해안: 메인에서 어부로 사는 법","movieNmEn":"The Long Coast","prdtYear":"2020","openDt":"","typeNm":"장편","prdtStatNm":"기타","nationAlt":"미국","genreAlt":"다큐멘터리","repNationNm":"미국","repGenreNm":"다큐멘터리","directors":[{"peopleNm":"이언 체니"}],"companys":[]}]}