{"totCnt":"95385","source":"영화진흥위원회","movieList":[{"movieCd":"20224219","movieNm":"루프 스테이션","movieNmEn":"Loop Station","prdtYear":"2021","openDt":"","typeNm":"단편","prdtStatNm":"기타","nationAlt":"한국","genreAlt":"드라마","repNationNm":"한국","repGenreNm":"드라마","directors":[],"companys":[]},{"movieCd":"20219971","movieNm":"녹음이 빛나는 일대기","movieNmEn":"Women in Green","prdtYear":"2021","openDt":"","typeNm":"단편","prdtStatNm":"기타","nationAlt":"한국","genreAlt":"기타","repNationNm":"한국","repGenreNm":"기타","directors":[],"companys":[]},{"movieCd":"20224208","movieNm":"내 모난 집","movieNmEn":"Home Sweet Home","prdtYear":"2020","openDt":"","typeNm":"단편","prdtStatNm":"기타","nationAlt":"한국","genreAlt":"기타","repNationNm":"한국","repGenreNm":"기타","directors":[],"companys":[]},{"movieCd":"20224195","movieNm":"하연의 투샷","movieNmEn":"","prdtYear":"2022","openDt":"20220309","typeNm":"장편","prdtStatNm":"개봉","nationAlt":"한국","genreAlt":"성인물(에로),드라마","repNationNm":"한국","repGenreNm":"성인물(에로)","directors":[{"peopleNm":"이로운"}],"companys":[{"companyCd":"20136715","companyNm":"(주)영화사히트"}]},{"movieCd":"20223932","movieNm":"죽어도 섹스","movieNmEn":"","prdtYear":"2022","openDt":"20220310","typeNm":"장편","prdtStatNm":"개봉","nationAlt":"한국","genreAlt":"성인물(에로)","repNationNm":"한국","repGenreNm":"성인물(에로)","directors":[{"peopleNm":"강현성"}],"companys":[{"companyCd":"20217881","companyNm":"(주)샤이커뮤니케이션즈"}]},{"movieCd":"20224194","movieNm":"잘하는 남동생","movieNmEn":"","prdtYear":"2022","openDt":"20220309","typeNm":"장편","prdtStatNm":"개봉","nationAlt":"한국","genreAlt":"성인물(에로),드라마","repNationNm":"한국","repGenreNm":"성인물(에로)","directors":[{"peopleNm":"이로운"}],"companys":[{"companyCd":"20136715","companyNm":"(주)영화사히트"}]},{"movieCd":"20224193","movieNm":"이웃사촌끼리","movieNmEn":"","prdtYear":"2022","openDt":"20220309","typeNm":"장편","prdtStatNm":"개봉","nationAlt":"한국","genreAlt":"성인물(에로),드라마","repNationNm":"한국","repGenreNm":"성인물(에로)","directors":[{"peopleNm":"이로운"}],"companys":[{"companyCd":"20136715","companyNm":"(주)영화사히트"}]},{"movieCd":"20223931","movieNm":"여직원의 직장 상사","movieNmEn":"","prdtYear":"2022","openDt":"20220310","typeNm":"장편","prdtStatNm":"개봉","nationAlt":"한국","genreAlt":"성인물(에로)","repNationNm":"한국","repGenreNm":"성인물(에로)","directors":[{"peopleNm":"강현성"}],"companys":[{"companyCd":"20217881","companyNm":"(주)샤이커뮤니케이션즈"}]},{"movieCd":"20224192","movieNm":"수상한 새엄마","movieNmEn":"","prdtYear":"2022","openDt":"20220309","typeNm":"장편","prdtStatNm":"개봉","nationAlt":"한국","genreAlt":"성인물(에로),드라마","repNationNm":"한국","repGenreNm":"성인물(에로)","directors":[{"peopleNm":"이로운"}],"companys":[{"companyCd":"20136715","companyNm":"(주)영화사히트"}]},{"movieCd":"20224189","movieNm":"맛있는 자매들","movieNmEn":"","prdtYear":"2022","openDt":"20220309","typeNm":"장편","prdtStatNm":"개봉","nationAlt":"한국","genreAlt":"성인물(에로),드라마","repNationNm":"한국","repGenreNm":"성인물(에로)","directors":[{"peopleNm":"이로운"}],"companys":[{"companyCd":"20136715","companyNm":"(주)영화사히트"}]}]}