{"totCnt":"95385","source":"영화진흥위원회","movieList":[{"movieCd":"20211687","movieNm":"화피3","movieNmEn":"The Beauty Skin","prdtYear":"2020","openDt":"","typeNm":"장편","prdtStatNm":"기타","nationAlt":"중국","genreAlt":"판타지,액션","repNationNm":"중국","repGenreNm":"판타지","directors":[],"companys":[]},{"movieCd":"20211537","movieNm":"주부들의 육체 비밀 (무삭제)","movieNmEn":"","prdtYear":"2021","openDt":"","typeNm":"장편","prdtStatNm":"기타","nationAlt":"한국","genreAlt":"성인물(에로),드라마","repNationNm":"한국","repGenreNm":"성인물(에로)","directors":[{"peopleNm":"야신수"}],"companys":[{"companyCd":"20061917","companyNm":"(주)이십일세기미디어"}]},{"movieCd":"20211785","movieNm":"부장을 세워 준 키스 중독 여직원 무삭제판","movieNmEn":"","prdtYear":"2020","openDt":"","typeNm":"장편","prdtStatNm":"기타","nationAlt":"일본","genreAlt":"성인물(에로),드라마","repNationNm":"일본","repGenreNm":"성인물(에로)","directors":[{"peopleNm":"쇼텐 시로"}],"companys":[]},{"movieCd":"20211468","movieNm":"배덕의 소꿉친구 : 아내의 정조를 빼앗겼습니다","movieNmEn":"","prdtYear":"2020","openDt":"","typeNm":"장편","prdtStatNm":"기타","nationAlt":"일본","genreAlt":"성인물(에로),드라마","repNationNm":"일본","repGenreNm":"성인물(에로)","directors":[],"companys":[]},{"movieCd":"20211696","movieNm":"미씽: 사라진 소녀들","movieNmEn":"Angie: Lost Girls","prdtYear":"2020","openDt":"","typeNm":"장편","prdtStatNm":"기타","nationAlt":"미국","genreAlt":"스릴러,드라마","repNationNm":"미국","repGenreNm":"스릴러","directors":[],"companys":[]},{"movieCd":"20201475","movieNm":"어디에도 없는 여자","movieNmEn":"Nowhere Girl","prdtYear":"2020","openDt":"","typeNm":"단편","prdtStatNm":"기타","nationAlt":"한국","genreAlt":"판타지,멜로/로맨스","repNationNm":"한국","repGenreNm":"판타지","directors":[{"peopleNm":"김혜은"}],"companys":[]},{"movieCd":"20211927","movieNm":"BIAF2021 부천국제애니메이션페스티벌 기획상영展","movieNmEn":"","prdtYear":"2021","openDt":"","typeNm":"옴니버스","prdtStatNm":"기타","nationAlt":"기타","genreAlt":"애니메이션","repNationNm":"기타","repGenreNm":"애니메이션","directors":[],"companys":[]},{"movieCd":"20060277","movieNm":"타짜","movieNmEn":"Tazza: The High Rollers","prdtYear":"2006","openDt":"20060928","typeNm":"장편","prdtStatNm":"개봉","nationAlt":"한국","genreAlt":"드라마","repNationNm":"한국","repGenreNm":"드라마","directors":[{"peopleNm":"최동훈"}],"companys":[{"companyCd":"20100123","companyNm":"(주)싸이더스"},{"companyCd":"20101664","companyNm":"(주)영화사참"}]},{"movieCd":"20135777","movieNm":"우리집","movieNmEn":"My Home","prdtYear":"2013","openDt":"","typeNm":"단편","prdtStatNm":"기타","nationAlt":"한국","genreAlt":"드라마","repNationNm":"한국","repGenreNm":"드라마","directors":[{"peopleNm":"이인경"}],"companys":[]},{"movieCd":"20199680","movieNm":"여동생","movieNmEn":"Sister","prdtYear":"2018","openDt":"","typeNm":"단편","prdtStatNm":"기타","nationAlt":"중국,미국","genreAlt":"애니메이션","repNationNm":"중국","repGenreNm":"애니메이션","directors":[],"companys":[]}]}