{"totCnt":"95385","source":"영화진흥위원회","movieList":[{"movieCd":"20212075","movieNm":"media art work screening 열일곱 번째 정기 상영회","movieNmEn":"","prdtYear":"2021","openDt":"","typeNm":"옴니버스","prdtStatNm":"기타","nationAlt":"한국","genreAlt":"기타","repNationNm":"한국","repGenreNm":"기타","directors":[],"companys":[]},{"movieCd":"20212074","movieNm":"부마를 넘어, 시월을 넘어 - 부마항쟁 기념 프로젝션 맵핑 기록 영상","movieNmEn":"Beyond the BUMA, Beyond the October - Celebrating the Buma Uprising projection mapping record video","prdtYear":"2021","openDt":"","typeNm":"단편","prdtStatNm":"기타","nationAlt":"한국","genreAlt":"기타","repNationNm":"한국","repGenreNm":"기타","directors":[{"peopleNm":"허병찬"}],"companys":[]},{"movieCd":"20212073","movieNm":"경계 위에서","movieNmEn":"On the Demarcation Line","prdtYear":"2020","openDt":"","typeNm":"단편","prdtStatNm":"기타","nationAlt":"한국","genreAlt":"기타","repNationNm":"한국","repGenreNm":"기타","directors":[],"companys":[]},{"movieCd":"20212050","movieNm":"회전문","movieNmEn":"Revolving Door","prdtYear":"2020","openDt":"","typeNm":"단편","prdtStatNm":"기타","nationAlt":"한국","genreAlt":"기타","repNationNm":"한국","repGenreNm":"기타","directors":[],"companys":[]},{"movieCd":"20212072","movieNm":"소프트바디","movieNmEn":"Soft Body","prdtYear":"2021","openDt":"","typeNm":"단편","prdtStatNm":"기타","nationAlt":"한국","genreAlt":"기타","repNationNm":"한국","repGenreNm":"기타","directors":[],"companys":[]},{"movieCd":"20212049","movieNm":"언더커런트","movieNmEn":"Undercurrent","prdtYear":"2021","openDt":"","typeNm":"단편","prdtStatNm":"기타","nationAlt":"한국","genreAlt":"기타","repNationNm":"한국","repGenreNm":"기타","directors":[],"companys":[]},{"movieCd":"20212071","movieNm":"보이는 것보다 소리가 강하다","movieNmEn":"Sound is Stronger than It Looks","prdtYear":"2021","openDt":"","typeNm":"단편","prdtStatNm":"기타","nationAlt":"한국","genreAlt":"기타","repNationNm":"한국","repGenreNm":"기타","directors":[{"peopleNm":"이광기"}],"companys":[]},{"movieCd":"20212070","movieNm":"기이한 풍경 – 온천장 재개발 4구역","movieNmEn":"A Strange Scenery","prdtYear":"2021","openDt":"","typeNm":"단편","prdtStatNm":"기타","nationAlt":"한국","genreAlt":"기타","repNationNm":"한국","repGenreNm":"기타","directors":[{"peopleNm":"허병찬"}],"companys":[]},{"movieCd":"20212069","movieNm":"영어 알파벳과 한글 모음의 조합으로 한글 문자에 대응하는 신조어를 작성하는 방법","movieNmEn":"Method for writing a new word corresponding to Korean characters by combining English alphabets and Korean vowels","prdtYear":"2021","openDt":"","typeNm":"단편","prdtStatNm":"기타","nationAlt":"한국","genreAlt":"기타","repNationNm":"한국","repGenreNm":"기타","directors":[{"peopleNm":"이광기"}],"companys":[]},{"movieCd":"20212048","movieNm":"필름매트릭스 03","movieNmEn":"FilmMetrics 03","prdtYear":"2018","openDt":"","typeNm":"단편","prdtStatNm":"기타","nationAlt":"한국","genreAlt":"기타","repNationNm":"한국","repGenreNm":"기타","directors":[{"peopleNm":"변재규"}],"companys":[]}]}