{"totCnt":"95385","source":"영화진흥위원회","movieList":[{"movieCd":"20223290","movieNm":"무좀에 걸리지 않는 방법","movieNmEn":"How Not to Get Athlete's Foot","prdtYear":"2021","openDt":"","typeNm":"단편","prdtStatNm":"기타","nationAlt":"한국","genreAlt":"기타","repNationNm":"한국","repGenreNm":"기타","directors":[],"companys":[]},{"movieCd":"20204388","movieNm":"갱경떡삥이","movieNmEn":"Gangyung  Dduckbingyi","prdtYear":"2021","openDt":"20211227","typeNm":"장편","prdtStatNm":"개봉","nationAlt":"한국","genreAlt":"드라마","repNationNm":"한국","repGenreNm":"드라마","directors":[{"peopleNm":"진명"}],"companys":[{"companyCd":"20218561","companyNm":"갱경 엔터테인먼트"}]},{"movieCd":"20223200","movieNm":"손님","movieNmEn":"Guest","prdtYear":"2018","openDt":"","typeNm":"단편","prdtStatNm":"기타","nationAlt":"한국","genreAlt":"코미디","repNationNm":"한국","repGenreNm":"코미디","directors":[{"peopleNm":"조국형"}],"companys":[]},{"movieCd":"20060365","movieNm":"수면의 과학","movieNmEn":"The Science Of Sleep","prdtYear":"2006","openDt":"20061221","typeNm":"장편","prdtStatNm":"개봉","nationAlt":"프랑스","genreAlt":"코미디,판타지","repNationNm":"프랑스","repGenreNm":"코미디","directors":[{"peopleNm":"미셸 공드리"}],"companys":[{"companyCd":"20104473","companyNm":"퍼티잔"},{"companyCd":"20103810","companyNm":"고몽"},{"companyCd":"20103701","companyNm":"프랑스3시네마"}]},{"movieCd":"20223285","movieNm":"HOW TO BE AN EXPRESSIVE ARTIST","movieNmEn":"HOW TO BE AN EXPRESSIVE ARTIST","prdtYear":"2021","openDt":"","typeNm":"단편","prdtStatNm":"기타","nationAlt":"한국","genreAlt":"다큐멘터리","repNationNm":"한국","repGenreNm":"다큐멘터리","directors":[{"peopleNm":"최보윤"}],"companys":[]},{"movieCd":"20223265","movieNm":"여름에","movieNmEn":"The Car","prdtYear":"2017","openDt":"","typeNm":"단편","prdtStatNm":"기타","nationAlt":"한국","genreAlt":"멜로/로맨스","repNationNm":"한국","repGenreNm":"멜로/로맨스","directors":[{"peopleNm":"정연"}],"companys":[]},{"movieCd":"20223264","movieNm":"고무동력기","movieNmEn":"","prdtYear":"2021","openDt":"","typeNm":"단편","prdtStatNm":"기타","nationAlt":"한국","genreAlt":"드라마","repNationNm":"한국","repGenreNm":"드라마","directors":[{"peopleNm":"이기남"}],"companys":[]},{"movieCd":"20223283","movieNm":"미메시스","movieNmEn":"The Mimesis","prdtYear":"2021","openDt":"","typeNm":"단편","prdtStatNm":"기타","nationAlt":"한국","genreAlt":"드라마","repNationNm":"한국","repGenreNm":"드라마","directors":[{"peopleNm":"민규홍"}],"companys":[{"companyCd":"20100572","companyNm":"한국영화아카데미"}]},{"movieCd":"20223281","movieNm":"오디션","movieNmEn":"Audition","prdtYear":"2020","openDt":"","typeNm":"단편","prdtStatNm":"기타","nationAlt":"한국","genreAlt":"드라마","repNationNm":"한국","repGenreNm":"드라마","directors":[{"peopleNm":"민규홍"}],"companys":[{"companyCd":"20100572","companyNm":"한국영화아카데미"}]},{"movieCd":"20223282","movieNm":"레드 이글스","movieNmEn":"Anadolu Kartallari","prdtYear":"2011","openDt":"","typeNm":"장편","prdtStatNm":"기타","nationAlt":"터키","genreAlt":"드라마,어드벤처,멜로/로맨스","repNationNm":"터키","repGenreNm":"드라마","directors":[],"companys":[]}]}