{"totCnt":"95385","source":"영화진흥위원회","movieList":[{"movieCd":"20219625","movieNm":"월세는 몸으로 낼게요 무삭제","movieNmEn":"","prdtYear":"2021","openDt":"20210814","typeNm":"장편","prdtStatNm":"개봉","nationAlt":"한국","genreAlt":"멜로/로맨스,드라마","repNationNm":"한국","repGenreNm":"멜로/로맨스","directors":[{"peopleNm":"김환"}],"companys":[{"companyCd":"20161021","companyNm":"(주)영화사가을"}]},{"movieCd":"20205308","movieNm":"예쁜 새댁","movieNmEn":"","prdtYear":"2020","openDt":"20210814","typeNm":"장편","prdtStatNm":"개봉","nationAlt":"한국","genreAlt":"멜로/로맨스","repNationNm":"한국","repGenreNm":"멜로/로맨스","directors":[{"peopleNm":"최찬호"}],"companys":[{"companyCd":"20161021","companyNm":"(주)영화사가을"}]},{"movieCd":"20219384","movieNm":"음욕 사촌동생","movieNmEn":"","prdtYear":"2021","openDt":"20210813","typeNm":"장편","prdtStatNm":"개봉","nationAlt":"일본","genreAlt":"멜로/로맨스","repNationNm":"일본","repGenreNm":"멜로/로맨스","directors":[{"peopleNm":"테이 쟈가"}],"companys":[]},{"movieCd":"20219342","movieNm":"유부녀의 사육","movieNmEn":"","prdtYear":"2021","openDt":"20210813","typeNm":"장편","prdtStatNm":"개봉","nationAlt":"일본","genreAlt":"멜로/로맨스","repNationNm":"일본","repGenreNm":"멜로/로맨스","directors":[{"peopleNm":"나기라 겐조"}],"companys":[]},{"movieCd":"20219005","movieNm":"고추와 바나나","movieNmEn":"","prdtYear":"2021","openDt":"20210811","typeNm":"장편","prdtStatNm":"개봉","nationAlt":"한국","genreAlt":"성인물(에로),드라마","repNationNm":"한국","repGenreNm":"성인물(에로)","directors":[{"peopleNm":"핑크라이더"}],"companys":[{"companyCd":"20202961","companyNm":"비스킷미디어"}]},{"movieCd":"20218195","movieNm":"보통날","movieNmEn":"","prdtYear":"2021","openDt":"20210701","typeNm":"장편","prdtStatNm":"개봉","nationAlt":"한국","genreAlt":"드라마","repNationNm":"한국","repGenreNm":"드라마","directors":[{"peopleNm":"김예나"},{"peopleNm":"박규은"},{"peopleNm":"이미소"}],"companys":[{"companyCd":"20154728","companyNm":"주식회사 씨엠닉스"}]},{"movieCd":"20210067","movieNm":"바다의 시","movieNmEn":"The Salt in Our Waters","prdtYear":"2020","openDt":"","typeNm":"장편","prdtStatNm":"기타","nationAlt":"기타,프랑스","genreAlt":"드라마","repNationNm":"기타","repGenreNm":"드라마","directors":[],"companys":[]},{"movieCd":"20210066","movieNm":"뜨거운 밤이 열리면2 무삭제","movieNmEn":"","prdtYear":"2021","openDt":"","typeNm":"장편","prdtStatNm":"기타","nationAlt":"한국","genreAlt":"성인물(에로)","repNationNm":"한국","repGenreNm":"성인물(에로)","directors":[{"peopleNm":"김민수"}],"companys":[{"companyCd":"20102842","companyNm":"(주)알앤알프로덕션"}]},{"movieCd":"20192680","movieNm":"출장수사","movieNmEn":"The Perfect Duo","prdtYear":"2019","openDt":"","typeNm":"장편","prdtStatNm":"촬영진행","nationAlt":"한국","genreAlt":"액션,코미디","repNationNm":"한국","repGenreNm":"액션","directors":[{"peopleNm":"박철환"}],"companys":[{"companyCd":"20100187","companyNm":"청년필름(주)"},{"companyCd":"20062287","companyNm":"이안픽처스"}]},{"movieCd":"20210047","movieNm":"판도라의 상자","movieNmEn":"Pandora’s Box","prdtYear":"2020","openDt":"","typeNm":"단편","prdtStatNm":"기타","nationAlt":"한국","genreAlt":"SF,드라마","repNationNm":"한국","repGenreNm":"SF","directors":[],"companys":[]}]}