{"totCnt":"95385","source":"영화진흥위원회","movieList":[{"movieCd":"20224758","movieNm":"말이야 바른 말이지","movieNmEn":"Citizen Pane","prdtYear":"2022","openDt":"20230517","typeNm":"장편","prdtStatNm":"개봉예정","nationAlt":"한국","genreAlt":"코미디","repNationNm":"한국","repGenreNm":"코미디","directors":[{"peopleNm":"김소형"},{"peopleNm":"박동훈"},{"peopleNm":"최하나"},{"peopleNm":"송현주"},{"peopleNm":"한인미"},{"peopleNm":"윤성호"}],"companys":[{"companyCd":"20063246","companyNm":"서울독립영화제"},{"companyCd":"20062485","companyNm":"씨에스픽쳐스"}]},{"movieCd":"20215442","movieNm":"무사고 1823일","movieNmEn":"1823 Days Without an Accident","prdtYear":"2020","openDt":"","typeNm":"단편","prdtStatNm":"기타","nationAlt":"한국","genreAlt":"드라마","repNationNm":"한국","repGenreNm":"드라마","directors":[{"peopleNm":"김동범"}],"companys":[]},{"movieCd":"20231659","movieNm":"송주원 감독 단편선","movieNmEn":"","prdtYear":"2023","openDt":"","typeNm":"옴니버스","prdtStatNm":"기타","nationAlt":"한국","genreAlt":"기타","repNationNm":"한국","repGenreNm":"기타","directors":[],"companys":[]},{"movieCd":"20231658","movieNm":"국립현대무용단 단편선","movieNmEn":"","prdtYear":"2023","openDt":"","typeNm":"옴니버스","prdtStatNm":"기타","nationAlt":"한국","genreAlt":"다큐멘터리","repNationNm":"한국","repGenreNm":"다큐멘터리","directors":[],"companys":[]},{"movieCd":"20231644","movieNm":"댄스필름 단편선","movieNmEn":"","prdtYear":"2023","openDt":"","typeNm":"옴니버스","prdtStatNm":"기타","nationAlt":"한국","genreAlt":"기타","repNationNm":"한국","repGenreNm":"기타","directors":[],"companys":[]},{"movieCd":"20113712","movieNm":"스윙 타임","movieNmEn":"Swing Time","prdtYear":"1936","openDt":"","typeNm":"장편","prdtStatNm":"기타","nationAlt":"미국","genreAlt":"기타","repNationNm":"미국","repGenreNm":"기타","directors":[{"peopleNm":"조지 스티븐스"}],"companys":[]},{"movieCd":"20231643","movieNm":"12월 70일","movieNmEn":"December 70th","prdtYear":"2022","openDt":"","typeNm":"단편","prdtStatNm":"기타","nationAlt":"한국","genreAlt":"다큐멘터리","repNationNm":"한국","repGenreNm":"다큐멘터리","directors":[{"peopleNm":"송주원"}],"companys":[]},{"movieCd":"20231642","movieNm":"재생:능력","movieNmEn":"RE:new","prdtYear":"2021","openDt":"","typeNm":"단편","prdtStatNm":"기타","nationAlt":"한국","genreAlt":"다큐멘터리","repNationNm":"한국","repGenreNm":"다큐멘터리","directors":[{"peopleNm":"예효승"}],"companys":[]},{"movieCd":"20231657","movieNm":"브레이킹","movieNmEn":"BreAking","prdtYear":"2021","openDt":"","typeNm":"단편","prdtStatNm":"기타","nationAlt":"한국","genreAlt":"다큐멘터리","repNationNm":"한국","repGenreNm":"다큐멘터리","directors":[{"peopleNm":"이미지"}],"companys":[]},{"movieCd":"20198482","movieNm":"드림","movieNmEn":"Dream","prdtYear":"2023","openDt":"20230426","typeNm":"장편","prdtStatNm":"개봉","nationAlt":"한국","genreAlt":"코미디,드라마","repNationNm":"한국","repGenreNm":"코미디","directors":[{"peopleNm":"이병헌"}],"companys":[{"companyCd":"20216342","companyNm":"(주)옥토버시네마"}]}]}