{"totCnt":"95385","source":"영화진흥위원회","movieList":[{"movieCd":"20212402","movieNm":"모래바람","movieNmEn":"","prdtYear":"2020","openDt":"","typeNm":"장편","prdtStatNm":"","nationAlt":"한국","genreAlt":"다큐멘터리","repNationNm":"한국","repGenreNm":"다큐멘터리","directors":[{"peopleNm":"박재민"}],"companys":[]},{"movieCd":"20212401","movieNm":"실과 바늘","movieNmEn":"","prdtYear":"2020","openDt":"","typeNm":"단편","prdtStatNm":"기타","nationAlt":"한국","genreAlt":"다큐멘터리","repNationNm":"한국","repGenreNm":"다큐멘터리","directors":[{"peopleNm":"전규리"}],"companys":[]},{"movieCd":"20212377","movieNm":"수국","movieNmEn":"","prdtYear":"2020","openDt":"","typeNm":"단편","prdtStatNm":"기타","nationAlt":"한국","genreAlt":"다큐멘터리","repNationNm":"한국","repGenreNm":"다큐멘터리","directors":[{"peopleNm":"박소현"}],"companys":[]},{"movieCd":"20212400","movieNm":"오이 못 먹습니다만","movieNmEn":"","prdtYear":"2020","openDt":"","typeNm":"장편","prdtStatNm":"","nationAlt":"한국","genreAlt":"다큐멘터리","repNationNm":"한국","repGenreNm":"다큐멘터리","directors":[{"peopleNm":"이병기"}],"companys":[]},{"movieCd":"20212398","movieNm":"우리 안의 나","movieNmEn":"","prdtYear":"2020","openDt":"","typeNm":"장편","prdtStatNm":"","nationAlt":"한국","genreAlt":"","repNationNm":"한국","repGenreNm":"","directors":[{"peopleNm":"이승환"}],"companys":[]},{"movieCd":"20212397","movieNm":"남편","movieNmEn":"","prdtYear":"2020","openDt":"","typeNm":"단편","prdtStatNm":"기타","nationAlt":"한국","genreAlt":"","repNationNm":"한국","repGenreNm":"","directors":[{"peopleNm":"전시형"}],"companys":[]},{"movieCd":"20212394","movieNm":"날아라 치킨","movieNmEn":"","prdtYear":"2020","openDt":"","typeNm":"단편","prdtStatNm":"기타","nationAlt":"한국","genreAlt":"","repNationNm":"한국","repGenreNm":"","directors":[{"peopleNm":"이상혁"}],"companys":[]},{"movieCd":"20212375","movieNm":"안녕, 슬리퍼","movieNmEn":"","prdtYear":"2020","openDt":"","typeNm":"단편","prdtStatNm":"기타","nationAlt":"한국","genreAlt":"","repNationNm":"한국","repGenreNm":"","directors":[{"peopleNm":"정빛아름"}],"companys":[]},{"movieCd":"20212390","movieNm":"할머니 조경가의 땅에 쓰는 시","movieNmEn":"","prdtYear":"","openDt":"","typeNm":"장편","prdtStatNm":"","nationAlt":"한국","genreAlt":"다큐멘터리","repNationNm":"한국","repGenreNm":"다큐멘터리","directors":[{"peopleNm":"정다운"}],"companys":[]},{"movieCd":"20212387","movieNm":"애국소녀","movieNmEn":"","prdtYear":"2019","openDt":"","typeNm":"단편","prdtStatNm":"기타","nationAlt":"한국","genreAlt":"다큐멘터리","repNationNm":"한국","repGenreNm":"다큐멘터리","directors":[{"peopleNm":"남아름"}],"companys":[]}]}