{"totCnt":"95385","source":"영화진흥위원회","movieList":[{"movieCd":"20212426","movieNm":"나를 찍어줘, 언니","movieNmEn":"","prdtYear":"2021","openDt":"","typeNm":"장편","prdtStatNm":"","nationAlt":"한국","genreAlt":"다큐멘터리","repNationNm":"한국","repGenreNm":"다큐멘터리","directors":[{"peopleNm":"임연정"}],"companys":[]},{"movieCd":"20212417","movieNm":"기억 환상통","movieNmEn":"","prdtYear":"2021","openDt":"","typeNm":"장편","prdtStatNm":"","nationAlt":"한국","genreAlt":"다큐멘터리","repNationNm":"한국","repGenreNm":"다큐멘터리","directors":[{"peopleNm":"최현정"}],"companys":[]},{"movieCd":"20212416","movieNm":"인간의 조건","movieNmEn":"","prdtYear":"2021","openDt":"","typeNm":"장편","prdtStatNm":"","nationAlt":"한국","genreAlt":"다큐멘터리","repNationNm":"한국","repGenreNm":"다큐멘터리","directors":[{"peopleNm":"안건형"},{"peopleNm":"박민수"}],"companys":[]},{"movieCd":"20212415","movieNm":"내가 춤출 수 없다면","movieNmEn":"","prdtYear":"2021","openDt":"","typeNm":"장편","prdtStatNm":"","nationAlt":"한국","genreAlt":"다큐멘터리","repNationNm":"한국","repGenreNm":"다큐멘터리","directors":[{"peopleNm":"이지윤"}],"companys":[]},{"movieCd":"20212414","movieNm":"예술도 노동이다","movieNmEn":"","prdtYear":"2021","openDt":"","typeNm":"장편","prdtStatNm":"","nationAlt":"한국","genreAlt":"다큐멘터리","repNationNm":"한국","repGenreNm":"다큐멘터리","directors":[{"peopleNm":"서동일"}],"companys":[]},{"movieCd":"20212413","movieNm":"수궁","movieNmEn":"","prdtYear":"2021","openDt":"","typeNm":"장편","prdtStatNm":"","nationAlt":"한국","genreAlt":"다큐멘터리","repNationNm":"한국","repGenreNm":"다큐멘터리","directors":[{"peopleNm":"유수연"}],"companys":[]},{"movieCd":"20212411","movieNm":"굿 베이커스 밀","movieNmEn":"","prdtYear":"2021","openDt":"","typeNm":"장편","prdtStatNm":"","nationAlt":"한국","genreAlt":"다큐멘터리","repNationNm":"한국","repGenreNm":"다큐멘터리","directors":[{"peopleNm":"김상규"}],"companys":[]},{"movieCd":"20212410","movieNm":"내 걸음 만큼","movieNmEn":"","prdtYear":"2021","openDt":"","typeNm":"장편","prdtStatNm":"","nationAlt":"한국","genreAlt":"다큐멘터리","repNationNm":"한국","repGenreNm":"다큐멘터리","directors":[{"peopleNm":"강세진"}],"companys":[]},{"movieCd":"20212425","movieNm":"1980사북","movieNmEn":"","prdtYear":"2020","openDt":"","typeNm":"장편","prdtStatNm":"","nationAlt":"한국","genreAlt":"다큐멘터리","repNationNm":"한국","repGenreNm":"다큐멘터리","directors":[{"peopleNm":"박봉남"}],"companys":[]},{"movieCd":"20212424","movieNm":"할머니와 고양이","movieNmEn":"","prdtYear":"2020","openDt":"","typeNm":"장편","prdtStatNm":"","nationAlt":"한국","genreAlt":"다큐멘터리","repNationNm":"한국","repGenreNm":"다큐멘터리","directors":[{"peopleNm":"김현숙"}],"companys":[]}]}