{"totCnt":"95385","source":"영화진흥위원회","movieList":[{"movieCd":"20218657","movieNm":"놀러오세요 201호에","movieNmEn":"","prdtYear":"2021","openDt":"20210813","typeNm":"장편","prdtStatNm":"개봉","nationAlt":"한국","genreAlt":"멜로/로맨스,드라마","repNationNm":"한국","repGenreNm":"멜로/로맨스","directors":[{"peopleNm":"이희성"}],"companys":[{"companyCd":"20114899","companyNm":"(주)영진크리에이티브"}]},{"movieCd":"20060450","movieNm":"고백","movieNmEn":"Confession","prdtYear":"2005","openDt":"","typeNm":"단편","prdtStatNm":"기타","nationAlt":"한국","genreAlt":"드라마","repNationNm":"한국","repGenreNm":"드라마","directors":[{"peopleNm":"도내리"}],"companys":[]},{"movieCd":"20181307","movieNm":"위태로워야 했던 건 오직 우리뿐","movieNmEn":"Only All of Us","prdtYear":"2018","openDt":"","typeNm":"단편","prdtStatNm":"기타","nationAlt":"한국","genreAlt":"드라마","repNationNm":"한국","repGenreNm":"드라마","directors":[{"peopleNm":"한유원"}],"companys":[]},{"movieCd":"20219834","movieNm":"최후의 증언","movieNmEn":"Final Account","prdtYear":"2020","openDt":"","typeNm":"장편","prdtStatNm":"기타","nationAlt":"영국","genreAlt":"다큐멘터리","repNationNm":"영국","repGenreNm":"다큐멘터리","directors":[],"companys":[]},{"movieCd":"20219832","movieNm":"안녕, 나의 크라머 : 퍼스트 터치","movieNmEn":"","prdtYear":"2021","openDt":"","typeNm":"장편","prdtStatNm":"기타","nationAlt":"일본","genreAlt":"애니메이션","repNationNm":"일본","repGenreNm":"애니메이션","directors":[{"peopleNm":"타쿠노 세이키"}],"companys":[]},{"movieCd":"20219845","movieNm":"평범한 로맨스","movieNmEn":"","prdtYear":"2021","openDt":"","typeNm":"옴니버스","prdtStatNm":"기타","nationAlt":"한국","genreAlt":"기타","repNationNm":"한국","repGenreNm":"기타","directors":[{"peopleNm":"신우용"},{"peopleNm":"손다겸"},{"peopleNm":"김능조"}],"companys":[]},{"movieCd":"20219831","movieNm":"인터뷰","movieNmEn":"Interview","prdtYear":"2020","openDt":"","typeNm":"단편","prdtStatNm":"기타","nationAlt":"한국","genreAlt":"드라마,멜로/로맨스","repNationNm":"한국","repGenreNm":"드라마","directors":[{"peopleNm":"김능조"}],"companys":[]},{"movieCd":"20219844","movieNm":"바람 불면","movieNmEn":"The Wind Begins to Blow","prdtYear":"2018","openDt":"","typeNm":"단편","prdtStatNm":"기타","nationAlt":"한국","genreAlt":"멜로/로맨스,드라마","repNationNm":"한국","repGenreNm":"멜로/로맨스","directors":[{"peopleNm":"양시몽"}],"companys":[]},{"movieCd":"20219823","movieNm":"바라나시 로맨스","movieNmEn":"the Romance of Varanasi","prdtYear":"2020","openDt":"","typeNm":"단편","prdtStatNm":"기타","nationAlt":"한국","genreAlt":"멜로/로맨스,드라마","repNationNm":"한국","repGenreNm":"멜로/로맨스","directors":[{"peopleNm":"손다겸"}],"companys":[]},{"movieCd":"20189326","movieNm":"샤먼 로드","movieNmEn":"Shaman Road","prdtYear":"2018","openDt":"20210703","typeNm":"장편","prdtStatNm":"개봉","nationAlt":"한국","genreAlt":"다큐멘터리","repNationNm":"한국","repGenreNm":"다큐멘터리","directors":[{"peopleNm":"최상진"}],"companys":[{"companyCd":"20140928","companyNm":"강 컨텐츠"}]}]}