{"totCnt":"95385","source":"영화진흥위원회","movieList":[{"movieCd":"20210821","movieNm":"남의 여자 맛본 남편","movieNmEn":"","prdtYear":"2021","openDt":"20211019","typeNm":"장편","prdtStatNm":"개봉","nationAlt":"한국","genreAlt":"성인물(에로)","repNationNm":"한국","repGenreNm":"성인물(에로)","directors":[{"peopleNm":"강현성"}],"companys":[{"companyCd":"20217881","companyNm":"(주)샤이커뮤니케이션즈"}]},{"movieCd":"20211226","movieNm":"남궁선 감독 특별전","movieNmEn":"","prdtYear":"2021","openDt":"","typeNm":"옴니버스","prdtStatNm":"기타","nationAlt":"한국","genreAlt":"기타","repNationNm":"한국","repGenreNm":"기타","directors":[],"companys":[]},{"movieCd":"20211248","movieNm":"WFFIG2021 귄 단편경선 3","movieNmEn":"","prdtYear":"2021","openDt":"","typeNm":"옴니버스","prdtStatNm":"기타","nationAlt":"한국","genreAlt":"기타","repNationNm":"한국","repGenreNm":"기타","directors":[],"companys":[]},{"movieCd":"20211247","movieNm":"WFFIG2021 귄 단편경선 2","movieNmEn":"","prdtYear":"2021","openDt":"","typeNm":"옴니버스","prdtStatNm":"기타","nationAlt":"한국","genreAlt":"기타","repNationNm":"한국","repGenreNm":"기타","directors":[],"companys":[]},{"movieCd":"20211246","movieNm":"WFFIG2021 귄 단편경선 1","movieNmEn":"","prdtYear":"2021","openDt":"","typeNm":"옴니버스","prdtStatNm":"기타","nationAlt":"한국","genreAlt":"기타","repNationNm":"한국","repGenreNm":"기타","directors":[{"peopleNm":"김지원"}],"companys":[]},{"movieCd":"20211245","movieNm":"WFFIG2021 단편모음 3","movieNmEn":"","prdtYear":"2021","openDt":"","typeNm":"옴니버스","prdtStatNm":"기타","nationAlt":"한국","genreAlt":"기타","repNationNm":"한국","repGenreNm":"기타","directors":[],"companys":[]},{"movieCd":"20211225","movieNm":"WFFIG2021 단편모음 2","movieNmEn":"","prdtYear":"2021","openDt":"","typeNm":"옴니버스","prdtStatNm":"기타","nationAlt":"한국","genreAlt":"기타","repNationNm":"한국","repGenreNm":"기타","directors":[],"companys":[]},{"movieCd":"20211224","movieNm":"WFFIG2021 단편모음 1","movieNmEn":"","prdtYear":"2021","openDt":"","typeNm":"옴니버스","prdtStatNm":"기타","nationAlt":"한국","genreAlt":"기타","repNationNm":"한국","repGenreNm":"기타","directors":[],"companys":[]},{"movieCd":"20209206","movieNm":"클라이밍","movieNmEn":"Climbing","prdtYear":"2021","openDt":"20210616","typeNm":"장편","prdtStatNm":"개봉","nationAlt":"한국","genreAlt":"애니메이션","repNationNm":"한국","repGenreNm":"애니메이션","directors":[{"peopleNm":"김혜미"}],"companys":[{"companyCd":"20100572","companyNm":"한국영화아카데미"}]},{"movieCd":"20190601","movieNm":"디바","movieNmEn":"Diva","prdtYear":"2020","openDt":"20200923","typeNm":"장편","prdtStatNm":"개봉","nationAlt":"한국","genreAlt":"스릴러,미스터리","repNationNm":"한국","repGenreNm":"스릴러","directors":[{"peopleNm":"조슬예"}],"companys":[{"companyCd":"20130328","companyNm":"영화사올(주)"},{"companyCd":"20161162","companyNm":"팔팔애비뉴(주)"}]}]}