{"totCnt":"95385","source":"영화진흥위원회","movieList":[{"movieCd":"20223621","movieNm":"삐로삐로","movieNmEn":"PIROPIRO","prdtYear":"2021","openDt":"","typeNm":"단편","prdtStatNm":"기타","nationAlt":"한국","genreAlt":"애니메이션","repNationNm":"한국","repGenreNm":"애니메이션","directors":[{"peopleNm":"백미영"}],"companys":[]},{"movieCd":"20223619","movieNm":"대시","movieNmEn":"dash","prdtYear":"2021","openDt":"","typeNm":"단편","prdtStatNm":"기타","nationAlt":"한국","genreAlt":"애니메이션","repNationNm":"한국","repGenreNm":"애니메이션","directors":[],"companys":[]},{"movieCd":"20223350","movieNm":"프리! 더 파이널 스트로크 전편","movieNmEn":"Free! – the Final Stroke – the first volume","prdtYear":"2020","openDt":"20220120","typeNm":"장편","prdtStatNm":"개봉","nationAlt":"일본","genreAlt":"애니메이션","repNationNm":"일본","repGenreNm":"애니메이션","directors":[{"peopleNm":"카와나미 에이사쿠"}],"companys":[]},{"movieCd":"20223152","movieNm":"신들의 분노","movieNmEn":"Valley of the Gods","prdtYear":"2019","openDt":"20220120","typeNm":"장편","prdtStatNm":"개봉","nationAlt":"폴란드","genreAlt":"액션","repNationNm":"폴란드","repGenreNm":"액션","directors":[{"peopleNm":"레흐 마예브스키"}],"companys":[]},{"movieCd":"20211946","movieNm":"스피드 : 레이스 1","movieNmEn":"Chi Zha Feng Yun","prdtYear":"2020","openDt":"20220120","typeNm":"장편","prdtStatNm":"개봉","nationAlt":"대만","genreAlt":"액션","repNationNm":"대만","repGenreNm":"액션","directors":[],"companys":[]},{"movieCd":"20211929","movieNm":"미스터 앤 미세스 아델만","movieNmEn":"Mr & Mrs Adelman","prdtYear":"2017","openDt":"20220120","typeNm":"장편","prdtStatNm":"개봉","nationAlt":"프랑스","genreAlt":"코미디,드라마,멜로/로맨스","repNationNm":"프랑스","repGenreNm":"코미디","directors":[{"peopleNm":"니콜라스 베도스"}],"companys":[]},{"movieCd":"20223348","movieNm":"대무사","movieNmEn":"","prdtYear":"2018","openDt":"20220120","typeNm":"장편","prdtStatNm":"개봉","nationAlt":"중국","genreAlt":"액션","repNationNm":"중국","repGenreNm":"액션","directors":[],"companys":[]},{"movieCd":"20223098","movieNm":"매미","movieNmEn":"Cicada","prdtYear":"2021","openDt":"","typeNm":"단편","prdtStatNm":"기타","nationAlt":"한국","genreAlt":"기타","repNationNm":"한국","repGenreNm":"기타","directors":[],"companys":[]},{"movieCd":"20223617","movieNm":"누구야?!","movieNmEn":"who?!","prdtYear":"2020","openDt":"","typeNm":"단편","prdtStatNm":"기타","nationAlt":"한국","genreAlt":"드라마","repNationNm":"한국","repGenreNm":"드라마","directors":[],"companys":[]},{"movieCd":"20223606","movieNm":"네가 공기를 마실 때","movieNmEn":" When You Breathe the Air","prdtYear":"2021","openDt":"","typeNm":"단편","prdtStatNm":"기타","nationAlt":"한국","genreAlt":"드라마","repNationNm":"한국","repGenreNm":"드라마","directors":[],"companys":[]}]}