{"totCnt":"95385","source":"영화진흥위원회","movieList":[{"movieCd":"20231032","movieNm":"유부녀의 첫 맛 무삭제판","movieNmEn":"","prdtYear":"2020","openDt":"","typeNm":"장편","prdtStatNm":"기타","nationAlt":"일본","genreAlt":"성인물(에로),멜로/로맨스","repNationNm":"일본","repGenreNm":"성인물(에로)","directors":[{"peopleNm":"카와이 조지"}],"companys":[]},{"movieCd":"20227677","movieNm":"사갈","movieNmEn":"SAGAL: Snake and Scorpion","prdtYear":"2022","openDt":"","typeNm":"장편","prdtStatNm":"기타","nationAlt":"한국","genreAlt":"다큐멘터리","repNationNm":"한국","repGenreNm":"다큐멘터리","directors":[{"peopleNm":"이동우"}],"companys":[]},{"movieCd":"20212430","movieNm":"두 사람","movieNmEn":"Life Unrehearsed","prdtYear":"2022","openDt":"","typeNm":"장편","prdtStatNm":"기타","nationAlt":"한국","genreAlt":"다큐멘터리","repNationNm":"한국","repGenreNm":"다큐멘터리","directors":[{"peopleNm":"반박지은"}],"companys":[]},{"movieCd":"20227650","movieNm":"이어지는 땅","movieNmEn":"The Continuing Land","prdtYear":"2022","openDt":"","typeNm":"장편","prdtStatNm":"기타","nationAlt":"한국","genreAlt":"기타","repNationNm":"한국","repGenreNm":"기타","directors":[{"peopleNm":"조희영"}],"companys":[]},{"movieCd":"20225825","movieNm":"다섯 번째 흉추","movieNmEn":"The Fifth Thoracic Vertebra","prdtYear":"2022","openDt":"","typeNm":"장편","prdtStatNm":"개봉준비","nationAlt":"한국","genreAlt":"기타","repNationNm":"한국","repGenreNm":"기타","directors":[{"peopleNm":"박세영"}],"companys":[]},{"movieCd":"20228210","movieNm":"괴인","movieNmEn":"A Wild Roomer","prdtYear":"2022","openDt":"","typeNm":"장편","prdtStatNm":"기타","nationAlt":"한국","genreAlt":"드라마","repNationNm":"한국","repGenreNm":"드라마","directors":[{"peopleNm":"이정홍"}],"companys":[]},{"movieCd":"20231027","movieNm":"무릉","movieNmEn":"Futile Paradise","prdtYear":"2022","openDt":"","typeNm":"단편","prdtStatNm":"기타","nationAlt":"한국","genreAlt":"기타","repNationNm":"한국","repGenreNm":"기타","directors":[{"peopleNm":"서원태"}],"companys":[]},{"movieCd":"20122094","movieNm":"아누크의 전설","movieNmEn":"Legend of Anuk","prdtYear":"2012","openDt":"","typeNm":"단편","prdtStatNm":"기타","nationAlt":"한국","genreAlt":"드라마","repNationNm":"한국","repGenreNm":"드라마","directors":[{"peopleNm":"정원식"}],"companys":[]},{"movieCd":"20223461","movieNm":"꽃들도","movieNmEn":"Flowers","prdtYear":"2022","openDt":"","typeNm":"단편","prdtStatNm":"기타","nationAlt":"한국","genreAlt":"드라마","repNationNm":"한국","repGenreNm":"드라마","directors":[{"peopleNm":"신은섭"}],"companys":[]},{"movieCd":"20226780","movieNm":"서른층","movieNmEn":"30th Story","prdtYear":"2021","openDt":"","typeNm":"단편","prdtStatNm":"기타","nationAlt":"한국","genreAlt":"드라마,코미디","repNationNm":"한국","repGenreNm":"드라마","directors":[{"peopleNm":"강태훈"}],"companys":[]}]}