{"totCnt":"95385","source":"영화진흥위원회","movieList":[{"movieCd":"20223563","movieNm":"선배의 여자가 된 그녀","movieNmEn":"","prdtYear":"2019","openDt":"","typeNm":"장편","prdtStatNm":"기타","nationAlt":"일본","genreAlt":"성인물(에로)","repNationNm":"일본","repGenreNm":"성인물(에로)","directors":[{"peopleNm":"아사기리 키요시"}],"companys":[]},{"movieCd":"20223562","movieNm":"섹스를 좋아하는 유부녀 무삭제판","movieNmEn":"OTAKU","prdtYear":"2020","openDt":"","typeNm":"장편","prdtStatNm":"기타","nationAlt":"일본","genreAlt":"성인물(에로),드라마","repNationNm":"일본","repGenreNm":"성인물(에로)","directors":[{"peopleNm":"오자키 히로코우지"}],"companys":[]},{"movieCd":"20223570","movieNm":"섹스 맛을 아는 여자 무삭제판","movieNmEn":"Woman of Marsa","prdtYear":"2020","openDt":"","typeNm":"장편","prdtStatNm":"기타","nationAlt":"일본","genreAlt":"성인물(에로),드라마","repNationNm":"일본","repGenreNm":"성인물(에로)","directors":[{"peopleNm":"잠파"}],"companys":[]},{"movieCd":"20223549","movieNm":"창문 너머 타락한 아내","movieNmEn":"","prdtYear":"2019","openDt":"","typeNm":"장편","prdtStatNm":"기타","nationAlt":"일본","genreAlt":"성인물(에로)","repNationNm":"일본","repGenreNm":"성인물(에로)","directors":[],"companys":[]},{"movieCd":"20223548","movieNm":"전복 따는 시아버지3","movieNmEn":"","prdtYear":"2019","openDt":"","typeNm":"장편","prdtStatNm":"기타","nationAlt":"일본","genreAlt":"성인물(에로)","repNationNm":"일본","repGenreNm":"성인물(에로)","directors":[{"peopleNm":"카즈마"}],"companys":[]},{"movieCd":"20223547","movieNm":"동네형","movieNmEn":"A Neighborhood Brother","prdtYear":"2009","openDt":"","typeNm":"단편","prdtStatNm":"기타","nationAlt":"한국","genreAlt":"드라마","repNationNm":"한국","repGenreNm":"드라마","directors":[{"peopleNm":"이상휘"}],"companys":[]},{"movieCd":"20223546","movieNm":"퇴폐 병동","movieNmEn":"","prdtYear":"2019","openDt":"","typeNm":"장편","prdtStatNm":"기타","nationAlt":"일본","genreAlt":"성인물(에로)","repNationNm":"일본","repGenreNm":"성인물(에로)","directors":[],"companys":[]},{"movieCd":"20223558","movieNm":"몸짱 시아버지와 젖 큰 새아가","movieNmEn":"","prdtYear":"2021","openDt":"","typeNm":"장편","prdtStatNm":"기타","nationAlt":"한국","genreAlt":"성인물(에로)","repNationNm":"한국","repGenreNm":"성인물(에로)","directors":[{"peopleNm":"오강쇠"}],"companys":[{"companyCd":"20199962","companyNm":"(주)담화"}]},{"movieCd":"20223544","movieNm":"몽상가들","movieNmEn":"The Dreamers","prdtYear":"2021","openDt":"","typeNm":"장편","prdtStatNm":"기타","nationAlt":"한국","genreAlt":"다큐멘터리","repNationNm":"한국","repGenreNm":"다큐멘터리","directors":[{"peopleNm":"오정택"}],"companys":[]},{"movieCd":"20223542","movieNm":"아침부터 맛좀볼까 새엄마","movieNmEn":"","prdtYear":"2020","openDt":"","typeNm":"장편","prdtStatNm":"기타","nationAlt":"일본","genreAlt":"성인물(에로)","repNationNm":"일본","repGenreNm":"성인물(에로)","directors":[],"companys":[]}]}