{"totCnt":"95385","source":"영화진흥위원회","movieList":[{"movieCd":"20211403","movieNm":"케이지드","movieNmEn":"Caged","prdtYear":"2021","openDt":"20211111","typeNm":"장편","prdtStatNm":"개봉","nationAlt":"미국","genreAlt":"스릴러,드라마,공포(호러),범죄","repNationNm":"미국","repGenreNm":"스릴러","directors":[{"peopleNm":"아론 피옐맨"}],"companys":[]},{"movieCd":"20211404","movieNm":"무림수사관","movieNmEn":"The Hidden Town 2","prdtYear":"2020","openDt":"","typeNm":"장편","prdtStatNm":"기타","nationAlt":"홍콩","genreAlt":"액션","repNationNm":"홍콩","repGenreNm":"액션","directors":[],"companys":[]},{"movieCd":"20217215","movieNm":"러브 어페어: 우리가 말하는 것, 우리가 하는 것","movieNmEn":"Love Affair: The Things We Say, The Things We Do","prdtYear":"2020","openDt":"20211111","typeNm":"장편","prdtStatNm":"개봉","nationAlt":"프랑스","genreAlt":"드라마,멜로/로맨스","repNationNm":"프랑스","repGenreNm":"드라마","directors":[{"peopleNm":"엠마누엘 무레"}],"companys":[]},{"movieCd":"20088465","movieNm":"더 프레지던트","movieNmEn":"W.","prdtYear":"2008","openDt":"20211111","typeNm":"장편","prdtStatNm":"개봉","nationAlt":"미국,호주,홍콩,스위스,중국","genreAlt":"드라마","repNationNm":"미국","repGenreNm":"드라마","directors":[{"peopleNm":"올리버 스톤"}],"companys":[]},{"movieCd":"20211695","movieNm":"에베레스트 - 험난한 길","movieNmEn":"Everest - The Hard Way","prdtYear":"2020","openDt":"","typeNm":"장편","prdtStatNm":"기타","nationAlt":"슬로바키아","genreAlt":"다큐멘터리","repNationNm":"슬로바키아","repGenreNm":"다큐멘터리","directors":[],"companys":[]},{"movieCd":"20211536","movieNm":"흠뻑 젖은 새엄마","movieNmEn":"","prdtYear":"2020","openDt":"20211110","typeNm":"장편","prdtStatNm":"개봉","nationAlt":"일본","genreAlt":"멜로/로맨스,드라마","repNationNm":"일본","repGenreNm":"멜로/로맨스","directors":[{"peopleNm":"히로아키"}],"companys":[]},{"movieCd":"20211535","movieNm":"촉촉한 며느리","movieNmEn":"","prdtYear":"2020","openDt":"20211110","typeNm":"장편","prdtStatNm":"개봉","nationAlt":"일본","genreAlt":"멜로/로맨스,드라마","repNationNm":"일본","repGenreNm":"멜로/로맨스","directors":[{"peopleNm":"사쿠라비토"}],"companys":[]},{"movieCd":"20211516","movieNm":"이웃여자:맛 보여줄게","movieNmEn":"","prdtYear":"2020","openDt":"20211110","typeNm":"장편","prdtStatNm":"개봉","nationAlt":"일본","genreAlt":"멜로/로맨스,드라마","repNationNm":"일본","repGenreNm":"멜로/로맨스","directors":[{"peopleNm":"조니 시부야"}],"companys":[]},{"movieCd":"20211517","movieNm":"소원 들어주는 유부녀:한 번 합시다","movieNmEn":"","prdtYear":"2020","openDt":"20211110","typeNm":"장편","prdtStatNm":"개봉","nationAlt":"일본","genreAlt":"멜로/로맨스,드라마","repNationNm":"일본","repGenreNm":"멜로/로맨스","directors":[{"peopleNm":"토미죠 타로"}],"companys":[]},{"movieCd":"20211501","movieNm":"69번가육덕진가정교사-무삭제","movieNmEn":"","prdtYear":"2021","openDt":"20211110","typeNm":"장편","prdtStatNm":"개봉","nationAlt":"한국","genreAlt":"성인물(에로)","repNationNm":"한국","repGenreNm":"성인물(에로)","directors":[{"peopleNm":"이희성"}],"companys":[{"companyCd":"20130184","companyNm":"스마일컨텐츠"}]}]}