{"totCnt":"95385","source":"영화진흥위원회","movieList":[{"movieCd":"20219466","movieNm":"습도 다소 높음","movieNmEn":"The Rain Comes Soon","prdtYear":"2020","openDt":"20210901","typeNm":"장편","prdtStatNm":"개봉","nationAlt":"한국","genreAlt":"코미디,드라마","repNationNm":"한국","repGenreNm":"코미디","directors":[{"peopleNm":"고봉수"}],"companys":[{"companyCd":"20217102","companyNm":"백지수표 주식회사"},{"companyCd":"20156929","companyNm":"(주)빅오션이엔엠"},{"companyCd":"20154728","companyNm":"주식회사 씨엠닉스"}]},{"movieCd":"20210989","movieNm":"GCFFF2021 다큐멘터리","movieNmEn":"","prdtYear":"2021","openDt":"","typeNm":"옴니버스","prdtStatNm":"기타","nationAlt":"한국","genreAlt":"다큐멘터리","repNationNm":"한국","repGenreNm":"다큐멘터리","directors":[],"companys":[]},{"movieCd":"20210971","movieNm":"GCFFF2021 해외특별전","movieNmEn":"","prdtYear":"2021","openDt":"","typeNm":"옴니버스","prdtStatNm":"기타","nationAlt":"기타","genreAlt":"기타","repNationNm":"기타","repGenreNm":"기타","directors":[],"companys":[]},{"movieCd":"20210988","movieNm":"GCFFF2021 경쟁 9","movieNmEn":"","prdtYear":"2021","openDt":"","typeNm":"옴니버스","prdtStatNm":"기타","nationAlt":"한국","genreAlt":"기타","repNationNm":"한국","repGenreNm":"기타","directors":[],"companys":[]},{"movieCd":"20210987","movieNm":"GCFFF2021 경쟁 8","movieNmEn":"","prdtYear":"2021","openDt":"","typeNm":"옴니버스","prdtStatNm":"기타","nationAlt":"한국","genreAlt":"기타","repNationNm":"한국","repGenreNm":"기타","directors":[],"companys":[]},{"movieCd":"20210986","movieNm":"GCFFF2021 경쟁 7","movieNmEn":"","prdtYear":"2021","openDt":"","typeNm":"옴니버스","prdtStatNm":"기타","nationAlt":"한국","genreAlt":"기타","repNationNm":"한국","repGenreNm":"기타","directors":[],"companys":[]},{"movieCd":"20210985","movieNm":"GCFFF2021 경쟁 5","movieNmEn":"","prdtYear":"2021","openDt":"","typeNm":"옴니버스","prdtStatNm":"기타","nationAlt":"한국","genreAlt":"기타","repNationNm":"한국","repGenreNm":"기타","directors":[],"companys":[]},{"movieCd":"20210969","movieNm":"GCFFF2021 경쟁 3","movieNmEn":"","prdtYear":"2021","openDt":"","typeNm":"옴니버스","prdtStatNm":"기타","nationAlt":"한국","genreAlt":"기타","repNationNm":"한국","repGenreNm":"기타","directors":[],"companys":[]},{"movieCd":"20210968","movieNm":"GCFFF2021 경쟁 2","movieNmEn":"","prdtYear":"2021","openDt":"","typeNm":"옴니버스","prdtStatNm":"기타","nationAlt":"한국","genreAlt":"기타","repNationNm":"한국","repGenreNm":"기타","directors":[],"companys":[]},{"movieCd":"20210983","movieNm":"GCFFF2021 경쟁 1","movieNmEn":"","prdtYear":"2021","openDt":"","typeNm":"옴니버스","prdtStatNm":"기타","nationAlt":"한국","genreAlt":"기타","repNationNm":"한국","repGenreNm":"기타","directors":[],"companys":[]}]}