{"totCnt":"95385","source":"영화진흥위원회","movieList":[{"movieCd":"20210929","movieNm":"음란한 큰가슴","movieNmEn":"","prdtYear":"2020","openDt":"20211018","typeNm":"장편","prdtStatNm":"개봉","nationAlt":"일본","genreAlt":"멜로/로맨스","repNationNm":"일본","repGenreNm":"멜로/로맨스","directors":[],"companys":[]},{"movieCd":"20210823","movieNm":"아내의 네토라레 비디오","movieNmEn":"","prdtYear":"2020","openDt":"","typeNm":"장편","prdtStatNm":"기타","nationAlt":"일본","genreAlt":"성인물(에로),드라마","repNationNm":"일본","repGenreNm":"성인물(에로)","directors":[{"peopleNm":"마메자와 마메타로"}],"companys":[]},{"movieCd":"20210953","movieNm":"두꺼운 흑인에 벌려져 흘러 내리는 타액","movieNmEn":"","prdtYear":"2020","openDt":"","typeNm":"장편","prdtStatNm":"기타","nationAlt":"일본","genreAlt":"성인물(에로),드라마","repNationNm":"일본","repGenreNm":"성인물(에로)","directors":[{"peopleNm":"미시마 로쿠사부로"}],"companys":[]},{"movieCd":"20210816","movieNm":"귀향 : 소꿉친구와 모든걸 잊은 농밀한 정사","movieNmEn":"","prdtYear":"2020","openDt":"","typeNm":"장편","prdtStatNm":"기타","nationAlt":"일본","genreAlt":"성인물(에로),드라마","repNationNm":"일본","repGenreNm":"성인물(에로)","directors":[{"peopleNm":"나가에 타카미"}],"companys":[]},{"movieCd":"20211288","movieNm":"할로윈 킬러","movieNmEn":"Amityville Scarecrow","prdtYear":"2021","openDt":"","typeNm":"장편","prdtStatNm":"기타","nationAlt":"미국","genreAlt":"공포(호러)","repNationNm":"미국","repGenreNm":"공포(호러)","directors":[{"peopleNm":"잭 피터 먼디"}],"companys":[]},{"movieCd":"20210331","movieNm":"데스 게임","movieNmEn":"Out of Death","prdtYear":"2021","openDt":"","typeNm":"장편","prdtStatNm":"기타","nationAlt":"미국","genreAlt":"액션,스릴러","repNationNm":"미국","repGenreNm":"액션","directors":[],"companys":[]},{"movieCd":"20210381","movieNm":"피치 오브 타임 극장판","movieNmEn":"Peach of Time","prdtYear":"2021","openDt":"20211021","typeNm":"장편","prdtStatNm":"개봉","nationAlt":"한국","genreAlt":"멜로/로맨스,드라마","repNationNm":"한국","repGenreNm":"멜로/로맨스","directors":[{"peopleNm":"장의순"}],"companys":[{"companyCd":"20218301","companyNm":"실크우드"},{"companyCd":"20139617","companyNm":"(주)리틀빅픽쳐스"}]},{"movieCd":"20210581","movieNm":"보이 비하인드 도어","movieNmEn":"The Boy Behind the Door","prdtYear":"2020","openDt":"20211021","typeNm":"장편","prdtStatNm":"개봉","nationAlt":"미국","genreAlt":"공포(호러)","repNationNm":"미국","repGenreNm":"공포(호러)","directors":[],"companys":[]},{"movieCd":"20210997","movieNm":"바이크 솔저","movieNmEn":"Bennett’s War","prdtYear":"2019","openDt":"","typeNm":"장편","prdtStatNm":"기타","nationAlt":"미국","genreAlt":"액션,전쟁","repNationNm":"미국","repGenreNm":"액션","directors":[{"peopleNm":"알렉스 라나리벨로"}],"companys":[]},{"movieCd":"20218479","movieNm":"몽키킹6: 대성무쌍","movieNmEn":"The Real vs Fake Monkey King","prdtYear":"2020","openDt":"","typeNm":"장편","prdtStatNm":"기타","nationAlt":"중국","genreAlt":"액션,판타지","repNationNm":"중국","repGenreNm":"액션","directors":[{"peopleNm":"나악"}],"companys":[]}]}