{"totCnt":"95385","source":"영화진흥위원회","movieList":[{"movieCd":"20200871","movieNm":"신의 딸은 춤을 춘다","movieNmEn":"God's Daughter Dances","prdtYear":"2020","openDt":"","typeNm":"단편","prdtStatNm":"기타","nationAlt":"한국","genreAlt":"코미디","repNationNm":"한국","repGenreNm":"코미디","directors":[{"peopleNm":"변성빈"}],"companys":[]},{"movieCd":"20210547","movieNm":"캅샵: 미친놈들의 전쟁","movieNmEn":"Copshop","prdtYear":"2021","openDt":"20211209","typeNm":"장편","prdtStatNm":"개봉","nationAlt":"미국","genreAlt":"액션,스릴러","repNationNm":"미국","repGenreNm":"액션","directors":[{"peopleNm":"조 카나한"}],"companys":[]},{"movieCd":"20215801","movieNm":"노아의 방주 2: 새로운 세계로","movieNmEn":"Ooops! The Adventure Continues","prdtYear":"2020","openDt":"20211209","typeNm":"장편","prdtStatNm":"개봉","nationAlt":"독일","genreAlt":"애니메이션","repNationNm":"독일","repGenreNm":"애니메이션","directors":[{"peopleNm":"토비 젠켈"}],"companys":[]},{"movieCd":"20202462","movieNm":"당신은 믿지 않겠지만","movieNmEn":"The Asian Angel","prdtYear":"2021","openDt":"20211028","typeNm":"장편","prdtStatNm":"개봉","nationAlt":"일본","genreAlt":"드라마","repNationNm":"일본","repGenreNm":"드라마","directors":[{"peopleNm":"이시이 유야"}],"companys":[{"companyCd":"20161941","companyNm":"(주)디오시네마"}]},{"movieCd":"20212506","movieNm":"O, shorts! - 12월 '이렇게 된 이상 이학주로 간다'","movieNmEn":"","prdtYear":"2021","openDt":"","typeNm":"옴니버스","prdtStatNm":"기타","nationAlt":"한국","genreAlt":"기타","repNationNm":"한국","repGenreNm":"기타","directors":[],"companys":[]},{"movieCd":"20212505","movieNm":"면상","movieNmEn":"Whose Face is","prdtYear":"2021","openDt":"","typeNm":"단편","prdtStatNm":"기타","nationAlt":"한국","genreAlt":"기타","repNationNm":"한국","repGenreNm":"기타","directors":[],"companys":[]},{"movieCd":"20212480","movieNm":"완벽한 타인: 블러디 문","movieNmEn":"Bloody Moon Fest","prdtYear":"2020","openDt":"","typeNm":"장편","prdtStatNm":"기타","nationAlt":"베트남","genreAlt":"드라마","repNationNm":"베트남","repGenreNm":"드라마","directors":[],"companys":[]},{"movieCd":"20212182","movieNm":"태극권2","movieNmEn":"","prdtYear":"2020","openDt":"","typeNm":"장편","prdtStatNm":"기타","nationAlt":"중국","genreAlt":"판타지,액션","repNationNm":"중국","repGenreNm":"판타지","directors":[],"companys":[]},{"movieCd":"20211685","movieNm":"영화는 이미 완성되었다","movieNmEn":"","prdtYear":"2021","openDt":"","typeNm":"단편","prdtStatNm":"기타","nationAlt":"한국","genreAlt":"코미디","repNationNm":"한국","repGenreNm":"코미디","directors":[{"peopleNm":"이정하"}],"companys":[]},{"movieCd":"20211312","movieNm":"사랑하자 너부터,","movieNmEn":"Let's Love Yourself First","prdtYear":"2021","openDt":"","typeNm":"단편","prdtStatNm":"기타","nationAlt":"한국","genreAlt":"드라마","repNationNm":"한국","repGenreNm":"드라마","directors":[{"peopleNm":"유호재"}],"companys":[]}]}