{"totCnt":"95385","source":"영화진흥위원회","movieList":[{"movieCd":"20010264","movieNm":"아멜리에","movieNmEn":"Amelie Of Montmartre","prdtYear":"2001","openDt":"20011019","typeNm":"장편","prdtStatNm":"개봉","nationAlt":"프랑스","genreAlt":"코미디,판타지","repNationNm":"프랑스","repGenreNm":"코미디","directors":[{"peopleNm":"장 피에르 주네"}],"companys":[]},{"movieCd":"20212448","movieNm":"저마다의 이명, 제각각의 비명","movieNmEn":"","prdtYear":"2020","openDt":"","typeNm":"단편","prdtStatNm":"기타","nationAlt":"한국","genreAlt":"","repNationNm":"한국","repGenreNm":"","directors":[{"peopleNm":"박소영"}],"companys":[]},{"movieCd":"20212445","movieNm":"혈적자","movieNmEn":"","prdtYear":"2020","openDt":"","typeNm":"장편","prdtStatNm":"기타","nationAlt":"한국","genreAlt":"범죄,드라마","repNationNm":"한국","repGenreNm":"범죄","directors":[{"peopleNm":"임재영"}],"companys":[]},{"movieCd":"20212429","movieNm":"시간의 주름","movieNmEn":"","prdtYear":"2021","openDt":"","typeNm":"장편","prdtStatNm":"","nationAlt":"한국","genreAlt":"다큐멘터리","repNationNm":"한국","repGenreNm":"다큐멘터리","directors":[{"peopleNm":"이마리오"}],"companys":[]},{"movieCd":"20212444","movieNm":"에디와 앨리스","movieNmEn":"","prdtYear":"2021","openDt":"","typeNm":"장편","prdtStatNm":"","nationAlt":"한국","genreAlt":"다큐멘터리","repNationNm":"한국","repGenreNm":"다큐멘터리","directors":[{"peopleNm":"김일란"}],"companys":[]},{"movieCd":"20212428","movieNm":"되살아나는 목소리","movieNmEn":"","prdtYear":"2021","openDt":"","typeNm":"장편","prdtStatNm":"","nationAlt":"한국","genreAlt":"다큐멘터리","repNationNm":"한국","repGenreNm":"다큐멘터리","directors":[{"peopleNm":"박수남"}],"companys":[]},{"movieCd":"20212441","movieNm":"감각의 각인들","movieNmEn":"","prdtYear":"2021","openDt":"","typeNm":"장편","prdtStatNm":"","nationAlt":"한국","genreAlt":"다큐멘터리","repNationNm":"한국","repGenreNm":"다큐멘터리","directors":[{"peopleNm":"김무영"}],"companys":[]},{"movieCd":"20212427","movieNm":"어크로스","movieNmEn":"ACROSS","prdtYear":"2021","openDt":"","typeNm":"장편","prdtStatNm":"","nationAlt":"한국","genreAlt":"다큐멘터리","repNationNm":"한국","repGenreNm":"다큐멘터리","directors":[{"peopleNm":"김지"}],"companys":[]},{"movieCd":"20212420","movieNm":"포경한국","movieNmEn":"","prdtYear":"2021","openDt":"","typeNm":"장편","prdtStatNm":"","nationAlt":"한국","genreAlt":"다큐멘터리","repNationNm":"한국","repGenreNm":"다큐멘터리","directors":[{"peopleNm":"한진"},{"peopleNm":"정수진"}],"companys":[]},{"movieCd":"20212419","movieNm":"청년정치백서","movieNmEn":"","prdtYear":"2021","openDt":"","typeNm":"장편","prdtStatNm":"","nationAlt":"한국","genreAlt":"다큐멘터리","repNationNm":"한국","repGenreNm":"다큐멘터리","directors":[{"peopleNm":"이일하"}],"companys":[]}]}