{"totCnt":"95385","source":"영화진흥위원회","movieList":[{"movieCd":"20212973","movieNm":"더 배트맨","movieNmEn":"The Batman","prdtYear":"2022","openDt":"20220301","typeNm":"장편","prdtStatNm":"개봉","nationAlt":"미국","genreAlt":"액션,범죄,드라마","repNationNm":"미국","repGenreNm":"액션","directors":[{"peopleNm":"맷 리브스"}],"companys":[]},{"movieCd":"20223383","movieNm":"소녀색경- 환생","movieNmEn":"","prdtYear":"2021","openDt":"","typeNm":"장편","prdtStatNm":"기타","nationAlt":"한국","genreAlt":"성인물(에로),멜로/로맨스","repNationNm":"한국","repGenreNm":"성인물(에로)","directors":[{"peopleNm":"최환"}],"companys":[{"companyCd":"20063099","companyNm":"(주)케이알씨지"}]},{"movieCd":"20212617","movieNm":"그녀의사정무삭제","movieNmEn":"","prdtYear":"2021","openDt":"","typeNm":"장편","prdtStatNm":"기타","nationAlt":"한국","genreAlt":"성인물(에로)","repNationNm":"한국","repGenreNm":"성인물(에로)","directors":[{"peopleNm":"성운아"}],"companys":[{"companyCd":"20217484","companyNm":"(주)더비에스엔터테인먼트"}]},{"movieCd":"20223580","movieNm":"남편상사의 단백질 훔치기 무삭제판","movieNmEn":"","prdtYear":"2020","openDt":"","typeNm":"장편","prdtStatNm":"기타","nationAlt":"일본","genreAlt":"성인물(에로),드라마","repNationNm":"일본","repGenreNm":"성인물(에로)","directors":[{"peopleNm":"쇼텐 시로"}],"companys":[]},{"movieCd":"20223878","movieNm":"슬기로운 섹스생활","movieNmEn":"","prdtYear":"2021","openDt":"20220224","typeNm":"장편","prdtStatNm":"개봉","nationAlt":"한국","genreAlt":"성인물(에로),멜로/로맨스","repNationNm":"한국","repGenreNm":"성인물(에로)","directors":[{"peopleNm":"알렉사 박"}],"companys":[{"companyCd":"20217521","companyNm":"타히티 필름"}]},{"movieCd":"20224028","movieNm":"섹탐나는 그녀","movieNmEn":"","prdtYear":"2021","openDt":"20220224","typeNm":"장편","prdtStatNm":"개봉","nationAlt":"한국","genreAlt":"성인물(에로),멜로/로맨스","repNationNm":"한국","repGenreNm":"성인물(에로)","directors":[{"peopleNm":"알렉사 박"}],"companys":[{"companyCd":"20217521","companyNm":"타히티 필름"}]},{"movieCd":"20223762","movieNm":"내 여친은 에로배우 무삭제판","movieNmEn":"","prdtYear":"2021","openDt":"20220222","typeNm":"장편","prdtStatNm":"개봉","nationAlt":"한국","genreAlt":"성인물(에로),멜로/로맨스,코미디","repNationNm":"한국","repGenreNm":"성인물(에로)","directors":[{"peopleNm":"이상수"}],"companys":[{"companyCd":"20161342","companyNm":"선셋 시네마"}]},{"movieCd":"20223862","movieNm":"신부의 어느날","movieNmEn":"","prdtYear":"2022","openDt":"20220221","typeNm":"장편","prdtStatNm":"개봉","nationAlt":"일본","genreAlt":"성인물(에로),멜로/로맨스","repNationNm":"일본","repGenreNm":"성인물(에로)","directors":[{"peopleNm":"마츠모토 신지"}],"companys":[]},{"movieCd":"20223196","movieNm":"글래머","movieNmEn":"Glamour","prdtYear":"2020","openDt":"20220221","typeNm":"장편","prdtStatNm":"개봉","nationAlt":"영국","genreAlt":"미스터리","repNationNm":"영국","repGenreNm":"미스터리","directors":[],"companys":[]},{"movieCd":"20223365","movieNm":"소문난 도쿄 구멍동서","movieNmEn":"","prdtYear":"2021","openDt":"20220218","typeNm":"장편","prdtStatNm":"개봉","nationAlt":"일본","genreAlt":"성인물(에로),드라마","repNationNm":"일본","repGenreNm":"성인물(에로)","directors":[],"companys":[]}]}