{"totCnt":"95385","source":"영화진흥위원회","movieList":[{"movieCd":"20210790","movieNm":"베네데타","movieNmEn":"Benedetta","prdtYear":"2021","openDt":"20211201","typeNm":"장편","prdtStatNm":"개봉","nationAlt":"프랑스","genreAlt":"드라마","repNationNm":"프랑스","repGenreNm":"드라마","directors":[{"peopleNm":"폴 버호벤"}],"companys":[]},{"movieCd":"20211066","movieNm":"싸반","movieNmEn":"The Promise","prdtYear":"2017","openDt":"20211111","typeNm":"장편","prdtStatNm":"개봉","nationAlt":"태국","genreAlt":"공포(호러),스릴러","repNationNm":"태국","repGenreNm":"공포(호러)","directors":[{"peopleNm":"소폰 사크다피싯"}],"companys":[]},{"movieCd":"20210173","movieNm":"킬링 오브 투 러버스","movieNmEn":"The Killing of Two Lovers","prdtYear":"2020","openDt":"20211014","typeNm":"장편","prdtStatNm":"개봉","nationAlt":"캐나다","genreAlt":"멜로/로맨스","repNationNm":"캐나다","repGenreNm":"멜로/로맨스","directors":[],"companys":[]},{"movieCd":"20210374","movieNm":"미켈란젤로","movieNmEn":"Michelangelo - Infinito","prdtYear":"2017","openDt":"20210929","typeNm":"장편","prdtStatNm":"개봉","nationAlt":"이탈리아","genreAlt":"드라마,다큐멘터리","repNationNm":"이탈리아","repGenreNm":"드라마","directors":[],"companys":[]},{"movieCd":"20215892","movieNm":"가장 환하고 따뜻한","movieNmEn":"","prdtYear":"2021","openDt":"","typeNm":"장편","prdtStatNm":"기타","nationAlt":"한국","genreAlt":"드라마","repNationNm":"한국","repGenreNm":"드라마","directors":[{"peopleNm":"최진영"}],"companys":[{"companyCd":"20217744","companyNm":"대장정"}]},{"movieCd":"20211055","movieNm":"지저귀는 새는 날지 않는다: 돈 스테이 골드","movieNmEn":"","prdtYear":"2021","openDt":"","typeNm":"단편","prdtStatNm":"기타","nationAlt":"일본","genreAlt":"애니메이션","repNationNm":"일본","repGenreNm":"애니메이션","directors":[{"peopleNm":"마키타 카오리"}],"companys":[]},{"movieCd":"20160062","movieNm":"하늘색 심포니","movieNmEn":"The Sky-Blue Symphony -The Story of the Korean Schools in Japan-","prdtYear":"2016","openDt":"","typeNm":"장편","prdtStatNm":"기타","nationAlt":"일본","genreAlt":"다큐멘터리","repNationNm":"일본","repGenreNm":"다큐멘터리","directors":[{"peopleNm":"박영이"}],"companys":[]},{"movieCd":"20212731","movieNm":"제7회 다다름필름파티 with 언니네영화관: 섹션3","movieNmEn":"","prdtYear":"2021","openDt":"","typeNm":"옴니버스","prdtStatNm":"기타","nationAlt":"한국","genreAlt":"기타","repNationNm":"한국","repGenreNm":"기타","directors":[],"companys":[]},{"movieCd":"20212730","movieNm":"제7회 다다름필름파티 with 언니네영화관: 섹션2","movieNmEn":"","prdtYear":"2021","openDt":"","typeNm":"옴니버스","prdtStatNm":"기타","nationAlt":"한국","genreAlt":"기타","repNationNm":"한국","repGenreNm":"기타","directors":[],"companys":[]},{"movieCd":"20212743","movieNm":"춤추는 혼잣말","movieNmEn":"","prdtYear":"2020","openDt":"","typeNm":"단편","prdtStatNm":"기타","nationAlt":"한국","genreAlt":"다큐멘터리","repNationNm":"한국","repGenreNm":"다큐멘터리","directors":[],"companys":[]}]}