{"totCnt":"95385","source":"영화진흥위원회","movieList":[{"movieCd":"20216554","movieNm":"스웰링","movieNmEn":"Swelling","prdtYear":"2020","openDt":"","typeNm":"단편","prdtStatNm":"기타","nationAlt":"한국","genreAlt":"액션,드라마","repNationNm":"한국","repGenreNm":"액션","directors":[{"peopleNm":"김상규"}],"companys":[]},{"movieCd":"20210289","movieNm":"킬러 하이드","movieNmEn":"Hyde","prdtYear":"2021","openDt":"20220106","typeNm":"장편","prdtStatNm":"개봉","nationAlt":"미국","genreAlt":"액션,스릴러","repNationNm":"미국","repGenreNm":"액션","directors":[{"peopleNm":"달라스 버지스"}],"companys":[]},{"movieCd":"20212214","movieNm":"아메리칸 시카리오: 데이 오브 블러드","movieNmEn":"American Sicario","prdtYear":"2021","openDt":"","typeNm":"장편","prdtStatNm":"기타","nationAlt":"미국","genreAlt":"액션,범죄","repNationNm":"미국","repGenreNm":"액션","directors":[{"peopleNm":"RJ 콜린스"}],"companys":[]},{"movieCd":"20223150","movieNm":"첫 출근","movieNmEn":"First Day","prdtYear":"2021","openDt":"","typeNm":"단편","prdtStatNm":"기타","nationAlt":"한국","genreAlt":"드라마,스릴러,공포(호러)","repNationNm":"한국","repGenreNm":"드라마","directors":[{"peopleNm":"변정욱"}],"companys":[]},{"movieCd":"20223141","movieNm":"우리 동네 히어로","movieNmEn":"Our Hero","prdtYear":"2014","openDt":"","typeNm":"단편","prdtStatNm":"기타","nationAlt":"한국","genreAlt":"코미디,액션","repNationNm":"한국","repGenreNm":"코미디","directors":[{"peopleNm":"김도영"}],"companys":[]},{"movieCd":"20223145","movieNm":"알레프","movieNmEn":"ALEPH","prdtYear":"2019","openDt":"","typeNm":"단편","prdtStatNm":"기타","nationAlt":"미국,한국","genreAlt":"판타지,드라마,미스터리,SF","repNationNm":"미국","repGenreNm":"판타지","directors":[{"peopleNm":"박지나"}],"companys":[]},{"movieCd":"20223162","movieNm":"보험","movieNmEn":"Insurance","prdtYear":"2020","openDt":"","typeNm":"단편","prdtStatNm":"기타","nationAlt":"한국","genreAlt":"드라마,스릴러,범죄","repNationNm":"한국","repGenreNm":"드라마","directors":[{"peopleNm":"송진우"}],"companys":[]},{"movieCd":"20223148","movieNm":"배워야 산다!","movieNmEn":"Must Learn!","prdtYear":"2013","openDt":"","typeNm":"단편","prdtStatNm":"기타","nationAlt":"한국","genreAlt":"코미디,드라마","repNationNm":"한국","repGenreNm":"코미디","directors":[{"peopleNm":"박현식"}],"companys":[]},{"movieCd":"20223146","movieNm":"오늘도 거리는 깨끗하다.","movieNmEn":"Today's street","prdtYear":"2016","openDt":"","typeNm":"단편","prdtStatNm":"기타","nationAlt":"한국","genreAlt":"스릴러","repNationNm":"한국","repGenreNm":"스릴러","directors":[{"peopleNm":"이승찬"}],"companys":[]},{"movieCd":"20223144","movieNm":"고양이 밥","movieNmEn":"Cat Food","prdtYear":"2019","openDt":"","typeNm":"단편","prdtStatNm":"기타","nationAlt":"한국","genreAlt":"드라마","repNationNm":"한국","repGenreNm":"드라마","directors":[],"companys":[]}]}