{"totCnt":"95385","source":"영화진흥위원회","movieList":[{"movieCd":"20224055","movieNm":"한예종 섹션8","movieNmEn":"","prdtYear":"","openDt":"","typeNm":"옴니버스","prdtStatNm":"기타","nationAlt":"","genreAlt":"","repNationNm":"","repGenreNm":"","directors":[],"companys":[]},{"movieCd":"20224040","movieNm":"한예종 섹션7","movieNmEn":"","prdtYear":"","openDt":"","typeNm":"옴니버스","prdtStatNm":"기타","nationAlt":"","genreAlt":"","repNationNm":"","repGenreNm":"","directors":[],"companys":[]},{"movieCd":"20224054","movieNm":"한예종 섹션6","movieNmEn":"","prdtYear":"","openDt":"","typeNm":"옴니버스","prdtStatNm":"기타","nationAlt":"","genreAlt":"","repNationNm":"","repGenreNm":"","directors":[],"companys":[]},{"movieCd":"20224039","movieNm":"한예종 섹션5","movieNmEn":"","prdtYear":"","openDt":"","typeNm":"옴니버스","prdtStatNm":"기타","nationAlt":"","genreAlt":"","repNationNm":"","repGenreNm":"","directors":[],"companys":[]},{"movieCd":"20224038","movieNm":"한예종 섹션4","movieNmEn":"","prdtYear":"","openDt":"","typeNm":"옴니버스","prdtStatNm":"기타","nationAlt":"","genreAlt":"","repNationNm":"","repGenreNm":"","directors":[],"companys":[]},{"movieCd":"20224037","movieNm":"한예종 섹션3","movieNmEn":"","prdtYear":"","openDt":"","typeNm":"옴니버스","prdtStatNm":"기타","nationAlt":"","genreAlt":"","repNationNm":"","repGenreNm":"","directors":[],"companys":[]},{"movieCd":"20224036","movieNm":"한예종 섹션2","movieNmEn":"","prdtYear":"","openDt":"","typeNm":"옴니버스","prdtStatNm":"기타","nationAlt":"","genreAlt":"","repNationNm":"","repGenreNm":"","directors":[],"companys":[]},{"movieCd":"20224053","movieNm":"한예종 섹션1","movieNmEn":"","prdtYear":"","openDt":"","typeNm":"옴니버스","prdtStatNm":"기타","nationAlt":"","genreAlt":"","repNationNm":"","repGenreNm":"","directors":[],"companys":[]},{"movieCd":"20212708","movieNm":"시라노","movieNmEn":"Cyrano","prdtYear":"2021","openDt":"20220223","typeNm":"장편","prdtStatNm":"개봉","nationAlt":"미국","genreAlt":"멜로/로맨스,뮤지컬,드라마","repNationNm":"미국","repGenreNm":"멜로/로맨스","directors":[{"peopleNm":"조 라이트"}],"companys":[]},{"movieCd":"20224035","movieNm":"목격자를 남기지 마라","movieNmEn":"The Surprise Visit","prdtYear":"2021","openDt":"","typeNm":"장편","prdtStatNm":"기타","nationAlt":"미국","genreAlt":"스릴러","repNationNm":"미국","repGenreNm":"스릴러","directors":[{"peopleNm":"닉 라이온"}],"companys":[]}]}