{"totCnt":"95385","source":"영화진흥위원회","movieList":[{"movieCd":"20210788","movieNm":"가족의 색깔","movieNmEn":"Our Departures","prdtYear":"2018","openDt":"20211027","typeNm":"장편","prdtStatNm":"개봉","nationAlt":"일본","genreAlt":"드라마","repNationNm":"일본","repGenreNm":"드라마","directors":[{"peopleNm":"요시다 야스히로"}],"companys":[]},{"movieCd":"20210142","movieNm":"스틸워터","movieNmEn":"Stillwater","prdtYear":"2021","openDt":"20211006","typeNm":"장편","prdtStatNm":"개봉","nationAlt":"미국","genreAlt":"범죄,드라마,스릴러","repNationNm":"미국","repGenreNm":"범죄","directors":[{"peopleNm":"토마스 맥카시"}],"companys":[]},{"movieCd":"20219378","movieNm":"부니베어: 애들이 줄었어요","movieNmEn":"Boonie Bears : The Big Shrink ","prdtYear":"2018","openDt":"20211007","typeNm":"장편","prdtStatNm":"개봉","nationAlt":"중국","genreAlt":"애니메이션,어드벤처","repNationNm":"중국","repGenreNm":"애니메이션","directors":[{"peopleNm":"정량"}],"companys":[]},{"movieCd":"20210586","movieNm":"사대명포4: 최후의 결전","movieNmEn":"The Four","prdtYear":"2019","openDt":"","typeNm":"장편","prdtStatNm":"기타","nationAlt":"중국","genreAlt":"액션","repNationNm":"중국","repGenreNm":"액션","directors":[],"companys":[]},{"movieCd":"20211830","movieNm":"오렌지필름 기획전 - 여름 지나 겨울","movieNmEn":"","prdtYear":"2021","openDt":"","typeNm":"옴니버스","prdtStatNm":"기타","nationAlt":"한국","genreAlt":"드라마","repNationNm":"한국","repGenreNm":"드라마","directors":[],"companys":[]},{"movieCd":"20127210","movieNm":"열일곱, 그리고 여름","movieNmEn":"Seventeen in Summer","prdtYear":"2011","openDt":"","typeNm":"단편","prdtStatNm":"기타","nationAlt":"한국","genreAlt":"드라마","repNationNm":"한국","repGenreNm":"드라마","directors":[{"peopleNm":"조슬예"}],"companys":[]},{"movieCd":"20209270","movieNm":"사상","movieNmEn":"Sasang: The Town on Sand","prdtYear":"2020","openDt":"20211021","typeNm":"장편","prdtStatNm":"개봉","nationAlt":"한국","genreAlt":"다큐멘터리","repNationNm":"한국","repGenreNm":"다큐멘터리","directors":[{"peopleNm":"박배일"}],"companys":[{"companyCd":"20126575","companyNm":"오지필름"}]},{"movieCd":"20203824","movieNm":"노회찬6411","movieNmEn":"The Man with High Hopes","prdtYear":"2021","openDt":"20211014","typeNm":"장편","prdtStatNm":"개봉","nationAlt":"한국","genreAlt":"다큐멘터리","repNationNm":"한국","repGenreNm":"다큐멘터리","directors":[{"peopleNm":"민환기"}],"companys":[{"companyCd":"20100545","companyNm":"(주)명필름"},{"companyCd":"20218281","companyNm":"시네마6411"},{"companyCd":"20218282","companyNm":"평등하고 공정한나라 노회찬재단"}]},{"movieCd":"20210244","movieNm":"디어 에반 핸슨","movieNmEn":"Dear Evan Hansen","prdtYear":"2021","openDt":"20211117","typeNm":"장편","prdtStatNm":"개봉","nationAlt":"미국","genreAlt":"뮤지컬,드라마","repNationNm":"미국","repGenreNm":"뮤지컬","directors":[{"peopleNm":"스티븐 크보스키"}],"companys":[]},{"movieCd":"20207584","movieNm":"울림의 탄생","movieNmEn":"The Birth of Resonance","prdtYear":"2020","openDt":"20211021","typeNm":"장편","prdtStatNm":"개봉","nationAlt":"한국","genreAlt":"다큐멘터리","repNationNm":"한국","repGenreNm":"다큐멘터리","directors":[{"peopleNm":"이정준"}],"companys":[{"companyCd":"20218242","companyNm":"스튜디오 홍시"}]}]}