{"totCnt":"95385","source":"영화진흥위원회","movieList":[{"movieCd":"20223675","movieNm":"짐승남의 거친 사냥법","movieNmEn":"","prdtYear":"2021","openDt":"20220222","typeNm":"장편","prdtStatNm":"개봉","nationAlt":"한국","genreAlt":"성인물(에로)","repNationNm":"한국","repGenreNm":"성인물(에로)","directors":[{"peopleNm":"강현성"}],"companys":[{"companyCd":"20217881","companyNm":"(주)샤이커뮤니케이션즈"}]},{"movieCd":"20223694","movieNm":"스릴 넘치는 그녀의 비밀 섹스","movieNmEn":"","prdtYear":"2021","openDt":"20220222","typeNm":"장편","prdtStatNm":"개봉","nationAlt":"한국","genreAlt":"성인물(에로)","repNationNm":"한국","repGenreNm":"성인물(에로)","directors":[{"peopleNm":"강현성"}],"companys":[{"companyCd":"20217881","companyNm":"(주)샤이커뮤니케이션즈"}]},{"movieCd":"20223735","movieNm":"남편이 데려온 나를 괴롭히는 남자2","movieNmEn":"","prdtYear":"2021","openDt":"","typeNm":"장편","prdtStatNm":"기타","nationAlt":"일본","genreAlt":"성인물(에로)","repNationNm":"일본","repGenreNm":"성인물(에로)","directors":[],"companys":[]},{"movieCd":"20223748","movieNm":"그랑블루","movieNmEn":"Grand Blue Dreaming","prdtYear":"2020","openDt":"","typeNm":"장편","prdtStatNm":"기타","nationAlt":"일본","genreAlt":"코미디","repNationNm":"일본","repGenreNm":"코미디","directors":[{"peopleNm":"하나부사 츠토무"}],"companys":[]},{"movieCd":"20223734","movieNm":"그 남자의 발정 그 여자의 사정","movieNmEn":"","prdtYear":"2020","openDt":"20220222","typeNm":"장편","prdtStatNm":"개봉","nationAlt":"한국","genreAlt":"성인물(에로)","repNationNm":"한국","repGenreNm":"성인물(에로)","directors":[{"peopleNm":"제임스 오"}],"companys":[{"companyCd":"20141911","companyNm":"(주)뮤직엔닷컴"}]},{"movieCd":"20223747","movieNm":"가면병동","movieNmEn":"Masked Ward","prdtYear":"2020","openDt":"","typeNm":"장편","prdtStatNm":"기타","nationAlt":"일본","genreAlt":"스릴러,미스터리,범죄","repNationNm":"일본","repGenreNm":"스릴러","directors":[],"companys":[]},{"movieCd":"20224003","movieNm":"그레이 투 그린","movieNmEn":"Grey to Green","prdtYear":"2020","openDt":"","typeNm":"단편","prdtStatNm":"기타","nationAlt":"한국,칠레","genreAlt":"애니메이션","repNationNm":"한국","repGenreNm":"애니메이션","directors":[],"companys":[]},{"movieCd":"20223415","movieNm":"블루버스데이","movieNmEn":"Blue Birthday","prdtYear":"2021","openDt":"20220119","typeNm":"장편","prdtStatNm":"개봉","nationAlt":"한국","genreAlt":"멜로/로맨스,드라마,스릴러","repNationNm":"한국","repGenreNm":"멜로/로맨스","directors":[{"peopleNm":"박단희"}],"companys":[{"companyCd":"20063188","companyNm":"씨제이 씨지브이(CJ CGV)(주)"}]},{"movieCd":"19988662","movieNm":"땅 위에서도 하늘에서처럼","movieNmEn":"On Earth As In Heaven","prdtYear":"1998","openDt":"","typeNm":"단편","prdtStatNm":"기타","nationAlt":"한국","genreAlt":"드라마","repNationNm":"한국","repGenreNm":"드라마","directors":[{"peopleNm":"염정석"}],"companys":[]},{"movieCd":"19998749","movieNm":"광대버섯","movieNmEn":"Amanita Muscaria","prdtYear":"1999","openDt":"","typeNm":"단편","prdtStatNm":"기타","nationAlt":"한국","genreAlt":"드라마","repNationNm":"한국","repGenreNm":"드라마","directors":[{"peopleNm":"염정석"}],"companys":[]}]}