{"totCnt":"95385","source":"영화진흥위원회","movieList":[{"movieCd":"20210379","movieNm":"새엄마 중독","movieNmEn":"","prdtYear":"2021","openDt":"20211018","typeNm":"장편","prdtStatNm":"개봉","nationAlt":"일본","genreAlt":"멜로/로맨스","repNationNm":"일본","repGenreNm":"멜로/로맨스","directors":[],"companys":[]},{"movieCd":"20218739","movieNm":"맛좋은 소꿉친구 무삭제판","movieNmEn":"","prdtYear":"2021","openDt":"20211018","typeNm":"장편","prdtStatNm":"개봉","nationAlt":"한국","genreAlt":"멜로/로맨스","repNationNm":"한국","repGenreNm":"멜로/로맨스","directors":[{"peopleNm":"에로핑"}],"companys":[{"companyCd":"20189621","companyNm":"(주)라온컴퍼니플러스"}]},{"movieCd":"20210327","movieNm":"다 받아주는 콜센터","movieNmEn":"","prdtYear":"2021","openDt":"20211018","typeNm":"장편","prdtStatNm":"개봉","nationAlt":"한국","genreAlt":"멜로/로맨스","repNationNm":"한국","repGenreNm":"멜로/로맨스","directors":[{"peopleNm":"Mr.나"}],"companys":[{"companyCd":"20157008","companyNm":"(주)픽쳐레스크"}]},{"movieCd":"20211444","movieNm":"인륜 포기: 마누라의 오르가즘","movieNmEn":"","prdtYear":"2021","openDt":"","typeNm":"장편","prdtStatNm":"기타","nationAlt":"일본","genreAlt":"드라마","repNationNm":"일본","repGenreNm":"드라마","directors":[],"companys":[]},{"movieCd":"20210713","movieNm":"마마2","movieNmEn":"The Depraved Aka Hellgirl","prdtYear":"2017","openDt":"20211016","typeNm":"장편","prdtStatNm":"개봉","nationAlt":"미국","genreAlt":"공포(호러)","repNationNm":"미국","repGenreNm":"공포(호러)","directors":[{"peopleNm":"래리 리긴스"}],"companys":[]},{"movieCd":"20210725","movieNm":"에이지 오브 탱크","movieNmEn":"Not a Game","prdtYear":"2018","openDt":"","typeNm":"장편","prdtStatNm":"기타","nationAlt":"기타","genreAlt":"전쟁,드라마","repNationNm":"기타","repGenreNm":"전쟁","directors":[],"companys":[]},{"movieCd":"20210462","movieNm":"결혼 후에 남겨진 것들","movieNmEn":"About Us","prdtYear":"2020","openDt":"","typeNm":"장편","prdtStatNm":"기타","nationAlt":"미국","genreAlt":"멜로/로맨스,드라마","repNationNm":"미국","repGenreNm":"멜로/로맨스","directors":[],"companys":[]},{"movieCd":"20210392","movieNm":"강호불패","movieNmEn":"For Clues","prdtYear":"2019","openDt":"","typeNm":"장편","prdtStatNm":"기타","nationAlt":"중국","genreAlt":"액션","repNationNm":"중국","repGenreNm":"액션","directors":[{"peopleNm":"장제"}],"companys":[]},{"movieCd":"20219335","movieNm":"도신-지존천하","movieNmEn":"The Top Bet ","prdtYear":"2017","openDt":"20211025","typeNm":"장편","prdtStatNm":"개봉","nationAlt":"홍콩","genreAlt":"기타","repNationNm":"홍콩","repGenreNm":"기타","directors":[],"companys":[]},{"movieCd":"20210760","movieNm":"동방영웅전","movieNmEn":"Showed Up","prdtYear":"2019","openDt":"","typeNm":"장편","prdtStatNm":"기타","nationAlt":"중국","genreAlt":"액션","repNationNm":"중국","repGenreNm":"액션","directors":[{"peopleNm":"장제"}],"companys":[]}]}