{"totCnt":"95385","source":"영화진흥위원회","movieList":[{"movieCd":"20060810","movieNm":"희망이 없으면 불안도 없다 ","movieNmEn":"No Hope, No Fear","prdtYear":"2000","openDt":"","typeNm":"단편","prdtStatNm":"기타","nationAlt":"한국","genreAlt":"드라마","repNationNm":"한국","repGenreNm":"드라마","directors":[{"peopleNm":"염정석"}],"companys":[]},{"movieCd":"20223979","movieNm":"스페셜포스 : 혈랑대","movieNmEn":"Return of Special Forces 4","prdtYear":"2021","openDt":"","typeNm":"장편","prdtStatNm":"기타","nationAlt":"중국","genreAlt":"전쟁,액션","repNationNm":"중국","repGenreNm":"전쟁","directors":[{"peopleNm":"후걸"}],"companys":[]},{"movieCd":"20223399","movieNm":"역으로 가는 길을 알려줘","movieNmEn":"Show Me the Way to the Station","prdtYear":"2019","openDt":"20220217","typeNm":"장편","prdtStatNm":"개봉","nationAlt":"일본","genreAlt":"드라마","repNationNm":"일본","repGenreNm":"드라마","directors":[],"companys":[]},{"movieCd":"20212872","movieNm":"야연2","movieNmEn":"Peach Blossom Disaster","prdtYear":"2018","openDt":"20220222","typeNm":"장편","prdtStatNm":"개봉","nationAlt":"중국","genreAlt":"액션","repNationNm":"중국","repGenreNm":"액션","directors":[],"companys":[]},{"movieCd":"20223729","movieNm":"코만도","movieNmEn":"The Commando","prdtYear":"2021","openDt":"20220222","typeNm":"장편","prdtStatNm":"개봉","nationAlt":"미국","genreAlt":"액션,범죄","repNationNm":"미국","repGenreNm":"액션","directors":[{"peopleNm":"아시프 아크바르"}],"companys":[]},{"movieCd":"20223902","movieNm":"에이핑크 스페셜 무비 : 혼","movieNmEn":"","prdtYear":"2022","openDt":"","typeNm":"단편","prdtStatNm":"기타","nationAlt":"한국","genreAlt":"기타,공연,다큐멘터리","repNationNm":"한국","repGenreNm":"기타","directors":[],"companys":[]},{"movieCd":"20223831","movieNm":"스파이 코드명 포춘","movieNmEn":"Operation Fortune: Ruse de guerre","prdtYear":"2022","openDt":"","typeNm":"장편","prdtStatNm":"기타","nationAlt":"미국","genreAlt":"액션","repNationNm":"미국","repGenreNm":"액션","directors":[{"peopleNm":"가이 리치"}],"companys":[]},{"movieCd":"20224013","movieNm":"붉은 얼굴","movieNmEn":"Red Face","prdtYear":"2022","openDt":"","typeNm":"단편","prdtStatNm":"기타","nationAlt":"한국","genreAlt":"드라마,스릴러","repNationNm":"한국","repGenreNm":"드라마","directors":[],"companys":[{"companyCd":"20216824","companyNm":"(주)나인테일드폭스"}]},{"movieCd":"20223873","movieNm":"인투 더 보이드","movieNmEn":"Into the Void","prdtYear":"2019","openDt":"","typeNm":"장편","prdtStatNm":"기타","nationAlt":"캐나다","genreAlt":"공포(호러),스릴러","repNationNm":"캐나다","repGenreNm":"공포(호러)","directors":[{"peopleNm":"조단 칸텔로"}],"companys":[]},{"movieCd":"20223987","movieNm":"오렌지필름 기획전 - 지그재그","movieNmEn":"","prdtYear":"2022","openDt":"","typeNm":"옴니버스","prdtStatNm":"기타","nationAlt":"한국","genreAlt":"기타","repNationNm":"한국","repGenreNm":"기타","directors":[],"companys":[]}]}