{"totCnt":"95385","source":"영화진흥위원회","movieList":[{"movieCd":"20219870","movieNm":"성욕이 운다","movieNmEn":"Kanreki Furinduma","prdtYear":"2021","openDt":"20211025","typeNm":"장편","prdtStatNm":"개봉","nationAlt":"일본","genreAlt":"멜로/로맨스","repNationNm":"일본","repGenreNm":"멜로/로맨스","directors":[],"companys":[]},{"movieCd":"20211029","movieNm":"내 여친은 에로배우","movieNmEn":"","prdtYear":"2021","openDt":"20211025","typeNm":"장편","prdtStatNm":"개봉","nationAlt":"한국","genreAlt":"코미디,멜로/로맨스","repNationNm":"한국","repGenreNm":"코미디","directors":[{"peopleNm":"이상수"}],"companys":[{"companyCd":"20161342","companyNm":"선셋 시네마"}]},{"movieCd":"20209863","movieNm":"정사 : 딸의 남자친구 무삭제","movieNmEn":"","prdtYear":"2020","openDt":"20211022","typeNm":"장편","prdtStatNm":"개봉","nationAlt":"한국","genreAlt":"성인물(에로)","repNationNm":"한국","repGenreNm":"성인물(에로)","directors":[{"peopleNm":"최찬호"}],"companys":[{"companyCd":"20161021","companyNm":"(주)영화사가을"}]},{"movieCd":"20210453","movieNm":"쉿!누나의 비밀 무삭제","movieNmEn":"","prdtYear":"2021","openDt":"20211022","typeNm":"장편","prdtStatNm":"개봉","nationAlt":"한국","genreAlt":"성인물(에로),멜로/로맨스,드라마","repNationNm":"한국","repGenreNm":"성인물(에로)","directors":[{"peopleNm":"패콘"}],"companys":[{"companyCd":"20206041","companyNm":"주식회사 패콘"}]},{"movieCd":"20210869","movieNm":"테이크 백","movieNmEn":"Take Back","prdtYear":"2021","openDt":"20211021","typeNm":"장편","prdtStatNm":"개봉","nationAlt":"미국","genreAlt":"액션,스릴러","repNationNm":"미국","repGenreNm":"액션","directors":[{"peopleNm":"크리스찬 세스마"}],"companys":[]},{"movieCd":"20211065","movieNm":"언노운 에이전트 더 미션","movieNmEn":"Expo","prdtYear":"2019","openDt":"20211021","typeNm":"장편","prdtStatNm":"개봉","nationAlt":"미국","genreAlt":"액션","repNationNm":"미국","repGenreNm":"액션","directors":[],"companys":[]},{"movieCd":"20210618","movieNm":"맛 좋은 시골 무: 아래로 먹는 일본 새댁","movieNmEn":"","prdtYear":"2021","openDt":"20211021","typeNm":"장편","prdtStatNm":"개봉","nationAlt":"일본","genreAlt":"드라마","repNationNm":"일본","repGenreNm":"드라마","directors":[],"companys":[]},{"movieCd":"20211030","movieNm":"깨복쟁이","movieNmEn":"Chain","prdtYear":"2020","openDt":"20211021","typeNm":"장편","prdtStatNm":"개봉","nationAlt":"한국","genreAlt":"드라마","repNationNm":"한국","repGenreNm":"드라마","directors":[{"peopleNm":"김훈희"}],"companys":[{"companyCd":"20218246","companyNm":"시네마H2"}]},{"movieCd":"20210204","movieNm":"보안노출","movieNmEn":"","prdtYear":"2021","openDt":"20211020","typeNm":"장편","prdtStatNm":"개봉","nationAlt":"한국","genreAlt":"성인물(에로),범죄","repNationNm":"한국","repGenreNm":"성인물(에로)","directors":[{"peopleNm":"리차드 킴"}],"companys":[{"companyCd":"20122937","companyNm":"(주)룬컴퍼니"}]},{"movieCd":"20216773","movieNm":"무림신검","movieNmEn":"Princess the Secret Service Part 3","prdtYear":"2018","openDt":"20211020","typeNm":"장편","prdtStatNm":"개봉","nationAlt":"중국","genreAlt":"액션,판타지","repNationNm":"중국","repGenreNm":"액션","directors":[],"companys":[]}]}