{"totCnt":"95385","source":"영화진흥위원회","movieList":[{"movieCd":"20148267","movieNm":"퍼레이드","movieNmEn":"Parade","prdtYear":"1974","openDt":"","typeNm":"장편","prdtStatNm":"기타","nationAlt":"프랑스,스웨덴","genreAlt":"다큐멘터리","repNationNm":"프랑스","repGenreNm":"다큐멘터리","directors":[{"peopleNm":"자크 타티"}],"companys":[]},{"movieCd":"20090283","movieNm":"트래픽","movieNmEn":"Traffic","prdtYear":"1971","openDt":"","typeNm":"장편","prdtStatNm":"기타","nationAlt":"이탈리아,프랑스","genreAlt":"드라마","repNationNm":"이탈리아","repGenreNm":"드라마","directors":[{"peopleNm":"자크 타티"}],"companys":[]},{"movieCd":"20230930","movieNm":"고액 섹스 알바 뛰는 아내들","movieNmEn":"Compensated dating apartment","prdtYear":"2022","openDt":"","typeNm":"장편","prdtStatNm":"기타","nationAlt":"일본","genreAlt":"성인물(에로),드라마","repNationNm":"일본","repGenreNm":"성인물(에로)","directors":[{"peopleNm":"몬도 카사"}],"companys":[]},{"movieCd":"20230929","movieNm":"몸으로 며느리 교육하기","movieNmEn":"","prdtYear":"2022","openDt":"","typeNm":"장편","prdtStatNm":"기타","nationAlt":"일본","genreAlt":"성인물(에로)","repNationNm":"일본","repGenreNm":"성인물(에로)","directors":[{"peopleNm":"마메자와 마메타로"}],"companys":[]},{"movieCd":"20230928","movieNm":"애욕의 처제","movieNmEn":"","prdtYear":"2022","openDt":"","typeNm":"장편","prdtStatNm":"기타","nationAlt":"일본","genreAlt":"성인물(에로)","repNationNm":"일본","repGenreNm":"성인물(에로)","directors":[{"peopleNm":"마메자와 마메타로"}],"companys":[]},{"movieCd":"20230927","movieNm":"야한 세 친구 무삭제판","movieNmEn":"","prdtYear":"2022","openDt":"","typeNm":"장편","prdtStatNm":"기타","nationAlt":"한국","genreAlt":"성인물(에로),멜로/로맨스","repNationNm":"한국","repGenreNm":"성인물(에로)","directors":[{"peopleNm":"장권"}],"companys":[{"companyCd":"20191101","companyNm":"(주)메이크아트"}]},{"movieCd":"20230926","movieNm":"막장 부부 무삭제판","movieNmEn":"","prdtYear":"2022","openDt":"","typeNm":"장편","prdtStatNm":"기타","nationAlt":"한국","genreAlt":"성인물(에로),멜로/로맨스","repNationNm":"한국","repGenreNm":"성인물(에로)","directors":[{"peopleNm":"음라나"}],"companys":[{"companyCd":"20123227","companyNm":"(주)나우콘텐츠"}]},{"movieCd":"20113203","movieNm":"플레이타임","movieNmEn":"Playtime","prdtYear":"1967","openDt":"","typeNm":"장편","prdtStatNm":"기타","nationAlt":"프랑스,이탈리아","genreAlt":"코미디","repNationNm":"프랑스","repGenreNm":"코미디","directors":[{"peopleNm":"자크 타티"}],"companys":[]},{"movieCd":"20111589","movieNm":"나의 아저씨","movieNmEn":"My Uncle","prdtYear":"1958","openDt":"","typeNm":"장편","prdtStatNm":"기타","nationAlt":"프랑스,이탈리아","genreAlt":"코미디","repNationNm":"프랑스","repGenreNm":"코미디","directors":[{"peopleNm":"자크 타티"}],"companys":[]},{"movieCd":"20080938","movieNm":"윌로씨의 휴가","movieNmEn":"Hulot's Holiday","prdtYear":"1953","openDt":"","typeNm":"장편","prdtStatNm":"기타","nationAlt":"프랑스","genreAlt":"코미디","repNationNm":"프랑스","repGenreNm":"코미디","directors":[{"peopleNm":"자크 타티"}],"companys":[]}]}