{"totCnt":"95385","source":"영화진흥위원회","movieList":[{"movieCd":"20072091","movieNm":"인플루엔자","movieNmEn":"Influenza","prdtYear":"2004","openDt":"","typeNm":"단편","prdtStatNm":"기타","nationAlt":"한국","genreAlt":"드라마","repNationNm":"한국","repGenreNm":"드라마","directors":[{"peopleNm":"봉준호"}],"companys":[]},{"movieCd":"20210154","movieNm":"인디애니페스트2021 수상작 상영","movieNmEn":"Award Film Screening","prdtYear":"2021","openDt":"","typeNm":"기타","prdtStatNm":"기타","nationAlt":"기타","genreAlt":"기타","repNationNm":"기타","repGenreNm":"기타","directors":[],"companys":[]},{"movieCd":"19910238","movieNm":"붉은사랑","movieNmEn":"Red Dust","prdtYear":"1991","openDt":"19910629","typeNm":"장편","prdtStatNm":"개봉","nationAlt":"홍콩","genreAlt":"드라마,전쟁","repNationNm":"홍콩","repGenreNm":"드라마","directors":[{"peopleNm":"엄호"}],"companys":[]},{"movieCd":"20210139","movieNm":"단편영화의 매력 속으로 II","movieNmEn":"","prdtYear":"2021","openDt":"","typeNm":"옴니버스","prdtStatNm":"기타","nationAlt":"한국","genreAlt":"드라마","repNationNm":"한국","repGenreNm":"드라마","directors":[],"companys":[]},{"movieCd":"20210153","movieNm":"단편영화의 매력 속으로 I","movieNmEn":"","prdtYear":"2021","openDt":"","typeNm":"옴니버스","prdtStatNm":"기타","nationAlt":"한국","genreAlt":"드라마","repNationNm":"한국","repGenreNm":"드라마","directors":[],"companys":[]},{"movieCd":"20210138","movieNm":"옥천","movieNmEn":"Nowhere Else","prdtYear":"2021","openDt":"","typeNm":"단편","prdtStatNm":"기타","nationAlt":"한국","genreAlt":"드라마","repNationNm":"한국","repGenreNm":"드라마","directors":[{"peopleNm":"이경원"}],"companys":[]},{"movieCd":"20210137","movieNm":"오디션","movieNmEn":"Audition","prdtYear":"2021","openDt":"","typeNm":"단편","prdtStatNm":"기타","nationAlt":"한국","genreAlt":"드라마","repNationNm":"한국","repGenreNm":"드라마","directors":[],"companys":[]},{"movieCd":"20170585","movieNm":"나만 없는 집","movieNmEn":"Home without Me","prdtYear":"2016","openDt":"","typeNm":"단편","prdtStatNm":"기타","nationAlt":"한국","genreAlt":"멜로/로맨스,드라마","repNationNm":"한국","repGenreNm":"멜로/로맨스","directors":[{"peopleNm":"김현정"}],"companys":[]},{"movieCd":"20210152","movieNm":"파장동","movieNmEn":"The way we live","prdtYear":"2021","openDt":"","typeNm":"단편","prdtStatNm":"기타","nationAlt":"한국","genreAlt":"드라마","repNationNm":"한국","repGenreNm":"드라마","directors":[{"peopleNm":"송원준"}],"companys":[]},{"movieCd":"20210007","movieNm":"젖어드는 어린 며느리","movieNmEn":"","prdtYear":"2020","openDt":"20210826","typeNm":"장편","prdtStatNm":"개봉","nationAlt":"일본","genreAlt":"멜로/로맨스,드라마","repNationNm":"일본","repGenreNm":"멜로/로맨스","directors":[{"peopleNm":"버드맨 텟페이"}],"companys":[]}]}