{"totCnt":"95385","source":"영화진흥위원회","movieList":[{"movieCd":"20223834","movieNm":"신중년도감","movieNmEn":"New Middle-Aged Dictionary","prdtYear":"2020","openDt":"","typeNm":"단편","prdtStatNm":"기타","nationAlt":"한국","genreAlt":"기타","repNationNm":"한국","repGenreNm":"기타","directors":[{"peopleNm":"현지윤"}],"companys":[]},{"movieCd":"20223833","movieNm":"엄마의 소풍","movieNmEn":"Mom’s Picnic","prdtYear":"2020","openDt":"","typeNm":"단편","prdtStatNm":"기타","nationAlt":"한국","genreAlt":"기타","repNationNm":"한국","repGenreNm":"기타","directors":[{"peopleNm":"이현우"}],"companys":[]},{"movieCd":"20203354","movieNm":"상규형이 하지 말랬어","movieNmEn":"","prdtYear":"2020","openDt":"","typeNm":"단편","prdtStatNm":"기타","nationAlt":"한국","genreAlt":"드라마","repNationNm":"한국","repGenreNm":"드라마","directors":[{"peopleNm":"김동하"}],"companys":[]},{"movieCd":"20223829","movieNm":"베르그프루","movieNmEn":"Bergfrue","prdtYear":"2021","openDt":"","typeNm":"단편","prdtStatNm":"기타","nationAlt":"한국","genreAlt":"애니메이션","repNationNm":"한국","repGenreNm":"애니메이션","directors":[],"companys":[]},{"movieCd":"20212836","movieNm":"355","movieNmEn":"The 355","prdtYear":"2021","openDt":"20220209","typeNm":"장편","prdtStatNm":"개봉","nationAlt":"미국","genreAlt":"액션","repNationNm":"미국","repGenreNm":"액션","directors":[{"peopleNm":"사이먼 킨버그"}],"companys":[]},{"movieCd":"20223266","movieNm":"애니멀 체인지","movieNmEn":"The Wild Life","prdtYear":"2020","openDt":"20220209","typeNm":"장편","prdtStatNm":"개봉","nationAlt":"중국","genreAlt":"애니메이션,판타지,어드벤처","repNationNm":"중국","repGenreNm":"애니메이션","directors":[{"peopleNm":"정량"}],"companys":[]},{"movieCd":"20205443","movieNm":"나일 강의 죽음","movieNmEn":"Death on the Nile","prdtYear":"2021","openDt":"20220209","typeNm":"장편","prdtStatNm":"개봉","nationAlt":"미국","genreAlt":"범죄,드라마,미스터리","repNationNm":"미국","repGenreNm":"범죄","directors":[{"peopleNm":"케네스 브래너"}],"companys":[]},{"movieCd":"20223691","movieNm":"퇴폐의 온상 은밀한 만남","movieNmEn":"","prdtYear":"2021","openDt":"20220208","typeNm":"장편","prdtStatNm":"개봉","nationAlt":"한국","genreAlt":"성인물(에로)","repNationNm":"한국","repGenreNm":"성인물(에로)","directors":[{"peopleNm":"강현성"}],"companys":[{"companyCd":"20217881","companyNm":"(주)샤이커뮤니케이션즈"}]},{"movieCd":"20223724","movieNm":"몸으로 대출 갚는 유부녀","movieNmEn":"","prdtYear":"2021","openDt":"20220208","typeNm":"장편","prdtStatNm":"개봉","nationAlt":"한국","genreAlt":"성인물(에로)","repNationNm":"한국","repGenreNm":"성인물(에로)","directors":[{"peopleNm":"제너럴리스트"}],"companys":[{"companyCd":"20141911","companyNm":"(주)뮤직엔닷컴"}]},{"movieCd":"20223808","movieNm":"레트로 6969","movieNmEn":"","prdtYear":"2021","openDt":"20220208","typeNm":"장편","prdtStatNm":"개봉","nationAlt":"한국","genreAlt":"성인물(에로),드라마,멜로/로맨스","repNationNm":"한국","repGenreNm":"성인물(에로)","directors":[{"peopleNm":"김기환"}],"companys":[{"companyCd":"20157008","companyNm":"(주)픽쳐레스크"}]}]}