{"totCnt":"95385","source":"영화진흥위원회","movieList":[{"movieCd":"20210290","movieNm":"출사모델의 성욕","movieNmEn":"","prdtYear":"2021","openDt":"20211012","typeNm":"장편","prdtStatNm":"개봉","nationAlt":"한국","genreAlt":"성인물(에로),드라마","repNationNm":"한국","repGenreNm":"성인물(에로)","directors":[{"peopleNm":"핑크라이더"}],"companys":[{"companyCd":"20191101","companyNm":"(주)메이크아트"}]},{"movieCd":"20218452","movieNm":"도련님의 물건 무삭제","movieNmEn":"","prdtYear":"2020","openDt":"20211012","typeNm":"장편","prdtStatNm":"개봉","nationAlt":"한국","genreAlt":"멜로/로맨스,드라마","repNationNm":"한국","repGenreNm":"멜로/로맨스","directors":[{"peopleNm":"신우찬"}],"companys":[{"companyCd":"20161021","companyNm":"(주)영화사가을"}]},{"movieCd":"20209864","movieNm":"동생 아내 무삭제","movieNmEn":"","prdtYear":"2020","openDt":"20211010","typeNm":"장편","prdtStatNm":"개봉","nationAlt":"한국","genreAlt":"성인물(에로)","repNationNm":"한국","repGenreNm":"성인물(에로)","directors":[{"peopleNm":"최찬호"}],"companys":[{"companyCd":"20161021","companyNm":"(주)영화사가을"}]},{"movieCd":"20211410","movieNm":"야쿠자의 아내들 : 결착","movieNmEn":"Yakuza's ladies Revisited : Kejime","prdtYear":"1998","openDt":"","typeNm":"장편","prdtStatNm":"기타","nationAlt":"일본","genreAlt":"액션,멜로/로맨스,범죄","repNationNm":"일본","repGenreNm":"액션","directors":[],"companys":[]},{"movieCd":"20211409","movieNm":"야쿠자의 아내들 : 위험한 내기","movieNmEn":"Yakuza's ladies Revisited Pt.5","prdtYear":"1996","openDt":"","typeNm":"장편","prdtStatNm":"기타","nationAlt":"일본","genreAlt":"액션,멜로/로맨스,범죄","repNationNm":"일본","repGenreNm":"액션","directors":[],"companys":[]},{"movieCd":"20211431","movieNm":"야쿠자의 아내들 : 혁혁한 연대","movieNmEn":"Yakuza's ladies Revisited Pt.4","prdtYear":"1995","openDt":"","typeNm":"장편","prdtStatNm":"기타","nationAlt":"일본","genreAlt":"액션,멜로/로맨스,범죄","repNationNm":"일본","repGenreNm":"액션","directors":[],"companys":[]},{"movieCd":"20211408","movieNm":"신 야쿠자의 아내들 : 반하면 지옥","movieNmEn":"Yakuza's ladies Revisited Pt.3","prdtYear":"1994","openDt":"","typeNm":"장편","prdtStatNm":"기타","nationAlt":"일본","genreAlt":"액션,멜로/로맨스,범죄","repNationNm":"일본","repGenreNm":"액션","directors":[{"peopleNm":"후루하타 야스오"}],"companys":[]},{"movieCd":"20211407","movieNm":"신 야쿠자의 아내들 : 각오해","movieNmEn":"Yakuza's ladies Revisited Pt.2","prdtYear":"1993","openDt":"","typeNm":"장편","prdtStatNm":"기타","nationAlt":"일본","genreAlt":"액션,멜로/로맨스,범죄","repNationNm":"일본","repGenreNm":"액션","directors":[],"companys":[]},{"movieCd":"20210223","movieNm":"신 야쿠자의 아내들","movieNmEn":"Yakuza's Ladies Revisited","prdtYear":"1991","openDt":"","typeNm":"장편","prdtStatNm":"기타","nationAlt":"일본","genreAlt":"액션,멜로/로맨스,범죄","repNationNm":"일본","repGenreNm":"액션","directors":[],"companys":[]},{"movieCd":"20210209","movieNm":"야쿠자의 아내들 : 최후의 결투","movieNmEn":"Yakuza's Ladies pt.4","prdtYear":"1990","openDt":"","typeNm":"장편","prdtStatNm":"기타","nationAlt":"일본","genreAlt":"액션,멜로/로맨스,범죄","repNationNm":"일본","repGenreNm":"액션","directors":[],"companys":[]}]}