{"totCnt":"95385","source":"영화진흥위원회","movieList":[{"movieCd":"20211841","movieNm":"위험한 실험","movieNmEn":"Experiment Perilous","prdtYear":"1944","openDt":"","typeNm":"장편","prdtStatNm":"기타","nationAlt":"미국","genreAlt":"멜로/로맨스,스릴러","repNationNm":"미국","repGenreNm":"멜로/로맨스","directors":[{"peopleNm":"자크 투르뇌르"}],"companys":[]},{"movieCd":"20211824","movieNm":"레오파드 맨","movieNmEn":"The Leopard Man","prdtYear":"1943","openDt":"","typeNm":"장편","prdtStatNm":"기타","nationAlt":"미국","genreAlt":"공포(호러),스릴러","repNationNm":"미국","repGenreNm":"공포(호러)","directors":[{"peopleNm":"자크 투르뇌르"}],"companys":[]},{"movieCd":"20210369","movieNm":"숏버스 기묘행","movieNmEn":"Short Bus: Mysterious Reality","prdtYear":"2021","openDt":"20210930","typeNm":"옴니버스","prdtStatNm":"개봉","nationAlt":"한국","genreAlt":"미스터리,드라마","repNationNm":"한국","repGenreNm":"미스터리","directors":[{"peopleNm":"현명우"},{"peopleNm":"유정수"},{"peopleNm":"김지산"},{"peopleNm":"이용섭"},{"peopleNm":"전윤수"},{"peopleNm":"오현도"}],"companys":[{"companyCd":"20216721","companyNm":"(주)퍼니콘"}]},{"movieCd":"20219446","movieNm":"숏버스 감성행","movieNmEn":"Short Bus: Memory Trip","prdtYear":"2021","openDt":"20210819","typeNm":"옴니버스","prdtStatNm":"개봉","nationAlt":"한국","genreAlt":"멜로/로맨스","repNationNm":"한국","repGenreNm":"멜로/로맨스","directors":[{"peopleNm":"강인석"},{"peopleNm":"안다훈"},{"peopleNm":"박경진"}],"companys":[{"companyCd":"20216721","companyNm":"(주)퍼니콘"}]},{"movieCd":"20218909","movieNm":"숏버스 이별행","movieNmEn":"Short Bus: Say Goodbye","prdtYear":"2021","openDt":"20210722","typeNm":"장편","prdtStatNm":"개봉","nationAlt":"한국","genreAlt":"코미디,멜로/로맨스","repNationNm":"한국","repGenreNm":"코미디","directors":[{"peopleNm":"유현"},{"peopleNm":"김세희"},{"peopleNm":"김홍기"},{"peopleNm":"원은선"}],"companys":[{"companyCd":"20216721","companyNm":"(주)퍼니콘"}]},{"movieCd":"20210578","movieNm":"색다른 그녀","movieNmEn":"","prdtYear":"2021","openDt":"20211014","typeNm":"장편","prdtStatNm":"개봉","nationAlt":"한국","genreAlt":"멜로/로맨스,코미디","repNationNm":"한국","repGenreNm":"멜로/로맨스","directors":[{"peopleNm":"김진영"}],"companys":[{"companyCd":"20154817","companyNm":"(주)박스미디어"}]},{"movieCd":"20211026","movieNm":"보는 것을 사랑한다","movieNmEn":"","prdtYear":"2021","openDt":"20211028","typeNm":"장편","prdtStatNm":"개봉","nationAlt":"한국","genreAlt":"다큐멘터리","repNationNm":"한국","repGenreNm":"다큐멘터리","directors":[{"peopleNm":"윤기형"}],"companys":[{"companyCd":"20111601","companyNm":"고양이구름 필름"}]},{"movieCd":"20211800","movieNm":"나는 좀비와 함께 걸었다","movieNmEn":"I Walked with a Zombie","prdtYear":"1943","openDt":"","typeNm":"장편","prdtStatNm":"기타","nationAlt":"미국","genreAlt":"드라마,판타지,공포(호러),멜로/로맨스","repNationNm":"미국","repGenreNm":"드라마","directors":[{"peopleNm":"자크 투르뇌르"}],"companys":[]},{"movieCd":"20211799","movieNm":"디 인크레더블 스트레인저","movieNmEn":"The Incredible Stranger","prdtYear":"1942","openDt":"","typeNm":"단편","prdtStatNm":"기타","nationAlt":"미국","genreAlt":"기타","repNationNm":"미국","repGenreNm":"기타","directors":[{"peopleNm":"자크 투르뇌르"}],"companys":[]},{"movieCd":"20211823","movieNm":"더 페이스 비하인드 더 마스크","movieNmEn":"The Face Behind the Mask","prdtYear":"1938","openDt":"","typeNm":"단편","prdtStatNm":"기타","nationAlt":"미국","genreAlt":"미스터리","repNationNm":"미국","repGenreNm":"미스터리","directors":[{"peopleNm":"자크 투르뇌르"}],"companys":[]}]}