{"totCnt":"95385","source":"영화진흥위원회","movieList":[{"movieCd":"19980011","movieNm":"아름다운 시절","movieNmEn":"Spring In My Hometown","prdtYear":"1998","openDt":"19981121","typeNm":"장편","prdtStatNm":"개봉","nationAlt":"한국","genreAlt":"드라마,전쟁","repNationNm":"한국","repGenreNm":"드라마","directors":[{"peopleNm":"이광모"}],"companys":[{"companyCd":"20100132","companyNm":"㈜영화사 백두대간"}]},{"movieCd":"20101229","movieNm":"벙어리 삼룡이","movieNmEn":"Deaf Samryongi","prdtYear":"1964","openDt":"19641113","typeNm":"장편","prdtStatNm":"개봉","nationAlt":"한국","genreAlt":"멜로/로맨스,사극","repNationNm":"한국","repGenreNm":"멜로/로맨스","directors":[{"peopleNm":"신상옥"}],"companys":[{"companyCd":"20100951","companyNm":"신필름"}]},{"movieCd":"20224210","movieNm":"소피의 낭만적 연애와 그 후의 일상","movieNmEn":"Playlist","prdtYear":"2021","openDt":"","typeNm":"장편","prdtStatNm":"기타","nationAlt":"프랑스","genreAlt":"멜로/로맨스,코미디","repNationNm":"프랑스","repGenreNm":"멜로/로맨스","directors":[],"companys":[]},{"movieCd":"20224400","movieNm":"4.3과 친구들 - 단편 모음","movieNmEn":"","prdtYear":"2022","openDt":"","typeNm":"옴니버스","prdtStatNm":"기타","nationAlt":"한국","genreAlt":"기타","repNationNm":"한국","repGenreNm":"기타","directors":[],"companys":[]},{"movieCd":"20223980","movieNm":"드라이","movieNmEn":"The Dry","prdtYear":"2020","openDt":"20220330","typeNm":"장편","prdtStatNm":"개봉","nationAlt":"호주","genreAlt":"미스터리,스릴러","repNationNm":"호주","repGenreNm":"미스터리","directors":[{"peopleNm":"로버트 코놀리"}],"companys":[]},{"movieCd":"20224385","movieNm":"짜짜루 빡치다","movieNmEn":"","prdtYear":"2022","openDt":"20220329","typeNm":"장편","prdtStatNm":"개봉","nationAlt":"한국","genreAlt":"성인물(에로),스릴러","repNationNm":"한국","repGenreNm":"성인물(에로)","directors":[{"peopleNm":"이돌"}],"companys":[{"companyCd":"20168469","companyNm":"이돌영화사"}]},{"movieCd":"20224412","movieNm":"오렌지필름 기획전 - HOME SWEET HOME","movieNmEn":"","prdtYear":"2022","openDt":"","typeNm":"옴니버스","prdtStatNm":"기타","nationAlt":"한국","genreAlt":"기타","repNationNm":"한국","repGenreNm":"기타","directors":[],"companys":[]},{"movieCd":"20212562","movieNm":"듀티","movieNmEn":"","prdtYear":"2021","openDt":"","typeNm":"단편","prdtStatNm":"기타","nationAlt":"한국","genreAlt":"드라마","repNationNm":"한국","repGenreNm":"드라마","directors":[{"peopleNm":"한정선"}],"companys":[]},{"movieCd":"20080098","movieNm":"슬픔이여 안녕","movieNmEn":"Bonjour Tristesse","prdtYear":"1958","openDt":"","typeNm":"장편","prdtStatNm":"기타","nationAlt":"미국","genreAlt":"드라마","repNationNm":"미국","repGenreNm":"드라마","directors":[{"peopleNm":"오토 프레밍거"}],"companys":[]},{"movieCd":"20224390","movieNm":"프릭스 아웃","movieNmEn":"Freaks Out","prdtYear":"2021","openDt":"","typeNm":"장편","prdtStatNm":"기타","nationAlt":"이탈리아,벨기에","genreAlt":"기타","repNationNm":"이탈리아","repGenreNm":"기타","directors":[{"peopleNm":"가브리엘레 마이네티"}],"companys":[]}]}