{"totCnt":"95385","source":"영화진흥위원회","movieList":[{"movieCd":"20223847","movieNm":"젖은 새엄마:한번만 부탁해","movieNmEn":"","prdtYear":"2020","openDt":"20220216","typeNm":"장편","prdtStatNm":"개봉","nationAlt":"일본","genreAlt":"성인물(에로),드라마,멜로/로맨스","repNationNm":"일본","repGenreNm":"성인물(에로)","directors":[{"peopleNm":"누에"}],"companys":[]},{"movieCd":"20223869","movieNm":"섹시한지현의뽀얀속살-무삭제","movieNmEn":"","prdtYear":"2021","openDt":"20220216","typeNm":"장편","prdtStatNm":"개봉","nationAlt":"한국","genreAlt":"성인물(에로),멜로/로맨스","repNationNm":"한국","repGenreNm":"성인물(에로)","directors":[{"peopleNm":"이희성"}],"companys":[{"companyCd":"20130184","companyNm":"스마일컨텐츠"}]},{"movieCd":"20223846","movieNm":"물오른 형수:팬티 벗는 날","movieNmEn":"","prdtYear":"2020","openDt":"20220216","typeNm":"장편","prdtStatNm":"개봉","nationAlt":"일본","genreAlt":"성인물(에로),드라마,멜로/로맨스","repNationNm":"일본","repGenreNm":"성인물(에로)","directors":[{"peopleNm":"스이세이 아카이"}],"companys":[]},{"movieCd":"20223845","movieNm":"굶주린 유부녀:타락한 하루","movieNmEn":"","prdtYear":"2020","openDt":"20220216","typeNm":"장편","prdtStatNm":"개봉","nationAlt":"일본","genreAlt":"성인물(에로),드라마,멜로/로맨스","repNationNm":"일본","repGenreNm":"성인물(에로)","directors":[{"peopleNm":"토미죠 타로"}],"companys":[]},{"movieCd":"20223860","movieNm":"과부 새엄마:더는 못 참아","movieNmEn":"","prdtYear":"2020","openDt":"20220216","typeNm":"장편","prdtStatNm":"개봉","nationAlt":"일본","genreAlt":"성인물(에로),드라마,멜로/로맨스","repNationNm":"일본","repGenreNm":"성인물(에로)","directors":[{"peopleNm":"나카노 야요이"}],"companys":[]},{"movieCd":"20219245","movieNm":"만년이 지나도 변하지 않는 게 있어","movieNmEn":"Till We Meet Again","prdtYear":"2021","openDt":"20220209","typeNm":"장편","prdtStatNm":"개봉","nationAlt":"대만","genreAlt":"멜로/로맨스,액션,공포(호러),코미디,판타지","repNationNm":"대만","repGenreNm":"멜로/로맨스","directors":[{"peopleNm":"구파도"}],"companys":[]},{"movieCd":"20212705","movieNm":"트로트는 인생이다","movieNmEn":"Trot is Life","prdtYear":"2021","openDt":"20220127","typeNm":"장편","prdtStatNm":"개봉","nationAlt":"한국","genreAlt":"코미디","repNationNm":"한국","repGenreNm":"코미디","directors":[{"peopleNm":"투케이"}],"companys":[{"companyCd":"20218642","companyNm":"㈜드림스테이션"}]},{"movieCd":"20223925","movieNm":"피노키오: 새로운 모험","movieNmEn":"Pinocchio","prdtYear":"2021","openDt":"","typeNm":"단편","prdtStatNm":"기타","nationAlt":"미국","genreAlt":"애니메이션","repNationNm":"미국","repGenreNm":"애니메이션","directors":[{"peopleNm":"킴 해링턴"}],"companys":[]},{"movieCd":"20202482","movieNm":"골키퍼","movieNmEn":"Goalkeeper","prdtYear":"2020","openDt":"","typeNm":"단편","prdtStatNm":"기타","nationAlt":"한국","genreAlt":"드라마,가족","repNationNm":"한국","repGenreNm":"드라마","directors":[{"peopleNm":"전재현"}],"companys":[]},{"movieCd":"20211751","movieNm":"은희엄마: 구독과 좋아요","movieNmEn":"","prdtYear":"2021","openDt":"","typeNm":"단편","prdtStatNm":"기타","nationAlt":"한국","genreAlt":"기타","repNationNm":"한국","repGenreNm":"기타","directors":[{"peopleNm":"박태양"}],"companys":[]}]}