{"totCnt":"95385","source":"영화진흥위원회","movieList":[{"movieCd":"20210714","movieNm":"Movie Picnic In Central Park","movieNmEn":"","prdtYear":"2021","openDt":"","typeNm":"옴니버스","prdtStatNm":"기타","nationAlt":"한국","genreAlt":"기타","repNationNm":"한국","repGenreNm":"기타","directors":[],"companys":[]},{"movieCd":"20210721","movieNm":"칠흑","movieNmEn":"Pitch Black","prdtYear":"2021","openDt":"","typeNm":"단편","prdtStatNm":"기타","nationAlt":"한국","genreAlt":"가족,스릴러","repNationNm":"한국","repGenreNm":"가족","directors":[{"peopleNm":"이준섭"}],"companys":[]},{"movieCd":"20208352","movieNm":"애니멀 피플","movieNmEn":"The Animal People","prdtYear":"2019","openDt":"","typeNm":"장편","prdtStatNm":"기타","nationAlt":"미국","genreAlt":"다큐멘터리","repNationNm":"미국","repGenreNm":"다큐멘터리","directors":[],"companys":[]},{"movieCd":"20218210","movieNm":"마계대전","movieNmEn":"Biography of the Mutants 6","prdtYear":"2017","openDt":"20210927","typeNm":"장편","prdtStatNm":"개봉","nationAlt":"홍콩","genreAlt":"드라마,액션,어드벤처","repNationNm":"홍콩","repGenreNm":"드라마","directors":[{"peopleNm":"회우"}],"companys":[]},{"movieCd":"20218478","movieNm":"은밀한 비밀 계정","movieNmEn":"Ura Aka-L’Aventure","prdtYear":"2021","openDt":"","typeNm":"장편","prdtStatNm":"기타","nationAlt":"일본","genreAlt":"멜로/로맨스,드라마","repNationNm":"일본","repGenreNm":"멜로/로맨스","directors":[],"companys":[]},{"movieCd":"20210224","movieNm":"시아버지 유혹한 스타킹","movieNmEn":"","prdtYear":"2020","openDt":"20210910","typeNm":"장편","prdtStatNm":"개봉","nationAlt":"일본","genreAlt":"멜로/로맨스","repNationNm":"일본","repGenreNm":"멜로/로맨스","directors":[],"companys":[]},{"movieCd":"20210589","movieNm":"69번가육덕진가정교사","movieNmEn":"","prdtYear":"2021","openDt":"20210924","typeNm":"장편","prdtStatNm":"개봉","nationAlt":"한국","genreAlt":"멜로/로맨스","repNationNm":"한국","repGenreNm":"멜로/로맨스","directors":[{"peopleNm":"이희성"}],"companys":[{"companyCd":"20130184","companyNm":"스마일컨텐츠"}]},{"movieCd":"20210712","movieNm":"SICAF2021 특별경쟁: 학생 캐릭터애니메이션, 온라인 & 커미션드","movieNmEn":"","prdtYear":"2021","openDt":"","typeNm":"옴니버스","prdtStatNm":"기타","nationAlt":"기타","genreAlt":"애니메이션","repNationNm":"기타","repGenreNm":"애니메이션","directors":[],"companys":[]},{"movieCd":"20210696","movieNm":"SICAF2021 공식경쟁: 키즈애니메이션","movieNmEn":"","prdtYear":"2021","openDt":"","typeNm":"옴니버스","prdtStatNm":"기타","nationAlt":"기타","genreAlt":"애니메이션","repNationNm":"기타","repGenreNm":"애니메이션","directors":[],"companys":[]},{"movieCd":"20210695","movieNm":"SICAF2021 공식경쟁: 실험애니메이션","movieNmEn":"","prdtYear":"2021","openDt":"","typeNm":"옴니버스","prdtStatNm":"기타","nationAlt":"기타","genreAlt":"애니메이션","repNationNm":"기타","repGenreNm":"애니메이션","directors":[],"companys":[]}]}