{"totCnt":"95385","source":"영화진흥위원회","movieList":[{"movieCd":"20210371","movieNm":"과격한 애정표현의 새엄마","movieNmEn":"","prdtYear":"2020","openDt":"","typeNm":"장편","prdtStatNm":"기타","nationAlt":"일본","genreAlt":"성인물(에로)","repNationNm":"일본","repGenreNm":"성인물(에로)","directors":[{"peopleNm":"와타나베 준이치"}],"companys":[]},{"movieCd":"20216578","movieNm":"집 밖은 위험해","movieNmEn":"Can't Go Out Tonight","prdtYear":"2021","openDt":"","typeNm":"단편","prdtStatNm":"기타","nationAlt":"한국","genreAlt":"코미디,드라마","repNationNm":"한국","repGenreNm":"코미디","directors":[{"peopleNm":"조창근"}],"companys":[]},{"movieCd":"20202086","movieNm":"가양7단지","movieNmEn":"Gayang 7 Complex","prdtYear":"2020","openDt":"","typeNm":"단편","prdtStatNm":"기타","nationAlt":"한국","genreAlt":"다큐멘터리","repNationNm":"한국","repGenreNm":"다큐멘터리","directors":[{"peopleNm":"서예향"}],"companys":[]},{"movieCd":"20196754","movieNm":"함바","movieNmEn":"HAMBA","prdtYear":"2019","openDt":"","typeNm":"장편","prdtStatNm":"기타","nationAlt":"한국","genreAlt":"다큐멘터리","repNationNm":"한국","repGenreNm":"다큐멘터리","directors":[{"peopleNm":"방성준"}],"companys":[]},{"movieCd":"20196801","movieNm":"비밀의 정원","movieNmEn":"Way Back Home","prdtYear":"2019","openDt":"20210408","typeNm":"장편","prdtStatNm":"개봉","nationAlt":"한국","genreAlt":"드라마","repNationNm":"한국","repGenreNm":"드라마","directors":[{"peopleNm":"박선주"}],"companys":[{"companyCd":"20217261","companyNm":"몬순픽쳐스"}]},{"movieCd":"20211208","movieNm":"나, 여기 있어요","movieNmEn":"","prdtYear":"2021","openDt":"","typeNm":"옴니버스","prdtStatNm":"기타","nationAlt":"한국","genreAlt":"드라마","repNationNm":"한국","repGenreNm":"드라마","directors":[{"peopleNm":"김세연"},{"peopleNm":"황필원"}],"companys":[]},{"movieCd":"20201748","movieNm":"뫼비우스","movieNmEn":"Moebius","prdtYear":"2020","openDt":"20211013","typeNm":"옴니버스","prdtStatNm":"개봉","nationAlt":"한국","genreAlt":"드라마","repNationNm":"한국","repGenreNm":"드라마","directors":[{"peopleNm":"김영"},{"peopleNm":"황형근"},{"peopleNm":"최영주"},{"peopleNm":"이소연"}],"companys":[{"companyCd":"20154728","companyNm":"주식회사 씨엠닉스"}]},{"movieCd":"20212181","movieNm":"제1회 통일문화영화제 초청작","movieNmEn":"","prdtYear":"2021","openDt":"","typeNm":"옴니버스","prdtStatNm":"기타","nationAlt":"한국","genreAlt":"드라마","repNationNm":"한국","repGenreNm":"드라마","directors":[],"companys":[]},{"movieCd":"20212160","movieNm":"라이징 쇼츠! -섹션4","movieNmEn":"","prdtYear":"2021","openDt":"","typeNm":"옴니버스","prdtStatNm":"기타","nationAlt":"한국","genreAlt":"기타","repNationNm":"한국","repGenreNm":"기타","directors":[],"companys":[]},{"movieCd":"20212159","movieNm":"라이징 쇼츠! -섹션3","movieNmEn":"","prdtYear":"2021","openDt":"","typeNm":"옴니버스","prdtStatNm":"기타","nationAlt":"한국","genreAlt":"기타","repNationNm":"한국","repGenreNm":"기타","directors":[],"companys":[]}]}