{"totCnt":"95385","source":"영화진흥위원회","movieList":[{"movieCd":"20230790","movieNm":"매일 밤 형수 방에 들어가는 도련님","movieNmEn":"","prdtYear":"2022","openDt":"","typeNm":"장편","prdtStatNm":"기타","nationAlt":"일본","genreAlt":"성인물(에로)","repNationNm":"일본","repGenreNm":"성인물(에로)","directors":[{"peopleNm":"K.C. 타케다"}],"companys":[]},{"movieCd":"20230789","movieNm":"누나 : 오늘은 안에 해도 돼","movieNmEn":"","prdtYear":"2022","openDt":"","typeNm":"장편","prdtStatNm":"기타","nationAlt":"일본","genreAlt":"성인물(에로)","repNationNm":"일본","repGenreNm":"성인물(에로)","directors":[{"peopleNm":"비바 곤조"}],"companys":[]},{"movieCd":"20230788","movieNm":"소꼽친구 : 그녀의 꽃잎","movieNmEn":"","prdtYear":"2022","openDt":"","typeNm":"장편","prdtStatNm":"기타","nationAlt":"일본","genreAlt":"성인물(에로)","repNationNm":"일본","repGenreNm":"성인물(에로)","directors":[{"peopleNm":"아사기리 조"}],"companys":[]},{"movieCd":"20230786","movieNm":"문지르기에 중독된 형수님","movieNmEn":"","prdtYear":"2023","openDt":"","typeNm":"장편","prdtStatNm":"기타","nationAlt":"일본","genreAlt":"성인물(에로)","repNationNm":"일본","repGenreNm":"성인물(에로)","directors":[{"peopleNm":"제임스 오"}],"companys":[]},{"movieCd":"20230785","movieNm":"다른 구멍","movieNmEn":"","prdtYear":"2023","openDt":"","typeNm":"장편","prdtStatNm":"기타","nationAlt":"한국","genreAlt":"성인물(에로),드라마,멜로/로맨스","repNationNm":"한국","repGenreNm":"성인물(에로)","directors":[{"peopleNm":"이타치"}],"companys":[{"companyCd":"20228945","companyNm":"파랑새미디어"}]},{"movieCd":"2023C762","movieNm":"이터널: 저주받은 중세기사단","movieNmEn":"Eternal","prdtYear":"2022","openDt":"","typeNm":"온라인전용","prdtStatNm":"기타","nationAlt":"미국","genreAlt":"미스터리,판타지","repNationNm":"미국","repGenreNm":"미스터리","directors":[{"peopleNm":"하이메 팔레로"}],"companys":[]},{"movieCd":"20230386","movieNm":"우린 거짓말을 사랑하고 있다.","movieNmEn":"We love lies.","prdtYear":"2023","openDt":"","typeNm":"단편","prdtStatNm":"기타","nationAlt":"한국","genreAlt":"멜로/로맨스","repNationNm":"한국","repGenreNm":"멜로/로맨스","directors":[{"peopleNm":"배시진"}],"companys":[]},{"movieCd":"20212407","movieNm":"씨앗의 시간","movieNmEn":"Time of Seeds","prdtYear":"2020","openDt":"","typeNm":"장편","prdtStatNm":"기타","nationAlt":"한국","genreAlt":"다큐멘터리","repNationNm":"한국","repGenreNm":"다큐멘터리","directors":[{"peopleNm":"설경숙"}],"companys":[]},{"movieCd":"20230766","movieNm":"구멍 길들이기","movieNmEn":"","prdtYear":"2022","openDt":"","typeNm":"장편","prdtStatNm":"기타","nationAlt":"한국","genreAlt":"성인물(에로),멜로/로맨스","repNationNm":"한국","repGenreNm":"성인물(에로)","directors":[{"peopleNm":"윤수현"}],"companys":[{"companyCd":"20203221","companyNm":"이야픽쳐스 "}]},{"movieCd":"20230782","movieNm":"구멍 길들이기 무삭제판","movieNmEn":"","prdtYear":"2022","openDt":"","typeNm":"장편","prdtStatNm":"기타","nationAlt":"한국","genreAlt":"성인물(에로),멜로/로맨스","repNationNm":"한국","repGenreNm":"성인물(에로)","directors":[{"peopleNm":"윤수현"}],"companys":[{"companyCd":"20203221","companyNm":"이야픽쳐스 "}]}]}