{"totCnt":"95385","source":"영화진흥위원회","movieList":[{"movieCd":"20210307","movieNm":"SESIFF2021 경쟁 6: 하루, 하나 더","movieNmEn":"Competition 6: Day, One More","prdtYear":"2021","openDt":"","typeNm":"옴니버스","prdtStatNm":"기타","nationAlt":"기타","genreAlt":"기타","repNationNm":"기타","repGenreNm":"기타","directors":[],"companys":[]},{"movieCd":"20210306","movieNm":"SESIFF2021 경쟁 5: 사랑은 어떤 형태일까?","movieNmEn":"Competition 5: What Is Shape of Love?","prdtYear":"2021","openDt":"","typeNm":"옴니버스","prdtStatNm":"기타","nationAlt":"기타","genreAlt":"기타","repNationNm":"기타","repGenreNm":"기타","directors":[{"peopleNm":"남가현"}],"companys":[]},{"movieCd":"20210305","movieNm":"SESIFF2021 경쟁 4: 그때, 우리","movieNmEn":"Competition 4: We, Back Then","prdtYear":"2021","openDt":"","typeNm":"옴니버스","prdtStatNm":"기타","nationAlt":"기타","genreAlt":"기타","repNationNm":"기타","repGenreNm":"기타","directors":[],"companys":[]},{"movieCd":"20210295","movieNm":"SESIFF2021 경쟁 3: 균열하는 환상","movieNmEn":"Competition 3: Cracking Illusion","prdtYear":"2021","openDt":"","typeNm":"옴니버스","prdtStatNm":"기타","nationAlt":"기타","genreAlt":"기타","repNationNm":"기타","repGenreNm":"기타","directors":[],"companys":[]},{"movieCd":"20210294","movieNm":"SESIFF2021 경쟁 2: 아버지의 미로","movieNmEn":"Competition 2: Labyrinth of Father","prdtYear":"2021","openDt":"","typeNm":"옴니버스","prdtStatNm":"기타","nationAlt":"기타","genreAlt":"기타","repNationNm":"기타","repGenreNm":"기타","directors":[],"companys":[]},{"movieCd":"20210293","movieNm":"SESIFF2021 경쟁 1: 끝나지 않는 경계","movieNmEn":"Competition 1: Borderline Never Ends","prdtYear":"2021","openDt":"","typeNm":"옴니버스","prdtStatNm":"기타","nationAlt":"기타","genreAlt":"기타","repNationNm":"기타","repGenreNm":"기타","directors":[],"companys":[]},{"movieCd":"20210291","movieNm":"율이와 슬이 확장판","movieNmEn":"","prdtYear":"2021","openDt":"","typeNm":"장편","prdtStatNm":"기타","nationAlt":"한국","genreAlt":"성인물(에로),드라마","repNationNm":"한국","repGenreNm":"성인물(에로)","directors":[{"peopleNm":"에로핑"}],"companys":[{"companyCd":"20202961","companyNm":"비스킷미디어"}]},{"movieCd":"20219208","movieNm":"기문둔갑2","movieNmEn":"The Book of Mythical Beasts","prdtYear":"2020","openDt":"","typeNm":"장편","prdtStatNm":"기타","nationAlt":"중국","genreAlt":"액션","repNationNm":"중국","repGenreNm":"액션","directors":[],"companys":[]},{"movieCd":"20210263","movieNm":"보이프렌드","movieNmEn":"A Holiday Boyfriend","prdtYear":"2019","openDt":"","typeNm":"장편","prdtStatNm":"기타","nationAlt":"호주","genreAlt":"코미디,멜로/로맨스","repNationNm":"호주","repGenreNm":"코미디","directors":[],"companys":[]},{"movieCd":"20210025","movieNm":"저속한 여상사와 농후한 사내정사","movieNmEn":"","prdtYear":"2020","openDt":"","typeNm":"장편","prdtStatNm":"기타","nationAlt":"일본","genreAlt":"성인물(에로),드라마","repNationNm":"일본","repGenreNm":"성인물(에로)","directors":[],"companys":[]}]}