{"totCnt":"95385","source":"영화진흥위원회","movieList":[{"movieCd":"20223924","movieNm":"인피니트","movieNmEn":"Infinite","prdtYear":"2021","openDt":"","typeNm":"장편","prdtStatNm":"기타","nationAlt":"미국","genreAlt":"SF,스릴러","repNationNm":"미국","repGenreNm":"SF","directors":[{"peopleNm":"안톤 후쿠아"}],"companys":[]},{"movieCd":"20223692","movieNm":"속살 보여준 누나","movieNmEn":"","prdtYear":"2021","openDt":"20220215","typeNm":"장편","prdtStatNm":"개봉","nationAlt":"한국","genreAlt":"성인물(에로)","repNationNm":"한국","repGenreNm":"성인물(에로)","directors":[{"peopleNm":"강현성"}],"companys":[{"companyCd":"20217881","companyNm":"(주)샤이커뮤니케이션즈"}]},{"movieCd":"20223732","movieNm":"맛집:친구 엄마 무삭제","movieNmEn":"","prdtYear":"2020","openDt":"20220215","typeNm":"장편","prdtStatNm":"개봉","nationAlt":"한국","genreAlt":"성인물(에로)","repNationNm":"한국","repGenreNm":"성인물(에로)","directors":[{"peopleNm":"제임스 오"}],"companys":[{"companyCd":"20141911","companyNm":"(주)뮤직엔닷컴"}]},{"movieCd":"20223727","movieNm":"게스트 하우섹스","movieNmEn":"","prdtYear":"2021","openDt":"20220215","typeNm":"장편","prdtStatNm":"개봉","nationAlt":"한국","genreAlt":"성인물(에로)","repNationNm":"한국","repGenreNm":"성인물(에로)","directors":[{"peopleNm":"제너럴리스트"}],"companys":[{"companyCd":"20141911","companyNm":"(주)뮤직엔닷컴"}]},{"movieCd":"20223693","movieNm":"위기의 여자 하숙생","movieNmEn":"","prdtYear":"2021","openDt":"20220215","typeNm":"장편","prdtStatNm":"개봉","nationAlt":"한국","genreAlt":"성인물(에로)","repNationNm":"한국","repGenreNm":"성인물(에로)","directors":[{"peopleNm":"강현성"}],"companys":[{"companyCd":"20217881","companyNm":"(주)샤이커뮤니케이션즈"}]},{"movieCd":"20199882","movieNm":"경관의 피","movieNmEn":"The Policeman’s Lineage","prdtYear":"2021","openDt":"20220105","typeNm":"장편","prdtStatNm":"개봉","nationAlt":"한국","genreAlt":"범죄,드라마","repNationNm":"한국","repGenreNm":"범죄","directors":[{"peopleNm":"이규만"}],"companys":[{"companyCd":"20141613","companyNm":"리양필름(주)"}]},{"movieCd":"20223825","movieNm":"좀비 윗 어 샷건","movieNmEn":"Zombie with a Shotgun","prdtYear":"2019","openDt":"","typeNm":"장편","prdtStatNm":"기타","nationAlt":"미국","genreAlt":"액션,공포(호러)","repNationNm":"미국","repGenreNm":"액션","directors":[{"peopleNm":"힐튼 아리엘 루이즈"}],"companys":[]},{"movieCd":"20212733","movieNm":"밀접접촉","movieNmEn":"","prdtYear":"2021","openDt":"20220128","typeNm":"장편","prdtStatNm":"개봉","nationAlt":"한국","genreAlt":"성인물(에로),범죄","repNationNm":"한국","repGenreNm":"성인물(에로)","directors":[{"peopleNm":"이시영"}],"companys":[{"companyCd":"20122937","companyNm":"(주)룬컴퍼니"}]},{"movieCd":"20212241","movieNm":"더 모텔","movieNmEn":"Introspectum Motel","prdtYear":"2021","openDt":"20220127","typeNm":"장편","prdtStatNm":"개봉","nationAlt":"영국","genreAlt":"스릴러,드라마","repNationNm":"영국","repGenreNm":"스릴러","directors":[],"companys":[]},{"movieCd":"20211526","movieNm":"특수부대 코만도","movieNmEn":"Pharaoh's War","prdtYear":"2019","openDt":"20220125","typeNm":"장편","prdtStatNm":"개봉","nationAlt":"기타","genreAlt":"액션","repNationNm":"기타","repGenreNm":"액션","directors":[],"companys":[]}]}