{"totCnt":"95385","source":"영화진흥위원회","movieList":[{"movieCd":"20224501","movieNm":"아침부터 섹스중독 새엄마","movieNmEn":"","prdtYear":"2020","openDt":"","typeNm":"장편","prdtStatNm":"기타","nationAlt":"일본","genreAlt":"성인물(에로)","repNationNm":"일본","repGenreNm":"성인물(에로)","directors":[{"peopleNm":"니시다 류지"}],"companys":[]},{"movieCd":"20224500","movieNm":"유부녀를 꼬셔서 온천여행","movieNmEn":"","prdtYear":"2020","openDt":"","typeNm":"장편","prdtStatNm":"기타","nationAlt":"일본","genreAlt":"성인물(에로)","repNationNm":"일본","repGenreNm":"성인물(에로)","directors":[{"peopleNm":"코지마 유키오"}],"companys":[]},{"movieCd":"20224499","movieNm":"속박상간유부녀 결정판","movieNmEn":"","prdtYear":"2020","openDt":"","typeNm":"장편","prdtStatNm":"기타","nationAlt":"일본","genreAlt":"성인물(에로)","repNationNm":"일본","repGenreNm":"성인물(에로)","directors":[{"peopleNm":"니시다 류지"}],"companys":[]},{"movieCd":"20224480","movieNm":"딸남친과 자버린 35살 유즈키짱","movieNmEn":"","prdtYear":"2020","openDt":"","typeNm":"장편","prdtStatNm":"기타","nationAlt":"일본","genreAlt":"성인물(에로)","repNationNm":"일본","repGenreNm":"성인물(에로)","directors":[{"peopleNm":"니시다 류지"}],"companys":[]},{"movieCd":"20195921","movieNm":"이혼합시다","movieNmEn":"Let's Get Divorced","prdtYear":"2017","openDt":"","typeNm":"단편","prdtStatNm":"기타","nationAlt":"한국","genreAlt":"드라마,코미디,판타지","repNationNm":"한국","repGenreNm":"드라마","directors":[{"peopleNm":"하수민"}],"companys":[]},{"movieCd":"20181306","movieNm":"다운","movieNmEn":"Down","prdtYear":"2018","openDt":"","typeNm":"단편","prdtStatNm":"기타","nationAlt":"한국","genreAlt":"드라마","repNationNm":"한국","repGenreNm":"드라마","directors":[{"peopleNm":"이우수"}],"companys":[]},{"movieCd":"20212618","movieNm":"수퍼 소닉2","movieNmEn":"Sonic the Hedgehog 2","prdtYear":"2021","openDt":"20220406","typeNm":"장편","prdtStatNm":"개봉","nationAlt":"미국","genreAlt":"애니메이션,액션,어드벤처,코미디,가족,판타지,SF","repNationNm":"미국","repGenreNm":"애니메이션","directors":[{"peopleNm":"제프 파울러"}],"companys":[{"companyCd":"20104469","companyNm":"파라마운트 픽쳐스"}]},{"movieCd":"20224144","movieNm":"신 천녀유혼 2: 원령대전","movieNmEn":"A Fairy Tale 2","prdtYear":"2021","openDt":"","typeNm":"장편","prdtStatNm":"기타","nationAlt":"중국","genreAlt":"판타지,멜로/로맨스","repNationNm":"중국","repGenreNm":"판타지","directors":[],"companys":[]},{"movieCd":"20224498","movieNm":"브레이킹 라인","movieNmEn":"The Narrow Bridge","prdtYear":"2021","openDt":"","typeNm":"장편","prdtStatNm":"기타","nationAlt":"우크라이나","genreAlt":"액션,드라마","repNationNm":"우크라이나","repGenreNm":"액션","directors":[],"companys":[]},{"movieCd":"20190470","movieNm":"이타미 준의 바다","movieNmEn":"The Sea of Itami Jun","prdtYear":"2019","openDt":"20190815","typeNm":"장편","prdtStatNm":"개봉","nationAlt":"한국","genreAlt":"다큐멘터리","repNationNm":"한국","repGenreNm":"다큐멘터리","directors":[{"peopleNm":"정다운"}],"companys":[{"companyCd":"20141659","companyNm":"기린그림"}]}]}