{"totCnt":"95385","source":"영화진흥위원회","movieList":[{"movieCd":"20223710","movieNm":"라멘집 알바생 노피임 섹스","movieNmEn":"Aoi-chan, a ramen shop","prdtYear":"2021","openDt":"","typeNm":"장편","prdtStatNm":"기타","nationAlt":"일본","genreAlt":"성인물(에로),드라마","repNationNm":"일본","repGenreNm":"성인물(에로)","directors":[{"peopleNm":"사토 이노스케"}],"companys":[]},{"movieCd":"20223709","movieNm":"인어","movieNmEn":"Merman","prdtYear":"2021","openDt":"","typeNm":"단편","prdtStatNm":"기타","nationAlt":"한국","genreAlt":"스릴러,판타지,미스터리","repNationNm":"한국","repGenreNm":"스릴러","directors":[],"companys":[]},{"movieCd":"20223706","movieNm":"밖에다 가득 채워달라는 여동생","movieNmEn":"Defenseless","prdtYear":"2021","openDt":"","typeNm":"장편","prdtStatNm":"기타","nationAlt":"일본","genreAlt":"성인물(에로),드라마","repNationNm":"일본","repGenreNm":"성인물(에로)","directors":[{"peopleNm":"사토 이노스케"}],"companys":[]},{"movieCd":"20223708","movieNm":"자주 넣어주는 음란 여의사","movieNmEn":"Sex counseling of woman doctor","prdtYear":"2021","openDt":"","typeNm":"장편","prdtStatNm":"기타","nationAlt":"일본","genreAlt":"성인물(에로),드라마","repNationNm":"일본","repGenreNm":"성인물(에로)","directors":[{"peopleNm":"몬도 카사"}],"companys":[]},{"movieCd":"20223707","movieNm":"\"한국 정부 틀렸어요.\" 임신 6개월 캄보디아 이주노동자가 말한다","movieNmEn":"","prdtYear":"2020","openDt":"","typeNm":"단편","prdtStatNm":"기타","nationAlt":"한국","genreAlt":"다큐멘터리","repNationNm":"한국","repGenreNm":"다큐멘터리","directors":[],"companys":[]},{"movieCd":"20223683","movieNm":"도시: RAN","movieNmEn":"","prdtYear":"2020","openDt":"","typeNm":"단편","prdtStatNm":"기타","nationAlt":"한국","genreAlt":"기타","repNationNm":"한국","repGenreNm":"기타","directors":[{"peopleNm":"송청란"}],"companys":[]},{"movieCd":"20223682","movieNm":"숙모의 뜨거운 신음","movieNmEn":"The aunt","prdtYear":"2021","openDt":"","typeNm":"장편","prdtStatNm":"기타","nationAlt":"일본","genreAlt":"성인물(에로),드라마","repNationNm":"일본","repGenreNm":"성인물(에로)","directors":[{"peopleNm":"몬도 카사"}],"companys":[]},{"movieCd":"20223681","movieNm":"다리사이 공유하는 유부녀","movieNmEn":"Married woman with a ring","prdtYear":"2021","openDt":"","typeNm":"장편","prdtStatNm":"기타","nationAlt":"일본","genreAlt":"성인물(에로),드라마","repNationNm":"일본","repGenreNm":"성인물(에로)","directors":[{"peopleNm":"츠지 코지"}],"companys":[]},{"movieCd":"20223703","movieNm":"도쿄의 젊은 유부녀들 - 꽉 물어 줄게","movieNmEn":"","prdtYear":"2020","openDt":"","typeNm":"장편","prdtStatNm":"기타","nationAlt":"일본","genreAlt":"성인물(에로)","repNationNm":"일본","repGenreNm":"성인물(에로)","directors":[{"peopleNm":"야마우치 다이스케"}],"companys":[]},{"movieCd":"20223679","movieNm":"일년치의 쾌감을 5분만에 느낀 형수","movieNmEn":"","prdtYear":"2020","openDt":"","typeNm":"장편","prdtStatNm":"기타","nationAlt":"일본","genreAlt":"성인물(에로)","repNationNm":"일본","repGenreNm":"성인물(에로)","directors":[],"companys":[]}]}