{"totCnt":"95385","source":"영화진흥위원회","movieList":[{"movieCd":"20218604","movieNm":"극장판 짱구는 못말려: 격돌! 낙서왕국과 얼추 네 명의 용사들","movieNmEn":"Crayon Shin-chan: Crash! Scribble Kingdom and Almost Four Heroes","prdtYear":"2020","openDt":"20210915","typeNm":"장편","prdtStatNm":"개봉","nationAlt":"일본","genreAlt":"애니메이션","repNationNm":"일본","repGenreNm":"애니메이션","directors":[{"peopleNm":"쿄고쿠 타카히코"}],"companys":[]},{"movieCd":"20219311","movieNm":"말리그넌트","movieNmEn":"Malignant","prdtYear":"2021","openDt":"20210915","typeNm":"장편","prdtStatNm":"개봉","nationAlt":"미국","genreAlt":"스릴러,미스터리","repNationNm":"미국","repGenreNm":"스릴러","directors":[{"peopleNm":"제임스 완"}],"companys":[]},{"movieCd":"20219770","movieNm":"캔디맨","movieNmEn":"CANDYMAN","prdtYear":"2021","openDt":"20210922","typeNm":"장편","prdtStatNm":"개봉","nationAlt":"미국","genreAlt":"미스터리,공포(호러)","repNationNm":"미국","repGenreNm":"미스터리","directors":[{"peopleNm":"니아 다코스타"}],"companys":[]},{"movieCd":"20219822","movieNm":"맨 인 더 다크 2","movieNmEn":"Don't Breathe 2","prdtYear":"2021","openDt":"20210901","typeNm":"장편","prdtStatNm":"개봉","nationAlt":"미국","genreAlt":"공포(호러),스릴러","repNationNm":"미국","repGenreNm":"공포(호러)","directors":[{"peopleNm":"로도 사야구에즈"}],"companys":[]},{"movieCd":"20219946","movieNm":"극장판 마이 리틀 포니: 새로운 희망","movieNmEn":"My Little Pony: A New Generation","prdtYear":"2021","openDt":"20210922","typeNm":"장편","prdtStatNm":"개봉","nationAlt":"미국","genreAlt":"애니메이션,어드벤처","repNationNm":"미국","repGenreNm":"애니메이션","directors":[],"companys":[]},{"movieCd":"20210134","movieNm":"불청객들","movieNmEn":"Guests","prdtYear":"2019","openDt":"","typeNm":"장편","prdtStatNm":"기타","nationAlt":"러시아","genreAlt":"공포(호러),액션","repNationNm":"러시아","repGenreNm":"공포(호러)","directors":[{"peopleNm":"예브게니 아비조프"}],"companys":[]},{"movieCd":"20210592","movieNm":"성인용품사용설명서3 : 젊은 여사장","movieNmEn":"","prdtYear":"2021","openDt":"20210927","typeNm":"장편","prdtStatNm":"개봉","nationAlt":"한국","genreAlt":"멜로/로맨스,드라마","repNationNm":"한국","repGenreNm":"멜로/로맨스","directors":[{"peopleNm":"이우민"}],"companys":[{"companyCd":"20154968","companyNm":"(주)로드하우스"}]},{"movieCd":"20210751","movieNm":"반로환동","movieNmEn":"Forever Young","prdtYear":"1989","openDt":"","typeNm":"장편","prdtStatNm":"기타","nationAlt":"홍콩","genreAlt":"코미디","repNationNm":"홍콩","repGenreNm":"코미디","directors":[{"peopleNm":"증지위"}],"companys":[]},{"movieCd":"20210761","movieNm":"아비","movieNmEn":"Fate","prdtYear":"2007","openDt":"","typeNm":"장편","prdtStatNm":"기타","nationAlt":"홍콩","genreAlt":"범죄","repNationNm":"홍콩","repGenreNm":"범죄","directors":[{"peopleNm":"엽위민"}],"companys":[]},{"movieCd":"20210740","movieNm":"타착차","movieNmEn":"Cop Busters","prdtYear":"1985","openDt":"","typeNm":"장편","prdtStatNm":"기타","nationAlt":"홍콩","genreAlt":"범죄","repNationNm":"홍콩","repGenreNm":"범죄","directors":[{"peopleNm":"이수현"}],"companys":[]}]}