{"totCnt":"95385","source":"영화진흥위원회","movieList":[{"movieCd":"20223307","movieNm":"이혼하기 위해 해야 하는 아주 단순한 절차들","movieNmEn":"The Simplest Steps to Get Divorced","prdtYear":"2020","openDt":"","typeNm":"단편","prdtStatNm":"기타","nationAlt":"한국","genreAlt":"코미디","repNationNm":"한국","repGenreNm":"코미디","directors":[{"peopleNm":"조국형"}],"companys":[]},{"movieCd":"20223327","movieNm":"딜리버","movieNmEn":"Deliver","prdtYear":"2021","openDt":"","typeNm":"단편","prdtStatNm":"기타","nationAlt":"한국","genreAlt":"드라마","repNationNm":"한국","repGenreNm":"드라마","directors":[{"peopleNm":"조국형"}],"companys":[]},{"movieCd":"20145474","movieNm":"사원증","movieNmEn":"ID CARD ","prdtYear":"2013","openDt":"","typeNm":"단편","prdtStatNm":"기타","nationAlt":"한국","genreAlt":"드라마","repNationNm":"한국","repGenreNm":"드라마","directors":[{"peopleNm":"이지선"}],"companys":[]},{"movieCd":"20211506","movieNm":"프랑스","movieNmEn":"France","prdtYear":"2021","openDt":"20220113","typeNm":"장편","prdtStatNm":"개봉","nationAlt":"프랑스","genreAlt":"드라마","repNationNm":"프랑스","repGenreNm":"드라마","directors":[{"peopleNm":"브루노 뒤몽"}],"companys":[]},{"movieCd":"20212710","movieNm":"수호무적","movieNmEn":"Defend Homelang","prdtYear":"2020","openDt":"20220113","typeNm":"장편","prdtStatNm":"개봉","nationAlt":"중국","genreAlt":"액션","repNationNm":"중국","repGenreNm":"액션","directors":[],"companys":[]},{"movieCd":"20212338","movieNm":"비올레타","movieNmEn":"My Little Princess","prdtYear":"2011","openDt":"20220113","typeNm":"장편","prdtStatNm":"개봉","nationAlt":"프랑스","genreAlt":"드라마","repNationNm":"프랑스","repGenreNm":"드라마","directors":[{"peopleNm":"에바 이오네스코"}],"companys":[]},{"movieCd":"20212882","movieNm":"바이올렛 에버가든 오케스트라 콘서트 2021","movieNmEn":"Violet Evergarden Orchestra Concert 2021","prdtYear":"2021","openDt":"20220113","typeNm":"장편","prdtStatNm":"개봉","nationAlt":"일본","genreAlt":"공연","repNationNm":"일본","repGenreNm":"공연","directors":[],"companys":[]},{"movieCd":"20223418","movieNm":"만나기 전에 ","movieNmEn":"Before I Met You","prdtYear":"1997","openDt":"","typeNm":"단편","prdtStatNm":"기타","nationAlt":"한국","genreAlt":"드라마","repNationNm":"한국","repGenreNm":"드라마","directors":[{"peopleNm":"정진미"}],"companys":[]},{"movieCd":"20223414","movieNm":"CJ도너스캠프 청소년 문화동아리 SHOWCASE: 패션,뷰티 부문","movieNmEn":"","prdtYear":"2022","openDt":"","typeNm":"옴니버스","prdtStatNm":"기타","nationAlt":"한국","genreAlt":"기타","repNationNm":"한국","repGenreNm":"기타","directors":[],"companys":[]},{"movieCd":"20223413","movieNm":"CJ도너스캠프 청소년 문화동아리 SHOWCASE: 요리 부문","movieNmEn":"","prdtYear":"2022","openDt":"","typeNm":"옴니버스","prdtStatNm":"기타","nationAlt":"한국","genreAlt":"기타","repNationNm":"한국","repGenreNm":"기타","directors":[],"companys":[]}]}