{"totCnt":"95385","source":"영화진흥위원회","movieList":[{"movieCd":"20211316","movieNm":"파라오의 딸","movieNmEn":"The Pharaoh’s Daughter","prdtYear":"2022","openDt":"","typeNm":"장편","prdtStatNm":"기타","nationAlt":"러시아","genreAlt":"공연","repNationNm":"러시아","repGenreNm":"공연","directors":[],"companys":[]},{"movieCd":"20224490","movieNm":"매드 독 모건","movieNmEn":"Mad Dog Morgan","prdtYear":"1976","openDt":"","typeNm":"장편","prdtStatNm":"기타","nationAlt":"호주","genreAlt":"액션,어드벤처,드라마,범죄","repNationNm":"호주","repGenreNm":"액션","directors":[{"peopleNm":"필리페 모라"}],"companys":[]},{"movieCd":"20224469","movieNm":"눈이라 불리는 사나이","movieNmEn":"The Man Called Noon","prdtYear":"1973","openDt":"","typeNm":"장편","prdtStatNm":"기타","nationAlt":"영국,이탈리아,스페인","genreAlt":"서부극(웨스턴),미스터리,스릴러,액션","repNationNm":"영국","repGenreNm":"서부극(웨스턴)","directors":[{"peopleNm":"피터 콜린슨"}],"companys":[]},{"movieCd":"20224474","movieNm":"골뱅이 옆집 누나는 내 휴지도둑","movieNmEn":"","prdtYear":"2022","openDt":"","typeNm":"장편","prdtStatNm":"기타","nationAlt":"일본","genreAlt":"성인물(에로)","repNationNm":"일본","repGenreNm":"성인물(에로)","directors":[{"peopleNm":"아라시야마 미치루"}],"companys":[]},{"movieCd":"20224473","movieNm":"언노운 킬러","movieNmEn":"This Game's Called Murder","prdtYear":"2021","openDt":"","typeNm":"장편","prdtStatNm":"기타","nationAlt":"미국","genreAlt":"액션,스릴러","repNationNm":"미국","repGenreNm":"액션","directors":[],"companys":[]},{"movieCd":"20204431","movieNm":"모비우스","movieNmEn":"Morbius","prdtYear":"2022","openDt":"20220330","typeNm":"장편","prdtStatNm":"개봉","nationAlt":"미국","genreAlt":"액션,어드벤처,드라마","repNationNm":"미국","repGenreNm":"액션","directors":[{"peopleNm":"다니엘 에스피노사"}],"companys":[]},{"movieCd":"20224005","movieNm":"신데렐라","movieNmEn":"Cinderella","prdtYear":"2022","openDt":"20220405","typeNm":"장편","prdtStatNm":"개봉","nationAlt":"미국","genreAlt":"공연","repNationNm":"미국","repGenreNm":"공연","directors":[],"companys":[]},{"movieCd":"20224326","movieNm":"남편 없는 3일 색정","movieNmEn":"","prdtYear":"2020","openDt":"","typeNm":"장편","prdtStatNm":"기타","nationAlt":"일본","genreAlt":"성인물(에로),멜로/로맨스","repNationNm":"일본","repGenreNm":"성인물(에로)","directors":[],"companys":[]},{"movieCd":"20224382","movieNm":"하뉴 아리사의 섹스 라이프","movieNmEn":"","prdtYear":"2020","openDt":"20220401","typeNm":"장편","prdtStatNm":"개봉","nationAlt":"일본","genreAlt":"성인물(에로),드라마,멜로/로맨스","repNationNm":"일본","repGenreNm":"성인물(에로)","directors":[{"peopleNm":"아베 신야"}],"companys":[]},{"movieCd":"20224242","movieNm":"젖어버린 동서 몸뚱이에 이성잃은 아주버님","movieNmEn":"","prdtYear":"2020","openDt":"","typeNm":"장편","prdtStatNm":"기타","nationAlt":"일본","genreAlt":"성인물(에로),드라마","repNationNm":"일본","repGenreNm":"성인물(에로)","directors":[{"peopleNm":"오오사키히로하루"}],"companys":[]}]}