{"totCnt":"95385","source":"영화진흥위원회","movieList":[{"movieCd":"20227654","movieNm":"수라","movieNmEn":"Sura: A Love Song","prdtYear":"2022","openDt":"20230621","typeNm":"장편","prdtStatNm":"개봉예정","nationAlt":"한국","genreAlt":"다큐멘터리","repNationNm":"한국","repGenreNm":"다큐멘터리","directors":[{"peopleNm":"황윤"}],"companys":[{"companyCd":"20100836","companyNm":"스튜디오두마"},{"companyCd":"20230135","companyNm":"미디어나무(주)"}]},{"movieCd":"20231620","movieNm":"바깥 나라의 소녀","movieNmEn":"The Girl from the Other Side","prdtYear":"2022","openDt":"20230516","typeNm":"장편","prdtStatNm":"개봉예정","nationAlt":"일본","genreAlt":"애니메이션,판타지,드라마","repNationNm":"일본","repGenreNm":"애니메이션","directors":[{"peopleNm":"쿠보 유타로"},{"peopleNm":"마이야 사토미"}],"companys":[]},{"movieCd":"20231674","movieNm":"플레이 뮤지컬 핑크퐁과 아기상어의 생일파티 대소동","movieNmEn":"","prdtYear":"2023","openDt":"20230517","typeNm":"장편","prdtStatNm":"개봉예정","nationAlt":"한국","genreAlt":"공연,뮤지컬","repNationNm":"한국","repGenreNm":"공연","directors":[{"peopleNm":"김민석"}],"companys":[{"companyCd":"20192742","companyNm":"더핑크퐁컴퍼니(주)"}]},{"movieCd":"20231481","movieNm":"메리 마이 데드 바디","movieNmEn":"Marry My Dead Body","prdtYear":"2022","openDt":"20230517","typeNm":"장편","prdtStatNm":"개봉예정","nationAlt":"기타","genreAlt":"코미디,액션","repNationNm":"기타","repGenreNm":"코미디","directors":[{"peopleNm":"청웨이하오"}],"companys":[]},{"movieCd":"20231592","movieNm":"분노의 질주: 라이드 오어 다이","movieNmEn":"Fast X","prdtYear":"2023","openDt":"20230517","typeNm":"장편","prdtStatNm":"개봉예정","nationAlt":"미국","genreAlt":"액션","repNationNm":"미국","repGenreNm":"액션","directors":[{"peopleNm":"루이스 리테리어"}],"companys":[]},{"movieCd":"20231496","movieNm":"가디언즈 오브 갤럭시: Volume 3","movieNmEn":"Guardians of the Galaxy Volume 3","prdtYear":"2023","openDt":"20230503","typeNm":"장편","prdtStatNm":"개봉","nationAlt":"미국","genreAlt":"액션","repNationNm":"미국","repGenreNm":"액션","directors":[{"peopleNm":"제임스 건"}],"companys":[]},{"movieCd":"20228915","movieNm":"사랑하는 당신에게","movieNmEn":"Last Dance","prdtYear":"2022","openDt":"20230531","typeNm":"장편","prdtStatNm":"개봉예정","nationAlt":"벨기에,스위스","genreAlt":"드라마","repNationNm":"벨기에","repGenreNm":"드라마","directors":[{"peopleNm":"델핀 르에리세"}],"companys":[]},{"movieCd":"20227685","movieNm":"캣 대디","movieNmEn":"Cat Daddies","prdtYear":"2022","openDt":"","typeNm":"장편","prdtStatNm":"개봉예정","nationAlt":"미국","genreAlt":"다큐멘터리","repNationNm":"미국","repGenreNm":"다큐멘터리","directors":[],"companys":[]},{"movieCd":"19960041","movieNm":"아기공룡 둘리-얼음별 대모험","movieNmEn":"The Adventure Of Ice Planet","prdtYear":"1996","openDt":"19960724","typeNm":"장편","prdtStatNm":"개봉","nationAlt":"한국","genreAlt":"애니메이션,어드벤처,코미디,가족","repNationNm":"한국","repGenreNm":"애니메이션","directors":[{"peopleNm":"김수정"},{"peopleNm":"임경원"}],"companys":[{"companyCd":"20100491","companyNm":"(주)둘리나라"}]},{"movieCd":"20231217","movieNm":"칠중주: 홍콩 이야기","movieNmEn":"The Septet: The Story of Hong Kong","prdtYear":"2020","openDt":"20230511","typeNm":"장편","prdtStatNm":"개봉","nationAlt":"홍콩","genreAlt":"드라마","repNationNm":"홍콩","repGenreNm":"드라마","directors":[{"peopleNm":"홍금보"},{"peopleNm":"허안화"},{"peopleNm":"담가명"},{"peopleNm":"원화평"},{"peopleNm":"두기봉"},{"peopleNm":"임영동"},{"peopleNm":"서극"}],"companys":[]}]}