{"totCnt":"95385","source":"영화진흥위원회","movieList":[{"movieCd":"20168755","movieNm":"가까이","movieNmEn":"Alone Together","prdtYear":"2016","openDt":"","typeNm":"단편","prdtStatNm":"기타","nationAlt":"한국","genreAlt":"드라마","repNationNm":"한국","repGenreNm":"드라마","directors":[{"peopleNm":"배경헌"}],"companys":[]},{"movieCd":"20211505","movieNm":"월하의 작은 구멍","movieNmEn":"","prdtYear":"2021","openDt":"20211203","typeNm":"장편","prdtStatNm":"개봉","nationAlt":"한국","genreAlt":"멜로/로맨스,드라마","repNationNm":"한국","repGenreNm":"멜로/로맨스","directors":[{"peopleNm":"윤준세"}],"companys":[{"companyCd":"20114899","companyNm":"(주)영진크리에이티브"}]},{"movieCd":"20212218","movieNm":"상사가 되어버린 마사지 여직원 무삭제판","movieNmEn":"","prdtYear":"2019","openDt":"","typeNm":"장편","prdtStatNm":"기타","nationAlt":"일본","genreAlt":"성인물(에로),드라마","repNationNm":"일본","repGenreNm":"성인물(에로)","directors":[],"companys":[]},{"movieCd":"20211694","movieNm":"남편 출근 후 가버렷! 절정 유부녀","movieNmEn":"","prdtYear":"2020","openDt":"","typeNm":"장편","prdtStatNm":"기타","nationAlt":"일본","genreAlt":"성인물(에로),드라마","repNationNm":"일본","repGenreNm":"성인물(에로)","directors":[{"peopleNm":"아라시야마 미치루"}],"companys":[]},{"movieCd":"20219910","movieNm":"개를 데리고 다니는 여자","movieNmEn":"The Woman with the Dog","prdtYear":"2021","openDt":"","typeNm":"단편","prdtStatNm":"기타","nationAlt":"한국","genreAlt":"드라마","repNationNm":"한국","repGenreNm":"드라마","directors":[{"peopleNm":"조유경"}],"companys":[]},{"movieCd":"20197971","movieNm":"창진이 마음","movieNmEn":"Unpredictable Boy","prdtYear":"2019","openDt":"","typeNm":"단편","prdtStatNm":"기타","nationAlt":"한국","genreAlt":"드라마","repNationNm":"한국","repGenreNm":"드라마","directors":[{"peopleNm":"궁유정"}],"companys":[]},{"movieCd":"20208171","movieNm":"문경이네 집","movieNmEn":"The House of MunGyeong","prdtYear":"2020","openDt":"","typeNm":"단편","prdtStatNm":"기타","nationAlt":"한국","genreAlt":"드라마","repNationNm":"한국","repGenreNm":"드라마","directors":[{"peopleNm":"김수현"}],"companys":[]},{"movieCd":"20212325","movieNm":"믿을 수 없는","movieNmEn":"Undertow","prdtYear":"2018","openDt":"","typeNm":"장편","prdtStatNm":"기타","nationAlt":"호주","genreAlt":"스릴러","repNationNm":"호주","repGenreNm":"스릴러","directors":[],"companys":[]},{"movieCd":"20212324","movieNm":"건 파이터","movieNmEn":"Woodland","prdtYear":"2018","openDt":"","typeNm":"장편","prdtStatNm":"기타","nationAlt":"캐나다","genreAlt":"스릴러","repNationNm":"캐나다","repGenreNm":"스릴러","directors":[],"companys":[]},{"movieCd":"20200842","movieNm":"어제 내린 비","movieNmEn":"After the Rain","prdtYear":"2020","openDt":"","typeNm":"단편","prdtStatNm":"기타","nationAlt":"한국","genreAlt":"드라마","repNationNm":"한국","repGenreNm":"드라마","directors":[{"peopleNm":"송현주"}],"companys":[]}]}