{"totCnt":"95385","source":"영화진흥위원회","movieList":[{"movieCd":"20219968","movieNm":"춤은 계속된다","movieNmEn":"Still Dancing","prdtYear":"2020","openDt":"","typeNm":"단편","prdtStatNm":"기타","nationAlt":"기타","genreAlt":"기타","repNationNm":"기타","repGenreNm":"기타","directors":[],"companys":[]},{"movieCd":"20219967","movieNm":"흑인이라는 얼룩","movieNmEn":"Black Stains","prdtYear":"2017","openDt":"","typeNm":"단편","prdtStatNm":"기타","nationAlt":"미국","genreAlt":"기타","repNationNm":"미국","repGenreNm":"기타","directors":[],"companys":[]},{"movieCd":"20219966","movieNm":"메이킹 맨","movieNmEn":"Making Men","prdtYear":"2019","openDt":"","typeNm":"단편","prdtStatNm":"기타","nationAlt":"벨기에","genreAlt":"기타","repNationNm":"벨기에","repGenreNm":"기타","directors":[],"companys":[]},{"movieCd":"20219988","movieNm":"고도","movieNmEn":"Godot","prdtYear":"2021","openDt":"","typeNm":"단편","prdtStatNm":"기타","nationAlt":"한국","genreAlt":"기타","repNationNm":"한국","repGenreNm":"기타","directors":[],"companys":[]},{"movieCd":"20219987","movieNm":"의식의 혼란; 불균형한 감정","movieNmEn":"Mental Fog \"When the Mood is Unbalanced\"","prdtYear":"2021","openDt":"","typeNm":"단편","prdtStatNm":"기타","nationAlt":"멕시코","genreAlt":"기타","repNationNm":"멕시코","repGenreNm":"기타","directors":[],"companys":[]},{"movieCd":"20219985","movieNm":"남자","movieNmEn":"Man","prdtYear":"2021","openDt":"","typeNm":"단편","prdtStatNm":"기타","nationAlt":"멕시코","genreAlt":"기타","repNationNm":"멕시코","repGenreNm":"기타","directors":[],"companys":[]},{"movieCd":"20215812","movieNm":"구멍동서지간 무삭제","movieNmEn":"","prdtYear":"2021","openDt":"20210613","typeNm":"장편","prdtStatNm":"개봉","nationAlt":"한국","genreAlt":"멜로/로맨스,드라마","repNationNm":"한국","repGenreNm":"멜로/로맨스","directors":[{"peopleNm":"김환"}],"companys":[{"companyCd":"20161021","companyNm":"(주)영화사가을"}]},{"movieCd":"20205606","movieNm":"공간의 끝","movieNmEn":"Edge of Space","prdtYear":"2019","openDt":"","typeNm":"단편","prdtStatNm":"기타","nationAlt":"한국","genreAlt":"드라마","repNationNm":"한국","repGenreNm":"드라마","directors":[{"peopleNm":"구정회"}],"companys":[]},{"movieCd":"20218680","movieNm":"에이아이 허","movieNmEn":"AI Her","prdtYear":"2021","openDt":"","typeNm":"장편","prdtStatNm":"기타","nationAlt":"한국","genreAlt":"SF,스릴러","repNationNm":"한국","repGenreNm":"SF","directors":[{"peopleNm":"이정섭"}],"companys":[{"companyCd":"20168611","companyNm":"(주)뉴플러스오리지널"}]},{"movieCd":"20219965","movieNm":"오렌지필름 기획전 <숨-쉬-기>","movieNmEn":"","prdtYear":"2021","openDt":"","typeNm":"옴니버스","prdtStatNm":"기타","nationAlt":"한국","genreAlt":"드라마","repNationNm":"한국","repGenreNm":"드라마","directors":[],"companys":[]}]}