{"totCnt":"95385","source":"영화진흥위원회","movieList":[{"movieCd":"20212130","movieNm":"완벽한 타인과의 섹스 경험담 무삭제판","movieNmEn":"","prdtYear":"2021","openDt":"","typeNm":"장편","prdtStatNm":"기타","nationAlt":"한국","genreAlt":"드라마","repNationNm":"한국","repGenreNm":"드라마","directors":[{"peopleNm":"이로운"}],"companys":[{"companyCd":"20202961","companyNm":"비스킷미디어"}]},{"movieCd":"20212110","movieNm":"세 며느리와 시아버지 무삭제판","movieNmEn":"","prdtYear":"2021","openDt":"","typeNm":"장편","prdtStatNm":"기타","nationAlt":"한국","genreAlt":"드라마","repNationNm":"한국","repGenreNm":"드라마","directors":[{"peopleNm":"이로운"}],"companys":[{"companyCd":"20202961","companyNm":"비스킷미디어"}]},{"movieCd":"20217167","movieNm":"동백","movieNmEn":"Dongbaek","prdtYear":"2020","openDt":"20211021","typeNm":"장편","prdtStatNm":"개봉","nationAlt":"한국","genreAlt":"드라마,가족,전쟁","repNationNm":"한국","repGenreNm":"드라마","directors":[{"peopleNm":"신준영"}],"companys":[{"companyCd":"20176321","companyNm":"(주)해오름이앤티"}]},{"movieCd":"20212108","movieNm":"2021광주독립영화제-다큐멘터리신작선","movieNmEn":"","prdtYear":"2021","openDt":"","typeNm":"옴니버스","prdtStatNm":"기타","nationAlt":"한국","genreAlt":"다큐멘터리","repNationNm":"한국","repGenreNm":"다큐멘터리","directors":[],"companys":[]},{"movieCd":"20212128","movieNm":"2021광주독립영화제-뮤직다큐멘터리신작선","movieNmEn":"","prdtYear":"2021","openDt":"","typeNm":"옴니버스","prdtStatNm":"기타","nationAlt":"한국","genreAlt":"다큐멘터리","repNationNm":"한국","repGenreNm":"다큐멘터리","directors":[],"companys":[]},{"movieCd":"20212127","movieNm":"2021광주독립영화제-5월이야기2","movieNmEn":"","prdtYear":"2021","openDt":"","typeNm":"옴니버스","prdtStatNm":"기타","nationAlt":"한국","genreAlt":"드라마","repNationNm":"한국","repGenreNm":"드라마","directors":[],"companys":[]},{"movieCd":"20212126","movieNm":"2021광주독립영화제-5월이야기1","movieNmEn":"","prdtYear":"2021","openDt":"","typeNm":"옴니버스","prdtStatNm":"기타","nationAlt":"한국","genreAlt":"드라마","repNationNm":"한국","repGenreNm":"드라마","directors":[],"companys":[]},{"movieCd":"20212123","movieNm":"2021광주독립영화제-단편신작선2","movieNmEn":"","prdtYear":"2021","openDt":"","typeNm":"옴니버스","prdtStatNm":"기타","nationAlt":"한국","genreAlt":"기타","repNationNm":"한국","repGenreNm":"기타","directors":[],"companys":[]},{"movieCd":"20212107","movieNm":"2021광주독립영화제-단편신작선1","movieNmEn":"","prdtYear":"2021","openDt":"","typeNm":"옴니버스","prdtStatNm":"기타","nationAlt":"한국","genreAlt":"드라마","repNationNm":"한국","repGenreNm":"드라마","directors":[],"companys":[]},{"movieCd":"20212122","movieNm":"여끄니","movieNmEn":"","prdtYear":"2021","openDt":"","typeNm":"장편","prdtStatNm":"기타","nationAlt":"한국","genreAlt":"드라마","repNationNm":"한국","repGenreNm":"드라마","directors":[],"companys":[]}]}