{"totCnt":"95385","source":"영화진흥위원회","movieList":[{"movieCd":"20211971","movieNm":"유부녀의 필살 유혹기","movieNmEn":"","prdtYear":"2020","openDt":"20211125","typeNm":"장편","prdtStatNm":"개봉","nationAlt":"일본","genreAlt":"멜로/로맨스,드라마","repNationNm":"일본","repGenreNm":"멜로/로맨스","directors":[{"peopleNm":"사노 B사쿠"}],"companys":[]},{"movieCd":"20211700","movieNm":"숏버스 감독행","movieNmEn":"Short Bus: Ready, Action!","prdtYear":"2021","openDt":"20211125","typeNm":"옴니버스","prdtStatNm":"개봉","nationAlt":"한국","genreAlt":"드라마,가족","repNationNm":"한국","repGenreNm":"드라마","directors":[{"peopleNm":"최진영"},{"peopleNm":"현승휘"},{"peopleNm":"서정미"},{"peopleNm":"김건휘"},{"peopleNm":"이상빈"}],"companys":[{"companyCd":"20216721","companyNm":"(주)퍼니콘"}]},{"movieCd":"20212908","movieNm":"바니","movieNmEn":"","prdtYear":"2021","openDt":"","typeNm":"장편","prdtStatNm":"기타","nationAlt":"한국","genreAlt":"기타","repNationNm":"한국","repGenreNm":"기타","directors":[],"companys":[]},{"movieCd":"20212045","movieNm":"SM부부의 스와핑 클리닉","movieNmEn":"","prdtYear":"2021","openDt":"20211210","typeNm":"장편","prdtStatNm":"개봉","nationAlt":"한국","genreAlt":"성인물(에로),드라마","repNationNm":"한국","repGenreNm":"성인물(에로)","directors":[{"peopleNm":"한길수"}],"companys":[{"companyCd":"20186981","companyNm":"주식회사 플릭스코"}]},{"movieCd":"20212501","movieNm":"남편 앞에서 와이프에게 넣어버리는 산부인과","movieNmEn":"","prdtYear":"2021","openDt":"","typeNm":"장편","prdtStatNm":"기타","nationAlt":"일본","genreAlt":"성인물(에로)","repNationNm":"일본","repGenreNm":"성인물(에로)","directors":[],"companys":[]},{"movieCd":"20212485","movieNm":"오늘도 또 찾아온 남편친구","movieNmEn":"","prdtYear":"2021","openDt":"20211223","typeNm":"장편","prdtStatNm":"개봉","nationAlt":"한국","genreAlt":"성인물(에로)","repNationNm":"한국","repGenreNm":"성인물(에로)","directors":[{"peopleNm":"제너럴리스트"}],"companys":[{"companyCd":"20141911","companyNm":"(주)뮤직엔닷컴"}]},{"movieCd":"20212869","movieNm":"맹렬정사 1분부터 승천 - 노조미짱","movieNmEn":"","prdtYear":"2020","openDt":"","typeNm":"장편","prdtStatNm":"기타","nationAlt":"일본","genreAlt":"성인물(에로)","repNationNm":"일본","repGenreNm":"성인물(에로)","directors":[],"companys":[]},{"movieCd":"20212868","movieNm":"돌싱숙모 리에코를 위로하다","movieNmEn":"","prdtYear":"2020","openDt":"","typeNm":"장편","prdtStatNm":"기타","nationAlt":"일본","genreAlt":"성인물(에로)","repNationNm":"일본","repGenreNm":"성인물(에로)","directors":[],"companys":[]},{"movieCd":"20212867","movieNm":"란제리 유부녀의 속옷유혹","movieNmEn":"","prdtYear":"2020","openDt":"","typeNm":"장편","prdtStatNm":"기타","nationAlt":"일본","genreAlt":"성인물(에로)","repNationNm":"일본","repGenreNm":"성인물(에로)","directors":[],"companys":[]},{"movieCd":"20212905","movieNm":"사야가 새엄마라면 죽어도좋아","movieNmEn":"","prdtYear":"2020","openDt":"","typeNm":"장편","prdtStatNm":"기타","nationAlt":"일본","genreAlt":"성인물(에로)","repNationNm":"일본","repGenreNm":"성인물(에로)","directors":[],"companys":[]}]}