{"totCnt":"95385","source":"영화진흥위원회","movieList":[{"movieCd":"20210024","movieNm":"맛있게 익은 유부녀와 달콤한 여행","movieNmEn":"","prdtYear":"2020","openDt":"","typeNm":"장편","prdtStatNm":"기타","nationAlt":"일본","genreAlt":"성인물(에로),드라마","repNationNm":"일본","repGenreNm":"성인물(에로)","directors":[{"peopleNm":"마메자와 마메타로"}],"companys":[]},{"movieCd":"20210276","movieNm":"EXiS2021 EX-Now 2","movieNmEn":"","prdtYear":"2021","openDt":"","typeNm":"옴니버스","prdtStatNm":"기타","nationAlt":"기타","genreAlt":"기타","repNationNm":"기타","repGenreNm":"기타","directors":[],"companys":[]},{"movieCd":"20210287","movieNm":"EXiS2021 EX-Choice 13","movieNmEn":"","prdtYear":"2021","openDt":"","typeNm":"옴니버스","prdtStatNm":"기타","nationAlt":"기타","genreAlt":"기타","repNationNm":"기타","repGenreNm":"기타","directors":[],"companys":[]},{"movieCd":"20210286","movieNm":"EXiS2021 EX-Retro 4","movieNmEn":"","prdtYear":"2021","openDt":"","typeNm":"옴니버스","prdtStatNm":"기타","nationAlt":"미국","genreAlt":"기타","repNationNm":"미국","repGenreNm":"기타","directors":[],"companys":[]},{"movieCd":"20210285","movieNm":"EXiS2021 EX-Retro 3","movieNmEn":"","prdtYear":"2021","openDt":"","typeNm":"옴니버스","prdtStatNm":"기타","nationAlt":"미국","genreAlt":"기타","repNationNm":"미국","repGenreNm":"기타","directors":[],"companys":[]},{"movieCd":"20210275","movieNm":"EXiS2021 EX-Retro 2","movieNmEn":"","prdtYear":"2021","openDt":"","typeNm":"옴니버스","prdtStatNm":"기타","nationAlt":"미국","genreAlt":"기타","repNationNm":"미국","repGenreNm":"기타","directors":[],"companys":[]},{"movieCd":"20210274","movieNm":"해변","movieNmEn":"Seaside","prdtYear":"2021","openDt":"","typeNm":"단편","prdtStatNm":"기타","nationAlt":"벨기에","genreAlt":"기타","repNationNm":"벨기에","repGenreNm":"기타","directors":[],"companys":[]},{"movieCd":"20210273","movieNm":"가방 속 자화상","movieNmEn":"Self Portrait with Bag","prdtYear":"2021","openDt":"","typeNm":"단편","prdtStatNm":"기타","nationAlt":"호주","genreAlt":"기타","repNationNm":"호주","repGenreNm":"기타","directors":[],"companys":[]},{"movieCd":"20210284","movieNm":"내 꿈속에서 만나","movieNmEn":"See you in my dreams","prdtYear":"2020","openDt":"","typeNm":"단편","prdtStatNm":"기타","nationAlt":"일본","genreAlt":"기타","repNationNm":"일본","repGenreNm":"기타","directors":[],"companys":[]},{"movieCd":"20210272","movieNm":"행복한 계곡","movieNmEn":"Happy Valley","prdtYear":"2021","openDt":"","typeNm":"단편","prdtStatNm":"기타","nationAlt":"홍콩","genreAlt":"기타","repNationNm":"홍콩","repGenreNm":"기타","directors":[],"companys":[]}]}