{"totCnt":"95385","source":"영화진흥위원회","movieList":[{"movieCd":"20136861","movieNm":"극장판 베르세르크: 황금 시대편 Ⅲ – 강림","movieNmEn":"Berserk: The Golden Age Arc Ⅲ - Descent","prdtYear":"2013","openDt":"20130411","typeNm":"장편","prdtStatNm":"개봉","nationAlt":"일본","genreAlt":"판타지,액션,SF","repNationNm":"일본","repGenreNm":"판타지","directors":[{"peopleNm":"쿠보오카 토시유키"}],"companys":[]},{"movieCd":"20121613","movieNm":"극장판 베르세르크: 황금 시대편 II - 돌도레이 공략","movieNmEn":"Berserk: The Golden Age Arc II - THE DOLDREY WAR","prdtYear":"2012","openDt":"","typeNm":"장편","prdtStatNm":"기타","nationAlt":"일본","genreAlt":"애니메이션,액션,판타지","repNationNm":"일본","repGenreNm":"애니메이션","directors":[{"peopleNm":"쿠보오카 토시유키"}],"companys":[]},{"movieCd":"20121614","movieNm":"극장판 베르세르크: 황금 시대편 I - 패왕의 알","movieNmEn":"Berserk: The Golden Age Arc I - The Egg of the King","prdtYear":"2012","openDt":"","typeNm":"장편","prdtStatNm":"기타","nationAlt":"일본","genreAlt":"애니메이션,액션,판타지","repNationNm":"일본","repGenreNm":"애니메이션","directors":[{"peopleNm":"쿠보오카 토시유키"}],"companys":[]},{"movieCd":"20210875","movieNm":"안노 히데아키: 안녕! 모든 에반게리온","movieNmEn":"Hideaki ANNO: The Final Challenge of Evangelion","prdtYear":"2021","openDt":"","typeNm":"장편","prdtStatNm":"기타","nationAlt":"일본","genreAlt":"애니메이션,다큐멘터리","repNationNm":"일본","repGenreNm":"애니메이션","directors":[],"companys":[]},{"movieCd":"20210874","movieNm":"콘 사토시: 꿈속의 마법사","movieNmEn":"Satoshi KON, The Illusionist","prdtYear":"2021","openDt":"","typeNm":"장편","prdtStatNm":"기타","nationAlt":"일본,프랑스","genreAlt":"애니메이션,다큐멘터리","repNationNm":"일본","repGenreNm":"애니메이션","directors":[],"companys":[]},{"movieCd":"20181807","movieNm":"극장판 프리! - 테이크 유어 마크 -","movieNmEn":"特別版 Free！ -Take Your Marks-","prdtYear":"2017","openDt":"20180412","typeNm":"장편","prdtStatNm":"개봉","nationAlt":"일본","genreAlt":"애니메이션","repNationNm":"일본","repGenreNm":"애니메이션","directors":[{"peopleNm":"카와나미 에이사쿠"}],"companys":[]},{"movieCd":"20138661","movieNm":"케이온","movieNmEn":"K-ON","prdtYear":"2011","openDt":"20130613","typeNm":"장편","prdtStatNm":"개봉","nationAlt":"일본","genreAlt":"애니메이션","repNationNm":"일본","repGenreNm":"애니메이션","directors":[{"peopleNm":"야마다 나오코"}],"companys":[]},{"movieCd":"20206547","movieNm":"극장판 바이올렛 에버가든","movieNmEn":"Violet Evergarden: The Movie","prdtYear":"2020","openDt":"20201112","typeNm":"장편","prdtStatNm":"개봉","nationAlt":"일본","genreAlt":"애니메이션,드라마,판타지","repNationNm":"일본","repGenreNm":"애니메이션","directors":[{"peopleNm":"이시다테 타이치"}],"companys":[]},{"movieCd":"20170321","movieNm":"목소리의 형태","movieNmEn":"A SILENT VOICE: the Movie","prdtYear":"2016","openDt":"20170509","typeNm":"장편","prdtStatNm":"개봉","nationAlt":"일본","genreAlt":"애니메이션,멜로/로맨스","repNationNm":"일본","repGenreNm":"애니메이션","directors":[{"peopleNm":"야마다 나오코"}],"companys":[]},{"movieCd":"20189331","movieNm":"리즈와 파랑새","movieNmEn":"Liz and the Blue Bird","prdtYear":"2018","openDt":"20181009","typeNm":"장편","prdtStatNm":"개봉","nationAlt":"일본","genreAlt":"애니메이션","repNationNm":"일본","repGenreNm":"애니메이션","directors":[{"peopleNm":"야마다 나오코"}],"companys":[]}]}