{"totCnt":"95385","source":"영화진흥위원회","movieList":[{"movieCd":"20224221","movieNm":"미망인의 역습","movieNmEn":"","prdtYear":"2022","openDt":"20220321","typeNm":"장편","prdtStatNm":"개봉","nationAlt":"한국","genreAlt":"성인물(에로)","repNationNm":"한국","repGenreNm":"성인물(에로)","directors":[{"peopleNm":"윤수현"}],"companys":[{"companyCd":"20203221","companyNm":"이야픽쳐스 "}]},{"movieCd":"20224220","movieNm":"맛있는 음란 아파트 아줌마","movieNmEn":"","prdtYear":"2021","openDt":"20220321","typeNm":"장편","prdtStatNm":"개봉","nationAlt":"일본","genreAlt":"성인물(에로)","repNationNm":"일본","repGenreNm":"성인물(에로)","directors":[],"companys":[]},{"movieCd":"20224235","movieNm":"구멍의 선택","movieNmEn":"","prdtYear":"2021","openDt":"20220321","typeNm":"장편","prdtStatNm":"개봉","nationAlt":"한국","genreAlt":"성인물(에로)","repNationNm":"한국","repGenreNm":"성인물(에로)","directors":[{"peopleNm":"이상영"}],"companys":[{"companyCd":"20216863","companyNm":"블루커뮤니케이션"}]},{"movieCd":"20211153","movieNm":"애인대행","movieNmEn":"Acting Love","prdtYear":"2021","openDt":"","typeNm":"단편","prdtStatNm":"기타","nationAlt":"한국","genreAlt":"멜로/로맨스","repNationNm":"한국","repGenreNm":"멜로/로맨스","directors":[],"companys":[]},{"movieCd":"20224313","movieNm":"증언-민주주의란 나무는 국민의 피를 먹고 자란다","movieNmEn":"","prdtYear":"2022","openDt":"","typeNm":"장편","prdtStatNm":"기타","nationAlt":"한국","genreAlt":"다큐멘터리","repNationNm":"한국","repGenreNm":"다큐멘터리","directors":[],"companys":[]},{"movieCd":"20224118","movieNm":"피의 저격수","movieNmEn":"Private Cheerin","prdtYear":"2021","openDt":"","typeNm":"장편","prdtStatNm":"기타","nationAlt":"러시아","genreAlt":"전쟁,드라마","repNationNm":"러시아","repGenreNm":"전쟁","directors":[],"companys":[]},{"movieCd":"20223804","movieNm":"레벤느망","movieNmEn":"L'evenement","prdtYear":"2021","openDt":"20220310","typeNm":"장편","prdtStatNm":"개봉","nationAlt":"프랑스","genreAlt":"드라마","repNationNm":"프랑스","repGenreNm":"드라마","directors":[{"peopleNm":"오드리 디완"}],"companys":[]},{"movieCd":"20223809","movieNm":"그 남자는 타이타닉을 보고 싶지 않았다","movieNmEn":"The Blind Man Who Did Not Want to See Titanic","prdtYear":"2021","openDt":"20220310","typeNm":"장편","prdtStatNm":"개봉","nationAlt":"핀란드","genreAlt":"드라마,멜로/로맨스","repNationNm":"핀란드","repGenreNm":"드라마","directors":[],"companys":[]},{"movieCd":"20210262","movieNm":"세버그","movieNmEn":"Seberg","prdtYear":"2019","openDt":"20211104","typeNm":"장편","prdtStatNm":"개봉","nationAlt":"미국","genreAlt":"드라마,스릴러","repNationNm":"미국","repGenreNm":"드라마","directors":[],"companys":[]},{"movieCd":"19780123","movieNm":"꽃신","movieNmEn":"Flower Shoes","prdtYear":"1978","openDt":"","typeNm":"장편","prdtStatNm":"기타","nationAlt":"한국","genreAlt":"드라마","repNationNm":"한국","repGenreNm":"드라마","directors":[{"peopleNm":"고영남"}],"companys":[{"companyCd":"20100976","companyNm":"남아진흥"}]}]}