{"totCnt":"95385","source":"영화진흥위원회","movieList":[{"movieCd":"20223109","movieNm":"Choice","movieNmEn":"Choice","prdtYear":"2021","openDt":"","typeNm":"장편","prdtStatNm":"기타","nationAlt":"한국","genreAlt":"기타","repNationNm":"한국","repGenreNm":"기타","directors":[{"peopleNm":"강신규"}],"companys":[]},{"movieCd":"20223083","movieNm":"말을 걸어볼까?","movieNmEn":"During Twililight","prdtYear":"2021","openDt":"","typeNm":"단편","prdtStatNm":"기타","nationAlt":"한국","genreAlt":"멜로/로맨스,미스터리,판타지","repNationNm":"한국","repGenreNm":"멜로/로맨스","directors":[{"peopleNm":"고명욱"}],"companys":[]},{"movieCd":"20179143","movieNm":"연기의 중력","movieNmEn":"The Gravity of Acting","prdtYear":"2016","openDt":"","typeNm":"장편","prdtStatNm":"기타","nationAlt":"한국","genreAlt":"드라마","repNationNm":"한국","repGenreNm":"드라마","directors":[{"peopleNm":"정근웅"}],"companys":[]},{"movieCd":"20209184","movieNm":"아워 미드나잇","movieNmEn":"Our Midnight, 2020","prdtYear":"2020","openDt":"20211111","typeNm":"장편","prdtStatNm":"개봉","nationAlt":"한국","genreAlt":"드라마","repNationNm":"한국","repGenreNm":"드라마","directors":[{"peopleNm":"임정은"}],"companys":[{"companyCd":"20217203","companyNm":"화목한영화사"}]},{"movieCd":"20223088","movieNm":"AOMG ONLINE CONCERT : Above Ordinary 2021","movieNmEn":"AOMG ONLINE CONCERT : Above Ordinary 2021","prdtYear":"2021","openDt":"","typeNm":"장편","prdtStatNm":"기타","nationAlt":"한국","genreAlt":"공연","repNationNm":"한국","repGenreNm":"공연","directors":[{"peopleNm":"김지홍"}],"companys":[]},{"movieCd":"20223087","movieNm":"겟썸 4","movieNmEn":"Never Back Down: Revolt","prdtYear":"2021","openDt":"","typeNm":"장편","prdtStatNm":"기타","nationAlt":"미국","genreAlt":"액션","repNationNm":"미국","repGenreNm":"액션","directors":[{"peopleNm":"켈리 메디슨"}],"companys":[]},{"movieCd":"20223086","movieNm":"카드카운터","movieNmEn":"The Card Counter","prdtYear":"2021","openDt":"","typeNm":"장편","prdtStatNm":"기타","nationAlt":"미국,영국,중국","genreAlt":"액션,스릴러","repNationNm":"미국","repGenreNm":"액션","directors":[{"peopleNm":"폴 슈레이더"}],"companys":[]},{"movieCd":"20223085","movieNm":"가벼운 것이 좋아","movieNmEn":"Some like it light","prdtYear":"2014","openDt":"","typeNm":"단편","prdtStatNm":"기타","nationAlt":"한국","genreAlt":"멜로/로맨스","repNationNm":"한국","repGenreNm":"멜로/로맨스","directors":[{"peopleNm":"김광호"}],"companys":[]},{"movieCd":"20223107","movieNm":"둠스데이","movieNmEn":"Doomsday","prdtYear":"2016","openDt":"","typeNm":"단편","prdtStatNm":"기타","nationAlt":"한국","genreAlt":"공포(호러)","repNationNm":"한국","repGenreNm":"공포(호러)","directors":[{"peopleNm":"김광호"}],"companys":[]},{"movieCd":"20223106","movieNm":"가슴에 품은","movieNmEn":"WHAT?","prdtYear":"2021","openDt":"","typeNm":"단편","prdtStatNm":"기타","nationAlt":"한국","genreAlt":"미스터리,스릴러","repNationNm":"한국","repGenreNm":"미스터리","directors":[{"peopleNm":"고명욱"}],"companys":[]}]}