{"totCnt":"95385","source":"영화진흥위원회","movieList":[{"movieCd":"20210936","movieNm":"로스트: 희생부활자","movieNmEn":"You Might Get Lost","prdtYear":"2021","openDt":"","typeNm":"장편","prdtStatNm":"기타","nationAlt":"영국","genreAlt":"SF,스릴러","repNationNm":"영국","repGenreNm":"SF","directors":[],"companys":[]},{"movieCd":"20210385","movieNm":"맨 온 더 로드","movieNmEn":"A Thousand Miles Behind","prdtYear":"2019","openDt":"","typeNm":"장편","prdtStatNm":"기타","nationAlt":"미국","genreAlt":"드라마","repNationNm":"미국","repGenreNm":"드라마","directors":[{"peopleNm":"나단 웨더링튼"}],"companys":[]},{"movieCd":"20210372","movieNm":"뮤턴트 워: 다크 히어로의 부활","movieNmEn":"Transference: Escape the Dark","prdtYear":"2020","openDt":"","typeNm":"장편","prdtStatNm":"기타","nationAlt":"캐나다","genreAlt":"SF,액션","repNationNm":"캐나다","repGenreNm":"SF","directors":[{"peopleNm":"매튜 니나버"}],"companys":[]},{"movieCd":"20210924","movieNm":"미트 페어런츠-비기닝","movieNmEn":"Baby Done","prdtYear":"2020","openDt":"","typeNm":"장편","prdtStatNm":"기타","nationAlt":"미국","genreAlt":"코미디,드라마","repNationNm":"미국","repGenreNm":"코미디","directors":[],"companys":[]},{"movieCd":"20210457","movieNm":"요나스 프로젝트","movieNmEn":"Summer Rebels","prdtYear":"2020","openDt":"","typeNm":"장편","prdtStatNm":"기타","nationAlt":"독일","genreAlt":"가족","repNationNm":"독일","repGenreNm":"가족","directors":[],"companys":[]},{"movieCd":"20189301","movieNm":"이번 썸은 망했어","movieNmEn":"Tamara","prdtYear":"2016","openDt":"","typeNm":"장편","prdtStatNm":"기타","nationAlt":"프랑스","genreAlt":"멜로/로맨스,코미디","repNationNm":"프랑스","repGenreNm":"멜로/로맨스","directors":[{"peopleNm":"알렉상드르 카스타그네티"}],"companys":[]},{"movieCd":"20210759","movieNm":"풍운파","movieNmEn":"Two Knight riders","prdtYear":"2019","openDt":"","typeNm":"장편","prdtStatNm":"기타","nationAlt":"중국","genreAlt":"액션","repNationNm":"중국","repGenreNm":"액션","directors":[{"peopleNm":"장뢰"}],"companys":[]},{"movieCd":"20210622","movieNm":"섹스 연금 적립 워킹맘","movieNmEn":"","prdtYear":"2021","openDt":"20211014","typeNm":"장편","prdtStatNm":"개봉","nationAlt":"일본","genreAlt":"드라마","repNationNm":"일본","repGenreNm":"드라마","directors":[],"companys":[]},{"movieCd":"20210867","movieNm":"파 프롬 홈","movieNmEn":"90 Feet from Home","prdtYear":"2019","openDt":"","typeNm":"장편","prdtStatNm":"기타","nationAlt":"미국","genreAlt":"드라마,스릴러","repNationNm":"미국","repGenreNm":"드라마","directors":[{"peopleNm":"브렛 벤트먼"}],"companys":[]},{"movieCd":"20211463","movieNm":"SIFFF2021 오감만족 한국단편경선 5","movieNmEn":"Tasty Korean Short Film Competition 5","prdtYear":"2021","openDt":"","typeNm":"옴니버스","prdtStatNm":"기타","nationAlt":"한국","genreAlt":"기타","repNationNm":"한국","repGenreNm":"기타","directors":[],"companys":[]}]}