{"totCnt":"95385","source":"영화진흥위원회","movieList":[{"movieCd":"20223358","movieNm":"미술관의 변명","movieNmEn":"Confession","prdtYear":"2020","openDt":"","typeNm":"단편","prdtStatNm":"기타","nationAlt":"한국","genreAlt":"미스터리,스릴러,공포(호러),판타지","repNationNm":"한국","repGenreNm":"미스터리","directors":[{"peopleNm":"김한범"}],"companys":[]},{"movieCd":"20211177","movieNm":"하우스 오브 구찌","movieNmEn":"House of Gucci","prdtYear":"2021","openDt":"20220112","typeNm":"장편","prdtStatNm":"개봉","nationAlt":"미국","genreAlt":"범죄,드라마,스릴러","repNationNm":"미국","repGenreNm":"범죄","directors":[{"peopleNm":"리들리 스콧"}],"companys":[]},{"movieCd":"20211529","movieNm":"청춘적니","movieNmEn":"Love Will Tear Us Apart","prdtYear":"2020","openDt":"20220112","typeNm":"장편","prdtStatNm":"개봉","nationAlt":"중국","genreAlt":"멜로/로맨스,드라마","repNationNm":"중국","repGenreNm":"멜로/로맨스","directors":[{"peopleNm":"샤모"}],"companys":[]},{"movieCd":"20212726","movieNm":"걸즈 앤 판처 최종장 제3화","movieNmEn":"GIRLS und PANZER das FINALE: Part III","prdtYear":"2021","openDt":"20220112","typeNm":"장편","prdtStatNm":"개봉","nationAlt":"일본","genreAlt":"애니메이션","repNationNm":"일본","repGenreNm":"애니메이션","directors":[{"peopleNm":"미즈시마 츠토무"}],"companys":[]},{"movieCd":"20060744","movieNm":"세이빙 맘","movieNmEn":"Saving Mom","prdtYear":"2002","openDt":"","typeNm":"단편","prdtStatNm":"기타","nationAlt":"한국","genreAlt":"드라마","repNationNm":"한국","repGenreNm":"드라마","directors":[{"peopleNm":"이우현"}],"companys":[]},{"movieCd":"20223382","movieNm":"미소","movieNmEn":"Smile","prdtYear":"2021","openDt":"","typeNm":"단편","prdtStatNm":"기타","nationAlt":"한국","genreAlt":"코미디","repNationNm":"한국","repGenreNm":"코미디","directors":[{"peopleNm":"도영찬"}],"companys":[]},{"movieCd":"20223380","movieNm":"스크래치","movieNmEn":"scratch","prdtYear":"2017","openDt":"","typeNm":"단편","prdtStatNm":"기타","nationAlt":"한국","genreAlt":"미스터리,드라마","repNationNm":"한국","repGenreNm":"미스터리","directors":[{"peopleNm":"채건우"}],"companys":[]},{"movieCd":"20223378","movieNm":"벤포스타","movieNmEn":"Benposta","prdtYear":"2019","openDt":"","typeNm":"단편","prdtStatNm":"기타","nationAlt":"한국","genreAlt":"드라마,액션","repNationNm":"한국","repGenreNm":"드라마","directors":[{"peopleNm":"김서우"}],"companys":[]},{"movieCd":"20223377","movieNm":"아저씨 나무","movieNmEn":"","prdtYear":"2019","openDt":"","typeNm":"단편","prdtStatNm":"기타","nationAlt":"한국","genreAlt":"드라마","repNationNm":"한국","repGenreNm":"드라마","directors":[{"peopleNm":"이종신"}],"companys":[]},{"movieCd":"20223375","movieNm":"택배 기다리는 여자","movieNmEn":"","prdtYear":"2020","openDt":"","typeNm":"단편","prdtStatNm":"기타","nationAlt":"한국","genreAlt":"드라마","repNationNm":"한국","repGenreNm":"드라마","directors":[{"peopleNm":"선우완"}],"companys":[]}]}