{"totCnt":"95385","source":"영화진흥위원회","movieList":[{"movieCd":"20229518","movieNm":"천룡팔부: 교봉전","movieNmEn":"Sakra","prdtYear":"2022","openDt":"20230125","typeNm":"장편","prdtStatNm":"개봉","nationAlt":"홍콩","genreAlt":"액션","repNationNm":"홍콩","repGenreNm":"액션","directors":[{"peopleNm":"견자단"}],"companys":[]},{"movieCd":"2023C788","movieNm":"파라노말 데드점프","movieNmEn":"Hex","prdtYear":"2022","openDt":"","typeNm":"온라인전용","prdtStatNm":"기타","nationAlt":"미국","genreAlt":"미스터리,스릴러,액션","repNationNm":"미국","repGenreNm":"미스터리","directors":[],"companys":[]},{"movieCd":"20230648","movieNm":"애니씽 고즈: 라이브 인 런던","movieNmEn":"Anything Goes","prdtYear":"2021","openDt":"20230308","typeNm":"장편","prdtStatNm":"개봉","nationAlt":"영국","genreAlt":"뮤지컬,코미디,멜로/로맨스,공연","repNationNm":"영국","repGenreNm":"뮤지컬","directors":[],"companys":[]},{"movieCd":"20230200","movieNm":"똑똑똑","movieNmEn":"Knock at the Cabin","prdtYear":"2023","openDt":"20230308","typeNm":"장편","prdtStatNm":"개봉","nationAlt":"미국","genreAlt":"미스터리,스릴러","repNationNm":"미국","repGenreNm":"미스터리","directors":[{"peopleNm":"M. 나이트 샤말란"}],"companys":[]},{"movieCd":"20219457","movieNm":"그대 어이가리","movieNmEn":"A Song for My Dear","prdtYear":"2022","openDt":"20230308","typeNm":"장편","prdtStatNm":"개봉","nationAlt":"한국","genreAlt":"드라마","repNationNm":"한국","repGenreNm":"드라마","directors":[{"peopleNm":"이창열"}],"companys":[{"companyCd":"20217883","companyNm":"(주)영화사 순수"}]},{"movieCd":"20230694","movieNm":"삽입하면 죽지않는 물건","movieNmEn":"","prdtYear":"2020","openDt":"20230307","typeNm":"장편","prdtStatNm":"개봉","nationAlt":"일본","genreAlt":"성인물(에로)","repNationNm":"일본","repGenreNm":"성인물(에로)","directors":[],"companys":[]},{"movieCd":"20230705","movieNm":"대물 사장에 길들여진 여비서 ","movieNmEn":"","prdtYear":"2020","openDt":"20230307","typeNm":"장편","prdtStatNm":"개봉","nationAlt":"일본","genreAlt":"성인물(에로)","repNationNm":"일본","repGenreNm":"성인물(에로)","directors":[{"peopleNm":"나가에"}],"companys":[]},{"movieCd":"20216655","movieNm":"화주의 해몽소","movieNmEn":"Hwajoo the Dream Interpreter","prdtYear":"2020","openDt":"","typeNm":"단편","prdtStatNm":"기타","nationAlt":"한국","genreAlt":"드라마,판타지","repNationNm":"한국","repGenreNm":"드라마","directors":[],"companys":[]},{"movieCd":"20201394","movieNm":"더 스포트라이트 이펙트","movieNmEn":"the SPOTLIGHT effect","prdtYear":"2020","openDt":"","typeNm":"단편","prdtStatNm":"기타","nationAlt":"한국","genreAlt":"드라마","repNationNm":"한국","repGenreNm":"드라마","directors":[],"companys":[]},{"movieCd":"20204126","movieNm":"동화","movieNmEn":"A Fairy Tale","prdtYear":"2020","openDt":"","typeNm":"단편","prdtStatNm":"기타","nationAlt":"한국","genreAlt":"가족,드라마","repNationNm":"한국","repGenreNm":"가족","directors":[{"peopleNm":"김채린"}],"companys":[]}]}