{"totCnt":"95385","source":"영화진흥위원회","movieList":[{"movieCd":"20211115","movieNm":"00K9: 노 타임 투 다이","movieNmEn":"00K9: No Time to Shed","prdtYear":"2021","openDt":"","typeNm":"장편","prdtStatNm":"기타","nationAlt":"미국","genreAlt":"애니메이션","repNationNm":"미국","repGenreNm":"애니메이션","directors":[{"peopleNm":"버드 배니스터"}],"companys":[]},{"movieCd":"20211114","movieNm":"레전드 오브 갱스터","movieNmEn":"The gods","prdtYear":"2017","openDt":"","typeNm":"장편","prdtStatNm":"기타","nationAlt":"미국","genreAlt":"액션,멜로/로맨스,스릴러","repNationNm":"미국","repGenreNm":"액션","directors":[],"companys":[]},{"movieCd":"20210975","movieNm":"흥건한 장모의 사생활","movieNmEn":"","prdtYear":"2020","openDt":"20211014","typeNm":"장편","prdtStatNm":"개봉","nationAlt":"일본","genreAlt":"멜로/로맨스,드라마","repNationNm":"일본","repGenreNm":"멜로/로맨스","directors":[{"peopleNm":"버드맨 텟페이"}],"companys":[]},{"movieCd":"20210976","movieNm":"젖은 며느리","movieNmEn":"","prdtYear":"2020","openDt":"20211014","typeNm":"장편","prdtStatNm":"개봉","nationAlt":"일본","genreAlt":"멜로/로맨스,드라마","repNationNm":"일본","repGenreNm":"멜로/로맨스","directors":[{"peopleNm":"버드맨 텟페이"}],"companys":[]},{"movieCd":"20210974","movieNm":"에로소설가의 질펀한 스킬","movieNmEn":"","prdtYear":"2020","openDt":"20211014","typeNm":"장편","prdtStatNm":"개봉","nationAlt":"일본","genreAlt":"멜로/로맨스,드라마","repNationNm":"일본","repGenreNm":"멜로/로맨스","directors":[{"peopleNm":"히이라기 엔부"}],"companys":[]},{"movieCd":"20210341","movieNm":"속궁합 짝꿍","movieNmEn":"","prdtYear":"2021","openDt":"20211014","typeNm":"장편","prdtStatNm":"개봉","nationAlt":"한국","genreAlt":"멜로/로맨스,드라마","repNationNm":"한국","repGenreNm":"멜로/로맨스","directors":[{"peopleNm":"윤준세"}],"companys":[{"companyCd":"20114899","companyNm":"(주)영진크리에이티브"}]},{"movieCd":"20210991","movieNm":"선배가 해주는 섹스교육","movieNmEn":"","prdtYear":"2020","openDt":"20211014","typeNm":"장편","prdtStatNm":"개봉","nationAlt":"일본","genreAlt":"멜로/로맨스,드라마","repNationNm":"일본","repGenreNm":"멜로/로맨스","directors":[{"peopleNm":"쿠와티"}],"companys":[]},{"movieCd":"20211001","movieNm":"대물 : 한 집에 두 여자","movieNmEn":"","prdtYear":"2021","openDt":"","typeNm":"장편","prdtStatNm":"기타","nationAlt":"한국","genreAlt":"멜로/로맨스","repNationNm":"한국","repGenreNm":"멜로/로맨스","directors":[{"peopleNm":"김모리"}],"companys":[{"companyCd":"20217184","companyNm":"영화사 레드카펫"}]},{"movieCd":"20210898","movieNm":"눈떠보니 남편상사","movieNmEn":"","prdtYear":"2020","openDt":"20211012","typeNm":"장편","prdtStatNm":"개봉","nationAlt":"일본","genreAlt":"멜로/로맨스","repNationNm":"일본","repGenreNm":"멜로/로맨스","directors":[],"companys":[]},{"movieCd":"20210817","movieNm":"남편을 위해 아내가 불륜에 빠진 이유1 : 아오이","movieNmEn":"","prdtYear":"2020","openDt":"","typeNm":"장편","prdtStatNm":"기타","nationAlt":"일본","genreAlt":"성인물(에로),드라마","repNationNm":"일본","repGenreNm":"성인물(에로)","directors":[],"companys":[]}]}