{"totCnt":"95385","source":"영화진흥위원회","movieList":[{"movieCd":"20231044","movieNm":"선","movieNmEn":"To Be One","prdtYear":"2018","openDt":"","typeNm":"단편","prdtStatNm":"기타","nationAlt":"한국","genreAlt":"드라마","repNationNm":"한국","repGenreNm":"드라마","directors":[{"peopleNm":"김호민"}],"companys":[]},{"movieCd":"20231043","movieNm":"골목길 0번지 인격상담소","movieNmEn":"Personality Counseling Center at 0 Avenue","prdtYear":"2022","openDt":"","typeNm":"장편","prdtStatNm":"기타","nationAlt":"한국","genreAlt":"코미디,드라마,미스터리","repNationNm":"한국","repGenreNm":"코미디","directors":[{"peopleNm":"강민구"}],"companys":[]},{"movieCd":"20231025","movieNm":"음각","movieNmEn":"Engraved","prdtYear":"2022","openDt":"","typeNm":"단편","prdtStatNm":"기타","nationAlt":"한국","genreAlt":"애니메이션,기타","repNationNm":"한국","repGenreNm":"애니메이션","directors":[],"companys":[]},{"movieCd":"20227670","movieNm":"그리고 집","movieNmEn":"I′m Here","prdtYear":"2022","openDt":"","typeNm":"단편","prdtStatNm":"기타","nationAlt":"한국","genreAlt":"공포(호러)","repNationNm":"한국","repGenreNm":"공포(호러)","directors":[{"peopleNm":"정은욱"}],"companys":[]},{"movieCd":"20224471","movieNm":"머시 킬링","movieNmEn":"Mercy Killing","prdtYear":"2022","openDt":"","typeNm":"단편","prdtStatNm":"기타","nationAlt":"한국","genreAlt":"드라마","repNationNm":"한국","repGenreNm":"드라마","directors":[{"peopleNm":"김은성"}],"companys":[]},{"movieCd":"20181362","movieNm":"페도필리아","movieNmEn":"Dad","prdtYear":"2017","openDt":"","typeNm":"단편","prdtStatNm":"기타","nationAlt":"한국","genreAlt":"범죄,스릴러","repNationNm":"한국","repGenreNm":"범죄","directors":[{"peopleNm":"김호민"}],"companys":[]},{"movieCd":"20231042","movieNm":"빅토리","movieNmEn":"Victory","prdtYear":"2023","openDt":"","typeNm":"장편","prdtStatNm":"촬영진행","nationAlt":"한국","genreAlt":"기타","repNationNm":"한국","repGenreNm":"기타","directors":[{"peopleNm":"박범수"}],"companys":[{"companyCd":"20138660","companyNm":"(주)안나푸르나필름"}]},{"movieCd":"20229365","movieNm":"필사의 추적","movieNmEn":"","prdtYear":"2022","openDt":"","typeNm":"장편","prdtStatNm":"후반작업","nationAlt":"한국","genreAlt":"코미디,액션","repNationNm":"한국","repGenreNm":"코미디","directors":[{"peopleNm":"김재훈"}],"companys":[{"companyCd":"20228982","companyNm":"(주)콘텐츠지"},{"companyCd":"20139196","companyNm":"TCO(주)더콘텐츠온"}]},{"movieCd":"20231024","movieNm":"온리 갓 노우즈 에브리띵","movieNmEn":"Only God Knows Everything","prdtYear":"2023","openDt":"","typeNm":"장편","prdtStatNm":"촬영진행","nationAlt":"한국","genreAlt":"미스터리,스릴러","repNationNm":"한국","repGenreNm":"미스터리","directors":[{"peopleNm":"백승환"}],"companys":[{"companyCd":"20156848","companyNm":"(주)백그림"}]},{"movieCd":"20230865","movieNm":"신도들","movieNmEn":"Believers","prdtYear":"2022","openDt":"","typeNm":"장편","prdtStatNm":"기타","nationAlt":"일본","genreAlt":"멜로/로맨스,코미디,드라마","repNationNm":"일본","repGenreNm":"멜로/로맨스","directors":[{"peopleNm":"조조 히데오"}],"companys":[]}]}